"English Sentence","Arabic Sentence"
"A Congress on contemporary music is being held in Florence, from March 30th to April 6th. You are cordially invited to attend.","أنتم مدعوون للمشاركة في المؤتمر الذي سيعقد في الفترة ما بين ٣٠ آذار (مارس) وحتى ٢٦ نيسان (أبريل) في مدينة فلورنسا حول الموسيقى المعاصرة."
"Professor Nadim has been assigned by a commission to make preparations for the Second International Congress on New (Modern) Techniques in Welding.","كلفت اللجنة الأستاذ نديم بالبدء بالتحضيرات اللازمة لانعقاد المؤتمر الدولي الثاني حول تقنيات اللحام."
"The aim of the International Congress of Cardiologists, in Rome is among other things to give participants, who number more than 800 and have come from over 50 countries, the opportunity to present the results of their most recent work, to exchange ideas and experience, to take part in discussions and, to prepare recommendations, and to establish contacts with foreign colleagues.","أحد أهداف المؤتمر الدولي لاختصاصيي أمراض القلب، والذي سيشارك به أكثر من ٨٠ طبيباً من أكثر من ٥٠ بلداً، هو إتاحة الفرصة لعرض أعمالهم العلمية، وتبادل الآراء والتجارب، ومن أجل تحضير التوصيات، وإقامة علاقات خاصة بين الزملاء من مختلف البلاد المشاركة."
"The Congress will be held in the Main Lecture Theatre of Free University.","سَيُعْقَدُ الْمُؤْتَمَرُ فِي الْقَاعَةِ الْكُبْرَى لِلْجَامِعَةِ الْحُرَّةِ."
"You are cordially invited to the international conference on ""Problems of Environmental Protection"", being held in Damascus, from October 20th to October 24th.","تَدْعُوكُمْ لِحُضُورِ الْمُؤْتَمَرِ الدُّؤَلِيِّ حَوْلَ مَوْضُوعِ ""حِمَايَةِ الْبَيْتَةِ"" الَّذِي سَيُقَامُ فِي الْفَتْرَةِ مَائِينَ ٢٠ إِلَى ٢٤ تَشْرِينَ أَوَّلَ (أَكْتُوبَرَ) فِي دِمَشْقَ."
"The conference has the character of a working session within the framework of international cooperation in the field of noise control.","سَيَكُونُ لِلْمُؤْتَمَرِ طَابِعُ التَّشَاوُرِ ضِمْنَ السَّعَاوَنِ الْعَالَمِيِّ فِي مَجَالِ ""الْحِمَايَةِ مِنَ الضَّحِيجِ وَالصَّحْبِ""."
"The conference is due to last for 2 weeks.","مَنِ الْمُتَوَقَّعُ أَنْ يَسْتَمِرَّ الْمُؤْتَمَرُ لِمُدَّةِ أَسْبُوعَيْنِ."
"There is an urgent need for an international conference to be held within the next few months to consider the present situation of the energy market and to discuss the possibilities for international co-operation.","مَنِ الضَّرُورِيُّ جِدًّا الدَّعْوَةَ لِعَقْدِ مُؤْتَمَرٍ عَالَمِيٍّ فِي الْأَشْهَرِ الْمُقْبِلَةِ مِنْ أَجْلِ دِرَاسَةِ الْوَضْعِ فِي سُوقِ الطَّاقَةِ، وَإِمَاكَانِيَّةِ التَّعَاوُنِ الدُّؤَلِيِّ فِي هَذَا الْمِضْمَارِ."
"Our next session will take place (be) in Damascus, from May 2nd to May 6th.","سَيَتِمُّ اجْتِمَاعُنَا الْمُقْبِلُ فِي الْفَتْرَةِ مَائِينَ ٢ إِلَى ٦ أَبْيَارَ (مَايُو) فِي دِمَشْقَ."
"The individual groups of specialists will hold committee meetings to prepare for the technical conference.","سَتَجْتَمِعُ الْفِرَقُ الْخَاصَّةُ مِنْ ذَوِي الِاخْتِصَاصِ لِلْبَدءِ بِالتَّحْضِيرِ لِلْمُؤْتَمَرِ التَّقْنِيِّ."
"At the same time, in Cairo there is a four days","بِسَفْسِ السُّوقَةِ تَعْقِدُ فِي الْقَاهِرَةِ حَلْقَةَ دِرَاسِيَّةٍ لِأَخْصَائِي"
"All scientific problems relevant to the central theme will be covered during the symposium.","في الحلقة الدراسية ستتم دراسة جميع المشاكل العلمية الخاصة بالموضوع الرئيسي."
"Each symposium begins with a special report.","الندوات تبدأ بعرض تقرير خاص."
"Abstracts of papers must be handed in at the symposium.","إن عرض ملخص التقارير يجب أن يقدم في مطلع كل ندوة."
"All scientific papers will be delivered during the scheduled symposia.","ستعرض جميع المقالات العلمية خلال الحلقة الدراسية المحددة."
"In the colloquia we shall be discussing the subject of ""Industrial Exhaust Gases"".","إننا نتناقش في الحلقات الدراسية موضوع ""الغازات الناتجة عن الصناعة""."
"Linguistic problems in technical language training and the issue of rationalization and implementation of an up-to-date system of language teaching in universities and technical colleges will be the focus of attention in three-day colloquium.","سيكون محور الحلقات الدراسية التي ستستمر لمدة ٣ أيام، المشاكل الأسنية للتعليم اللغوي ومسائل عقلانية وفعالية التعليم اللغوي الحديث في الجامعات والمدارس اللغوية المختصة."
"The Academy of Sciences is honoured to invite the International Union of Geologists to Beirut for their next General Assembly / Plenary Session.","لقد تشرّفت أكاديمية العلوم بتولي مهمة دعوة اتحاد الجيولوجيين لعقد جلستها المقبلة في بيروت."
"The General Assembly (Plenary Session) on the 15th of this month was convened by the Executive Committee.","لقد دعت الرئاسة للجلسة التي ستعقد بتاريخ ١٥ من هذا الشهر."
"All those listed in the supplement (appendix) are requested to participate in the General Assembly.","الرجاء من جميع الأشخاص المدونة أسماؤهم في الملحق الحضور للمشاركة باجتماع الجمعية العمومية."
"Well-known (prominent) figures in (from) public life will be taking part (will be participating) in the General Assembly / Plenary Session.","سيشترك في الجمعية العمومية بعض المشاهير من المجتمع."
"Participants in the General Assembly are divided into three categories: delegates, guests, and accompanying persons.","سيقسم المشتركون في الجمعية العمومية إلى ٣ أقسام: مندوبون، ضيوف، ومرافقون."
"At the beginning of the General Meeting/ General Assembly, further important information will be given about the organization of (on arrangements for) the conference.","في بداية الجلسة الرئيسية ستوزع معلومات هامة حول سير المؤتمر."
"The General Secretary will summarize the work completed in the General Assembly/ Plenary Session,","سيقدم الأمين العام خلال الجمعية العمومية ملخص النشاطات المنجزة وذلك بعد"
"The sessions are planned (scheduled) for the 20th, 21st, and 22nd September, each lasting from 9-30 a.m. to 12-00 noon.","حُدِّدت أيام ٢١، ٢٢ و ٢٣ من الساعة التاسعة والنصف صباحاً وحتى الساعة الثانية عشر لجلسات العمل."
"The opening and closing session will take place in the Auditorium of the University of Oman.","ستكون الجلسة الافتتاحية والجلسة الختامية في قاعة جامعة عُمان."
"A five days UNO seminar on opinions about and perspectives of space travel began yesterday in Madrid.","بدأت الأمم المتحدة ندوة دراسية تدوم خمسة أيام تدور حول الوضع الحالي والآفاق الجديدة لرحلات الفضاء."
"On Friday a further course for up-and-coming scientists on brain research at Oxford University came to an end. The course, in which 120 specialists from 42 countries took part, was concerned with the latest theoretical and practical discoveries in the field of brain research, especially with the chemical processes involved in translating information within the brain.","انتهت يوم الجمعة في معهد أبحاث الدماغ في جامعة أوكسفورد حلقة دراسية خاصة بالعلماء الواعدين الجدد، ولقد كان موضوع هذه الحلقة، التي ساهم فيها ١٢٠ اختصاصياً من أكثر من ٤٢ بلداً أحدث ما توصلت إليه الأبحاث النظرية والعملية فيما يخص ""أبحاث الدماغ"" وخصوصاً التفاعلات الكيميائية في عملية انتقال المعلومات داخل الدماغ."
"Have you been informed of the changes that have been made in the agenda?","هل أنت/أنت مُطْلِعٌ على تغيرات برنامج المؤتمر؟"
"The formal opening session will be tomorrow morning at 10 a.m. instead of 9 a.m. as printed in the programme.","سيقام الاحتفال الافتتاحي غداً في العاشرة صباحاً، وليس في التاسعة كما ورد في البرنامج."
"The Polish delegation, headed by Dr. Chagoury, should be arriving at the hotel within the hour.","سيصل رئيس الوفد اللبناني الدكتور شاغوري خلال ساعة إلى الفندق."
"A member of our society will be there to meet you.","سيستقبلكم أحد أعضاء جمعيتنا هناك."
"Representatives of the Organizing Committee will also be present in the Intourist Offices at the airport and the railway station.","سينتظركم ممثلون عن لجان التنظيم في مكاتب السياحة في المطار ومحطة القطار العامة/الرئيسية أيضاً."
"Until June 4th the Organizers' Office will be located in Riyad, in the main building of the university, tel. 654321, and from June 5th until the end of the meeting, in the Concert Hall, tel. 43 25 79- The office is open daily from 8 a.m. to 10 p.m.","سيفتح مكتب التنظيم حتى الرابع من شهر حزيران في المبنى الرئيسي للجامعة في الرياض، هاتف ٦٥٤٣٢١، بعد ذلك وحتى نهاية المؤتمر في قصر الثقافة، هاتف ٤٣٢٥٧٩، وذلك من الساعة الثامنة صباحاً وحتى الساعة العاشرة مساءً."
"All participants and guests are cordially invited to the Opening Ceremony.","ندعو جميع المشتركين والضيوف لحضور الحفلة الافتتاحية."
"Conference applications should be sent to the above address by the first of March. 2003","الرجاء إرسال طلبات الإشتراك حتى ١ آذار (مارس) ٢٠٠٣ إلى العنوان المذكور أعلاه."
"I should be grateful if, despite my late application, you would allow me to attend the conference.","الرجاء السماح لي بالمشاركة بالمؤتمر بالرغم من طلبي المتأخر."
"We enclose the Registration forms you asked for.","نرسل لكم طيه الإستمارات المطلوبة."
"Please complete the enclosed forms.","الرجاء استعمال الإستمارات المرفقة."
"Please use capital letters (BLOCK CAPITALS).","الرجاء كتابة البيانات بالحرف الكبير."
"Please underline as applicable.","الرجاء وضع خط تحت الإجابة الصحيحة."
"Please delete as applicable. (Cross out whichever does not apply).","الرجاء شطب الإجابة غير الصحيحة."
"You were invited on March 12th to attend the committee meeting. 3) Circulars","لقد تم دعوتك بتاريخ ١٢ آذار (مارس) لحضور جلسة اللجنة."
"The main theme of the conference was decided upon yesterday and is worded thus: ""Science and Food for the World"".","نرسل لكم لجنة التنظيم التعميم الأول، الذي يحتوي على معلومات هامة حول المؤتمر العالمي للرحلات الفضائية، الذي سيعقد في أيار (مايو) في نيويورك."
"This is the seventh in a succession of highly successful quadrennial Con-","الرجاء إطلاعنا حتى ١ تموز (يوليو) على أسماء وعناوين الذين سيشاركون بالمؤتمر. سنرسل لهم التعميم الثاني في الوقت المناسب."
"The Beirut Congress is especially devoted to the purpose of extending international contacts and cooperation, promoting a lively exchange of ideas among delegates, providing a valuable survey of the efforts being made throughout the world to combat heart (cardiac) diseases and circulatory disorders, and presenting the latest results of research in this sphere.","يهدف مؤتمر بيروت بالدرجة الأولى إلى توسيع التعاون والاتصالات الدولية ودعم تبادل الآراء بين الوفود وإعطاء نظرة قيمة حول الجهود العالمية في مجال مكافحة أمراض القلب والدورة الدموية وتقديم أحدث نتائج الأبحاث بهذا المجال."
"The sessions are devoted to three main topics.","لقد كرست للجلسات ثلاثة مواضيع أساسية."
"In addition, the Vice-Chancellor of our university will be present at the opening and closing sessions.","سيحضر الجلسات الافتتاحية والختامية وكيل الجامعة."
"Australia is sending a large delegation for the first time.","سترسل أستراليا وفداً لأول مرة."
"The convocation of the conference has had to be postponed owing to unforeseen circumstances.","يجب إرجاء الدعوة للمؤتمر لظروف طارئة."
"You will receive notification of any programme alterations or special events in good time.","سنطلعكم على جميع التعديلات في البرنامج والحفلات الخاصة في الوقت المناسب."
"The organizers reserve the right to close the list of participants once the desired number has been reached.","يحق للمنظمين اختتام قائمة المشتركين عندما تصل إلى العدد المطلوب."
"If you have any questions relating to conference procedure please address them to the Organizers' Office in writing before April 1st.","الرجاء توجيه أسئلتكم بخصوص المؤتمر حتى ١ نيسان إلى مكتب التنظيم."
"The dates have been selected to avoid any clash with other meetings.","لقد حددت المواعيد بشكل لا يتضارب مع اجتماعات أخرى."
"Participants claiming business expenses are requested to fill in the enclosed form.","الرجاء من المشتركين، الذين يجب عليهم الحصول على إعفاء من الخدمة إملاء الاستمارة المرفقة."
"The programme also serves as your conference permit and entitles you to attend all events free of charge.","البرنامج هو بنفس الوقت سماح بالمرور للمشاركين، ويخولهم الاشتراك مجاناً في جميع الحفلات."
"All the subjects listed in the programme booklet will be treated by outstanding specialists from all over the world.","جميع المواضيع المدونة في كراسة المؤتمر يعالجها اختصاصيون مرموقون من جميع أنحاء العالم."
"On your arrival, you will receive a General Assembly badge, your name badge, a map of Cairo, and tickets for the entertainments and excursions.","عند الوصول ستحصلون على شعار الجلسة العمومية ودبوس عليه اسكم وخريطة القاهرة، وتذاكر لأماكن التسلية والتنقلات."
"After registering at the conference you are requested to present your identification papers to the Credentials Committee.","الرجاء تسجيل أسمائكم في مركز المؤتمر. بعدها يجب إبراز هويتكم (الأوراق الثبوتية) إلى اللجنة"
"Please complete your registration as soon as possible.","الرجاء إنهاء معاملة تسجيلكم بأسرع وقت ممكن."
"Would you mind putting your name down on the list of participants, please?","الرجاء تسجيل أسمائكم في قائمة (لائحة) المشتركين."
"The host country will provide the usual hospitalities.","البلد الداعي يتحمل جميع واجبات الضيافة."
"This paper is to be regarded as confidential.","الورقة (الوثيقة) ذات طابع سري."
"Please quote the reference and file number.","الرجاء ذكر رقم الملف والرقم المتسلسل إذا أمكن."
"The international study group has begun its work and will present the results of its investigations to the governing body, UNESCO, in Paris.","لقد باشرت لجنة العمل الدولية عملها وستقدم للجهاز المختص - للأونيسكو في باريس - نتائج الدراسة."
"The representatives of the building.","ممثلو البناء."
"The committee should meet periodically to keep members informed of the latest developments.","يجب الاجتماع بين الحين والآخر لإطلاع الأعضاء على آخر التطورات."
"The provisional agenda was drawn up by the appropriate committee.","لقد تم أمس تحديد موضوع المؤتمر تحت اسم ""العلم والتغذية العالمية""."
"Dr Mattar, from Lebanon, has a point of order.","هذا هو المؤتمر السابع من سلسلة المؤتمرات التي تعقد بنجاح"
"Now that we have finished debating the standing orders I should like to turn to our main business.","بما أن مناقشة اللائحة الداخلية قد انتهت، فأنا أرغب بالتطرق للموضوع الأساسي."
"A representative may appeal against the ruling of the chairman.","كل ممثل يمكنه تقديم اعتراض على قرار الرئيس."
"The appeal shall immediately be put to the vote.","الاعتراض سيعرض فوراً للتصويت."
"The chairman's ruling shall stand unless overruled by a majority of the members present and voting.","يبقى قرار الرئيس قائماً إذا لم يصوت ضده أكثرية الأعضاء الحاضرين."
"I realize that what you have to say is important, but you have infringed the rules. In accordance with rule 14 will you please now stop speaking?","انني أفهم أن ماتريد أن تقوله هو مهم، ولكنك لم تلتزم باللائحة الداخلية، لذلك وطبقاً للفقرة ١٤ من نظام الإجراءات أرجو أن تتوقف عن الكلام."
"The agenda is now available in printed form. Unfortunately, alterations or additions can no longer be considered.","أمامكم جدول الأعمال المطبوع، للأسف لن تتمكن من مراعاة الإضافات والتغييرات."
"The agenda will be announced by the chairman at the beginning of the session.","سيقوم مدير الجلسة قبل بداية الاحتفال بإعلان جدول الأعمال."
"Do you wish to make any amendments to the agenda?","هل ترغبون في أية تغييرات في جدول الأعمال؟"
"The agenda will include an additional report by Professor Ziad, from Austria, who will be considering the problems arising from the use of the electric car in urban transport:","سيضاف إلى جدول الأعمال محاضرة للأستاذ زياد من النمسا حول مشاكل استعمال السيارة الكهربائية للتنقل في الضواحي."
"Before we turn to the first item on the agenda we should like to ask you to remember a few organizational details and thereby to make your contribution to the smooth running of the conference.","قبل البدء بجدول الأعمال نرجو منكم مراعاة بعض النقاط التي تساعد على سير طبيعي للمؤتمر."
"Since the order of the agenda needs to be ratified by the President, the agenda must be regarded as provisional.","بما إن جدول الأعمال لا يزال بحاجة إلى موافقة الرئيس، نعتبر الجدول مقبولاً بشكل مؤقت."
"If there are no further questions, I would request you to confirm today's agenda by a show of hands.","إذا لم يكن لديكم أية أسئلة، أقترح تأكيد جدول اليوم برفع الأيدي."
"The first item on the agenda is the election of the Executive Committee.","النقطة الأولى في جدول الأعمال هي استجابة اللجنة التنفيذية (مجلس الرئاسة)."
"I would propose that we include this point in (on) the agenda.","أقترح إدراج هذه النقطة على جدول الأعمال."
"The representatives of municipal authorities have proposed that the problem of hygiene be included on the 'agenda.","لقد قدمت دوائر البلديات طلباً لإضافة نقطة على جدول الأعمال لمناقشة مشاكل النظافة."
"I would like to ask you to add my paper (contribution) to the agenda.","السرجاء منكم إضافة محاضرتي على جدول الأعمال."
"I think it would be worth while to break down paragraph 3 of the agenda into several subdivisions for the sake of greater clarity.","يبدو لي أنه من المفيد تجزئة النقطة الثالثة في جدول الأعمال إلى عدة نقاط بهدف التوضيح."
"It might not be a bad idea if we drop this point from the agenda without further discussions.","لعله من المفيد حذف هذه النقطة من جدول الأعمال بدون مناقشة."
"Which contributions are left on today's agenda?","ماهي المحاضرات المدونة اليوم على جدول الأعمال؟"
"Is this the provisional or the final agenda?","هل هذا جدول الأعمال النهائي أو المؤقت؟"
"Now let's go over to the agenda.","لنستقل الآن إلى جدول الأعمال."
"We now come to item number four on the agenda.","نأتي الآن للنقطة الرابعة من جدول الأعمال."
"Please keep strictly to the agenda.","السرجاء الالتزام بجدول الأعمال."
"The next point can be deleted (removed) from the agenda, which brings us to Any Other Business.","يمكن حذف النقطة التالية من جدول الأعمال، لننتقل بعدها إلى أعمال أخرى."
"These problems, which are only indirectly relevant to the agenda, should be dealt with under the heading of Any Other Business (Miscellaneous).","هذه المواضيع التي ليس لها علاقة مباشرة بجدول الأعمال يجب معالجتها تحت نقطة ""متفرقات""."
"Information on local public transport may be obtained from the tourist information office.","الرجاء إنجاز معاملات السفر في بلدكم."
"Delegations and guests will be welcomed upon arrival at the airport or railway station by representatives of the Organizing Committee.","بخصوص معاملات السفر نرجو منكم مراجعة مندوب بلدكم في مكتب التنظيم."
"The conference site is easily reached from the town centre by bus, train, and private car.","نذكر المشتركين في المؤتمر بأنهم بحاجة إلى جواز سفر صالح وتأشيرة دخول (أو خروج)، إلا إذا كانت هناك اتفاقيات أخرى بين حكومات البلدين بهذا الخصوص."
"For the duration of the World Congress special traffic regulations, which have been agreed on by the Congress Organizers and the competent authorities of the traffic police, will be in force.","الرجاء إعطائي بعض المعلومات بخصوص تأشيرتي."
"The hotel and the conference site can easily be reached by local transport from the airport and the station. 2) les conseils de voyage: transport et parking.","منح التأشيرات: إذا كنتم بحاجة إلى تأشيرة دخول إلى ألمانيا، فسوف نرسل لكم الاستمارات"
"A bus service is provided for participants for the journey from the hotel to the university and back.","يوجد باصات لنقل المشتركين من الفندق إلى الجامعة والعودة."
"The university can easily be reached from the centre of Frankfurt by under-ground and bus.","يمكنكم الوصول إلى الجامعة بالمشرو والباص من مركز مدينة فرانكفورت بسهولة."
"If you intend to travel by car, please be sure to apply for the necessary permit.","إذا كنتم ترغبون الحضور بسيارتكم، أرجو تأمين الرخصة اللازمة."
"Participants traveling by car are requested strictly to observe the parking signs and on no account to park their cars at entrances or in roads giving access to the conference site.","الرجاء من جميع القادمين بسياراتهم مراعاة لوحات مواقف السيارات وعدم إيقاف سياراتهم أمام مداخل المؤتمر والطرق المؤدية لمبنى المؤتمر."
"Extensive car parking facilities are available.","يوجد مواقف سيارات كافية."
"The sign posted areas must be kept clear for the use of taxis, buses, and other vehicles.","الرجاء عدم الوقوف على المواقف المخصصة لسيارات التاكسي والباصات والسيارات الخاصة."
"Three bus routes stop outside the building and there is a bus stop for a further service only a few minutes away.","يوجد ٣ خطوط باصات تقف أمام مبنى المؤتمر وباص آخر يقف بالقرب منه."
"Trams and buses between the city centre and the conference site run only until midnight and","الباصات والترامواي يسيران فقط حتى منتصف الليل ثم ابتداءً من الساعة الرابعة صباحاً."
"A route map of the town's public transport services, together with timetables, may (can) be found in the hall. Please note the special regulations.","في القاعة يوجد خريطة تبين حركة السير المحلي إضافة إلى جدول مواقيت وسائل النقل العام. الرجاء مراعاة الترتيبات الخاصة."
"You will find further details and a sketch of the car-parking facilities on page 22 of the Congress program.","تفاصيل أخرى ورسم توضيحي لموقف السيارات تجدونه على الصفحة ٢٢ في برنامج المؤتمر."
"The exchange bureau is in your hotel.","مكاتب السفر السياحية تعطيكم المعلومات عن السير والتنقل في مدينتنا."
"Currency which is freely convertible will be accepted and exchanged at the Bureau de Change according to the regulations regarding convertible currency.","ممثلو جمعيتنا سيستقبلون الوفود والضيوف عند وصولهم إلى المطار أو المحطات العامة."
"All Participants at Congresses in Kuwait can change and pay also in dinar.","من السهل الوصول إلى مبنى المؤتمر بالسيارة أو بالباص أو بالقطار"
"With demand, you can pay also throughout U.S. dollars","خلال فترة المؤتمر الدولي فإن اتفاقيات خاصة بين إدارة المؤتمر وشرطة السير سوف تؤخذ بعين الاعتبار"
"You can spend EC-Card in all hotels and in 3) Echange des devises","يوجد وسائل نقل محلي من المطار والمحطة إلى مبنى المؤتمر والفندق."
"Accommodation in tourist hotels is available at reasonable prices.","يوجد أيضاً مساكن سياحية بأسعار معقولة."
"Participants will stay in modern double rooms in the University's Halls of Residence. A few single rooms are available on request.","سيقيم المشتركون في غرف حديثة بسريرين (في بيوت الطلبة التابعة للجامعة). عند الضرورة يوجد أيضاً عدد محدود من الغرف الإفرادية."
"During the conference, several student hostels will also be available for foreign guests.","أثناء فترة المؤتمر يمكن للضيوف الأجانب السكن في عدة بيوت للطلبة."
"The only other accommodation available, at a higher cost, is in the town's hotels, the address of which you will find below","يوجد أيضاً إمكانية للإقامة بأسعار أعلى في الفنادق القريبة وعناوينها مذكورة في الأسفل."
"The deadline for hotel reservations is October 1st. Accommodation cannot be guaranteed in respect of applications received after this date.","في ١ تشرين الأول (أكتوبر) تنتهي فرصة حجز الفنادق. أما الحجوزات التي تصل بعد هذا التاريخ فلا تضمن تأكيدها."
"Any additional expenses arising from alterations notified later than 11th May must be born by the participant.","الرجاء تليغنا عن جميع التغييرات حتى تاريخ ١١ أيار (مايو)، وإلا سنحملكم المصاريف الناتجة عن هذه التغييرات وإلغاء الحجوزات."
"Any changes in the date of your departure or arrival should be brought to the notice of ""CIBET"" by letter, fax or per e-mail not later than 2 weeks before your arrival.","الرجاء إعلامنا عن تاريخ وصولكم وتاريخ مغادرتكم من الفندق خطياً بالفاكس أو بالبريد الإلكتروني لمدة أقصاها أسبوعين قبل حضوركم."
"For cancellations received after September 30th we shall be obliged to levy a cancellation-fee of 50$","عند إلغاء الحجوزات التي تصلنا بعد ٣٠ أيلول (سبتمبر) يجب عليكم دفع بدل أتعاب بقيمة ٥٠ دولاراً"
"Upon arrival you must register at the Congress before accommodation can be assigned.","بعد وصولكم نرجوكم التسجيل في المؤتمر قبل انتقالكم إلى مكان إقامتكم."
"On receipt of your confirmation we will send you, by return of post, details of your hotel accommodation.","فور وصول موافقتكم سنرسل لكم أوراق حجز الفندق."
"During your stay at the conference full medical attention can be obtained, free of charge.","سنقدم لكم العناية الطبية طوال فترة المؤتمر."
"In the event of serious illness, admission to hospital is possible everywhere. The settlement of the ensuing cost is effected on the basis of medical agreements between states, or, if no medical agreements exist, in most cases directly through your embassy.","عند إصابتكم بمرض ما، يمكن تحويلكم إلى المستشفى. يتم تصفية تكاليف المعالجة مباشرة حسب الاتفاقيات المتبادلة بين الدول، وإذا لم تتوفر هذه الاتفاقيات يمكن مراجعة سفارتكم."
"Dr. Rabih has kindly taken over responsibility for providing medical care for our guests.","لقد استلم الدكتور ربيع موضوع العناية الطبية بالضيوف."
"Every conference participant entering the USA must have been immunised against smallpox within the last three years. This should be documented by a valid international vaccination certificate. As this regulation is, however, not always necessary in every case, we request you to make further inquiries at your nearest travel agency, or to ask your air or shipping company or your local health office for the regulations valid at the moment.","يجب على المسافر إلى أمريكا أن يكون حاصلاً على لقاح ضد الجدري في الثلاث سنوات الأخيرة، ويجب إثبات ذلك بشهادة تطعيم دولية. هذه التعليمات ليست دائماً ضرورية، لذلك ننصحكم بمراجعة مكاتب السفر وشركات الطيران أو شركات الملاحة أو دوائر الصحة المختصة."
"For journeys exceeding two weeks to tropical or subtropical regions an examination to establish one's fitness for tropical climates is compulsory; for journeys of shorter duration such an examination is recommended.","المسافرين للمناطق الاستوائية وشبه الاستوائية، والذين سيطول مكوثهم أكثر من أسبوعين، يجب عليهم إجراء كشف طبي، أما إذا كانت الرحلة لمدة أقل فننصح فقط بإجراء الفحص."
"It is essential to have an interim check-up or a reexamination within 5 days of returning from tropical or subtropical countries. jaune et la petite vérole ainsi que la protection contre la malaria.","يجب إجراء فحص عام خلال خمسة أيام للذين يعودون من المناطق الاستوائية أو شبه الاستوائية."
"Visas may not be issued to applicants suffering from contagious diseases (e. g. TB)","لا تمنح تأشيرة الدخول (الفيزة) إذا كان مقدم الطلب يعاني من مرض معدٍ مثل مرض السل."
"We request all participants at the British conference to pay careful attention to the health (protection) regulation in force in the United Kingdom (v. the enclosed leaflet) so that entry by air, land, or sea can take place without difficulty.","نرجو من جميع المشاركين في المؤتمر مراعاة التعليمات الصحية (راجع النشرة المرفقة) لكي تكون رحلتكم الجوية أو البرية والبحرية ميسرة وبدون أية معوقات."
"In the case of infectious diseases where a report is compulsory, a doctor must be consulted immediately and a report given to the district medical officer; and through him to the public health authority. All further action depends on the precise circumstances of each case. 8) Post and Telecommunications Service","عند ظهور أمراض معدية يجب فوراً مراجعة الطبيب ودائرة الصحة المختصة لاتخاذ الإجراءات اللازمة حسبما تدعو الحاجة."
"You will find a Post Office at the station Zoo. Otherwise, post may be handed in at the Organizing Office.","دائرة الصحة تطلب عادة شهادة طعم للجدري من المسافرين الأجانب من البلدان المعرضة لمرض الجدري."
"Please direct all correspondence to the following adress:","يجب على جميع المسافرين إلى أكرا/غانا الحصول على شهادة تطعيم دولية صالحة حول التلقيح ضد الحمى الصفراء والجدري. يجب الحصول على"
"Please address all correspondence to the Organization Committee in Geneva, quoting your conference number.","الرجاء توجيه رسائلكم إلى مكتب التنظيم مع ذكر رقم الإشتراك في المؤتمر في جنيف."
"You can make telephone calls in the foyer of the hotel, at the conference site, or from any of the city's phone cabines.","يمكنكم إجراء الاتصالات الهاتفية أيضاً في قاعة الفندق وفي جميع غرف الهاتف العمومية."
"The documentation will be forwarded to you by post.","سترسل لكم الوثائق عبر البريد."
"Please, contact the hotel reception desk for any services you may require.","للاستفادة من الخدمات العامة، الرجاء مراجعة الاستعلامات"
"Conference couriers, easily distinguished by a large red conference badge, will be on hand to show you to the conference site and provide any other assistance.","إن مساعدينا الذين يرتدون لباساً خاصاً يتميز بشعار أحمر كبير جاهزون لنقلكم إلى مكان المؤتمر ويقدمون لكم جميع الخدمات."
"Foreign newspapers are available in the reception hall of the hotel","الصحف العالمية موجودة في قاعة الفندق."
"The typing pool is primarily intended for conference work and is, therefore, unable to fulfill any individual requirements.","إن سكرتارية المؤتمر تنجز بالدرجة الأولى أعمال المؤتمر، لذا من الصعب مراعاة طلباتكم الفردية"
"A limited number of lockers are available on the second floor.","يوجد عدد محدود من الخزائن في الطابق الثاني."
"Each delegation has a pigeonhole in the main entrance hall.","لكل وفد علبة رسائل في مدخل القاعة."
"Announcements by the Secretariat can be found on the notice board in the main entrance to the Congress hall.","تجدون إعلانات المؤتمر على اللوحة الموجودة على مدخل قاعة المؤتمر."
"For those whom it may concern, the daily program of meetings can be found on the information board in the lobby.","لمن يرغبون بمتابعة جلسات المؤتمر، يستطيعون قراءة الأخبار الموجودة على اللوحة في قاعة المؤتمر."
"The lost-property office is on the second floor, directly opposite the main lifts.","مكتب المفقودات موجود مقابل المصعد الرئيسي في الطابق الثاني."
"The cloak rooms are located in the basement.","في الطابق السفلي يوجد مكان إيداع المعاطف."
"A rest room, reading room, and TV room on the first floor of the conference building are available for all conference participants every day between 10 a.m. and 10 P.M.","جميع ضيوف المؤتمر يمكنهم استخدام غرف الاستراحة والمطالعة والتلفزة في الطابق الأول من الساعة العاشرة صباحاً إلى العاشرة ليلاً."
"This booklet contains some useful information and should help you to find your way around during your stay in our town. 11) Exhibitions","ستحصلون على كتيب يحتوي على دليل مواصلات ومعلومات أخرى مفيدة."
"An exhibition of books, technical equipment, and pharmaceutical and nutritional products is being held on both the ground floor and the first floor of the Congress building.","يُسَوِّدُ فِي الطَّابِقِ الْأَرْضِي وَالطَّابِقِ الْأَوَّلِ فِي مَبْنَى الْمُؤْتَمَرِ مَعْرِضٌ لِلْكِتَابِ وَالْآلَاتِ الثَّقَنِيَّةِ وَالْأَدْوِيَةِ وَالْمَوَادِّ الْغِذَائِيَّةِ."
"During the 5th European Microwave Conference, a display will be held, where numerous domestic and foreign producers will put their latest developments in materials, building components, and structures on show.","يُقَامُ خِلَالَ الْمُؤْتَمَرِ الْأُورُوبِيِّ الْخَامِسِ حَوْلَ الْمَايِكْرُووِيفِ مَعْرِضٍ حَوْلَ أَحْدَثِ التَّطَوُّرَاتِ فِي مُعَدَّاتٍ وَمَوَادٍ وَأَنْظِمَةِ الْبِنَاءِ."
"During the 3rd International Conference on the Laser and the possibilities of its use, several manufacturing firms will put their latest optical gauges on show in the conference-hall of the town hall (civic centre). This display will be open daily from 9 a.m. to 6 p.m.","خِلَالَ الْمُؤْتَمَرِ الدُّوَلِيِّ الثَّالِثِ حَوْلَ اللَّيْزَرِ وَإِمْكَانِيَّاتِ اسْتِخْدَامِهِ. سَتُقَدِّمُ الْعَدِيدَ مِنَ الشَّرِكَاتِ أَحْدَثَ أَحْهَزَةَ الْقِيَاسِ النَّظَرِيِّ، وَذَلِكَ فِي قَاعَةِ الْبَلَدِيَّةِ وَسَيَفْتَحُ الْمَعْرِضُ أَبْوَابَهُ يَوْمِيًّا مِنَ التَّاسِعَةِ صَبَاحًا وَحَتَّى السَّادِسَةِ مَسَاءً."
"For this year's annual session of the Association of Surgeons a display of both medical instruments and medical books will be held, to which all medical and biological publishers both domestic and foreign have contributed.","يُقَامُ خِلَالَ الْمُؤْتَمَرِ السِّنَوِيِّ لِلْجَمْعِيَّةِ الْجِرَاحِيَّةِ (جَمْعِيَّةُ الْجِرَاحَيْنِ) مَعْرِضٍ فِي الطَّابِقِ الْأَوَّلِ مِنْ مَبْنَى الْمُؤْتَمَرِ حَوْلَ الْمُعَدَّاتِ الْجِرَاحِيَّةِ وَمَعْرِضٍ لِلْكِتَابِ الطِّبِّ، تُشَارِكُ فِيهِ جَمِيعَ دَوْرِ نَشْرِ الْكُتُبِ الطِّبِّ وَالْبِيُولُوجِيَّةِ الْمَحَلِّيَّةِ وَالْأَجْنَبِيَّةِ."
"Firms interested in the theme of the Congress are offered the opportunity of exhibiting their products in the foyer of the conference building.","يمكن للشركات عرض منتجاتها في القاعة أثناء فترة المؤتمر."
"A special programme has been prepared for ladies accompanying participants.","يوجد بَرْنَامَج تَرْفِيبِيّ خاص بالسيدات المرافقات لأزواجهنّ."
"The Ladies' Programme at the Congress endeavors to cater for all interests.","بَرْنَامَج الْمُؤْتَمَر الخاص بالسيدات سيحاول إرضاء جميع الرغبات."
"The Preparations Committee will, as usual, be arranging an interesting and entertaining program for all those accompanying conference delegates.","إن لجنة تحضير البَرْنَامَج التَرْفِيبِيّ ستحضر مجدداً بَرْنَامَجاً هاماً ومُسَلِّياً لجميع السيدات والأشخاص المرافقين للمشاركين في المؤتمر."
"In the attempt to cater for every taste and for a wide range of interests, our Ladies' Program offers a variety of excursions and cultural events. You should make your choice in advance and enter it on the Ladies' Registration Form. In the event of a particular excursion or event being fully booked, we shall automatically transfer your booking to a tour or event of a similar nature.","لقد حضرنا عدة رحلات واحتفالات ثقافية لإرضاء العدد الأكبر من الضيوف. الرجاء تعبئة الاستمارة الخاصة بذلك. أما إذا كان عدد المشتركات في إحدى النشاطات قد اكتمل، فسنحول الطلب للرحلة التالية حسب الترتيب، والتي يكون لها طابع مماثل."
"The town offers a wide range of cultural activities. Theatres, cinemas, concerts, cabaret, and museums provide entertainment, intellectual stimulation, and relaxation.","المدينة تقدم مجموعة برامج تنقيفية وترفيهية متنوعة مثل المسارح ودور السينما والحفلات الموسيقية (كونشرتو) والمعارض والنشاطات المختلفة"
"There will be ample time for getting to know the city of Beirut and looking at nurseries, schools, universities, hospitals, theatres, galleries, museums, and sports facilities.","سيكون هناك وقت كافٍ لزيارة مدينة بيروت وما فيها من حدائق أطفال ومدارس وجامعات ومستشفيات ومسارح ومعارض ومتاحف ومؤسسات رياضية."
"The afternoon of the second day of the conference has been set aside for a walk around the town together and for personal shopping.","لقد خصصنا بعد ظهر اليوم الثاني للمؤتمر للقيام بجولة معاً في المدينة وللقيام بالتسوق وشراء احتياجاتكم."
"The rest of the day and the evening are free for you to do as you please.","أما باقي النهار والمساء فسيكون تحت تصرفكم الخاص."
"You will find a wide selection of theatre and concert tickets in the Organizing Office.","توجد بطاقات مسارح وحفلات موسيقية عديدة في مكتب تنظيم المؤتمر."
"Please order your free ticket together with tickets for other events for yourself and your guests in good time.","يمكنكم طلب بطاقات مجانية أو شراء البطاقات الأخرى لكم ولضيوفكم في الوقت المناسب."
"If you would like to take part in any other activities, please enter your name on the appropriate lists.","إذا رغبتم بالاشتراك في حفلات أخرى الرجاء تدوين أسمائكم في اللائحة الخاصة."
"Destinations of the excursions will be announced later.","إن أصداف (اتجاه) الرحلات سيعمم فيما بعد."
"A variety of excursions have been planned for the members of the working groups. Please enter your name on the appropriate list as soon as possible.","يوجد رحلات مختلفة لأعضاء لجان العمل. الرجاء تدوين أسماؤكم بأسرع وقت ممكن في القوائم المناسبة."
"At its meeting yesterday, the preparatory committees decided to include an excursion to Beit El-Dine Palace in its social program.","قررت اللجنة التحضيرية في جلسة الأمس إضافة رحلة لقصر بيت السدين في البرنامج الاجتماعي."
"Suggestions for other places to visit should be handed in at the Organizing Office. All suggestions will be considered on their merits.","الرجاء إعلام مكتب التنظيم عن رغباتكم الخاصة بالرحلات، التي قد يمكن مراعاتها حسب الظروف."
"With the assistance of the travel office here, our Organizing Committee has included an additional weekend trip in the program. Those interested should enter their names on the appropriate lists in the Organizers' Office by Wednesday, where all further details can also be obtained.","بالتعاون مع مكتب (وكالة) السياحة المحلي تمكنا من إضافة رحلة نهاية أسبوع إلى البرنامج. على الراغبين تسجيل أسماؤكم في اللوائح اللازمة في مكتب التنظيم حيث ستحصلون على تفاصيل أخرى."
"There are still a few tickets leftover for the boat trip on the lake planned for","لا يزال يوجد في مكتب السكرتاريا بطاقات لرحلة الزورق مساء غد."
"Please wear suitable clothing.","الرجاء ارتداء الملابس المناسبة."
"The participants on all the excursions are requested to bring along boots and waterproof clothing, as the weather at this time of year is known to be very changeable.","الرجاء من المشتركين في الرحلات أن يحضروا معهم حذاء (جزمة) يتناسب مع الطقس الحالي لأنه قد يكون متقلباً."
"I should like to know if I can still take part in this excursion.","أريد أن أعرف ما إذا كنت أستطيع المشاركة في هذه الرحلة؟"
"By popular request, there will also be a guided tour of the city, taking a special look at historical buildings, museums, and monuments.","بناءً على رغبة العديدين منكم سنقوم بجولة سياحية للتعرف على أهم المعالم التاريخية والمتاحف والتماثيل بمرافقة دليل سياحي."
"The outdoor exhibition is located close to the conference building on the south side of Central Park.","يقام المعرض في الهواء الطلق بالقرب من مبنى المؤتمر في الجهة الجنوبية للحديقة المركزية."
"The detailed arrangements for tomorrow's factory tours will be announced in good time.","سنعلمكم بمواعيد زيارات المصانع يوم غد في الوقت المناسب."
"We shall be shown round by the manufacture manager, Dr Stephan. 14) Receptions and Banquets","الزيارة ستتم بإشراف مدير المصنع الدكتور أسطفان."
"The dinner, announced in the program, with the lord Mayor of Casablanca and other prominent members of public life in the Kuwait capital, will be held this evening at 8 p.m.","سيقدّم في الساعة الثامنة مساء طعام العشاء، كما ورد في البرنامج. سيحضره عمدة الدار البيضاء وعدد كبير من وجهاء المجتمع العربي."
"During the conference two evenings have been set aside for an informal gathering of a few delegation","سيتخلل المؤتمر ليلتان خصصتا للتعارف بين الوفود."
"The Chairman of the Federation will give a reception at the end of the conference. Special invitations will be issued for this occasion.","سيقيم رئيس الجمعية مساء استقبالا ختاميا وسنرسل لكم دعوات خاصة."
"After the conference there will be a reception given by the Vice-Chancellor of the host university.","ستقام خلال المؤتمر حفلة استقبال عند مضيفنا البروفيسور أديسون. سنعلمكم عن المكان والزمان في حينه."
"Ladies accompanying members of the conference are welcome to attend the dinner.","ندعو بكل سرور للعشاء نساء أعضاء المؤتمر."
"All systems of Video films can be accepted for the discussion period provided that the films do not exceed 10 minutes in length. Films of longer duration will be shown in the film sessions.","يمكننا عرض جميع أنظمة أفلام الفيديو التي لا يزيد طولها على ١٠ دقائق، أما الأفلام التي يزيد طولها على ذلك فيمكن عرضها في قاعة السينما."
"This projector is suitable for the showing of video films.","يمكن لجهاز العرض هذا عرض أفلام الفيديو."
"During the Congress a closed circuit television system will be in operation, which will make it possible to follow the Congress proceedings from a number of vantage points outside the Congress hall.","أثناء فترة المؤتمر سيعمل نظام تلفزيوني داخلي ليتمكن الناس من متابعة مجرى المؤتمر في أماكن عديدة بعيدة عن القاعة."
"Lectures may be illustrated with 5 x 5 cm slides.","يمكن عرض المحاضرات على الشاشة للتوضيح إذا توفرت صورة عنها على شريحة (سلايد) ٥ على ٥ سنتيمتر."
"All slides should be clearly labeled so that the projectionist can readily determine their correct placing in the projector.","الرجاء وضع إشارة تحديد اتجاه الشرائح المصورة ليتمكن التقني من وضعها بالاتجاه الصحيح في جهاز العرض."
"An epidiascope is also available for pictures not exceeding 18 x 15 cm.","عند استعمال جهاز عرض الصور الفوتوغرافية، الرجاء أن يكون حجم الصور لا يزيد على الـ ١٨ على ١٥ سنتيمتر."
"The automatic projector is remotely controlled by a portable switch. Using this, you can adjust the focus and change the slides forwards and backwards.","عِنْدَ اسْتِعْمَالِ جِهَازِ العَرْضِ الْآلِي، يُمْكِنُ تَشْغِيلُهُ مُبَاشَرَةً مِنْ مَكَانِ الجُلُوسِ وَيُمْكِنُ أَيْضًا تَعْدِيلَ الصُّورَةِ وَتَقْدِيمِهَا أَوْ إِرْجَاعِهَا."
"Please switch on the projector and insert the first slide of this series.","الرَّجَاءُ تَشْغِيلُ الجِهَازِ وَعَرْضِ الصُّورَةِ الْأُولَى!"
"Would you correct the focus, please.","هَلْ يُمْكِنُ ضَبْطُ الصُّورَةِ بِشَكْلٍ أَفْضَلَ؟"
"Could we make the picture brighter?","هَلْ يُمْكِنُ إِضَاءَةُ الصُّورَةِ؟"
"The next slide (picture), please.","الصُّورَةُ التَّالِيَةُ مِنْ فَضْلِكَ!"
"You've put the slide in back to front (the wrong way round/backwards).","لَقَدْ وَضَعَتِ الصُّورَةُ مَعْكُوسَةً."
"The slide is upside down (the wrong way up).","الصُّورَةُ مَعْكُوسَةٌ يَجِبُ قَلْبُهَا."
"Do you prefer manual or automatic slide changing?","هَلْ تُفَضِّلُ جِهَازَ عَرْضِ يَدَوِيٍّ أَوْ آلِيٍّ؟"
"Please allow the projector to warm up before beginning to show slides.","الرَّجَاءُ تَحْمِيَةُ الجِهَازِ قَبْلَ العَرْضِ."
"Would you darken the room now, please!","الرَّجَاءُ تَعْتِيمُ القَاعَةِ!"
"Please open the shutter (lid/flap).","الرجاء فتح غطاء الجهاز!"
"Please switch on the projector.","الرجاء تشغيل الجهاز!"
"Please turn the sound on.","الرجاء تشغيل الصوت!"
"Please switch the motor on and the light off.","الرجاء تشغيل المولّد وإطفاء الإضاءة!"
"It's flickering / crackling / squeaking (screeching / creaking) / rustling / rumbling (making a noise).","يوجد هزة، رجة، ومض، طقطقة، حف، قرقعة (ضجيج)"
"The picture is flickering (jumping).","الصورة مرتّجة."
"I'm sorry; we've just lost the sound. Please bear with us for a moment while the technicians put the fault right.","نأسف لانقطاع الصوت، ولكن السقني يعمل على إزالة العطل."
"Please turn the volume down. (Make it quieter, please.)/Please turn the volume up. (Make it louder, please.)/Make it brighter, please. (Please increase the brightness.)/Make it sharper please.","الرجاء رفع/خفض الصوت. الرجاء تفتيح/ضبط الصورة"
"Please leave this picture for a while. Mark it.","الرجاء إبقاء الصورة لفترة. الرجاء وضع علامة على الصورة."
"The film is torn in several places and has to be spliced together before we can carry on. This will take only a few minutes.","الفلم مقطوع يجب أولاً لصقه قبل متابعة العرض بعد دقائق."
"This machine has been designed for 2-track or","هذا الجهاز يُسجّل ستريو"
"This device only works on (runs off) alternating current.","الجهاز يعمل على التيار الكهربائي المتناوب"
"You haven't got the right (correct) sort (type) of tape.","ليس عندك الشريط (الفيلم) المناسب."
"The tape is defective. It can't be used any more. Have you got any spare tape?","الشريط مُمَوَّج وفيه عُطب. هل لديك شريط احتياطي؟"
"This DIN-plug doesn't fit in the socket on the device.","المأخذ الكهربائي لا يناسب هذا الجهاز."
"You've got the tape on twisted.","لقد وضعت الشريط مقلوباً."
"Please take note of the green or red marking.","الرجاء الإنتباه إلى العلامة الحمراء/الخضراء!"
"The tape is sticking (jamming/getting caught).","الشريط (الفيلم) عالق في الجهاز."
"Now press the ""fast forward"" button.","اضغط الآن على زرّ اللف السريع!"
"Careful (Watch out! /Mind!) Don't touch it. I just got a shock.","إنتبه! لا تلمس هذا الجهاز. لقد لذعني التيار الكهربائي قبل قليل. (في الجهاز ماسّ كهربائي)"
"Would you wind the tape right back (rewind the tape fully)?","الرجاء لُفّ (إرجاع) الشريط (الفيلم) إلى أوله."
"Please go closer to the microphone when speaking.","الرجاء الإقتراب من الميكروفون عندما تتكلم."
"Please turn the volume down and the bass up a little.","الرجاء تخفيف الصوت."
"Check the signal lights on the control table.","الرجاء مراقبة الإشارات الضوئية على اللوحة."
"Put the headphones on now.","الرجاء وضع السماعات على الأذنين."
"Sit right forward in the booths.","الرجاء الاقتراب من الكابين (الصومعة) والجلوس."
"You can adjust the volume for (on) your headphones individually.","يمكنكم ضبط الصوت مباشرة من مقعدكم."
"First listen to the text carefully.","الرجاء الاستماع أولاً إلى النص بعناية."
"Please plug the extension lead into the socket next to the desk.","الرجاء إدخال مقبس شريط التطويل في الكهرباء قرب المكتب."
"Please take the plug out.","الرجاء سحب المقبس من الكهرباء."
"Would you step further to one side (aside) please? You're in the way of the beam.","الرجاء الابتعاد قليلاً (التنحّي جانباً) لأنك تقف أمام الضوء."
"Please pass (round) the pictures and charts.","الرجاء إعطاء الصور والرسومات لجارك."
"We're very sorry about this technical hitch.","نعتذر عن العطل الطارئ."
"If you wish to check the arrangements for the showing of your films, you should contact Dr Lens in the projection room, on the third floor. 3) Facilities For Press, Radio And Television","إذا رغبتم مراقبة تحضير عرض الفيلم، الرجاء الاتصال بالدكتور لينس في غرفة العرض بالطابق الثالث."
"It is anticipated that the press will assist in disseminating the new information.","نحن نتوقع أن تقوم الصحافة بنشر آخر المعلومات."
"The information given to the press will be blocked (is subject to a block) until 15th October.","يمنع نشر المعلومات الأولية المعطاة للصحافة حتى تاريخ ١٥ تشرين الأول (أكتوبر)."
"As the available space at the conference does not allow greater press participation, only the official news agency of the host country apart from the accredited periodicals (technical journals) has been invited.","مكان المؤتمر لا يستوعب عدد كبير من رجال الصحافة، لذلك يسمح فقط للصحف المعتمدة وممثلي وكالات أنباء الدولة المضيفة."
"As the main work of the accredited journalists according to our previous experience follows the end, of the daily meetings, the Press Office will always remain open two hours after the end of the official meetings.","العمل الرئيسي للصحفيين المفوضين حسب خبرتنا السابقة يأتي بعد الاجتماعات اليومية، لذا سيبقى مكتب الصحافة مفتوحاً بعد نهاية الاجتماعات الرسمية ولمدة ساعتين."
"On account of the highly specialized nature of the Congress theme it would seem desirable to invite only representatives of the technical press.","بسبب طبيعة المؤتمر المتخصصة إلى حد كبير من حيث المواضيع لذا سندعو فقط ممثلي الصحافة التقنية."
"Even in the preparatory phase of the Congress it should be made clear which speakers would be prepared to talk to or be interviewed by the press.","في الفترة التحضيرية للمؤتمر يجب أن نعرف من من المتكلمين مستعد لإجراء مقابلة مع الصحافة."
"We see the function of the Press Office as being not to protect us from the journalists but to inform and support them.","إننا نرى أن وظيفة مكتب الصحافة ليس صدّ الصحفيين ولكن تزويدهم بالمعلومات ومساعدتهم."
"Representatives of the press who have special requests for interviews should please inform the Press Office by 6 p.m. on Wednesday at the latest.","ممثلو الصحافة الذين لديهم رغبات بإجراء مقابلات صحافية خاصة يجب عليهم إعلام مكتب الصحافة قبل الساعة السادسة من يوم الأربعاء."
"The conference council does not plan to give any interviews to the press.","ليس مخططاً أن يجري مجلس المؤتمر مقابلات صحافية."
"The official minutes of the conference are available for inspection by all press representatives.","يمكن لممثلي الصحافة الإطلاع على المحاضر الرسمية للمؤتمر."
"Every accredited journalist will receive the exact list of speakers according to the minutes in the Press Office.","سيحصل جميع الصحفيين المفوضين على قائمة مفصلة للمتكلمين من مكتب الصحافة."
"Every day there will be a short summarizing press conference half an hour after the end of our deliberations.","سنقدم يوماً مؤتمراً صحافياً ملخصاً لنصف ساعة بعد نهاية مشاوراتنا."
"The press conference begins at three this afternoon.","سيبدأ المؤتمر الصحفي في الثالثة بعد الظهر."
"The results of the discussions will be made public at the press conference.","ستعمم في المؤتمر الصحفي نتائج المشاورات."
"Only officially registered representatives of the press may attend the press conference at the end of the meeting.","يستطيع الاشتراك في المؤتمر الصحفي الختامي فقط مندوبو الصحافة المسجلين رسمياً."
"The press conference must be extended.","يجب تمديد فترة المؤتمر الصحافي."
"A press conference is planned for the evening before the conference and at the end. Information on the interviewers can be available from the Press Office.","إنه مخطط لإجراء مؤتمر صحافي قبل المؤتمر وبعده. يمكن الاطلاع على أسماء المشتركين في المؤتمر في قسم الصحافة."
"The broadcasting corporation would like to interview you on these questions.","الإذاعة ترغب بإجراء مقابلة صحفية معكم بخصوص هذه المواضيع."
"The opening of our conference will be recorded for radio and television.","ستقوم الإذاعة والتلفزيون بتسجيل افتتاح المؤتمر."
"We'll watch a live broadcast now.","ستشاهد الآن برنامجاً حياً."
"The lectures held in the plenary session will also be transmitted to the foyer by.","المحاضرات التي تُلقى في القاعة يتم بثها فوراً في التلفزيون الموضوع في المدخل."
"What is this film about?","ماهو موضوع هذا الفيلم؟"
"Please take care to switch off your pocket receiver after use, so that the battery is not unnecessarily used up.","الرجاء إطفاء جهاز الاستقبال بعد استعماله لكي لا تُستهلك البطارية."
"The conference languages are English, German, Arabic and French.","لجنة التحضير خططت لمقابلتين مع الصحفيين. البيان الصحفي الأول سيكون ٣ أشهر قبل موعد المؤتمر. هذا الموعد مهم لتقديم المعلومات الأولية للصحافة اليومية ليتمكن الصحفيون من دراسة هذه المواد. واللقاء الثاني سيكون قبل أسبوعين من المؤتمر للتزويد بأحدث المعلومات الواردة."
"A simultaneous translation service in the four official conference languages is being organized for participants.","سنحاول أن نؤمن مقتطفات من المحاضرات والكلمات في خدمة الصحافة وسيقوم مكتب التنظيم باستنساخها (تصويرها فوتوكوبيا) وتوزيعها."
"All reports and contributions to the debates are simultaneously translated into the four conference languages.","بسبب المستوى الرفيع للمؤتمر يحتمل أن تقوم أكبر الصحف يومياً بنشر أحدث أخبار المؤتمر وبالتفصيل."
"In parallel sessions, individual speakers will be able to present contributions in the official language of their choice, in this case without simultaneous translation.","في الجلسات المتوازية، سيكون لبعض المشتركين إمكانية تقديم محاضرات في إحدى اللغات الرسمية حسب اختيارهم، هذه الحالة بدون ترجمة فورية."
"On the last day of the conference a summary will be given of the technical papers previously delivered, but without simultaneous translation.","في آخر يوم للمؤتمر سنقدم ملخصاً للمحاضرات التقنية السابقة ولكن بدون ترجمة."
"Speeches made in any of the working languages will be translated into the other three working languages.","المحاضرات التي تلقى بإحدى اللغات الرسمية ستترجم باللغات الرسمية الأخرى الثلاث."
"The English, German, French, and Arabic texts of these Statutes shall be regarded as equally authentic.","النصوص الإنكليزية والعربية والفرنسية والألمانية لهذا الدستور تُعتبر أصلية ومُلزمة."
"I should like to take advantage of this opportunity to extend a particularly warm welcome to Dr Toufik Mann from Egypt.","أريد أن أستغل الفرصة للترحيب بالدكتور توفيق من مصر."
"The deputy chairman of the session will welcome guests as they arrive, in the Organizers' Office.","مندوب (مُمَثِّل) رئيس المؤتمر يرحب بالضيوف القادمين في مكتب التنظيم."
"We are delighted that you have accepted our invitation.","نشكركم شكراً جزيلاً لتلبية دعوتنا."
"The following people will be sitting on the rostrum: The Senior Member, the President, the Vice-President, the Deputy Chairman, and a number of prominent representatives from public life.","الأشخاص الآتون سيجلسون على المنصة: العضو (الأقدم سنًا)، الرئيس ونائب الرئيس، وعُدد من الضيوف البارزين في الحياة العامة (وجهاء المجتمع)."
"The morning sessions will end at one o'clock. After a two-hour break for lunch, discussion will be held in the individual working-groups from 3 o'clock until 6 o'clock.","جلسات الصباح ستنتهي في الساعة الواحدة، تليها ساعتان لاستراحة الغداء، تتبعها مناقشات اللجان الفردية من الثالثة وحتى السادسة مساءً."
"Conference participants have come from more than 100 countries.","لقد حضر المشتركون في المؤتمر من أكثر من ١٠٠ بلد."
"A number of participants got together for an informal talk. le matin du premier jour de la séance.","اجتمع العديد من المشتركين لإجراء محادثات غير رسمية."
"Professor Saba will take (will be in/ is in) the chair./The chair will be taken by Professor Saba. The chairman is (will be) Professor Saba.","يترأس ويقود الجلسة الأستاذ سابا."
"Today's discussion will be chaired by our Vice-President, Professor Massoud.","يقود مناقشة اليوم نائب الرئيس الأستاذ مسعود."
"The chairman has been called away on urgent business and will have to be replaced for the rest of the session.","سيغيب الرئيس لسبب طارئ، وسيُتاب عنه حتى نهاية الجلسة"
"Professor Farag from Amman is standing in temporarily for the first chairman, who was suddenly taken ill.","الأستاذ فرج من عمان سينوب بشكل مؤقت عن الرئيس الأول، الذي أصيب بمرض مفاجئ."
"In the absence of the head of his delegation, he is acting as his substitute.","أثناء فترة غياب رئيس الوفد، يحل مكانه نائبه."
"Mr Williams of the Canadian delegation is unable to attend but has already nominated a proxy.","بما أن السيد وليامس من الوفد الكندي غير قادر على الاشتراك في المؤتمر فقد عين مندوباً بدلاً عنه."
"Unfortunately, Mr Saad cannot be here. His paper will be read by his colleague, Mr Bakema.","نأسف لعدم تمكن السيد سعد من الحضور، ولكن سيقرأ مساعده السيد باكاماً المحاضرة نيابة عنه."
"When the session was resumed, Professor John announced that, for reasons of health, he would have to decline the presidency.","عند استئناف الجلسة أعلن الأستاذ جون بأنه مضطر للتخلي عن منصب الرئيس لأسباب صحية."
"I congratulate you on the initiative and energy you have shown in the preparation of this important conference.","أهلكت على المبادرة والجهد الذي بذلته أثناء التحضير لهذا المؤتمر المهم."
"As you will not be able to chair the meeting next week, you will have to appoint a substitute.","بما أنك غير قادر على ترؤس الاجتماع خلال الأسبوع المقبل، يجب عليك تعيين بديل عنك."
"Finally I have to inform (tell) you that Mr Abraham, is unfortunately, ill, and his report will, therefore, have to be omitted,","أخيراً يجب أن أعلمكم بأن السيد إبراهيم ولسوء الحظ مريض، لذا ستلغى محاضرته."
"Immediately after (following on from) this meeting (discussion) there will be another session (sitting).","بعد هذا الاجتماع ستعقد جلسة ثانية."
"Anyone who wishes to speak, or has a motion, Greetings, Declarations of Agreement, or a statement for the Press, should notify the Minutes Secretary in writing.","الرجاء تقديم طلب خطي بشأن المداخلات والطلبات وكلمات الترحيب والموافقات وبيانات الصحافة لكاتب المحضر."
"Please enter your name on the attendance list.","الرجاء تسجيل أسكم في لائحة الحضور."
"After the prepared reports, the individual working groups will adjourn to hold their own discussions.","بعد انتهاء المحاضرات ستسحب فرق (لجان) العمل للتشاور."
"Only participants whose names have been submitted may take part in the discussion.","فقط الأعضاء المسجلون يمكنهم الاشتراك في المناقشة."
"For reasons of organization the number of participants must be limited so that the composition of the group may ensure an intensive discussion of the problems.","يُحِبُّ تَحْدِيدَ عَدَدِ الْمُشْتَرِكِينَ لِأَسْبَابٍ تَنْظِيمِيَّةٍ، لِأَنَّ اخْتِيَارَ الْمُشْتَرِكِينَ يُحِبُّ أَنْ يَضْمَنَ مُنَاقَشَةً مُكَلَّفَةً لِلْمَشَاكِلِ."
"Please hand in your name to the chair in good time.","الرَّجَاءُ إِعْلَامُ الرَّئِيسِ عَنْ رَغْبَتِكُمْ بِالْمُشَارَكَةِ فِي الْمُدَاخَلَاتِ وَالْمُنَاقَشَاتِ فِي الْوَقْتِ الْمُنَاسِبِ."
"Please ensure that your name is entered on the list of speakers in good time.","الرَّجَاءُ تَدْوِينُ اسْمِكُمْ فِي قَائِمَةِ الْمُتَكَلِّمِينَ فِي الْوَقْتِ الْمُنَاسِبِ."
"The time allotted to speakers has been restricted (limited) to a minimum for the sake of the discussion afterwards.","لَقَدْ حُدِّدَتْ مُدَّةُ التَّكَلُّمِ لِصَالِحِ الْمُنَاقَشَاتِ اللَّاحِقَةِ"
"On the basis of those names submitted, I should like to announce the speakers for this morning's discussion.","أَرْغَبُ بِذِكْرِ أَسَاءِ أَصْحَابِ الْمُدَاخَلَاتِ الَّتِي وَرَدَتْ هَذَا الصَّبَاحَ."
"We will call on you to speak in the exact order (You will be called upon to speak in the exact order) in which we received notification of your wish to participate.","سَنَطْلُبُ إِلَيْكُمْ السُّكَّالُ حَسَبَ وُرُودِ أَسَائِكُمْ تِبَاعًا."
"This is a very broad subject with far-reaching implications and I consider it premature to initiate a discussion without a committee report.","هَذَا الْمَوْضُوعُ وَاسِعٌ جِدًّا وَلَهُ نَوَاحٌ عَدِيدَةٌ أُخْرَى، وَأَرَى أَنَّهُ مِنَ الْمُبَكِّرِ جِدًّا الْبَدَاءَ بِمُنَاقَشَتِهِ بِدُونِ تَقْرِيرِ اللَّجْنَةِ."
"Time is running out, so I think we should begin the discussion without any further delay.","بما أنه لم يتبقَّ لنا الكثير من الوقت، أقترح البدء بالمناقشة بدون تأخير."
"So I think we should now take up the discussion (come to the discussion).","لذا أعتقد أنه يجب أن نبدأ بالمناقشة."
"The representative of Lebanon will complete the series of today's speakers.","سيكون المندوب اللبناني الأخير في قائمة المتحدثين. هذا اليوم."
"May I draw your attention now to the last paper which is concerned with the revised version of the regulations for security at factories.","اسمحوا لي أن أوجه انتباهكم بشأن المحاضرة الأخيرة ستعنى بالتعليمات الجديدة الخاصة بالأمن في المصانع."
"Allow me, in conclusion, to draw your attention to a few more points, relating to the content of the, European Symposium on Industrial Safety and the Prevention of Accidents.","اسمحوا لي أخيراً أن ألقت انتباهكم إلى بعض النقاط، المتعلقة بمحتوى حلقات الدراسة الأوروبية حول أمن العمل في المصانع وتفادي الحوادث."
"I'm afraid the time is up, but I'm sure that we shall have cause to resume this debate at a later stage of the conference.","للأسف انتهى الوقت ولكني متأكد بأنه يجب متابعة هذه المناقشة في وقت لاحق."
"Might I ask you to forward any remaining contributions to the discussion in writing, because our schedule unfortunately does not allow for any further extension of the debate.","أرجو منكم تقديم مساهماتكم خطياً لأن جدول الأعمال لا يسمح بتمديد إضافي لفترة المناقشة."
"In view of the large number of people wishing to take part in the discussion, the Executive Committee would like to propose that all those who were unable to speak should submit written contributions so that the views may be taken into consideration in tomorrow's resolutions.","بسبب كثرة المداخلات (المساهمات) تقترح إدارة المؤتمر على جميع الراغبين في التكلم تقديم مساهماتهم خطياً لرئاسة المؤتمر لأخذ آرائهم بعين الاعتبار في قرارات الغد."
"The discussion will be resumed here after a break of 30 minutes.","سنتابع المناقشة بعد استراحة لمدة ٣ دقيقة في هذه الغرفة."
"There will now be a break of two hours; which is intended for lunch.","يوجد الآن استراحة لمدة ساعتين لتناول طعام الغداء."
"That completes the first part of the session. We shall now take a break for lunch and continue our discussion at 2 o'clock.","بهذا ينتهي القسم الأول من الجلسة وسنعود إليها بعد استراحة الغداء في الساعة الثانية."
"The closing ceremony of the colloquium will not begin before 3 o'clock this afternoon","الحفلة الختامية للحلقة لن تبدأ قبل الساعة الثالثة من بعد ظهر هذا اليوم."
"The discussion will not be closed until all problems have been fully clarified. We think this will be about 5- 30 p.m.","ستنتهي المناقشة بعد توضيح جميع المسائل، ونعتقد سيكون هذا حوالي الساعة الخامسة والنصف."
"We still have a lot of business to deal with, so we'll resume our session at 2 o'clock sharp.","مازال أمامنا إنجاز العديد من الأمور، لذا سنستأنف جلستنا في الساعة الثانية تماماً."
"The time and location of the next session will be decided upon and announced sometime today.","سيتم تحديد وتعميم زمان ومكان الجلسة المقبلة في وقت ما اليوم."
"The discussion demonstrates that it will not be possible to come to any further conclusions today. The session is therefore adjourned until 10 o'clock tomorrow morning.","لقد أظهرت المناقشة أنه لا يمكن اتخاذ قرارات أخرى اليوم، لذا سيتم تأجيل الجلسة إلى العاشرة من صباح غد."
"If nothing unexpected turns up (arises), we'll continue our discussion tomorrow morning at 10 o'clock in this lecture theatre.","إذا لم يطرأ شيء سنكمل جلستنا غداً في الساعة العاشرة في هذه القاعة."
"Since there are no other points, on the agenda, I propose that we adjourn until tomorrow morning, when we can resume our discussion.","بما أنه لا يوجد نقاط أخرى على جدول الأعمال، أقترح أن نستأنف جلستنا ومحادثاتنا صباح غد."
"I think we could exclude this point for now, and deal with it at our next meeting.","أعتقد أنه بإمكاننا تجاوز هذه النقطة الآن ومعالجتها في الجلسة القادمة."
"Permit me to summarize the contributions that have been made.","اسمحوا لي أن أخص المساهمة (الكلمة) السابقة."
"I should like to summarize once again the main points of today's exchange of opinions and ideas.","أحب أن أخص مرة ثانية النقاط الرئيسية لما تم تبادله من الآراء والأفكار هذا اليوم."
"In future, when fixing the time-table for the sessions, the organizers might try to allow more time for discussion.","يُحِبُّ على منظمي جدول الأعمال تحديد وقت أطول للمناقشات القادمة."
"Thank you very much for your interesting and informative report.","شكراً جزيلاً على محاضراتكم المهمة والمفيدة."
"It is a clearly established fact that international conferences not only improve the exchange of scientific information, but also, at the same time, promote a greater international understanding both at a personal level and at the diplomatic level.","لقد ثبت أن المؤتمرات الدولية لا تساعد فقط على تبادل المعلومات، بل أيضاً على دعم المتفاهم الدولي على المستوى الشخصي والدبلوماسي."
"As far as I know, the session will be in camera.","حسب معلوماتي فإن هذه الجلسة ستكون مُعلّقة (ليست عامة)."
"The Congress will be mainly concerned with the theme: ""The Responsibility of Science in the Cause of Peace"".","المؤتمر يحمل شعار ""مسؤولية العلم أمام السلام""."
"The conference was chaired by Professor Youssef from Baghdad.","سيترأس المؤتمر الأستاذ يوسف من بغداد."
"I wish you every success with your conference and should be pleased to hear of the outcome.","أتمنى لمؤتمركم كل النجاح ويسعدني أن أطلع على نتائجه."
"I am very pleased to have this opportunity of conveying to you my best wishes for the complete success of the conference.","يسعدني أن أنقل لكم أطيب التهنئة لنجاح المؤتمر."
"I congratulate you on undertaking the organization of such a significant conference.","أهنئكم على مهمّتك العظيمة بإقامة هذا المؤتمر."
"I send you my best regards for the conference and I hope that the discussions there will prove fruitful.","أبعث لكم بأعظم التمنيات لمؤتمركم وأمل أن تحظى مشاوراتكم بالنجاح."
"The official Opening Session will begin at 3 p.m. in the large Assembly Hall.","الجلسة الافتتاحية الرسمية تبدأ في الساعة الثالثة في القاعة الكبرى."
"Reports will begin each day at 9.00 a.m. Time has been allowed for discussion after each paper. Please ensure that your name is entered on the list of speakers in good time. 2) General Phrases Used in Discussions","تبدأ المحاضرات في تمام التاسعة صباحاً. بعد المحاضرات تجرى المناقشات. الرجاء تدوين أسنانكم قبل فوات الأوان على قائمة المتكلمين."
"I shall try to be brief.","سأختصر كلامي."
"I'm afraid we must break off the discussion there so that we can hear the rest of the contributions scheduled for today.","يَجِبُ أَنْ تُنْهِيَ الْمُنَاقَشَةُ لِصَالِحِ الْمُسَاهَمَاتِ الْمَتْبَعِيَّةِ عَلَى جَدْوَلِ الْأَعْمَالِ."
"Unfortunately, owing to lack of time the discussion must now be interrupted and continued tomorrow morning. (I'm afraid that, owing to lack of time, we shall have to stop there and resume the discussion tomorrow morning.)","لِلْأَسْفِ يَجِبُ أَنْ تُوَقِّفَ الْمُنَاقَشَةَ الْآنَ، بِسَبَبِ ضِيقِ الْوَقْتِ، وَسَوْفَ نَسْتَأْنِفُهَا فِي صَبَاحِ الْغَدِ."
"Owing to lack of time it is quite probable that we shall not be able to consider all contributions.","عَلَى مَا يَبْدُو سَوْفَ لَنْ نَقْدِرَ عَلَى دِرَاسَةِ جَمِيعِ الْمُسَاهَمَاتِ بِسَبَبِ ضِيقِ الْوَقْتِ."
"If you persist in interrupting the speaker, I shall be forced to end the discussion.","سَأُضْطِرُ لِقَطْعِ الْمُنَاقَشَةِ إِذَا تَابَعْتَ مُقَاطَعَتَكَ لِلْمُتَحَدِّثِ."
"The conference will be adjourned for a few minutes in order to clear up a moot point in the Executive Committee.","سَيَتَوَقَّفُ الْمُؤْتَمَرُ لِضَعْفَةِ دَقَائِقَ مِنْ أَجْلِ تَوْضِيحِ بَعْضِ الْمَسَائِلِ الْخُرْجَةِ مِنْ قَبْلِ اللُّجْنَةِ التَّنْفِيذِيَّةِ."
"For technical reasons we are unfortunately obliged to interrupt the session briefly.","لِأَسْبَابِ تَقْنِيَّةٍ طَارِئَةٍ سَتَكُونُ مُضْطَرِّينَ لِقَطْعِ الْجَلْسَةِ."
"The discussion will continue after a break of fifteen minutes.","سَتَتَابَعُ الْمُنَاقَشَةُ بَعْدَ إِسْتِرَاحَةٍ لِمُدَّةِ ١٥ دَقِيقَةٍ."
"Before we continue the discussion, we should try to clear up the difference of opinion that has become apparent.","قبل متابعة المناقشة سنحاول أولاً تسوية خلافات الرأي التي ظهرت."
"I think that this was a very valuable contribution.","أعتقد أن هذه المساهمة (المحاضرة) كانت قيمة جداً."
"I find this contribution significant, since Professor Sami has arrived at a similar conclusion using entirely different methods.","يبدو لي أن هذه المساهمة مهمة جداً، خصوصاً أن الأستاذ سامي وصل إلى نتيجة مماثلة ولكن عبر أساليب مختلفة."
"This contribution is particularly important for the rest of the discussion.","هذه المساهمة مهمة جداً للمناقشات اللاحقة."
"This problem was presented as the key point in the discussion.","لقد تبين أن هذه المسألة هي النقطة الأساسية للمناقشة."
"Just as the discussion was closing, another important proposal was made.","في نهاية المناقشة عرض (قدم) اقتراح هام."
"Please add Professor Rafiq name to the list of speakers.","أرجو تسجيل اسم الأستاذ رفيق في قائمة المتكلمين."
"I'm afraid the list of speakers is closed, and there is nothing I can do.","للأسف لقد أفضلت قائمة المتكلمين ولا أستطيع أن أفعل شيئاً."
"May I ask for further contributions?","الرجاء تقديم مداخلاتكم."
"There are still many speakers to come.","ما زال أمامنا العديد من المداخلات."
"Since there are no further contributions, I shall now bring the discussion to a close.","بما أنه لا يوجد مداخلات أو مساهمات أخرى ستُقبل (سنتهي) المناقشة."
"Since there are no more contributions, I shall now close the discussion and give a summary of the main points raised.","بما أنه لا يوجد مداخلات أو مساهمات أخرى، سأنهي المناقشة وأقدم ملخصاً لنقاطها الأساسية (الرئيسية)."
"This point (topic/issue) isn't under (up for) discussion yet.","هذا الموضوع (نقطة - قضية) هو ليس ضمن المناقشة حتى الآن."
"This topic will be the subject of discussion tomorrow.","هذه النقطة ستكون أيضاً موضوع مناقشة الغد."
"When the individual sessions have finished we can deal with any outstanding matters under the ""miscellaneous"" heading on the agenda.","عند الانتهاء من المشاورات الفردية سنعالج نقطة ""متفرقات""."
"Can we now turn to the item ""Any Other Business""?","نستقل الآن إلى نقطة ""متفرقات"" على جدول الأعمال."
"Allow me to put the question again. Is there Any Other Business?","أريد أن أسأل، هل توجد مداخلات أخرى تحت بند ""متفرقات""؟"
"With that we shall close the discussion on this item of the agenda.","ننتهي الآن من هذه النقطة في جدول الأعمال."
"We hope you will understand that the papers were not able to deal with every aspect in detail.","نأمل أن تنفهموا أنه لا يمكن عرض (شرح - تناول) جميع النواحي في هذه المحاضرة."
"Unfortunately, some discussions wandered from the main theme of the session.","للأسف فإن بعض المناقشات خرجت عن الموضوع الأساسي للجلسة."
"We cannot approve such measures.","لا نستطيع قبول (الموافقة على) إجراءات كهذه."
"These recommendations need to be discussed further.","يجب متابعة مناقشة هذه التوصيات."
"We cannot take this assertion without contradiction. (We are forced to contradict this assertion.)","لا يمكن أن نقبل بهذه الإدعاءات بدون اعتراض."
"I am not convinced by such reasoning. (This argument does not convince me/does not strike me as convincing.)","إنني لست مقتنعاً بهذه الحجة."
"We categorically reject such suggestions.","نحن نرفض مثل هذه الاقتراحات."
"We hope that there will be no delay.","نأمل ألا يكون هناك أي تأخير."
"I mention this only in passing.","أذكر هذا فقط على الهامش."
"In view of this, we can consider the proposal as null and void.","نظراً لذلك، نعتبر الاقتراح لاغياً."
"This compendium does not claim (makes no claim) to be comprehensive.","هذا الملخص لا يعتبر شاملاً."
"This was an oversight.","لقد كانت هذه هفوة"
"I'd like to say quite clearly (I'd like to make it quite clear) that there is no personal blame involved here.","أريد أن أقول بكل وضوح أنه لا يوجد خطأ شخصي."
"There's no cause for alarm. It's simply a clerical error.","لا داعي للإضطراب، هذا فقط خطأ مطبعي (غلطة مطبعية)."
"We have to admit that in this neglected field there are still a few things in a bit of a bad way.","يجب أن نعرف بأنه في هذا المجال المهمل يوجد بعض المساوى"
"This is, of course, contrary to all previous experience.","هذا يتعارض (يتناقض) بكل وضوح مع جميع التجارب السابقة."
"The last word on this matter has not yet been spoken.","في هذا الموضوع لم يلفظ القول الأخير بعد."
"I should like to go into greater detail on this aspect (of the matter).","سأشرح هذه النقطة مرة أخرى مفصلاً."
"This attitude does not convince us.","هذا الموقف يبدو لنا غير مقنع (لا يقنعنا)."
"This formulation (expression) seems fairly/ pretty/extreme.","هذا التعبير (الصياغة) تبدو لي حادة."
"These explanations are rather vague.","هذا التفسير (التوضيح) مبهم (غير واضح)."
"These and other considerations or reservations which might be similarly expressed are, in the light of the latest results of investigations, completely without foundation.","سننًا للنتائج الأخيرة، فإن هذه الاعتبارات وكل التحفظات المماثلة التي عرضناها، يبدو أنه لا أساس لها."
"I expect I need not bother with further explanations in the present company.","إنني أعتقد أننا لسنا بحاجة إلى شروحات إضافية للحملة الحالية."
"We are faced with the same problems.","إننا نواجه المشاكل ذاتها."
"We welcome these proposals.","إننا نرحب بهذه الاقتراحات."
"I think this point is particularly important.","إني أعتقد أن هذه النقطة هي مهمة جداً."
"We shall be happy to consider any further suggestions or special wishes participants may have.","إنه من دواعي سرورنا اعتبار آلية إقتراحات مستقبلية يقدمها المشاركون."
"Let us return to our point of departure. (Let's go back to where we began)","دعنا نعود إلى حيث بدأنا."
"That was, of course, important, but now we come to the substance (heart) of the matter.","كان هذا هام جداً، ولكننا عدنا الآن إلى قلب القضية."
"Let's get down to business.","دعنا نبدأ الأعمال."
"Keep to the point!","حافظوا على الموضوع."
"May I have your attention, please?","أرجو انتباهكم."
"Would you please comment (express your views) on that?","أرجو أن تعلقوا على هذا الموضوع."
"How do we intend to proceed, then? (Well, how shall we go about it?)","كيف نسوي أن نستطيع (حسنًا، كيف سنستطيع الأمر)"
"Does that answer your question, Dr Khalil?","دكتور خليل، هل هذا يجب على سؤالك؟"
"What made the discussion become so heated so suddenly?","ما الذي جعل المحادثات فجأة أكثر حرارة؟"
"Would you speak a little louder, please? (Would you speak up, please?)","أرجو أن ترفع صوتك قليلاً؟"
"Speakers are kindly requested to talk more slowly so that the inter- preters can give as a complete translation if possible.","أرجو من المتحدثين أن يستكلموا بسؤدة حتى يستطيع المترجمون أن يقوموا بترجمة كاملة."
"Mr Black's idea is a new one and seems to be worthy of consideration.","يبدو أن فكرة السيد أسود جديدة وتستحق الاعتبار."
"Perhaps Professor Salam, who has been dealing with this problem for some years, could give us his opinion?","عسى الأستاذ سالم الذي كان يواجه هذه المشكلة لسنوات يستطيع أن يبين لنا وجهة نظره."
"The treasurer has an important announcement to make.","عند أمين الصندوق إعلان هام للإطلاع عليه."
"The next speaker is Professor Issa, of the Lebanese delegation.","المتكلم السالي هو الأستاذ عيسى من البعثة اللبنانية."
"Would Madame Richa care to speak now?","هل تتفضل السيدة ريتا بالكلام الآن."
"You can bring this point up when the session is open.","تستطيع التقدم بهذه القضية عند ابتداء الجلسة."
"Before I call upon the next speaker, have a short announcement.","قبل أن أنادي على المتكلم التالي عندي إعلان صغير."
"This is only a small meeting, so I think you could speak from your place.","هذا اجتماع جانبي لذا تستطيع المساهمة من مكانك."
"You may address the meeting, but I can allow you only 10 minutes.","تستطيع المشاركة في الكلام، ولكني أسمح لك بعشر دقائق فقط."
"Since I am speaking, I should like to thank the chairman for his masterly control of this complex debate.","بما إني أحاطبكم أود أن أشكر الرئيس على تنظيمه لهذا الحوار المتشعب."
"If Mr William still wishes to speak, would he please come up to the rostrum?","إذا كان السيد وليم يود أن يتكلم، أرجو أن يصعد إلى المنبر."
"The granting and withdrawal of the right to speak are entirely the prerogative (at the discretion) of the chairman.","منح وسحب حق الكلام هو امتياز قطعي للرئيس."
"Mr Morris, I'm afraid I shall have to rule you out of order. I shall have to stop you speaking.","سيد موريس يؤسفني أن أكون مضطراً لشطب اسمك من اللائحة ومنعك من الكلام."
"What expectations do you have of this conference?","إني أطلب الآن من الأستاذ مسعود (من اليمن) أن يقدم لنا مشاركته."
"You might know more about the arrangements for the conference.","إني أنادي على أمين السر ليقدم تقريره."
"Are you a member of a permanent commission?","هل أنت عضو في لجنة دائمة؟"
"How long have you been serving on this committee?","منذ متى وأنت في هذه اللجنة؟"
"What is your opinion of the conference so far?","ما هو رأيك بالمؤتمر حتى الآن؟"
"I'd be interested to know if the conference participants have been satisfied with the programme up to now.","إنني مهتم لمعرفة إذا كان المشاركون في هذا المؤتمر راضون حتى الآن."
"May I repeat that once more?","هل لي أن أكرر ذلك مرة أخرى؟"
"May I enlarge on the arguments put forward by the previous speaker?","هل لي أن أتوسع بمناقشة ما أورده المتكلم السابق؟"
"Are there any more comments on this problem? (Does anyone else wish to comment on this problem?)","هل هناك أي تعليقات تخص هذه القضية، وهل هناك متحدث آخر يود أن يعلق؟"
"Are you positive (certain) that no errors have been made?","هل أنت متأكد أنه لا يوجد خطأ ما؟"
"I haven't quite (fully) understood your question. Would you repeat it slowly, please, since I can't follow your language so quickly?","لم أفهم سؤالك هل تتفضل بتكراره بروية، لأنني لا أستطيع أن أفهم لغتك السريعة؟"
"Would (Could) you be more specific about what you've said?","هل تستطيع أن تحدد ما تفضلت بذكره؟"
"Can I at this point ask our colleagues from France and the GDR if they can join in the preliminary work for our final report?","هل أستطيع أن أسأل زملاءنا من فرنسا وألمانيا المساهمة بوضع التقرير المبدئي؟"
"Would Professor Omer like to state the objections of his working group to the proposed project?","هل يريد الأستاذ عمر أن يحدد اعتراضات فريق عمله على المشروع المقترح؟"
"I'm interested to know if you agree with the extra demands we have just heard from the lebanese delegation.","أنا مهتم بمعرفة مدى موافقتكم على الطلبات الإضافية التي تقدم بها الوفد اللبناني."
"Would you mind explain how this interesting project might be realized?","هل تتفضلون بشرح كيفية تحقيق هذا المشروع الهام؟"
"Might I ask you which research projects are being worked on in your institute at the moment?","هل لي أن أسألكم ماهي أبحاث المشاريع التي تقوم بها مؤسساتكم حالياً؟"
"- I should have liked to learn something about your practical experience in the application of this technique.","إني أتمنى أن أطلع على بعض التجارب العملية للتطبيقات الفنية."
"Please be so kind as to tell us in which direction you intend to continue your research work.","هل يمكنكم إعلامنا بالاتجاه الذي تنوون سلوكه لمتابعة بحثكم."
"Would you mind saying something about the possible uses of this machine?","هل تتفضل بإعلامنا عن كيفية استعمال هذه الآلة؟"
"I'm interested to know how yesterday's conference on the principles of the remodelling of old housing areas went. ciper au travail préliminaire de notre rapport final?","أود الاستعلام عما أدى إليه البحث خلال الأيام الماضية حول إعادة ترتيب واجهات المنازل القديمة؟"
"Could you say anything about how your country solves urban traffic problems?","هل يمكنك إعلامنا عن كيفية حل مشاكل السير في المدن في بلدكم؟"
"What is your attitude to the problems Dr Karam raised regarding the stability of the planned television mast?","ما هو موقفكم من المشاكل التي ذكرها الدكتور كرم والمتعلقة بتوازن سارية التلفزة."
"Could you possibly tell us if the delivery date can be kept (adhered to)?","هل من الممكن إعلامنا إذا أمكن الحفاظ على أوقات التسليم؟"
"Might I ask how your country has managed to achieve such an astonishing standard of education?","هل لي أن أسأل كيف استطاع بلدكم أن ينجز هذا المستوى المذهل من التعليم؟"
"How would you define a conurbation?","كيف تفسر تجمع الكتل السكانية في المدن؟"
"Might I ask what is meant by that (technical) term?","هل لي أن أسأل عن معنى هذا التعبير الفني؟"
"Can you say when and why the investigation which was so urgently necessary was suddenly stopped (discontinued /called off)?","هل لك أن تعلمني لماذا ومتى أوقف التحقيق فجأة والذي كان مهمًا جدًا؟"
"Could there, in your opinion, be any good reasons or plausible explanations for the abrupt interruption (discontinuance) of this research work?","هل تعتقد أن هناك سببًا هامًا أو تفسيرًا دعى إلى وقف عمليات البحث؟"
"Did you also come across new problems when applying this modern procedure (process)?","هل واجهتكم أية مشاكل عند تطبيقكم هذه الإجراءات الحديثة؟"
"Allow me to give (quote) a few examples.","ماذا تتوقع من هذا المؤتمر."
"Allow me to make the following comment on that point.","يجب أن تعلم أكثر عن ترتيبات المؤتمر."
"Well, let's put it to the test.","ماهي المواضيع الإضافية التي يجب علينا زيادتها؟"
"Might I enlarge on the arguments of the previous speaker?","هل صحيح ما أفدت به بأن هذه الترتيبات هي صالحة مؤقتاً فقط"
"Would you mind giving us your opinion on this matter?","بأي من الحلول المقترحة توصي؟"
"We recommend that this point should be considered (examined) more closely.","من يود الانضمام إلى هذه اللجنة الجديدة المتعلقة بالإدمان؟"
"Please don't let all the formula confuse you.","أرجو أن لا تسمحوا للمعادلة بإرباككم."
"Permettez-moi de dire mon propre avis.","أرجو أن تسمحوا لي بإبداء رأيي الشخصي."
"We should accord the work of this commission in particular the attention it deserves and allocate to it the additionally requested funds.","يجب أن نولي عمل اللجنة الاهتمام الذي تستحقه، وأن ننتجها التمويل الكافي."
"Could I ask you to stand in for me at tomorrow's meeting of the Steering Committee, as I'm unable to come for urgent personal reasons?","هل يمكنني أن أطلب إليك أن تنوب عني غدا في اجتماع لجنة الإدارة لأني لن أتمكن من الحضور لأسباب قاهرة."
"In my opinion we should analyse the problems raised still more thoroughly and extensively.","إني أعتقد أنه علينا تحليل المشاكل التي تواجهنا بالكامل وبالعمق."
"I should like to ask you, also in my capacity as spokesman for my delegation, (further) to consider the following questions.","إني أود أن أسألكم بصفتي كمستكلم باسم بعثتي أن تهتموا بالأسئلة (النقاط) التالية"
"I should like to take up a point made by the last speaker and elaborate on it.","أرجو الاستفاضة ببحث النقطة التي أثارها المتكلم الأخير."
"May I quote a couple of significant examples from our years of practical experience?","هل لي أن أذكر مثلين هامين يتعلقان بسنين من خبرتنا العملية."
"Can I first of all just roughly put this into words?","هل أستطيع أولاً أن أصيغ هذا في كلمات؟"
"Finally, one more important problem should be discussed and that is the question of the economic feasibility of the recommended methods.","أخيراً، هناك معضلة أخرى يجب البحث بها وتلك هي مسألة الإجراءات الاقتصادية المتعلقة بالأساليب الموصى بها."
"Allow me, in addition, to enumerate some shortcomings that have come to light in the course of our frank and open discussion.","اسْمَحُوا لِي أَيْضًا أَنْ أُحْصِيَ الْأَخْطَاءَ الَّتِي أَوْضَحْنَاهَا خِلَالَ مُنَاقَشَاتِنَا الصَّرِيحَةِ وَالْمَفْتُوحَةِ."
"I'd like to introduce my remarks with a well-known quotation from Goethe (Shakespeare).","إِنِّي أَوَدُّ أَنْ أَذْكُرَ مُلَاحَظَاتِي بِعِبَارَاتٍ مَشْهُورَةٍ لِـ غَوْتِهِ مِنْ كِتَابِهِ: شَكْسِير."
"Allow me to quote from the publication mentioned word for word ... End of quotation. 6) Reply -Answer","اسْمَحُوا لِي أَنْ أَقْبَسَ مِنَ الْمَنْشُورِ الْمَعْنِي حَرْفِيًّا، كَلِمَةً فَكَلِمَةً ... نِهَايَةَ الْاِقْتِبَاسِ."
"One cannot but agree with Dr John when she states that there must be still greater investment for these important medical research projects.","اسمحوا لي أن أعطيكم بضعة أمثلة."
"In my opinion yet further important influences are at work here.","اسمحوا لي أن أقدم التعليق التالي بخصوص هذه النقطة."
"I should like to make the following comment (statement) on (to) what has been said: The economies referred to result from our favorable experimental conditions and are unlikely to be fully realized in other circumstances.","حسناً، دعونا نضعها تحت الاختبار."
"I know that my opinions are not supported sufficiently in this committee.","هل لي أن أفصل موضوع نقاش المتكلم السابق؟"
"I don't think the contribution to the discussion was completely objective in all its points.","لا أعتقد أن المساهمة في هذا البحث كانت موضوعية في جميع النقاط."
"One can say that the evening was a complete success.","نستطيع القول أن أمسيتنا حققت نجاحاً باهراً."
"It is certain that yet another comprehensive piece of research work is necessary on account of the many aspects of this problem.","حتماً يجب القيام ببحث شامل يتعلق بجواب هذه المعضلة جميعها."
"It is obvious that a mistake in calculation has been made here.","من الواضح أن هناك غلطة حسابية ارتكبت هنا."
"It is clear to me that despite hours of discussions some important questions have still remained open.","يبدو لي أنه بالرغم من استمرار المناقشات لساعات بقيت نقاط هامة لم تعالج بعد."
"In the final reports it is stated that the work groups fulfilled their given tasks within the time limit.","ذكر في التقارير النهائية أن أفرقاء العمل أثنوا مهماتهم خلال الوقت المحدد."
"It has been shown that the preparations for Congresses of this size and importance should begin even earlier.","تبين وجوب بدء التحضيرات لمؤتمرات بهذا الحجم والأهمية باكراً."
"May I say the following on this matter? We are dealing with a similar problem in our study-group 2 and would therefore like to contact you for an exchange of information.","لدي ما أقوله في هذا الصدد. إننا نواجه مشكلة مشابهة في حلقتنا الدراسية الثانية، لذلك نود الاتصال بكم بغية تبادل المعلومات."
"In my opinion these experiments should have been begun much earlier.","أعتقد أنه كان من المفترض بدء هذه التجارب في وقت أبكر."
"As I have read, this hypothesis is also supported by the English physicist Powl.","لقد قرأت أن الفيزيائي الإنكليزي يول يؤيد هذه النظرية."
"As far as I know, Dr Nour is no longer dealing with this problem.","وفق علمي، توقف الدكتور نور عن التعامل مع هذه المشكلة."
"As far as I am informed, the examinations have not yet led to a positive result.","وبحسب ما أفدت فإن الفحص لم يؤد بعد إلى نتائج إيجابية."
"If I am not mistaken, there is quite a significant error of reasoning somewhere in this.","إذا لم أكن مخطئاً، ورد خطأ تقييمي هام."
"If I am not labouring under a false impression, Professor Adib from Harvard University finished a similar series of experiments.","إذا لم أكن مخطئاً، أعتقد أن الأستاذ أديب من جامعة هارفرد قد أنهى سلسلة تجارب مشابهة."
"If I remember rightly, the same problems were discussed at the last symposium.","حسبما أذكر فإن هذه المعضلة قد نوقشت في الاجتماع الأخير."
"If I have understood correctly, you are at odds with the traditional view.","إذا كنت فهمت جيداً، فإنك تخالف الرأي التقليدي."
"I believe you are putting forward a very hypothesis in this case.","إني أعتقد أنك تقدم نظرية جسورة في هذه القضية."
"I would say that the results partly contradict the experience gained so far.","يجب علي القول أن النتائج تتعارض جزئياً مع الاختبار المكتسب حتى الآن."
"It seems to me that Dr Badih has, however, neglected to pay attention to an important factor.","يبدو لي أن الدكتور بديع قد أغفل انتباهه عن عامل هام."
"It seems to me that an extremely important discovery for news-technology has been made here.","يبدو لي أن اكتشافاً هاماً جداً متعلقاً بتقنية الأخبار قد برز هنا."
"It isn't clear to me why you reject our research results so strongly.","أجهل لماذا تعارض نتائج أبحاثنا بكل هذه القوة."
"It isn't clear to me how you achieved such measurement-precision.","أجهل كيف أنتمت هذه القياسات الدقيقة."
"I believe one can safely say that in this field of science we still have a great deal to catch up on.","أستطيع القول أنه في حقل العلوم هذا لا زال أمامنا طريق طويل لقطعها."
"Professor Daniel explains that this vaccine has no harmful side-effects at all.","يشرح الأستاذ دانيال أن هذا السدواء لا يملك أية عوارض جانبية مؤذية."
"As is claimed (as it has been claimed), there are no negative after-effects to take into account with this remedy.","كما صرح أنه لا ينجم عن هذا الدواء أية عوارض سلبية."
"As our Arabic colleague has stated, the new product has passed all its tests with flying colours.","وكما ذكر زميلنا العربي، لقد تجاوز منتوجنا الجديد كل اختباره ونال ثقة قوية."
"These conclusions will hardly stand up to critical analysis.","تواجه هذه الاستنتاجات بشدة أي تحاليل مخالفة."
"I must admit that a mistake has been made here.","لا يمكننا إلا أن نوافق الدكتور جون في إعلانها عن إمكانية وضع استثمار أكبر في هذه المشاريع للأبحاث الطبية."
"I can't deny that an important influencing factor has been neglected here.","أَعْتَقِدُ بِوُجُودِ تَأْثِيرَاتٍ مُهِمَّةٍ تَفْرِضُ نَفْسَهَا."
"I share your opinion that the submitted proposals must be carefully examined.","أَرْغَبُ بِالتَّعْلِيقِ عَلَى مَا سَبَقَ ذِكْرُهُ: إِنَّ التَّوْفِيرَ النَّاتِجَ عَنْ تَحْسِينِ الظُّرُوفِ الْمَوْضُوعِيَّةِ لِتَجَارِبِنَا يَبْدُو أَنَّهُ مِنَ الصَّعْبِ تَحْقِيقُهُ كُلِّيًّا فِي ظِلِّ ظُرُوفٍ أُخْرَى"
"I must accept this, but it doesn't change anything in the principle of the technology.","أَدْرَكَ تَامًّا أَنْ أَرَأَيْتَ لَيْسَتْ مَدْعُومَةً كِفَايَةً فِي هَذِهِ اللَّجْنَةِ."
"I can agree with that only with reservations, because the series of experiments has only just begun.","إِنِّي أَقْبَلُ ذَلِكَ بِتَحَفُّظٍ، لِأَنَّ سِلْسِلَةَ الْإِخْتِبَارَاتِ ابْتَدَأَتْ لِتَوَّاهَا."
"Certainly, providing however that the necessary primary data can be obtained.","بالتأكيد، شرط إمكانية الحصول على البيانات الأولية."
"Yes, but only when safety (security) regulations are strictly followed.","نعم، لكن فقط عند الالتزام بشروط الأمان."
"I can accept the proposal only if the functional arrangement of the production buildings is changed.","أستطيع فقط أن أقبل الإفتراح إذا تغيرت الترتيبات الرسمية لإنتاج البناء."
"I can give my assent only when an exact check of the safety regulations has been carried out. 7) Accord","إني أعطي موافقتي عند القيام بفحص دقيق لقواعد السلامة."
"I could agree if the last paragraph in the report is changed according to our proposals.","سَأَوَافِقُ عِنْدَ تَعْدِيلِ الْمَقْطَعِ الْأَخِيرِ مِنَ التَّقْرِيرِ طَبَقًا لِإِقْرَاحَاتِنَا."
"I can agree with this statement only with reservations, because the number of experiments carried out is not yet sufficient.","إِنِّي أَوَافِقُ بِتَحْفَظُ عَلَى هَذَا التَّقْرِيرِ لِأَنَّ عَدَدَ التَّجَارِبِ الْمُتَعَلِّقَةِ بِهِ غَيْرُ كَافِيَةٍ."
"I can agree only with certain reservations to the statement that the difficult problem has already been completely solved.","أَوَافِقُ قِطَطَ مَعَ بَعْضِ التَّحْفَظَاتِ عَلَى هَذَا التَّقْرِيرِ بِمَا أَنَّ الْمَشْكَلَةَ الصَّعْبَةَ قَدْ حَلَّتْ نَهَائِيًّا."
"Unfortunately it really is so. Many accidents at work can be traced back to the inadequate qualifications of the operating staff.","لَسُوءُ الْحَظِّ الْأَمْرَ صَحِيحٌ، إِذْ أَنَّ عَدَدًا مِنَ الْحَوَادِثِ الْمُنَاقِثَةِ خِلَالَ الْعَمَلِ، مَرَدَّهَا إِلَى عَدَمِ خِبْرَةِ الْعَمَلِ."
"Yes, I simply must agree with you. The conference has made a considerable (significant) contribution to the clarifying of opinions up till now divergent. 8) Doubt","نَعَمْ، يَجِبُ أَنْ أَوَافِقَ مَعَكُمْ عَلَى أَنَّ الْمُؤْتَمَرَ قَدْ قَامَ بِسَاعِ هَامَةٍ لِإِضَاحِ الْآرَاءِ الَّتِي لَا تَزَالُ مُبَايِنَةً حَتَّى الْآنَ."
"I doubt whether the committee can still be persuaded to change its previous opinions.","يُحِبُّ أَنْ أَقْرَأَهُ إِذْ أَنْ خَطَأَ وَقَعَ هُنَا."
"I doubt whether there is a united opinion about this thesis within the research team.","لا أستطيع أن أنكر أن هناك تجاهل لقضية مؤثرة وهامة هنا."
"I am not convinced that Dr Malek will withdraw his criticisms.","أنا غير مقتنع بأن الدكتور مالك سيسحب انتقاداته."
"I don't know if he really deserved this reproach.","أنا لا أعلم إذا كان حقاً يستحق هذا التأنيب."
"I am not sure, because I don't know the situation exactly.","لست متأكداً، لأني لا أعلم الوضع جيداً."
"It is doubtful","إنها قابلة للشك."
"That is hardly possible.","إنها شبه مستحيلة."
"I am not quite sure as to whether the interpreter translated this sentence correctly.","أنا لست متأكداً إذا كان المترجم قد ترجم هذه العبارة بطريقة صحيحة."
"I should like to leave the question open as to whether yet another revised study of these problems should be commissioned.","إني أريد أن أترك هذه المسألة مفتوحة لأنه من الضروري القيام بدراسة مفتوحة حول هذه المشكلات."
"I have the gravest doubts because the results are in complete contradiction to present knowledge.","لدي شك كبير لأن النتائج تتعارض تماماً مع المعرفة الحاضرة."
"I am not convinced that this method will become internationally acceptable.","أنا غير مقتنع أن هذه الطريقة ستصبح مقبولة عالمياً."
"I very much doubt whether we can still be provided with the necessary financial means in good time.","إني أشك كثيراً بأننا سنحصل على التمويل الضروري في الوقت المناسب."
"I doubt very much his ability to defend this daring thesis convincingly before a large committee.","إني أشك كثيراً بقدرته على الدفاع عن هذه المسألة الحسرة أمام اللجنة."
"Excuse me, please, I've rather strayed from the point.","أَشْكُ بِإِمْكَانِيَّةِ تَحْرِيضِ اللُّجْنَةِ عَلَى تَغْيِيرِ أَرَائِهَا السَّابِقَةِ."
"Please excuse me, but I seem to have lost the thread. I'd like to speak again later on.","أَشْكُ بِوُجُودِ رَأْيِ مُشْتَرَكٍ يَتَعَلَّقُ بِهَذَا الْمَوْضُوعِ بَيْنَ أَفْرَادِ لَجْنَةِ الْبَحْثِ."
"Unfortunately, people here are still not sufficiently agreed on the necessity of devoting (even) more attention to this urgent research project.","من المؤسف، أن الناس هنا لا يوافقون تماماً على تكريس انتباه كاف للبحث في هذا المشروع الهام."
"As we are so pressed for time, I am sure you will bear with me in formulating the required decision in note form only.","بما أننا قد تأخرنا، أرجو أن توازروني لاستنباط قرار مبدي فقط."
"I need an aide-memoire for these appointments, for my memory has recently been failing me noticeably.","أحتاج إلى مفكرة لهذه المواعيد. لأن ذاكرتي بدأت تخونني في الفترة الأخيرة."
"I have several commitments which unfortunately clash with the conference and I must therefore decline your kind invitation.","لدي عدة ارتباطات تتناقض مع مواعيد المؤتمر لذلك علي أن أرفض دعوتكم اللطيفة."
"Excuse me, but I must protest emphatically against this rebuke. 10) Refusal","عفواً، ولكني أعترض بشدة على هذا التعنيف."
"I am of a different opinion because the problem can hardly be solved in that way (the way suggested).","عفواً، رجاء فقد شردت عن النقطة (نقطة البحث)."
"I cannot agree with your claim because it contradicts theoretical observations (knowledge) as well as practical experience.","عفواً، يبدو لي أنني قد تهمت عن الموضوع، أريد أن أتكلم مجدداً فيما بعد."
"Non, nullement!","كلا، وبكل المعاني."
"We should like to repeat once again that it cannot be our task to make decisions that are internationally applicable.","يُحِبُّ أَنْ نَكْرُرَ مَرَّةً ثَانِيَةً أَنَّهُ لَيْسَ مِنْ مَهَمَّتِنَا أَنْ نَتَّخِذَ قَرَارَاتٍ مُطَبَّقَةً عَالِيًا."
"The International Court of Arbitration in Vienna made its decision on the basis of legal provisions.","إن محكمة التحكيم العالمية في فيينا تتخذ قراراتها على أساس الشروط القانونية."
"Since reference has been made to my work on a number of occasions, I ought, perhaps, to clear up one or two misunderstandings.","أنا لا أوافق على وجهة نظرك، لأن مستنداتي تبين وضعاً مختلفاً."
"I should like to emphasize that we make no claims that our contribution is comprehensive.","لا أستطيع الموافقة على رأيك، لأن هذا التشخيص لا يتوافق مع تجاربنا."
"We must (should) decisively reject such insinuations (suggestions / imputations).","أنا آسف لأن هذا التفسير لا يقنعني، إذ يجب إعطاء انتباه تام للمغزى العام."
"As far as I can ascertain, this subject has not yet been fully dealt with in recent literature.","لا أستطيع الموافقة على هذه الفكرة، حتى ولو بدت مغريبة عند النظرة الأولى."
"As I already indicated, for reasons of time, I can give only a limited survey.","أخشى أنني لا أستطيع الموافقة، رغم أن هناك الكثير من المداخلات التي وافقت على رأيك."
"One can't make generalizations on the basis of what has been said without certain qualifications. 11) Justification – Explanation – Correction","كلا، إن هذا غير مقبول."
"(Our) professional ethics forbid us to make such unscientific experiments.","علومنا الأدبية المحترفة تنعنا من القيام بهذه الاختبارات غير العلمية."
"Do you mind my requesting a short comment on this topic from you?","هل تمانع أن تدلي بتعليق قصير على هذا الموضوع."
"We are urgently awaiting the opinion of the investigating commission.","إننا ننظر بإلحاح رأي لجنة التحقيق."
"The relevance of this theory has been confirmed beyond doubt.","إن مطابقة هذه العملية تأكدت دون أدنى شك."
"Clear and precise comments have already been made on these experiments.","أوضح وحدّ التعليقات التي وردت في هذه الاختبارات."
"There are at the moment very favourable conditions in our country for further develop merits in this scientific field.","حالياً هناك شروط مشجعة في بلدنا للنهوض (التوسع) بهذا الحقل العلمي."
"This study can serve only as the basis for further, comprehensive research.","هذه الدراسة تستطيع أن تنفع فقط على أساس متابعة الأبحاث الشاملة."
"Scientific information in itself cannot ordinarily give rise to negative consequences (is not quintessentially a negative force). The","المعلومات العلمية بذاتها لا تستطيع عادة أن تنهض بالظروف السلبية لأنها ليست قطعياً قوة سلبية، إن العامل المقرر هو أن المعرفة العلمية يجب أن تسعى لخير"
"Your questions are extremely complex and can hardly be answered fully in the approved speaking time.","إن أسئلتك معقدة ويصعب الإجابة عليها في الوقت المحدد."
"Precisely for these industries (branches of industry) it's of paramount importance that science maintains its lead over technology. 13) Statement - Conclusion","تدقيقاً في هذه الصناعات (فروع الصناعة) إنه من الأهمية الفائقة أن يقود العلم التقنية."
"The working documents provide a thorough survey of the tasks we face.","تزوّدنا وثائق العمل بمراقبة تامّة لهذه المهمّات التي نواجهها."
"A roundtable discussion should clear up the remaining controversial points.","إن مناقشة (طاولة مستديرة) ستوضّح ما تبقّى من نقاط الخلاف."
"The exploratory talks have not yet reached the stage of definite negotiations.","إن المباحثات الجارية لم تصل بعد إلى مرحلة التفاوض التام."
"After what has been said, I can't help feeling that we still have a certain backlog (amount) to catch up on in this sphere.","بعدما ذُكر لا أستطيع سوى أن أشعر أن هناك مرحلة يجب اللحاق بها في هذا المجال."
"The results indicated are contradictory to all other results obtained to date.","إن النتائج التي أشير لها مخالفة لكلّ النتائج التي حصلنا عليها حتى الساعة."
"We have been presented with a host of problems.","لقد واجهنا مشاكل شتّى."
"There is an overlap in the content of this group of topics.","إن مجموعة هذه المواضيع تنطوي على أشياء متباعدة."
"This is bound to establish (to set) a new trend. (This will undoubtedly set an example for others to follow.)","يرتبط ذلك بتأسيس وجهة جديدة. (سيكون ذلك دون شكّ مثلاً للآخرين للحاق به)."
"The talks were held in a frank and open atmosphere.","لقد دارت المباحثات في جو منفتح وصريح."
"Even the side issues were thoroughly examined.","حتى القضايا الثانوية قد بُحِثَت تماماً."
"This talk (explanation) has shown that in the light of our knowledge today some theoretical conceptions are very much out-of-date, and must therefore be newly thought out and newly formulated.","يحرص العلماء على التأكد من كيفية تطبيق نتائج البحوث العلمية لمنع سوء استعمالها."
"In summing up the results of our two days discussion, it can be said that, although many questions still remain open, the conference as a whole has been very useful.","إن التوصيات التي نُشرت خلال المؤتمر الخامس للطب الاستوائي وعلم الصحة في طهران تشير إلى المهمات الأساسية لفرع العلوم هذا في السنوات القادمة."
"The conference was held in a pleasant, free, and open atmosphere.","لقد أقيم المؤتمر في جو مرح وحُرّ و منفتح."
"The results of the conference will be summarized in a closing speech to be given at the end.","سَتُخْتَصَرُ نتائج المؤتمر في الخطاب الأخير الذي يُلْقَى عند نهايته."
"Professor Farid, the new Chairman of the Special Committee for Transport Technology, will be closing the session. 15) Thanks","سيختتم الأستاذ فريد، رئيس اللجنة الخاصة لتقنية النقل اللقاء."
"On behalf of the conference organizers I should like to thank all those participants who contributed to the success of this meeting.","إنَّ هذا الشرح أظهر وعلى ضوء خبرتنا اليوم مدارك (معلومات) نظرية فاتها الزمن، لذا وجب بحثها وتكوينها مجدداً."
"We should like to thank, on behalf of ourselves and the Executive Committee, all participants for their active co-operation.","تلخيصاً لنتائج يومين من المباحثات، يمكن القول أنَّ المؤتمر عامة كان مفيداً جداً رغم وجود عدد من الأسئلة التي لا تزال دون إجابة."
"I believe I also speak on your behalf if I say another word of praise at this juncture for the excellent organization of our session by the Organizing Committee.","حتى إذا لم يتم الرد على الأسئلة كافة، فقد كان من المفيد جداً اليوم تبادل الخبرات وسيكون هذا الأمر مهماً جداً للعمل العلمي المستقبلي."
"Our thanks are also due (We also owe our thanks) to the authorities of the town of Beirut, which has once again proved to be a worthy host.","لقد جرى المؤتمر في جو منفتح يؤدي لتبادل الآراء بين العديد من الممثلين في حقول مختلفة ومتخصصة."
"I think that Lebanon as host country deserves our","يمكن القول إنَّ هذا المؤتمر قد منحنا مقياساً لعملنا."
"The Committee has accepted the invitation of the Austrian government.","قبلت اللجنة دعوة حكومة النمسا."
"I am very pleased to be able to announce that the ad hoc committee has completed its task in such a short space of time.","إنه من دواعي سروري أن أعلن أن لجنة (الإدمان) قد أنجزت مهمتها بوقت قصير."
"This is the first time that the advisory panel (advisory committee) has included representatives from all the leading countries in the field of hydraulic engineering.","إنها المرة الأولى التي قامت بها اللجنة الاستشارية بجمع ممثلين من كافة الدول المتقدمة في حقل هندسة السوائل."
"Please refer your complaint to the Complaints Committee.","نرجو التقدم بالتعليقات إلى لجنة التعليقات."
"The Executive Council feels that a roundtable meeting would be the most suitable type for dealing with this problem.","يشعر المجلس الاستشاري أن اجتماع طاولة مستديرة يكون الأكثر ملائمة للبحث في هذه المشكلة."
"The Finance Committee is responsible for the supervision of budgetary affairs (the budget).","اللجنة المالية هي المسؤولة عن مراقبة أعمال الموازنة."
"A joint committee has been formed of specialists from a number of the countries which lead in this field.","تشكل لجنة مشتركة من الاختصاصيين ومن عدد من البلدان المتقدمة في هذا المجال."
"The office of chairman is held, in rotation, by the members of the Executive Committee.","سيتأوب أعضاء اللجنة التنفيذية على منصب المدير العام."
"The agenda will be prepared by the Agenda Committee.","ستحضر لجنة جدول الأعمال جدول الأعمال."
"The Central Committee will ensure that the conference observes the agenda and abides by its decisions.","ستتأكد اللجنة المركزية أن المؤتمر سيراعي جدول الأعمال ويمثل لقراراتها."
"The Budget Committee has laid down the finance-plan for the coming year.","وضعت لجنة الميزانية الخطة المالية للعام المقبل."
"The Interim Committee has been in session for two hours.","في غضون ذلك انعقدت اللجنة المؤقتة لمدة ساعتين."
"Everything to do with the conference goes through the Co-ordination Committee.","يركز كل شيء متعلق بالمؤتمر باللجنة المنسقة."
"The Steering Committee of the 10th Conference of Biology has organized the sessions in such a way that participants can sit in on two sessions a day.","رثت اللجنة المحركة للمؤتمر العاشر لعلم الأحياء الاجتماعات بحيث يمكن للمشاركين حضور مؤتمرين في اليوم."
"The Credentials Committee has examined the documents.","تفحصت اللجنة المعتمدة الوثائق."
"The Nominations Committee has fixed (established) the final numbers for membership of the sub-committees.","أقرت لجنة التعيين العدد النهائي للجان الفرعية."
"Two half-days are reserved for open committee meetings.","حُجز نصفي نهارين لاجتماع اللجنة الافتتاحي."
"The Membership Committee decides on the admission of new members.","نقرر لجنة العضوية إمكانية قبول أعضاء جدد."
"The Judicial (Legal) Committee is responsible for ensuring that all decisions comply with the appropriate legal requirements.","اللجنة القانونية مسؤولة عن التأكد من توافق كل القرارات مع المتطلبات الملائمة."
"A detailed report from the Audit Committee is now available.","صدر تقرير مفصل عن لجنة التدقيق."
"The Committee of Experts, which is due for election, will once again consist of 12 members, in accordance with the constitution.","حان موعد انتخاب لجنة الخبراء التي وجب أن تتألف من ١٢ عضواً، طبقاً للقانون."
"The appointment of the special committee has certainly proved worthwhile.","أثبت تعيين اللجنة الخاصة جدارته."
"The sub-committee will deal with a number of technical questions.","ستتعامل اللجنة الفرعية مع أي مسألة تقنية."
"The Committee of Inquiry will deal with all breaches of discipline.","ستتعامل لجنة الاستشارات مع أي سوء تصرف."
"The Liaison Committee arranges contacts (establishes links) with members and institutions abroad.","سترتب لجنة الاتصال أي لقاءات مع أعضاء ومؤسسات خارجية."
"Unfortunately, your application has been turned down (rejected) by the Selection Committee, as it was handed in late (too late).","من المؤسف أن لجنة الانتقاء قد رفضت طلبكم، لأنكم تأخرتم في تقديمه."
"The Reception Committee will welcome delegations.","سترحب لجنة الإستقبال بالمبعوثين."
"The Organization Committee is composed of delegates from the organizations which are members (the members organizations) of the Federation (Association).","تتألف اللجنة المنظمة من مندوبين من منظمة الأعضاء في الاتحاد."
"The Editorial (Drafting) Committee will draw up the final version of the report.","ستحرر اللجنة الرئيسية النسخة الأخيرة للتقرير."
"Each member country is entitled to send (nominate) one representative to sit on the Preparatory Committee.","يحق لكل بلد عضو إرسال ممثل واحد للانضمام إلى اللجنة التحضيرية."
"It was necessary to refer some recommendations to the Commission of Experts.","من المهم أن نذكر أمام لجنة الخبراء بعض التوصيات."
"The commission was assigned the task of producing a comparative study and working out jointly-agreed recommendations for the next Executive Committee meeting.","سلمت اللجنة مهمة إصدار دراسة نسبية وتوصيات بجدول أعمال مشترك لاجتماع اللجنة التنفيذية القادم."
"The meeting of the Executive Committee of the General Council is intended for a small number of participants only.","سيحضر اجتماع اللجنة التنفيذية للمجلس العام لعدد قليل من المشاركين فقط."
"The Administrative Council held a two day session in Rome to produce the final draft of this year's Administrative Report.","اجتمع المجلس الإداري لمدة يومين في روما ليصدر المسودة الأخيرة للتقرير النهائي لهذا العام."
"Please send us your credentials, which should state clearly that you have been a permanent member of the Administrative Board (Administrative Council) for some years.","نرجو إرسال البطاقة التي تبرز بوضوح عضويتك الدائمة في المجلس الإداري (مجلس الإدارة) لبضع سنوات."
"Proposals for additions or amendments may be handed in to the Executive Committee at any time.","يمكن تسليم اقتراحات التصحيحات الإضافية إلى اللجنة المنفذة دوماً."
"At the suggestion (on the proposal) of the Syrian delegate, we will include this in our schedule for tomorrow.","بناءً على اقتراح المبعوث السوري سنضم هذا إلى برنامج الغد."
"After a full discussion of the motion, the commission will take a vote.","بعد مناقشة تامة عن العملية، ستصوت اللجنة."
"The motion failed to obtain the requisite majority and, consequently, was rejected.","فشلت العملية في الحصول على الأكثرية المطلوبة ولذلك رفضت."
"We'll take a charitable look at these applications in the committee, and let you know at once of our decision.","سننظر بنحو إلى هذه الطلبات في اللجنة، وسنعلمكم بقرارنا فوراً."
"Please be so kind as to give the reason for your application in writing and hand it to the chairman.","نرجو إعلامنا عن سبب تقدمك بطلبك خطياً وتسليمه إلى الرئيس."
"Please submit your nominations for members of the mixed committee.","أرجو تسليم تسميتك للأعضاء عن اللجنة المختلطة."
"In accordance with our resolutions and decisions, we should like, today, to propose the following motion.","طبقاً لقراراتنا وتصاميمنا نريد اليوم أن نقترح العملية التالية."
"I shall now read out the draft resolution and request either your approval or your suggestions for alterations, as the case may be.","سأطلعكم على مسودة القرار وسأطلب منكم التصريح عن موافقتكم أو اقتراحاتكم لاستبداله كما تقتضي الحاجة."
"The Editing (Drafting) Committee is in session to decide on the final resolution.","تجتمع اللجنة المعدة الآن لتصدر القرار الأخير."
"Are there any more amendments, or is the draft adopted in its present form?","هل هناك المزيد من التصحيحات أو أنه تم تبني المسودة بشكلها الحالي؟"
"Does the voting really have to be rushed through today?","هل من الضروري الانتخاب اليوم؟"
"The resolution on environmental protection passed at the Congress received a lot of attention throughout the world.","نال القرار المتعلق بحماية البيئة والذي مرّ على الجمع انتباهاً في العالم كله."
"An important decision has just been made. We should like to give you the details of this decision without any delay.","تم اتخاذ قرار مهم نودّ إطلاعكم على تفاصيله دون تأخير."
"If there are no objections, our delegation would like to submit an alternative proposal.","إذا لم يكن هنالك من مانع، ستتقدم بعثتنا باقتراح مغاير."
"In the final session, the election results will be announced and draft resolutions presented for voting.","سنعلن في الاجتماع النهائي نتائج الانتخاب ومسودة القرارات التي قدمت للانتخاب."
"If we want a firm decision we should proceed to a vote.","إذا أردنا قراراً ثابتاً وجب أن نبادر بالتصويت."
"I propose that we put this controversial question to a vote.","أقترح حلّ هذا السؤال بالتصويت."
"Time is running short, so let's vote on the motion as a whole.","تبقى القليل من الوقت، لذا دعونا نقرر مصير العملية كلها بالتصويت."
"This is a rather important issue and I therefore propose that we vote by roll-call.","هذه قضية مهمة جداً، لذا أقترح أن يتم التصويت عليها بالمناداة."
"I don't think a secret ballot is called for. I'm sure we could take a vote by (a) show of hands","لا أعتقد أنه يجب القيام باقتراع سري، إذ يكفي أن نقترح برفع الأيدي."
"Only registered members are entitled to take part in the vote.","يحق فقط للأعضاء والمسجلين بالانتخاب."
"This vote is taken without a previous debate.","يتم هذا الاقتراع دون مناقشة سابقة."
"This is a vote by roll-call at the rostrum.","هذا اقتراع بواسطة المناداة على المنبر."
"Voting by proxy is permissible.","يسمح بالانتخاب بواسطة وكيل."
"Postal voting is permitted.","يسمح بالاقتراع بواسطة البريد."
"Each member of the committee shall be entitled to one vote.","يحق لكل عضو من اللجنة بصوت واحد."
"Abstentions shall not be considered as votes.","لا يعتبر الامتناع عن الانتخاب تصويتاً."
"The name of each member shall be called in any roll call, and he shall reply ""yes"", ""no"", or ""abstention"".","سينادى على كل من الأعضاء الذين وجب أن يجيبوا بنعم أو لا أو امتناع."
"The presence of a majority of the Full Members shall be necessary to constitute a quorum at meetings of the assembly.","من الضروري حضور أغلبية الأعضاء ليكونوا نصاباً خلال اجتماع المجمع."
"The decisions of the Committee of Experts shall require a simple majority of the countries represented and voting.","تحتاج تقارير لجنة الخبراء إلى أكثرية ضئيلة من البلدان المتمثلة والمتخبة."
"In spite of some doubts, I agree to the draft resolution in the interests of our Society.","رغم بعض الشكوك التي أوافق على مسودة القرار لخبر جمعنا."
"If you haven't yet cast your vote, please hurry up and do so.","إذا لم تعط صوتك حتى الآن أرجو أن تفعل."
"The proposal was accepted by a narrow majority.","قُبِلَ الإفْتِرَاحُ بِأَكْثَرِيَّةٍ ضَئِيلَةٍ."
"There was a vote by a show of hands and the motion was passed with a majority of 12 to 9, with two abstentions.","تمّ الإفْتِرَاحُ برفع الأيدي وفاز الإفْتِرَاحُ بموافقة ١٢ عضواً ورفض ٩ وامتناع ٢ عن التصويت."
"The motion was passed with (by) a large majority.","فاز الإفْتِرَاحُ بأكثرية كبيرة."
"the French proposal was unanimously accepted.","قُبِلَ الإفْتِرَاحُ الفرنسي بالإجماع."
"The result of the vote in the General Assembly was 182 In Favour, 15 Against, and 18 Abstentions. This gives the required majority.","أتت نتيجة التصويت في المجمع العام بموافقة ١٨٢ واعتراض ١٥ وامتناع ١٨ عن التصويت، مما يعطي الأكثرية المطلوبة."
"The resolution has passed.","صُدِّقَ القرار."
"The question was put to the vote, but the required majority was not attained.","طرحت المسألة للتصويت، إلا أن الأكثرية المطلوبة لم تحضر."
"The motion was unanimously rejected.","رفضت القضية بالإجماع."
"The list of members voting shall be inserted in the record in the English alphabetical order of their names.","ستوضع قائمة الأعضاء المنتخبين في السجل وستدرج بناء على الأبجدية الإنكليزية للأسماء."
"The result is now final and cannot be challenged.","باتت النتيجة الآن نهائية ولا يمكن مناقشتها."
"Since we now have a quorum (we have now reached a quorum), we can begin the session.","بما أن النصاب قد اكتمل، نستطيع أن نبدأ الجلسة."
"All elections shall be held by secret ballot.","سيتم التصويت بواسطة الاقتراع السري."
"The election of the Executive Committee by secret ballot will take place at the beginning of the conference.","ستنتخب اللجنة التنفيذية بواسطة الاقتراع السري عند بداية المؤتمر."
"Please form an orderly queue at the ballot box.","أرجو أن تصطفوا بانتظام أمام صندوق الاقتراع."
"Professor Adams' death also means that we need to elect a new regular member.","يجب انتخاب عضو دائم مكان الأستاذ آدم الذي توفي."
"When were you co-opted onto the Executive Committee?","متى تم اختيارك في اللجنة التنفيذية؟"
"This point should be especially emphasized in the minutes.","يجب تسجيل هذه النقطة خاصة في المحاضر."
"This point will not be included in the minutes.","هذه نقطة مثيرة يجب تسجيلها في المحاضر."
"We can check the exact wording of your statement in the records of yesterday's session.","نستطيع التأكد من حقيقة كلمات بيانك في سجل جلسة الأمس."
"Our commitment to this project has already been placed on record.","لقد وضع التزامنا في السجل لهذا المشروع."
"Please be so kind as to inspect the minutes of yesterday's negotiations before the conclusion of the conference.","أرجو، لطفاً، البحث في بيانات مفاوضات الأمس قبل نهاية المؤتمر."
"The final report contains the complete proceedings of all sessions.","يحتوي التقرير النهائي على سير الجلسات الكاملة."
"The protocol was produced in conjunction with legal advisers, the translators and interpreters, the Press attaché, the copying office, and the internal printing office.","صدرت الاتفاقية مقترنة مع المستشارين القانونيين، المترجمين، ممثلي الصحافة، مكتب التسجيل ومكتب الطباعة الداخلي."
"Please make it quite clear in the minutes that I cannot approve of his resis- gnation. Record my dissent from this decision in the minutes.","أرجو أن تسجل بوضوح في البيانات التي لا أوافق على استقالته. سجل إعتراضي على"
"Authors wishing to deliver a paper should send the abstract to the Organizing Office by June 1st, at the latest.","على المؤلفين الذين يودون إرسال ورقة أن يرسلوا الخلاصة إلى مكتب التنظيم قبل أول حزيران (يونيو)."
"Authors will receive specific instructions on the required format for the presentation of abstracts.","سيحصل المؤلفون على تعليمات محددة تتعلق بطريقة تحضير الخلاصة."
"Normally, only papers requested by the Organizing Committee will be accepted and published.","تقبل وتنشر الأوراق المطلوبة من اللجنة المنظمة فقط."
"In exceptional cases, unsolicited papers may also be accepted. There is no official procedure for obtaining permission.","في حالات استثنائية، تقبل الأوراق المقدمة دون طلب، إذ ليس هناك إجراءات رسمية للحصول على الإذن."
"Manuscripts not previously published should be sent to the Organizing Office.","يجب أن تُرسل المخطوطات التي لم تنشر سابقاً إلى مكتب التنظيم."
"All speakers are requested to submit a written copy of their papers in advance.","على المتكلمين تقديم نسخة عن أوراقهم مسبقاً."
"Conditions for submitting papers are:","شروط تقديم الأوراق هي:"
"Each paper must deal with one of the themes proposed for the main sessions of conference.","كل ورقة يجب أن تتصدى لموضوع سبق وتم اقتراحه في جلسة المؤتمر الأساسية."
"Papers presented must not be published before the conference","يجب أن لا تكون الأوراق المشاركة قد نشرت قبل المؤتمر."
"All papers must offer a real advance in theory or practice.","كل الأوراق يجب أن تظهر تقدماً ملحوظاً نظرياً أو عملياً."
"The speakers are requested to send an abstract of their talks in one of the conference languages (max one A4-page) by 1st December next to: Professor Riad, 25 Ittihad, Beirut-Lebanon.","على كل المتكلمين أن يرسلوا مختصراً عن كلماتهم بإحدى لغات المؤتمر (لا تتعدى بـ ٤ صفحات) حتى الأول من كانون الأول (ديسمبر) إلى الأستاذ رياض. شارع الاتحاد رقم ٢٥ بيروت - لبنان."
"Regarding the publication of a conference report, the speakers will be informed individually. The lecture-time is usually (generally speaking) limited to 20 minutes.","أما فيما يخص نشر تقرير المؤتمر سببته المتكلمون كل على حدة. أما مدة الإلقاء فيجب ألا تتعدى العشرين دقيقة."
"The text should be typed in English, German, or French on white paper, size A4-","يجب أن يُطبع النص باللغة الإنكليزية، الألمانية أو الفرنسية على أوراق بيضاء حجم A4."
"You should send three typewritten copies of your paper.","يجب إرسال ثلاث نسخ عن الأوراق."
"It may be necessary to supplement the report with a number of appendices.","من المهم إقران التقرير بعدة ملاحق."
"According to a decision made by the Executive","طبقاً لقرار اللجنة التنفيذية يجب أن تقرن كل ورقة بمختصر"
"Contributions should not exceed one typewritten page with 11/Z line spacing, 30 lines to the page, and 60 letter spaces to the line.","يجب ألا تتجاوز المساهمات صفحة مكتوبة على الآلة الكاتبة مع ١١% من المساحة (للهامش)، ٣٠ سطر للصفحة الواحدة و ٦٠ حرفاً للسطر."
"We request your attention to the fact that the summary of your lecture should not be longer than 3 typewritten sides (double-spaced), 200 words per page.","نلفت انتباهكم إلى أن موجز خطابكم لا يجب أن يتجاوز ثلاث صفحات مطبوعة بمعدل ٢٠٠ كلمة للصفحة الواحدة."
"Abstracts which do not conform to the instructions or which exceed the permitted length will not be accepted.","سترفض المختصرات التي تتنافى مع التعليمات والتي تزيد عن المعدل المقبول."
"Please submit six copies of your paper.","أرجو تقديم ست نسخ من أوراقكم."
"We cannot accept originals with alterations or deletions.","لا تقبل تغييراً أو حذفاً في الأوراق الأصلية."
"The abstract should begin overleaf.","على المختصر أن يكون جلياً ومدوناً على الصفحة الخارجية."
"The title should be on the obverse.","يجب أن يكون العنوان على وجه الصفحة."
"The author's country of origin, together with the city and institution from which he comes, should be listed in the second line.","يجب وضع جنسية المؤلف والمدينة والمؤسسة التي جاء منها في السطر الثاني."
"The title of the paper should appear on the third line.","يجب أن يظهر عنوان الورقة على السطر الثالث."
"A new paragraph should begin at least three lines from the foot of the page.","لا يجب الاستدعاء بعبارة جديدة على بعد أقل من ثلاثة أسطر من قاع الصفحة."
"The left-hand margin must be 3 cm (wide).","يجب أن يكون الهامش لجهة اليسار بعرض ثلاثة سنتيمترات."
"The last sentence but one (The second to last sentence) needs reformulating.","يجب إعادة صياغة العبارة ما قبل الأخيرة."
"There is a typing mistake on the last line but two.","ورد خطأ مطبعي في السطر الثاني ما قبل الأخير."
"Please complete the attached form.","أرجو تعبئة النموذج الملحق."
"All forms should be completed in a legible script (legibly), in block letters, in ink or in ball-point.","يجب ملء النماذج بخط مطبعي مقروء وحروف واضحة تاجية وبالحبر السائل أو الناشف."
"Alterations, additions, corrections, and deletions are not possible after March 30th.","التعديلات والزيادة والتصحيح والحذف غير ممكنة بعد ٣٠ آذار (مارس)."
"Please note the deadline for the half yearly (biannual) report.","أرجو الانتباه إلى الوقت المحدد للتقرير النصف سنوي."
"Each author is responsible for his own proof-reading.","المؤلف مسؤول عن تلاوة مطالعاته."
"The editor only undertook the correction of printing errors and the revision of foreign expressions.","يتعهد الناشر فقط بتصحيح الأخطاء المطبعية ومراجعة التعبيرات الغريبة."
"Advance copies can be made available only to those who have registered for the conference.","النسخ المسبقة متاحة فقط للذين تسجلوا للمؤتمر."
"The main reports, as well as contributions to the discussion, will be published later in a conference report.","سينشر كل من التقرير الأساسي والمشاركة في المباحثات لاحقاً في تقرير المؤتمر."
"The conference protocol cannot be published until tomorrow, because the time allowed for editing is not sufficient.","لا يمكن نشر عُرف المؤتمر حتى الغد لأن الوقت الذي أعطى للنشر غير كاف."
"The contributions were published essentially on the form in which they were received.","من الضروري نشر المداخلات بالشكل الذي وردت به."
"The abstracts are to be distributed to the participants at the beginning of the conference.","ستوزع الخلاصات على المشاركين في بداية المؤتمر."
"The conference materials are now available in print in all four conference languages.","مواد المؤتمر متاحة الآن ومطبوعة بلغات المؤتمر الأربع."
"A collection of all lectures and theses is available at the conference office.","مجموعة من المحاضرات والمواضيع موجودة في مكتب المؤتمر."
"After the session, the documents will be on sale as a handbook.","بعد الجلسة، ستباع الوثائق ككتب."
"All participants registering for the whole Congress will be entitled to copies of the Congress sessional reports.","كل المشاركين المسجلين للمؤتمر بكامله سيحصلون على نسخ عن تقارير جلسات المؤتمر."
"Conference materials will be issued only on presentation of the conference participation card.","ستعطى مواد المؤتمر فقط عند إظهار بطاقة الاشتراك في المؤتمر."
"Illustrated information booklets about our country are now being distributed free in the Organizing Office.","يوزع مكتب التنظيم مجاناً كتيباً للمعلومات الموضحة بالصور."
"Conference materials will be sent to all participants and interested institutions.","سترسل مواد المؤتمر إلى جميع المشاركين بالمؤتمر وإلى المؤسسات المعنية."
"The next monthly report will include more details on next year's conference.","سيحتوي تقرير الشهر الثاني على تفاصيل أكثر تتعلق بمؤتمر السنة القادمة."
"The results of the ad hoc working group's investigation will appear in the next quarterly review.","ستظهر نتائج فريق العمل للأبحاث عن الإدمان في المجلة الربع سنوية القادمة."
"In future we hope to produce a halfyearly report, with up-to-date information on research results.","نأمل أن نتمكّن في المستقبل من نشر تقرير نصف سنوي يحتوي على نتائج الأبحاث الجارية."
"The organizers feel that an annual report would prove a most valuable asset in presenting an overall survey of developments in polymer research.","يشعر المنظمون أن تقريراً سنوياً سيشكل رصيداً هاماً لإجراء مراقبة عامة متعلقة بتوسيع الأبحاث المتعددة."
"A shortened form of the lecture can be found in the Congress report.","ورد في تقرير المؤتمر الشكل المختصر للمحاضرة."
"The report on the activities of the Administrative Council during the period under review is up for discussion.","سيقدم تقرير نشاطات المجلس الإداري خلال مدة المراجعة للمناقشة."
"The conference proceedings will contain approximately 600 pages - size A4 - with about 180 illustrations, and will make an important contribution to the literature on this subject.","سيحتوي المؤتمر التالي على ٦٠٠ صفحة قياس أ ٤ مع ١٨٠ رسماً توضيحياً وسيشكل مساهمة فعالة للأدب."
"A preliminary report will be prepared for the information of interested institutions.","سيُحضَّر تقرير مبدئي لإفادة المؤسسات المهتمة."
"The provisional report can only hope to give a brief outline.","نأمل أن يزودنا التقرير الإحتياطي بملخص مختص."
"This bulletin contains additional information essential for conference participants and persons accompanying them.","هذه النشرة تحتوي على معلومات هامة وإضافية للمؤتمر والمشاركين والمرافقين لهم."
"Nothing has yet appeared in the specialist literature about these interesting research results.","لم تظهر نتائج الأبحاث الهامة المتعلقة بالخبرة الأدبية."
"According to the latest UN statistics, the number of scientific publications doubles every 8 to 10 years.","طبقاً لإحصائية الأمم المتحدة الأخيرة، إن عدد المنشورات العلمية يتضاعف كل ٨ إلى ١٠ سنوات."
"In the complete edition apart from the major contributions, biographies of the authors, and full details of source materials, you will also find extracts from the minor contributions.","ستجدون في النشرة الكاملة إضافة إلى المساهمات الهامة وسير المؤلفين الذاتية والتفاصيل الكاملة عن منبع المواد، مختصرات عن المساهمات الثانوية."
"Allow me to draw your attention to a book which has just come out, which may be described as a veritable gold mine, and which will certainly attract a great many interested readers.","اسمحوا لي أن ألفت انتباهكم إلى كتاب صدر حديثاً، هو كنز، سيجذب دون شك عدداً كبيراً من القراء."
"The new university text-book which was recently accepted after a detailed review has, furthermore, been recognized as an official text-book.","اعتمد كتاب الجامعة الجديد الذي قبل مؤخراً بعد مراجعات مكثفة كتاباً رسمياً."
"I expect the news has got around that this work is regarded as one of the best textbooks to appear on the market in the last few years","أرجو أن يكون الخبر قد انتشر إذ أن هذا الكتاب هو أفضل كتاب ظهر في الأسواق خلال السنوات الأخيرة."
"I see the particular merit of this author in his always being able to orientate the reader towards the main methodological problems.","أعتقد أن إنجاز هذا الكتاب مرتبط بقدرته على توجيه القارئ نحو المشاكل الجدلية الأساسية."
"The authors excel in their expert knowledge of the problems dealt with in their work. The (their) clarity and precision of expression (style) is also praiseworthy.","يسرع المؤلفون وفقاً لخبرتهم العميقة بمواجهة المشاكل المتعلقة بأعمالهم وفق وضوح رؤيتهم ودقتهم في معالجة الأمور."
"Our next conference is scheduled to take place from June 10th to 12th of next year in Oman.","حُدِّد المؤتمر القادم من العاشر إلى الشتائي عشر من شهر حزيران (يونيو) من السنة القادمة في عُمان."
"The Metrology Symposium next month in Tripoli promises to be a great success.","يبدو أن اللقاء المتعلق بعلم الأوزون والمساحات والذي سيقام في طرابلس سيحصد نجاحاً عظيماً."
"The Conference Organizers have announced that future conferences will take place at intervals of four 4-years.","أعلن منظمو المؤتمر أن المؤتمرات المستقبلية ستقام كل أربع سنوات."
"The date and location of the next session will be fixed by the Executive Committee after consultation with the Secretariat.","ستقرر اللجنة التنفيذية بعد استشارة أمانة السر تاريخ ومكان انعقاد الجلسة المقبلة."
"We are very fortunate in that we have secured a number of important patrons for our next conference.","إننا محظوظون لأننا نتمكنا من تأمين عدد من المشاركين الهامين لمؤتمرنا القادم."
"Invitation will, as a rule, be sent to participants three months before a conference begins.","سترسل الدعوات للمشاركين قبل ثلاثة أشهر من بداية المؤتمر وفق ما ينص عليه القانون."
"It seems that the events of the Cairo conference are already proving significant.","يبدو لي أن نتائج مؤتمر القاهرة قد برهنت على أهميتها."
"The last item on the agenda provides for the presentation of awards to a number of scientists.","إن المقطع الأخير في هذه المفكرة يُعنى بالمكافآت لعدد من العلماء."
"Tomorrow's final session is the occasion of the presentation of medals, and the award of honorary membership to meritorious and long-serving members and to distinguished guests.","سيكون الاجتماع الأخير يوم غد، مناسبة لتقديم الأوسمة والتتويجات الرفيعة إلى الأعضاء المستحقين والذين عملوا كثيراً، وللضيوف المميزين."
"Would all those whose names are called kindly come forward to receive their awards' in person?","السرجاء أن يتفضل ويتقدم شخصياً كل من ينادي اسمه لينال مكافأته."
"We are pleased to be able to honour Dr Said by presenting him with this award in recognition of his remarkable achievements in his special field.","إنه لمن دواعي سرورنا تكريم الدكتور سعيد بمنحه هذه المكافأة عرفاناً منا لإنجازاته المميزة في ميدانه الخاص."
"We should like to express our gratitude for your excellent work and we look forward to further valuable cooperation. Congratulations on this outstanding award.","نشكرك على عملك الباهر ونستطلع للتعاون معك مستقبلاً، كما أننا نهشك على عملك المميز."
"Dr Alexander has especially distinguished himself by his excellent research results, enhancing both the reputation of his country and the fame of our society.","لقد قام الدكتور إسكندر بعمل استثنائي ومُميّز نتيجة لأبحاثه الممتازة مما شُرف سمعة بلده ورفع شهرة مجتمعنا."
"A message of greeting will be read out during the Congress.","ستتلى خلال المؤتمر رسالة نهضة وترحب."
"On the occasion of the annual conference of the United Nations the directors of the Congress suggest the following greeting to be extended to the General Secretary of the UNO in New York and request the agreement of all participants.","بمناسبة انعقاد المؤتمر السنوي للأمم المتحدة يقترح مدراء الجمع إرسال تحياتنا إلى الأمين العام للأمم المتحدة في نيويورك لذا نطلب موافقة جميع المشاركين على هذا."
"Today we the late Honorary President of our society, who died last month.","نكرّم اليوم ذكرى رئيس جمعيتنا الشرقي، الذي توفاه الله الشهر الفائت."
"Today we remember Dr Walid, one of the founders of our society and the recipient of many high awards, who died 2 months ago. I ask those present to honor his memory with a minute's silence.","كما تذكر اليوم الدكتور وليد أحد مؤسسي جمعيتنا والحاصل على عدة جوائز تقديرية والذي انتقل إلى رحمته تعالى منذ شهرين، أرجو من الحاضرين الوقوف دقيقة صمت على روحه."
"I would ask you to stand in commemoration of the dead.","أرجو منكم الوقوف لتخليد ذكرى الأموات."
"That concludes the 10th Congress of our society. We wish you a pleasant journey home.","هكذا يختتم المؤتمر العاشر جمعنا، نتمنى لكم عودة حميدة إلى وطنكم."
"I hope that you have gathered much experience and enjoyed your stay.","أرجو أن تكونوا قد كونتم خبرة واسعة وتتعلم بإقامتكم."
"I sincerely hope that you will return home from this conference with a wealth of experience and that you will retain pleasant memories of the attractive surroundings in which it took place.","أتمنى مخلصاً أن تعودوا إلى بلدانكم من هذا المؤتمر حاملين خبرة قيمة وأن تحافظوا على ذكريات سعيدة عن هذا المكان الجميل الذي أقمتم فيه."
"I hope that you will be able to remember this Congress not only for the importance of the papers and discussions, but also for the warmth with which you were received by your friends and colleagues.","أرجو أن تذكروا هذا المؤتمر دائماً، ليس فقط لأهمية المداولات والمباحثات ولكن لحرارة الحفاوة التي استقبلتم بها من قبل أصدقائكم وزملائكم."
"Your conference to be held in October this year contains several Problem Groups (Subject Groups) which have a strong connection with my own specialization. Therefore participation would be very advantageous to me. I am prepared to give a report of about 10 minutes duration, in Working Group B, on my experience and latest research results.","إن مؤتمركم الذي سيقام في تشرين الأول (أكتوبر) من هذا العام سيتضمن مواضيع متعددة ذات علاقة وثيقة مع اختصاصي. لذا ستكون المساهمة مفيدة لي. وأنا جاهز للمشاركة ببحث لمدة عشرة دقائق مع فريق العمل ""ب""، لأتحدث عن خبرتي وآخر نتائج أبحاثي."
"In the eleventh edition of your journal ""Nature"" you announced 'a meeting for discussion of ergonomic problems. I am very interested in this subject and therefore ask you if you will send me an invitation. As far as I can see from the preliminary information you circulated, questions concerning the Environment saving appear on the agenda. I have been engaged in this field of inquiry for about five years. I should also be very willing to give information of my experience in a discussion (by way of a contribution). If you were interested in such a contribution would you confirm","في إصداركم الحادي عشر من صحيفتكم (الطبيعة) أعلنتم عن اجتماع لمناقشة مشاكل الأمراض الميكروبية، وبما أنني مهتم جداً بهذا الموضوع، أرحوان ترسلوا لي دعوة، وكما يبدو لي من المعلومات الأولية التي وزعتموها أن المسائل المتعلقة بحماية البيئة مدرجة على البرنامج. ولقد ساهمت في هذه المسألة منذ خمس سنوات تقريباً، وسيسعدني أن أقدم معلومات عن تجربتي خلال المحادثات (مشاركة). فإذا كانت مساهمة من هذا النوع تهتمكم فأرجو أن تؤكدوا لي عن رغبتكم الخاصة وتردوني بتفاصيل عن جدول الأعمال الخاص بذلك."
"Owing to sudden I must unfortunately miss your meeting. I trust you will understand my canceling at such short notice and I wish you every success in your deliberations (discussions).","يُوَسِّفِي أَنِّي لَنْ أَتَكُنَّ مِنْ حُضُورِ اجْتِمَاعِكُمْ بِسَبَبِ مَرَضٍ مُفَاجِرٍ، أَتَى تَنَامًا أَنْتُمْ سَتَفْهَمُونَ سَبَبَ الْغَائِي فِي هَذِهِ الْمُدَّةِ الْقَصِيرَةِ وَأَتْنِي لَكُمْ النَّجَاحَ فِي مُنَاقَشَاتِكُمْ."
"I greatly regret having to inform you that urgent business prevents me from attending (participa-ting in) your Congress, the theme of which would have interested me very much.","يُوَسِّفِي أَنْ أَعْلَمَكُمْ أَنَّ أَمْرًا طَارِئًا مُنْعَنِي مِنَ الْحُضُورِ وَالْمُشَارَكَةِ فِي مُؤْتَمَرِكُمْ. رَغْمَ أَنَّ الْمَوْضُوعَ كَانَ يُهْمِنِي كَثِيرًا."
"At the same time as your colloquium an important symposium on questions concerning our special field of research, planned for some time now, is to take place in Beirut, and I shall be taking part. I therefore wish to apologize for not attending your colloquium. I hope that we shall continue to maintain close contact and that your meeting will follow a successful course. 5) Letter of Thanks","سَيَقَامُ فِي بَيْرُوتِ مُؤْتَمَرِ هَامِ مَتَمَحُّورَ حَوْلَ قَضَايَا مُتَعَلِّقَةً بِمَجَالِ أَجَانِبَاءِ فِي نَفْسِ الْوَقْتِ الَّذِي يَقَامُ فِيهِ اجْتِمَاعُكُمْ. وَمَا أَنَّهُ قَدْ خُطِّطَ هَذَا الْمُؤْتَمَرُ مُنْذُ بَعْضِ الْوَقْتِ، وَيَتَعَيَّنُ عَلَيَّ حُضُورُهُ، أَوَدُّ الِاعْتِذَارِ عَنْ عَدَمِ تَكْتِي مِنَ الْمُشَارَكَةِ. كَمَا أَرْجُو أَنْ نَظَلَ عَلَى اتِّصَالٍ وَثِيقٍ، وَأَنْ يَصْدُرَ عَنْ اجْتِمَاعِكُمْ نَتَائِجَ نَاحِحَةٍ."
"Underline the author's (s') name(s), adding his (their) initials after the surname. Indicate the speaker's name clearly.","ضع خطاً تحت اسم المؤلف(ين) وزد إمضاء(هم) بعد الكنية وأشر إلى اسم المتكلم بوضوح."
"State institution where research was done, city, state, and country.","اذكر اسم المؤسسة حيث وضعت الأبحاث مع اسم المدينة، الولاية والبلد."
"Present the entire abstract typed in single spacing and if necessary without paragraph-breaks (see example).","حضر كل الملخص مطبوعاً مع مساحات فارغة ضيقة ومتوازية وإذا أمكن دون عبارات متقاطعة (أنظر إلى النموذج)."
"Leave no margin at top or left-hand side.","لا تترك أي هامش (فراغ) على رأس الورقة أو يسارها."
"Ecrire le titres en MAJUSCULE.","أكتب العنوان بالأحرف التاجية."
"Five abstract forms are enclosed. More forms may be obtained if necessary.","خمسة نماذج مختصرة يجب أن تكون مرفقة، يمكن الحصول على نماذج أخرى عند الضرورة."
"Please note: The abstract forms should be not folded, as creases will show up on the Photocopy. 7) Application Form for Foreigners for Entry or Transit Visas. This form must be completed in duplicate and two recent photographs attached. Full answers to all questions should be typed or clearly written in capital letters.","أرجو الانتباه: لا يجب طي النماذج المختصرة لمنع ظهور الثنايا على النسخ المطبوعة. ٧) نماذج طلبات لدخول الأراضي أو للحصول على استمارة عبور للأجانب. يجب أن يعبأ هذا النموذج على نسختين ويسرق معه صورتان حديثتان. يجب الطباعة أو الكتابة بأحرف تاجية واضحة الأجوبة الكاملة عن الأسئلة."
