"English Term","Arabic Term"
"(UNEF)","منظمة الأمم المتحدة United Nations Organization"
"(UNO)","قوّات الأمم المتحدة للإغاثة United Nations Relief Forces"
"(UNRF)","نشر"
"(UNRF)","قوّات الأمم المتحدة للطوارئ United Nations Emergency"
"A","نشر"
"Abortive coup d'état","انقلاب فاشل"
"Abortive military attack","هجوم عسكري فاشل"
"Absence of credibility","انعدام المصداقية"
"Absence of diplomatic consideration","عدم التبصّر في الدبلوماسية"
"Absolute majority","أغلبية مُطلقة"
"Absolutism","استب"
"Absolutism","استبدادية"
"Abstain (to) from voting","يمتنع عن التصويت"
"Abuse of force","إساءة استخدام القوة"
"Abuse of politic influence","استغلال النفوذ السياسي"
"Abuse of power","إساءة استعمال السلطة"
"Abuse victims","ضحايا إساءة المعاملة"
"Accession to an alliance","انضمام إلى تحالف"
"Acclimatize (to) with the political situation","يتأقلم مع الوضع السياسي"
"Accomplish (to) diplomatic mission","يؤدي المهمة الدبلوماسية"
"According to diplomatic customs","بموجب الأعراف الدبلوماسية"
"According to diplomatic","بموجب الأعراف الدبلوماسية"
"Accredit (to) the convention","يعتمد الاتفاق"
"Accredited ambassador","سفير مُعتمد"
"Accredited journalist","صحفي مُعتمد"
"Accredited state","دولة مُعتمدة - مفوضة"
"Accredited state","دولة مُعتمدة - مفوّضة"
"Achieve (to) diplomatic mission","يُنجز المهمة الدبلوماسية"
"Achieve (to) diplomatic","يُنجز المهمة الدبلوماسية"
"Achieve (to) political goals","يُحقق الأهداف السياسية"
"Achieve (to) political goals","يُحقّق الأهداف السياسية"
"Acquired nationality","جنسية مُكتسبة"
"Acquired nationality","جنسيّة مُكتسبة"
"Acquired rights","حقوق مُكتسبة"
"Acquisition of political knowledge","اكتساب المعرفة السياسية"
"Act (to) according laws","يتصرف بموجب القوانين"
"Act (to) according to appearances","يحكم بالاستناد إلى المظاهر"
"Act (to) in official capacity","يتصرف بصفة رسمية"
"Act of courtesy","تصرف مجاملة"
"Acting governor","نائب الحاكم"
"Acting minister","وزير بالوكالة"
"Adduce (to) an argument","يُدلي بحجة"
"Adduce (to) an argument","يُدْلِي بِحِجَّةٍ"
"Adherence to the agenda","الالتزام بجدول الأعمال"
"Adjourn (to) diplomatic debates","يُؤجّل المناقشات الدبلوماسية"
"Adjourn (to) diplomatic debates","يُؤجَّل المناقشات الدبلوماسية"
"Adjust (to) diplomatic attitude","يُسَوّي الموقف الدبلوماسي"
"Adjust (to) diplomatic attitude","يُسَوِّي الموقف الدبلوماسي"
"Adopt (to) a motion","يتبنّى اقتراحاً أو رأي في مداولة"
"Adopt (to) diplomatic suggestions","يتبنّى المقترحات الدبلوماسية"
"Adopt (to) jurists opinion","يأخذ برأي الفقهاء"
"Adopt (to) political opinion","يتبنّى الرأي السياسي"
"Adopt (to) the majority opinion","يأخذ برأي الأغلبية"
"Adverse opinion","رأي معاكس مُضادّ"
"Adverse opinion","رأي مُعاكس مُضادّ"
"Advisory body","هيئة استشارية"
"Advisory committee","لجنة استشارية"
"Advisory opinion","رأي استشاري"
"Affect (to) diplomatic relations","يمسّ العلاقات الدبلوماسية"
"Affect (to) human rights","يمسّ الحقوق الإنسانية"
"Affect (to) national interests","يمسّ المصالح الوطنية"
"Affect (to) political interests","يمسّ المصالح السياسية"
"Affirmative vote","تصويت بالموافقة"
"Aggravation of diplomatic conflicts","تفاقم النزاعات الدبلوماسية"
"Aggravation of diplomatic problems","تفاقم المشكلات الدبلوماسية"
"Aggravation of diplomatic","تفاقم المشكلات الدبلوماسية"
"Aggravation of diplomatic","تفاقم النزاعات الدبلوماسية"
"Aggravation of political situation","تفاقم الوضع السياسي"
"Aggravation of political","تفاقم الوضع السياسي"
"Aggression acts","أعمال استفزازية"
"Aggression","عدوان"
"Aggressive diplomatic attitude","موقف دبلوماسي عدائي"
"Aggressive intentions","نوايا عدوانية"
"Agree (to) half way","يتفق على حل وسط"
"Agree (to) half way","يتفق على حلّ وسط"
"Aid commission","مهمة إغاثة"
"Aid commission","مهمّة إغاثة"
"Aid committee","لجنة الإغاثة"
"Air battle","معركة جوية"
"Air blockade","ز"
"Air blockade","حصار جوي"
"Air bombardment","قصف جوي"
"Air forces","قوّات جويّة"
"Air operations","عمليات جوية"
"Air operations","عمليات جويّة"
"Air raids","غارات جوية"
"Air raids","غارات جويّة"
"Air security experts","خبراء أمن الطائرات"
"Air squadron","هجوم بالطائرات"
"Air strikes","ضربات جوية"
"Air strikes","ضربات جويّة"
"Alien resident","غريب عن البلد"
"Alignment","انحياز"
"All human being are equal in duties and rights","البشر متساوون في الحقوق والواجبات"
"Allegation of violations sources","تحديد مصادر الانتهاكات"
"Allegiance oath or","قُسم الولاء للوطن"
"Allegiance oath or","قَسَم الولاء للوطن"
"Allegiance oath","والسياسة"
"Allegiance oath","يمين الولاء للوطن"
"Allegiance to the state","ولاء للدولة"
"Allegiance","ولاء - طاعة"
"Alliance forces","قوّات التحالف"
"Alliance treaty","معاهدة تحالفيه"
"Alliance treaty","مُعَاهَدَة تَحَالِفِيَّة"
"Alliance","تحالف"
"Allied states","دول التحالف"
"Amass (to) arms","يُكَدَّس الأسلحة"
"Ambassador","سفير"
"Amelioration of political prisoners situation","تحسين وضع السجناء السياسيين"
"Amelioration of political prisoners","تحسين وضع السجناء"
"Amelioration of refugees situation","تحسين وضع اللاجئين"
"Amelioration of refugees","تحسين وضع اللاجئين"
"Amnesty","عفو عام"
"Analogous rules","قواعد مُماثلة"
"Analogy in decisions making","أسلوب القياس في اتخاذ القرارات"
"Analyze (to) world problems","يُحلّل المشكلات الدولية"
"Analyze (to) world problems","يُحَلِّل المشكلات الدولية"
"Anarchism","مذهب الفوضويين"
"Anarchist system","نظام حكم فوضوي"
"Anarchist","فوضوي"
"Anarchy","فوضى"
"and political parties","السياسية"
"Annihilate (to) mankind","يقضي على الجنس البشري"
"Annihilation","إبادة شعب"
"Announce (to) political decision","يُعلن القرار السياسي"
"Announce (to) victory","يُعلن الانتصار"
"Annual diplomatic report","تقرير دبلوماسي سنوي"
"Anti constitutional","مُضاد للدستورية"
"Anti government","مُناوئ للحكومة"
"Anti social acts","أعمال تمسّ المجتمع"
"Anti- Semitism","ضدّ السامية"
"Appeal (to) succor","يطلب النجدة"
"Appeal to cease-fire","دعوة لوقف إطلاق النار"
"Appease (to) protests","يُهدئ الاحتجاجات"
"Appease (to) protests","يُهَدِّئ الاحتجاجات"
"Apply (to) emergency procedures","يُطبّق إجراءات الطوارئ"
"Apply (to) international law","يُطبّق القانون الدولي"
"Apply (to) laws","يُطبّق القوانين"
"Appointment by election","تعيين بالانتخاب"
"Appointment of governmental organs","تعيين الأجهزة الحكومية"
"Appointment of","تعيين الأجهزة الحكومية"
"Appointments of ministers","تعيين الوزراء"
"Appropriate body","الهيئة المختصة"
"Appropriate with norms","متوافق مع الأنظمة"
"Appropriate with norms","مُتَوَافِق مَعَ الأَنْظِمَة"
"Approval by acclamation","موافقة بالهتاف"
"Approve (to) diplomatic suggestions","يُوافق على التوصيات الدبلوماسية"
"Arab League Charter","ميثاق الجامعة العربية"
"Arab League Council","مجلس الجامعة العربية"
"Arab League","الجامعة العربية"
"Arab nationalism ideology","مفهوم القومية العربية"
"Arab Nationalism","القومية العربية"
"Arab Union","الوحدة العربية"
"Arabic-English","أ"
"Arbitrary intervention","تدخل تعسفي"
"Arbitration","تحكيم"
"Armament race","سباق التسلح"
"Armament race","سباق التسلّح"
"Armament","قوة عسكرية"
"Armament","قوّة عسكرية"
"Armed conflict","نزاع مسلح"
"Armed conflict","نِزاع مسلّح"
"Armed forces","قوّات عسكرية"
"Armed neutrality","حياد مُسلّح"
"Armed neutrality","حياد مُسلَّح"
"Armed rebellion","تمرد مُسلَّح"
"Armed rebellion","تمرّد مُسلّح"
"Armed revolution","ثورة مُسلّحة"
"Armed revolution","ثورة مُسلَّحة"
"Armed zone","منطقة مُسلّحة"
"Armistice commission","لجنة الهدنة"
"Armistice or truce","هدنة"
"Armless zone","منطقة عزاء - منزوعة السلاح"
"Armless zone","منطقة عزلاء"
"Armory","ترسانة الأسلحة"
"Army corps","قوّات الأمم المتحدة للإغاثة United Nations Relief Forces"
"Army corps","فيلق عسكري"
"Army spokesman","ناطق عسكري"
"As observer","بصفة مراقب"
"Ascending circumstances","ظروف مُتصاعدة"
"Ascending circumstances","ف"
"Assembly chamber","قاعة الاجتماعات"
"Assistant member","عضو مساعد"
"Assume (to) political post","يتولى المنصب السياسي"
"Assume (to) power","يتولى زمام الحكم"
"Atomic arms","أسلحة ذرية"
"Atomic bomb","قنبلة ذرية"
"Attach (to) importance on diplomatic talks","يُعلق أهمية على المحادثات الدبلوماسية"
"Attach (to) importance on diplomatic talks","يُعلِّق أهمية على المحادثات الدبلوماسية"
"Attack (to) the enemy","يُغير على العدو"
"Attack (to) the enemy","يُغيّر على العدو"
"Attain (to) majority","يُحقق الأغلبية"
"Attain (to) majority","يُحقّق الأغلبية"
"Attain (to) public domains","يمس بالممتلكات العامة"
"Attain (to) public domains","يمسّ بالممتلكات العامة"
"Attain (to) the quorum","يُحقق النصاب القانوني"
"Attain (to) the quorum","يُحقّق النصاب القانوني"
"Attempt against the security of state","مُحاولة المساس بأمن الدولة"
"Attitude of the state towards subjects","موقف الدولة تجاه رعاياها"
"Audience","جلسة استماع"
"Auditorium","قاعة الاجتماعات الرسمية"
"Auspices","رعاية"
"Austerity policy","سياسة التقشف"
"Austerity policy","سياسة التقشّف"
"Austerity","تقشف"
"Authoritarianism","حكم استبدادي"
"Authority domain","نطاق السلطة"
"Authority immunity","حصانة السلطة"
"Authority representative","ممثل السلطة"
"Authority representative","مُمثّل السلطة"
"Authorized agent","وكيل مفوض"
"Authorized agent","وكيل مفوّض"
"Authorized source of information","مصدر مُخَوَّل بإعطاء المعلومات"
"Autocracy","حكم مطلق"
"Autocracy","حكم مُطلق"
"Autocrat or totalitarian","حاكم مطلق"
"Autocratic theory","نظرية الحكم المطلق"
"Autonomy law","قانون الحكم الذاتي"
"Autonomy","حكم ذاتي"
"Auxiliary member","عضو احتياطي"
"Avoid ( to ) the confrontations","يتجنب المواجهات"
"Avoid ( to) the confrontations","يتجنب المواجهات"
"Axis powers","دول الأقطاب"
"Axis states","دول المحور"
"B","نشر"
"Backward diplomatic reports","تقارير دبلوماسية عن فترة سابقة"
"Bacteriological war","حرب جرثومية"
"Balance of forces","توازن القوى"
"Balance of justice","ميزان العدالة"
"Balance of powers","توازن السلطات"
"Balanced diplomatic representation","تمثيل دبلوماسي مُتكافئ"
"Balanced diplomatic representation","تمثيل دبلوماسي مُتَكَافِئ"
"Balanced withdrawal of military forces","انسحاب متوازن للقوات العسكرية"
"Balanced withdrawal of military forces","انسحاب مُتوازن للقوّات العسكرية"
"Ballot box","صندوق الاقتراع"
"Ballot","اقتراع"
"Basic discussions","مباحثات أساسية"
"Basis of constitutional laws","أسس القوانين الدستورية"
"Battles areas","مواقع القتال"
"Battles field","ميدان المعارك"
"Behind bars","خلف القضبان"
"Belford Declaration","وعد بلفور"
"Besiege (to) cities","يُحاصر المدن"
"Betray (to) nation","يخون الأمة"
"Betray (to) nation","يَخُونُ الأُمَّةُ"
"Betrayal","إفشاء الأسرار - خيانة"
"between states","الدول"
"between states","بين الدول"
"Bi- nationality or dual nationality","ازدواجية الجنسية"
"Bi- nationality or dual","ازدواجية الجنسية"
"Bi-national","مُزدوج الجنسية"
"Bilateral negotiations","مفاوضات ثنائية"
"Binding political resolutions","قرارات سياسية ملزمة"
"Black minority","أقلية سوداء"
"Block vote","تصويت إجمالي"
"Blockade (to) buildings","يُحاصر الأبنية"
"Blockade","حصار"
"Blood and race ties between people","روابط الدم والعرق بين الشعوب"
"Blood and race ties between","روابط الدم والعرق بين"
"Blood massacre","حمّام دمّ"
"Bloodless revolution","ثورة بيضاء"
"Bloody political events","أحداث سياسية دامية"
"Blow up (to) airplanes","يُفجّر الطائرات"
"Board of Governors","مجلس المحافظين (نظام بريطاني)"
"Board of inquiry","هيئة التحقيق"
"Boarders clashes","صِدامات الحدود"
"Boarders clashes","صِدَامات الحدود"
"Bomb (to) cities","يَقصف المدن"
"Bomb (to) cities","يَقْصِفُ المدن"
"Bombing of cities","قصف المدن"
"Bombing plot of the infrastructure","مُخطط لتفجير البنية التحتية"
"Bombing plot of the infrastructure","مُخَطَّط لتفجير البنية التحتية"
"book","المجلس النيابي"
"Boundaries treaties","معاهدات الحدود"
"Boundaries treaties","مُعَاهَدَات الحُدُود"
"Brain drainage","هجرة الأدمغة"
"Brains washing","غسيل الأدمغة"
"Breach of diplomatic etiquette","خرق آداب السلوك الدبلوماسي"
"Breach of international law","خرق القانون الدولي"
"Breach of peace","خرق السلام"
"Breach of promise","نقض العهد"
"Breach of security","إخلال بالأمن"
"Break (to) the space","يخترق المجال الجوي"
"Breaking political news","آخر الأنباء السياسية"
"Briefing session","جلسة تمهيدية"
"Broad casting war","حرب الإذاعات"
"Buffer zone","منطقة فاصلة بين الحدود"
"Burn (to) foreign flags","يحرق أعلام الدول الأجنبية"
"Burned land policy","سياسة الأرض المحروقة"
"By diplomatic channels","عن طريق القنوات الدبلوماسية"
"By hierarchical channels","عن طريق التسلسل"
"C","نشر"
"Cabinet statement or ministerial statement","بيان وزاري"
"Cabinet","مجلس الوزراء"
"Call on (to) international intervention","يطلب التدخل الدولي"
"Call on (to) international intervention","يطلب التدخّل الدولي"
"Call on (to) international protection","يُناشد الحماية الدولية"
"Call on (to) international","يُناشد الحماية الدولية"
"Camp","معسكر"
"Campaign","حملة عدائية"
"Campaign","حَملة عدائية"
"Cancel (to) diplomatic mission","يُلغي المهمة الدبلوماسية"
"Cancel (to) official visit","يُلغي الزيارة الرسمية"
"Candidate for elections","مُرشح للانتخابات"
"Capital","عاصمة"
"Capitalism","رأسمالية"
"Capitalist government","حكومة رأسمالية"
"Capitalist ideology","عقلية رأسمالية"
"Capitalist state","دولة رأسمالية"
"Capitulations","تنازلات بموجب اتفاقيات"
"Captives rights","حقوق الأسرى"
"Carry out (to) political authorities","يتولى السلطات السياسية"
"Carry out (to) political responsibilities","يتولى المسؤوليات السياسية"
"Categorical political decision","قرار سياسي حاسم"
"Cause (to) damages","يتسبب بالأضرار"
"Ceasefire","وقف إطلاق النار"
"Celebration","احتفال رسمي"
"Censorship","رقابة على المطبوعات"
"Center of gravity","مركز الخطورة"
"Center of gravity","ن"
"Central authority","سلطة مركزية"
"Central forces","قوات مركزية"
"Central government","حكومة مركزية"
"Central office","مكتب مركزي"
"Central party","حزب الوسط"
"Central planning","تخطيط مركزي"
"Centralization of authority","تمركز السلطة"
"Centralization tendency","ميل إلى المركزية"
"Centralization tendency","مَيْل إلى المركزية"
"Centralization","مركزية"
"Centralize (to) authority","يُمركز السلطة"
"Centralized state","دولة مركزية"
"Centralized state","دولة مركزيّة"
"Ceremonial order","نظام المراسم"
"Chain of diplomatic communications","سلسلة الاتصالات الدبلوماسية"
"Chain of political communications","سلسلة الاتصالات السياسية"
"Chairmanship","رئاسة الجلسة"
"Challenges of diplomatic post","مُقتضيات المنصب الدبلوماسي"
"Chamber of Communes","مجلس العموم ( نظام بريطاني )"
"Chamber of Deputies","مجلس النواب"
"Chamber of Lords","مجلس اللوردات (نظام بريطاني )"
"Chancellery","مقرّ البعثة الدبلوماسية"
"Character of diplomatic talks","طابع المحادثات الدبلوماسية"
"Chargé d'affaires","قائم بالأعمال"
"Charter","ميثاق أو عهد"
"Chauvinism","نعرة قومية"
"Chauvinism","نُعرَة قومية"
"Chemical arms","أسلحة كيميائية"
"Chief of diplomatic delegation","رئيس الوفد الدبلوماسي"
"Chief of protocol","مدير المراسم"
"Circulate (to) the diplomatic report","يُعمّم التقرير الدبلوماسي"
"Circulate (to) the diplomatic report","يُعمِّم التقرير الدبلوماسي"
"Circulate (to) the political report","يُعمّم التقرير السياسي"
"Circulate (to) the political report","يُعمِّم التقرير السياسي"
"Circulated diplomatic note","مذكرة دبلوماسية مُعمّمة"
"Circulated diplomatic note","مُذكرة دبلوماسية مُعمّمة"
"Circulated political note","مذكرة سياسية مُعمّمة"
"Circulated political note","مُذكرة سياسية مُعمّمة"
"Citizen","مقيم"
"Citizen","مُقيم"
"Citizens rights","حقوق المواطنين"
"Citizenship","صفة المواطنة"
"Civil commotion","فتنة داخلية"
"Civil damages","أضرار مدنية"
"Civil defense","دفاع مدني"
"Civil liberty","حرية مدنية"
"Civil rights","حقوق مدنية"
"Civil rights","حقوق مدنيّة"
"Civil war","حرب أهلية"
"Civilians safety","سلامة المدنيين"
"Civilians safety","سَلَامَة المدنيين"
"Civilized states","دول مُتحضّرة"
"Class society","مجتمع طبقي"
"Class society","مُجْتَمَع طَبَقِيّ"
"Classification of diplomatic functions","تصنيف المهام الدبلوماسية"
"Classless society","مجتمع غير طبقي"
"Clear up (to) political situation","يوضح الموقف السياسي"
"Close cooperation between states","تعاون وثيق بين الدول"
"Closed meeting","اجتماع مُغلق"
"Closed session","جلسة مغلقة"
"Closed session","جلسة مُغلقة"
"Closing session","جلسة ختامية"
"Closure of boarders","إغلاق الحدود"
"Closure of diplomatic talks","اختتام المباحثات الدبلوماسية"
"Closure of session","إغلاق الجلسة"
"Coalition forces","قوات الائتلاف"
"Coalition ministry","وزارة ائتلافية"
"Cochairman","نائب رئيس الجلسة"
"Code of diplomatic behavior","قانون السلوك الدبلوماسي"
"Code of nations","قانون الأمم"
"Code of political parties","قانون الأحزاب السياسية"
"Coercive order","نظام حكم ديكتاتوري"
"Coercive power","سلطة قسرية"
"Cold war","حرب باردة"
"Collaboration between authority and political parties","تعاون بين السلطة الأحزاب السياسية"
"Collaboration between authority","تعاون بين السلطة الأحزاب"
"Collective negotiations","مفاوضات جماعية"
"Collective negotiations","مُفاوضات جماعية"
"Collective resignation","استقالة اجتماعية"
"Collectivism","مبدأ الجماعية - المشاعة"
"Collectivism","مبدأ الجماعية – المشاعة"
"Colonization forces","قوات استعمارية"
"Colonization","احتلال"
"Colony","مستعمرة"
"Colony","مُستعمرة"
"Combatant","محارب"
"Combatant","مُحارب"
"Commando","فدائي"
"Commemorate (to) martyrs","يُخلّد ذكرى الشهداء"
"Commemoration","احتفال لتخليد ذكرى"
"Comment (to) on political discourse","يُعقّب على الخطاب السياسي"
"Comment (to) on political","يُعقّب على الخطاب السياسي"
"Commentary on the discourse","تعقيب على الخطاب"
"Committee for the examination of political problems","لجنة دراسة المشكلات السياسية"
"Common aspirations of communities","التطلّعات المشتركة للمجتمعات"
"Common aspirations of","التطلّعات المشتركة"
"Common defense","دفاع مُشترك"
"Common human interests","المصالح الإنسانية المشتركة"
"Common political organs","هيئات سياسية مُشتركة"
"Common wealth states","دول الكومنولث (الشعوب البريطانية ذات الثروات المشتركة)"
"Commotion","فتنة"
"Communications between political committees","اتصالات بين اللجان السياسية"
"Communism","شيوعية"
"Communism","ص"
"Communist acquisitions","مكاسب اشتراكية"
"Communist cell","خلية شيوعية"
"Communist cell","خليّة شيوعية"
"Communist government","حكومة شيوعية"
"Communist party","حزب شيوعي"
"Communist","شيوعي"
"communities","للمجتمعات"
"Community","جماعة - جالية"
"Complain (to) of ill-","يشكو من سوء المعاملة"
"Complication of international problems","تعقد المشكلات الدولية"
"Complicity","اشتراك في مؤامرة"
"Comply (to) with diplomatic customs","يلتزم بالأعراف الدبلوماسية"
"Comply (to) with rules","يتقيد بالأنظمة"
"Compromised policy","سياسة مُتشدّدة"
"Compulsory political decision","قرار سياسي ملزم"
"Compulsory rules","قواعد مُلزمة"
"Concentration camp","مُعسكر اعتقال"
"Concession right حقّ الامتياز","نشر"
"Concession right","حَقّ الامتياز"
"Concise diplomatic statement","بيان دبلوماسي مُوجز"
"Conclude (to) a truce","يعقد هدنة"
"Conclude (to) strikes","يُنهي الإضراب"
"Concordance of political opinions","توافق الآراء السياسية"
"Concordance of political points of view","توافق وجهات النظر السياسية"
"Condemn (to) firmly","يُندد بشدة"
"Condemn (to) violence","يُندد بالعنف"
"Condemn (to)","يُندد - يُدين"
"Conditional acceptance","قبول شرطي"
"Conditional clause","بند شرطي"
"Conditional neutrality","حياد مشروط"
"Conduct (to) diplomatic talks","يُوجّه المحادثات الدبلوماسية"
"Confederation","تحالف بين مجموعة من الدول - كونفدرالية"
"Conferences palace","قصر المؤتمرات"
"Confidential diplomatic note","مذكرة دبلوماسية سرية"
"Confidential diplomatic reports","تقارير دبلوماسية سرية"
"Confidential diplomatic reports","تقارير دبلوماسية سرّية"
"Confidential political reports","تقارير سياسية سرية"
"Confidential political reports","تقارير سياسية سرّية"
"Confirm (to) political situation","يُؤكد على الموقف السياسي"
"Confirm (to) political situation","يُؤكَّد على الموقف السياسي"
"Confirmation note","مذكرة تأكيد"
"Confirmation note","مُذكّرة تأكيد"
"Conflict of political interests","تنازع المصالح السياسية"
"Conflict of world interests","تنازع المصالح الدولية"
"Conflicted zone","منطقة مُتنازع عليها"
"Conflicts of international laws in space","تنازع القوانين الدولية في الحيز المكاني"
"Conformity of political opinions","انسجام الآراء السياسية"
"Confrontation policy","سياسة المواجهة"
"Connection between law and custom","الصلة بين القانون والعرف"
"Connection between law and","الصلة بين القانون والعرف"
"Conquerors rights","حقوق الفاتحين"
"Consensus","إجماع في التصويت"
"Conservation of peace","الحفاظ على السلام"
"Conservatism","مبدأ المحافظين"
"Conservative parties","أحزاب مُحافظة"
"Conservative system","نظام حكم مُحافظ"
"Consider (to) world situation","يتدارس الوضع الدولي"
"Consideration of political circumstances","مُراعاة الظروف السياسية"
"Consideration of political","مراعاة الظروف السياسية"
"Consolidation of diplomatic relations","تعزيز العلاقات الدبلوماسية"
"Consolidation of international relations","تعزيز العلاقات الدولية"
"Conspiracy against the state security","مؤامرة ضدّ سلامة الدولة"
"Conspiracy against the state","مؤامرة ضدّ سلامة الدولة"
"Constitution functions","مهام الدستور"
"Constitution oath","قُسم الدستور"
"Constitution oath","قَسَم الدستور"
"Constitutional control","رقابة دستورية"
"Constitutional dispositions","إجراءات دستورية"
"Constitutional elections","انتخابات دستورية"
"Constitutional government","حكومة دستورية"
"Constitutional law","قانون دستوري"
"Constitutional oath","يمين الولاء للدستور"
"Constitutional rights","حقوق دستورية"
"Constitutionalism","دستورية"
"Constitutive council","مجلس تأسيسي"
"Constitutive elements of states","العناصر التأسيسية للدول"
"Constraint","قسر - إلزام"
"Constructive negotiations","مُفاوضات بناءة"
"Consular immunity","حصانة قنصلية"
"Consular service","السلك القنصلي"
"Consular services","خدمات قنصلية"
"Consular","قنصل"
"Consulate","قنصلية"
"Consult (to) international experts","يستشير الخبراء الدوليين"
"Consult (to) the international community","يستشير المجتمع الدولي"
"Consultant","مستشار"
"Consultative council","مجلس استشاري"
"Contemporary political regime","أنظمة سياسية مُعاصرة"
"Conterminous states","دول مُشتركة الحدود"
"Contesting states","دول مُتنازعة"
"Contribute (to) in political decision making","يساهم في اتخاذ القرارات السياسية"
"Contribute (to) in political decision making","يُساهم في اتخاذ القرارات السياسية"
"Contribute (to) in solving international problems","يُساهم في حلّ المشكلات الدولية"
"Contribute (to) in solving international problems","يُساهم في حلِّ المشكلات الدولية"
"Contribute (to) in world progress","يُساهم في التطوّر العالمي"
"Contribute (to) in world progress","يُساهم في التطوُّر العالمي"
"Control (to) frontiers","يضبط الحدود"
"Control of frontiers between states","ضبط الحدود بين الدول"
"Control of frontiers","ضبط الحدود بين الدول"
"Controller","مُراقب"
"Controller","مُرَاقِب"
"Controversy points in negotiations","نقاط الخلاف في المفاوضات"
"Controversy political points","نقاط الخلاف السياسية"
"Conventicler","جمعية سريّة"
"Convention – treaty","اتفاقية"
"Convention protocol","بروتوكول - وثيقة المعاهدة"
"Conventional law","قانون اتفاقي"
"Convergence of political points of views","تقارب في وجهات النظر السياسية"
"Convocation of the ambassador","رسالة باستدعاء السفير"
"Convoke (to) political meeting","يدعو لاجتماع سياسي"
"Convoke (to) political meeting","يَدْعُو لِاجْتِمَاعِ سِيَاسِي"
"Convoke (to) to an urgent meeting","يدعو إلى اجتماع عاجل"
"Convoke (to) to an urgent meeting","يَدْعُو إِلَى اجْتِمَاعِ عَاجِلٍ"
"Coordination committee","لجنة الارتباط"
"Cordial cooperation","تعاون ودي"
"Cordial cooperation","تعاون ودّي"
"Cordial relations between states","علاقات ودية بين الدول"
"Cordial relations between","علاقات ودية بين الدول"
"Coronation","تتويج"
"Corrupted government","حكومة فاسدة"
"Council member","عضو في مجلس"
"Council of nobles","مجلس الأعيان ( نظام بريطاني)"
"Council statement","بيان المجلس النيابي"
"Counselor","مستشار قانوني"
"Counselor","مُستشار قانوني"
"Counter attack","هجوم معاكس مضاد"
"Counter attack","هجوم معاكس مضادّ"
"Counter diplomatic declaration","تصريح دبلوماسي معاكس - مُضاد"
"Counter diplomatic declaration","تصريح دبلوماسي معاكس"
"Counter espionage","مُكافحة الجاسوسية"
"Counter proposal","اقتراح مُضادّ"
"Counter protest","احتجاج مُضادّ - معاكس"
"Counter protest","احتجاج مُضادّ – معاكس"
"Counter reform","معارضة الإصلاح"
"Counter reform","مُعَارِضَة الإِصْلَاح"
"Coup d'état","انقلاب"
"Course of events","مَجرى الأحداث"
"Courtesy visit","زيارة مُجاملة"
"Courtesy visit","نشر"
"Covenant of the League of Nations","صكّ عصبة الأمم"
"Covenant","عهد - ميثاق"
"Cover (to) political news","يُغطي الأنباء السياسية"
"Covering of armies withdrawal","تغطية انسحاب الجيوش"
"Covering of armies","تغطية انسحاب الجيوش"
"Covering of political events","تغطية الأحداث السياسية"
"Covering of political facts","تغطية الوقائع السياسية"
"Create (to) anarchy","يخلق الفوضى"
"Create (to) panic","يخلق الذعر"
"Create (to) panic","يُخلق الذعر"
"Create (to) troubles","يخلق الاضطرابات"
"Creditability of external policy","مصداقية السياسة الخارجية"
"Creditability of external policy","مِصداقية السياسة الخارجية"
"Critical diplomatic situation","وضع دبلوماسي دقيق أو حرج"
"Critical political circumstances","ظروف سياسية حرجة"
"Critical political","ظروف سياسية حرجة"
"Critical world situation","وضع دولي دقيق أو حرج"
"Cultivation of uranium","تخصيب اليورانيوم"
"Cultural attaché","ملحق ثقافي"
"Cultural counselor","مستشار ثقافي"
"Custom concept","مفهوم العرف"
"Custom constitution","دستور عرفي"
"Cut off (to) oil supplies","يقطع إمدادات النفط"
"D","نشر"
"Dead date for forces withdrawal","آخر موعد لانسحاب القوات"
"Dead date for forces","آخر موعد لانسحاب القوات"
"Deal (to) with international claims","يتعامل مع الشكاوى الدولية"
"Debasement of captives","تحقير الأسرى"
"Debasement of political prisoners","إهانة السجناء السياسيين"
"Decentralization","إلغاء المركزية"
"Decide (to) by unanimity","يُقرّ بالإجماع"
"Decision making committee","اللجنة المكلفة باتخاذ القرارات"
"decision","ض"
"Declaration of independence","إعلان الاستقلال"
"Declaration of the state of siege","إعلان الأحكام العرفية"
"Declaration of the state of","إعلان الأحكام العرفية"
"Declare (to) the state of war","يُعلن حالة الحرب"
"Decline (to) political post","يرفض (يُعرض) المنصب السياسي"
"Decolonization","إنهاء الاحتلال"
"Decree","مرسوم"
"Defeat","هزيمة"
"Defend (to) human rights","يُدافع عن حقوق الإنسان"
"Defend (to) human rights","يُدَافِعُ عَنْ حُقُوقِ الإِنْسَانِ"
"Defend (to) national interests","يُدافع عن المصالح الوطنية"
"Defend (to) national interests","يُدَافِعُ عَنِ المَصَالِحِ الوَطَنِيَّةِ"
"Defend (to) territories","يُدافع عن الأراضي"
"Defend (to) territories","يُدَافِعُ عَنِ الأَرَاضِي"
"Defense alliance","تحالف دفاعي"
"Defense arms","أسلحة دفاعية"
"Defense lines","خطوط الدفاع"
"Defense pact","ميثاق الدفاع"
"Defense strategy","استراتيجية الدفاع"
"Defensive alliance","حلف دفاعي"
"Defer (to) consideration","يُؤجل النظر"
"Defer (to) consideration","يُؤجَّل النظر"
"Define (to) diplomatic responsibilities","يُحدّد المسؤوليات الدبلوماسية"
"Define (to) diplomatic situation","يُحدّد الموقف الدبلوماسي"
"Define (to) frontiers","يُعيّن الحدود"
"Define (to) frontiers","يُعَيِّن الحدود"
"Define (to) political action line","يُحدّد خطة العمل السياسي"
"Define (to) political goals","يُحدّد الأهداف السياسية"
"Define (to) political scheme","يُحدِّد الخطة السياسية"
"Defy (to) international opinion","يتحدّى الرأي العام الدولي"
"Defy (to) international opinion","يتحدَّى الرأي العام الدولي"
"Defy (to) public opinion","يتحدّى الرأي العام"
"Defy (to) public opinion","يتحدَّى الرأي العام"
"Delegate","مبعوث – مندوب"
"Delegate","مَبْعُوث - مُنْدُوب"
"Delegation of authorities","تفويض بالسلطات"
"Delegation","وفد"
"Deliberate opinion","رأي مدروس"
"Deliberation at international level","مُداولات على المستوى الدولي"
"Deliberation at international","مُداولات على المستوى الدولي"
"Deliberation session","جلسة المداولة"
"Deliberation session","جلسة المُداولة"
"Deliberations at local level","مُداولات على المستوى المحلي"
"Demagogy","غوغائية"
"Demarcation lines","خطوط الهدنة"
"Demarcation of boards between states","ترسيم الحدود بين الدول"
"Demarcation of boards","ترسيم الحدود بين الدول"
"Democracy","ديموقراطية"
"Democratic elections","انتخابات ديموقراطية"
"Democratic experience","تجربة ديموقراطية"
"Democratic game","لعبة الديموقراطية"
"Democratic government","حكم ديموقراطي"
"Democratic majority","أغلبية ديموقراطية"
"Democratic manner","أسلوب ديموقراطي"
"Democratic principles","مبادئ ديموقراطية"
"Democratic socialism","ديموقراطية اشتراكية"
"Democratic state","دولة ديموقراطية"
"Demolish (to) buildings","يُهَدِّم الأبنية"
"Demolish (to) cities","يُدَمِّر المدن"
"Demolish (to) cities","يُدَمِّرُ المدن"
"Demolish (to) the infrastructure","يُدَمِّر البنية التحتية"
"Demolish (to) the","يُدَمِّرُ البنية التحتية"
"Demonstrations","مُظاهرات"
"Demonstrator","مُتظاهر"
"Demonstrator","مُتَظَاهِر"
"Deny (to) justice","يمتنع عن إحقاق الحق"
"Deploy (to) international military forces","ينشر القوات العسكرية الدولية"
"Deploy (to) national forces","ينشر القوات الوطنية"
"Deportee","مُبْعِد - مُنْفِي"
"Deportee","مُبْعِد – منفي"
"Deprive (to) from political rights","يُجرد من الحقوق السياسية"
"Deprive (to) from political rights","يُجَرَّد من الحقوق السياسية"
"Deputy chairman","مفوض برئاسة الجلسة"
"Deputy chairman","مُفَوَّض برئاسة الجلسة"
"Deputy","نائب مفوض"
"Deputy","نائب في المجلس النيابي"
"Desecrate (to) religious monuments","يُدَنَّس المرافق الدينية"
"Desecrate (to) religious","يُدَنِّسُ المرافق الدينية"
"Designate ambassador","سفير مفوض"
"Designate ambassador","سفير مُفَوَّض"
"Desist (to) in favor of other state","يتنازل لصالح دولة أخرى"
"Despotic class","طبقة طاغية"
"Despotism","طغيان"
"Detaining power","سلطة الاعتقال"
"Detention of political prisoners","اعتقال السجناء السياسيين"
"Detention of political","اعتقال السجناء السياسيين"
"Detention","اعتقال"
"Determination of International responsibilities","تحديد المسؤوليات الدولية"
"Determinations of international obligations","تحديد الالتزامات الدولية"
"Developed countries","دول نامية"
"Dialectic conflict between states","نزاع جدلي بين الدول"
"Dialectic conflict between","نِزاع جدلي بين الدول"
"Dictatorial form","شكل ديكتاتوري"
"Dictatorial government","حكومة ديكتاتورية"
"Dictatorship","حكم ديكتاتوري - مستبد"
"Differential diplomatic treatment","تعامل دبلوماسي مُتباين"
"Diffuse (to) divergences between states","ينشر الخلافات بين الدول"
"Diffuse (to) divergences","ينشر الخلافات بين الدول"
"Diffusion of information between states","انتشار المعلومات بين الدول"
"diplomacy and politics","يتجاهل الإنذارات Disregard (to) alarms"
"Diplomacy","دبلوماسية"
"Diplomat","دبلوماسي"
"Diplomatic activities","فعاليات دبلوماسية"
"Diplomatic address","لباقة دبلوماسية"
"Diplomatic affairs correspondent","مراسل الشؤون الدبلوماسية"
"Diplomatic affairs","مراسل الشؤون الدبلوماسية"
"Diplomatic career","عمل في السلك الدبلوماسي"
"Diplomatic channels","طرق أو قنوات دبلوماسية"
"Diplomatic commitment","تعهد دبلوماسي"
"Diplomatic commitment","تعهّد دبلوماسي"
"Diplomatic committee","لجنة دبلوماسية"
"Diplomatic communications committee","لجنة الاتصالات الدبلوماسية"
"Diplomatic communications","اتصالات دبلوماسية"
"Diplomatic connections","صِلات دبلوماسية"
"Diplomatic consultation","استشارة دبلوماسية"
"Diplomatic corps","هيئة دبلوماسية"
"Diplomatic corruption","فساد دبلوماسي"
"Diplomatic crisis","أزمة دبلوماسية"
"Diplomatic customs","أعراف دبلوماسية"
"Diplomatic declaration","تصريح دبلوماسي"
"Diplomatic delegation","وفد دبلوماسي"
"Diplomatic deliberations","مُداولات دبلوماسية"
"Diplomatic demarches","مَساعي دبلوماسية"
"Diplomatic dialogue","جوار دبلوماسي"
"Diplomatic dialogue","جِوار دبلوماسي"
"Diplomatic disagreement factors","العوامل المؤدية للخلافات الدبلوماسية"
"Diplomatic disagreement","خلاف دبلوماسي"
"Diplomatic efforts","جهود دبلوماسية"
"Diplomatic environment","محيط دبلوماسي"
"Diplomatic etiquette","آداب السلوك الدبلوماسي"
"Diplomatic expert","خبير دبلوماسي"
"Diplomatic framework","إطار دبلوماسي"
"Diplomatic functions","مهام دبلوماسية"
"Diplomatic immunity","حصانة دبلوماسية"
"Diplomatic influence domain","نطاق التأثير الدبلوماسي"
"Diplomatic interests","مصالح دبلوماسية"
"Diplomatic isolation","عزلة دبلوماسية"
"Diplomatic mail","بريد دبلوماسي"
"Diplomatic maneuver","مناورة دبلوماسية"
"Diplomatic maneuver","مُناورة دبلوماسية"
"Diplomatic mediation","وساطة دبلوماسية"
"Diplomatic meetings","لقاءات دبلوماسية"
"Diplomatic memorandum of","مذكرة تفاهم دبلوماسية"
"Diplomatic memorandum of","مُذكّرة تفاهم دبلوماسية"
"Diplomatic mission schedule","برنامج المهمة الدبلوماسية"
"Diplomatic mission","مهمة دبلوماسية"
"Diplomatic negotiations","مُفاوضات دبلوماسية"
"Diplomatic note","مذكرة دبلوماسية"
"Diplomatic notice","إشعار دبلوماسي"
"Diplomatic obstacles","عقبات دبلوماسية"
"Diplomatic offences","إساءات دبلوماسية"
"Diplomatic point of view","وجهة نظر دبلوماسية"
"Diplomatic position","منصب دبلوماسي"
"Diplomatic post","منصب دبلوماسي"
"Diplomatic prerogatives","امتيازات دبلوماسية"
"Diplomatic pressures","ضغوط دبلوماسية"
"Diplomatic recognition","اعتراف دبلوماسي"
"Diplomatic recommendation","توصية دبلوماسية"
"Diplomatic reconciliation","مُصالحة دبلوماسية"
"Diplomatic reports تقارير دبلوماسية","نشر"
"Diplomatic reports","تقارير دبلوماسية"
"Diplomatic representation","تَمثيل دبلوماسي"
"Diplomatic representative","ممثل دبلوماسي"
"Diplomatic representative","مُمثل دبلوماسي"
"Diplomatic solution","حلّ دبلوماسي"
"Diplomatic spokesman","ناطق دبلوماسي"
"Diplomatic statement","بيان دبلوماسي"
"Diplomatic status","قانون الدبلوماسية"
"Diplomatic talks behind scene","مباحثات دبلوماسية خلف الكواليس"
"Diplomatic visit","زيارة دبلوماسية"
"Direct commands","أوامر مباشرة"
"Disagreements of nations","خلافات بين الدول"
"Disapproval of diplomatic declarations","استنكار التصريحات الدبلوماسية"
"Disapproval of diplomatic","استنكار التصريحات الدبلوماسية"
"Disarmament","ي"
"Disarmament","نزع السلاح"
"Disarmed zone","منطقة منزوعة السلاح"
"Disastrous country","بلد منكب"
"Disastrous country","بلد منكوب"
"Discourse","خطبة أو خطاب رسمي"
"Discrimination victims","ضحايا التمييز العنصري"
"Discrimination","تمييز عنصري"
"Disfranchise","حرمان من الحقوق المدنية"
"Disgraceful crimes against civilians","جرائم شائنة ضدّ المدنيين"
"Disgraceful crimes against","جرائم شائنة ضد المدنيين"
"Disparity of political point of view","تباين الآراء الدولية"
"Disposition for national reconciliation","استعداد للمصالحة الوطنية"
"Disposition for political reconciliation","استعداد للمصالحة السياسية"
"Disputed territories","أراضي مُتنازع عليها"
"Disregard ( to) warnings alarms","يتجاهل التحذيرات"
"Disregard (to) alarms","يتجاهل الإنذارات"
"Dissenting electoral voice","صوت انتخابي مُخالف"
"Dissenting opinion","رأي مخالف"
"Dissenting opinion","رأي مُخالف"
"Dissenting vote","تصويت مُخالف"
"Dissolute (to) the parliament","يحلّ البرلمان"
"Dissolution of the parliament","حلّ البرلمان"
"Distort (to) diplomatic relations","يُشوّه العلاقات الدبلوماسية"
"Distort (to) diplomatic","يُشوِّه العلاقات الدبلوماسية بين الدول"
"Distort (to) historical facts","يُحرّف الوقائع التاريخية"
"Distort (to) political facts","يُشوّه الوقائع السياسية"
"Distort (to) political facts","يُشَوَّه الوقائع السياسية"
"Distorted political report","تقرير سياسي مُحوّر"
"Distribute (to) political leaflets","يُوزع المنشورات السياسية"
"Distribute (to) political leaflets","يُوزّع المنشورات السياسية"
"Distribution of diplomatic missions","توزيع المهام الدبلوماسية"
"Ditches war","حرب الخنادق"
"Divergence of political opinions","تشعب الآراء السياسية"
"Divergence of political point of","اختلاف وجهات النظر"
"Divergence of political point","اختلاف وجهات النظر السياسية"
"Diversity of political regimes","تنوع الأنظمة السياسية"
"Diversity of political regimes","تنوّع الأنظمة السياسية"
"Diversity of world needs","تنوع المتطلبات الدولية"
"Diversity of world needs","تنوّع المُتطلبات الدولية"
"Divide and rule principle","مبدأ فرق تسد"
"Divide and rule principle","مبدأ فرّق تسد"
"Domain of constitutional power","نطاق السلطة الدستورية"
"Domain of diplomatic responsibilities","نطاق المسؤوليات الدبلوماسية"
"Domain of diplomatic","نطاق المسؤوليات"
"Domain of political responsibilities","نطاق المسؤوليات السياسية"
"Domain of power","نطاق السلطة"
"Dominant class","طبقة مُسيطرة"
"Dominate (to) strategic spots","يُسطر على المواقع الاستراتيجية"
"Domination will","نُزعة إلى السيطرة"
"Domination will","نَزْعَة إلى السيطرة"
"Domination","سيطرة"
"Draw (to) attention to world","يُلقي الضوء على المشكلات"
"Draw (to) the political action plan","يضع خطة العمل السياسي"
"Dual nationality","جنسية مزدوجة"
"Dual nationality","جنسيّة مزدوجة"
"Duality of international treatment","ازدواجية التعامل الدولي"
"Duality of international","ازدواجية التعامل الدولي"
"E","نشر"
"Ease (to) diplomatic tension","يُخفف التوتر الدبلوماسي"
"Economic war","حرب اقتصادية"
"Efficiency of diplomatic mission","فعالية المهمة الدبلوماسية"
"Efficiency of political mission","فعالية المهمة السياسية"
"Elect (to) by lot","ينتخب بالقرعة"
"Elect (to) by unanimity","ينتخب بالإجماع"
"Elected representative","ممثل منتخب"
"Elected representative","مُمثل منتخب"
"Election by majority","انتخاب بالأغلبية"
"Electioneer","شخص يعمل لصالح مرشح للانتخابات"
"Elections","انتخابات"
"Elector","ناخب"
"Electoral body","هيئة الناخبين"
"Electoral law","قانون الانتخاب"
"Electoral procedures","إجراءات انتخابية"
"Electoral propaganda","دعاية انتخابية"
"Electoral quotient","النصاب القانوني للترشيح"
"Electoral register","سجل انتخابي"
"Electronic government","حكومة الكترونية"
"Electronic media","إعلام الكتروني"
"Electronic media","إعلام إلكتروني"
"Eligibility right","حق الترشيح للانتخابات"
"Eligibility right","حَقّ الترشح للانتخابات"
"Eligibility","أهلية الترشيح للانتخابات"
"Elimination of body torture","إلغاء التعذيب الجسدي"
"Elimination of political Obstacles","إزالة العقبات السياسية"
"Elimination of political rights and opportunities","إلغاء الحقوق السياسية والفرص"
"Elimination of political","إزالة العقبات السياسية"
"Elimination of privileges","إلغاء الامتيازات"
"Elucidation of the concept of international order","توضيح مفهوم النظام الدولي"
"Embassy","سفارة"
"Emerge (to) from the meeting","ينبثق عن الاجتماع"
"Emerge (to) from the","ينبثق عن الاجتماع"
"Emergency Forces","قوّات الطوارئ"
"Emergency government","حكومة طوارئ"
"Emergency law","قانون الطوارئ"
"Emergency meeting","اجتماع طارئ"
"Emergency situation","وضع طارئ"
"Emergency state","حالة طوارئ"
"Emigrant","مهاجر"
"Emigration office","مكتب الهجرة"
"Emigration","هجرة"
"Eminent political personality","شخصية سياسية بارزة"
"Emissary","مبعوث دبلوماسي خاص"
"Emissary","مَبْعُوث دبلوماسي خَاص"
"Enact (to) international pacts","يسنّ المواثيق الدولية"
"End (to) blockade","يُنهي الحصار"
"Enforce (to) ceasefire","يفرض وقف إطلاق النار"
"Enforce (to) power","يفرض السلطة بالقوّة"
"Enforce (to) restrictions","يفرض القيود"
"Enforcement of law","فرض القانون بالقوة"
"Enforcement of law","فرض القانون بالقوّة"
"Entry visa","تأشيرة دخول"
"Envoy","مبعوث"
"Envoy","مَبْعُوث"
"Equal rights","حقوق متساوية"
"Equality between races","مساواة بين الأعراق"
"Equality in rights and duties","مساواة في الحقوق والواجبات"
"Equality of individuals","مساواة بين الأفراد"
"Equality of opportunities","تكافؤ الفرص"
"Equality of sex","مساواة بين الأجناس"
"Equality towards law","مساواة أمام القانون"
"Equality","مساواة"
"Equitable distribution of national income and opportunities","توزيع عادل للدخل القومي والفرص"
"Equitable distribution of world resources","توزيع عادل للموارد الدولية"
"Equitable peace","سلام عادل"
"Equity concept","مفهوم العدالة"
"Equity courts","محاكم الإنصاف"
"Equivalence of voting voices","تعادل الأصوات الانتخابية"
"Escape (to) from violence","يهرب من العنف"
"Espionage","جاسوسية"
"Establish ( to) a bridge of diplomatic relations","يُقيم جسر من العلاقات الدبلوماسية"
"Establish ( to) a world of solidarity and equity","يُقيم عالم من التضامن والإنصاف"
"Establish (to) a new political order","يُقيم نظام سياسي جديد"
"Establish (to) constructive dialogue between states","يُقيم الحوار البناء بين الدول"
"Establish (to) permanent peace","يُقيم السلام الدائم"
"Establish (to) political equilibrium","يُقيم التوازن السياسي"
"Evacuate (to) cities","يُخلي المدن"
"Evacuate (to) civilians","يُخلي المدنيين"
"Evacuation of foreign forces","جلاء القوات الأجنبية"
"Evaluation of cultural patrimony","تثمين ( تقييم) الميراث الثقافي"
"Evaluation of cultural patrimony","تثمين (تقييم) الميراث الثقافي"
"Evaluation of political facts","تقييم الوقائع السياسية"
"Evict (to) from properties","يطرد من الممتلكات"
"Evolution of political relations","تطوّر العلاقات السياسية"
"Examination of facts","تفحّص الوقائع"
"Examine (to) diplomatic reports","يتفحص التقارير الدبلوماسية"
"Examine (to) diplomatic reports","يتفحّص التقارير الدبلوماسية"
"Exceptional meeting","اجتماع استثنائي"
"Exchange of ambassadors","تبادل السفراء"
"Exchange of credentials","تبادل أوراق الاعتماد الدبلوماسي"
"Exchange of diplomats","تبادل الدبلوماسيين"
"Exchange of information between states","تبادل المعلومات بين الدول"
"Exchange of information","تبادل المعلومات بين الدول"
"Exchange of political points of views","تبادل الآراء السياسية"
"Exchange of political points","تبادل الآراء السياسية"
"Exchange of political prisoners","تبادل السجناء السياسيين"
"Exchange of political","تبادل السجناء السياسيين"
"Exchange of ratification documents","تبادل وثائق الإبرام"
"Executive committee","اللجنة التنفيذية"
"Executive power","السلطة التنفيذية"
"Exercise of constitutional rights","ممارسة الحقوق الدستورية"
"Exercise of constitutional rights","مُمارسة الحقوق الدستورية"
"Exercise of power","ممارسة السلطة"
"Exercise of power","مُمارسة السلطة"
"Exigencies of the post","مُتطلبات المنصب"
"Exigencies of the post","مُتَطَلَّبَات المُنْصَب"
"Exile","مَنفي"
"Exiled","مَنفي"
"Existing regime","النظام القائم"
"Expansion of offensives","اتساع نطاق الاعتداءات"
"Expansion policy","سياسية توسعية"
"Expansion tendencies","ميول توسعية"
"Expatriate (to)","ينفي من البلاد"
"Expatriation law","قانون المغتربين"
"Expel (to) from the country","يُرحّل - يطرد من الوطن"
"Expel (to) from the country","يُرحَّلُ - يطرد من الوطن"
"Expel (to) from the party","يفصل يطرد من الحزب"
"Experimental alert","إنذار تجريبي"
"Explanatory diplomatic memorandum","مذكرة تفاهم دبلوماسية توضيحية"
"Explanatory diplomatic","مذكّرة تفاهم دبلوماسية توضيحية"
"Explanatory political memorandum","مذكرة تفاهم سياسية توضيحية"
"Explanatory political","مذكرة تفاهم سياسية توضيحية"
"Exploration mission","مهمة استطلاعية"
"Exploration policy","سياسة استطلاعية"
"Exploratory talks","مُحادثات استطلاعية"
"Explosive substances","مواد مُتفجّرة"
"Explosive substances","مواد مُتفجِّرة"
"Express (to) people will","يُعبّر عن إرادة الشعب"
"Express (to) state will","يُعبّر عن إرادة الدولة"
"Expression of opinion","تعبير عن الرأي"
"External aggression","اعتداء خارجي"
"External intervention","تدخل خارجي"
"External pressures","ضغوط خارجية"
"External relations","علاقات خارجية"
"External threats","تهديدات خارجية"
"Extort or ravage (to) territories","يغتصب الأراضي"
"Extort or ravage (to)","يغتصب الأراضي"
"Extra territoriality principle","مبدأ الاستقلال عن السلطة"
"Extradition international treaty","المعاهدة الدولية حول تسليم المجرمين"
"Extradition international treaty","المُعَاهَدَة الدَّوْلِيَّة حَوْل تَسْلِيم المُجْرِمِين"
"Extraordinary ambassador","سفير فوق العادة"
"Extraordinary envoy","مبعوث فوق العادة"
"Extraordinary envoy","مَبْعُوث فَوْق العَادَة"
"Extreme opinion","رأي متطرّف"
"Extreme opinion","رأيٌ مُتَطَرِّف"
"Extreme right","يمين مُتطرّف"
"Extreme right","يمين مُتَطَرِّف"
"Extremism","تطّرف"
"Extremism","تَطَرُّف"
"Extremist party","حزب مُتَطَرِّف"
"Extremist","مُتَطَرِّف"
"F","نشر"
"Face (to) war danger","يواجه خطر الحرب"
"Face (to) war threats","يواجه تهديدات الحرب"
"Face to face battle","معركة وجاهية"
"Facts finding committee","لجنة تقصي الحقائق"
"Factual report","تقرير بعرض الوقائع"
"Fair diplomatic attitude","موقف دبلوماسي عادل"
"Fair diplomatic solution","حلّ دبلوماسي عادل"
"False advertisement","إعلان كاذب"
"False alert","إنذار زائف"
"False statement","بيان كاذب"
"Falsification of elections","تزوير الانتخابات"
"Falsify (to) facts","يُزوِّر الحقائق"
"Falsify (to) political facts","يُزوِّر الوقائع السياسية"
"Falsify (to) the elections","يُزوِّر الانتخابات"
"Far reaching political decision","قرار سياسي بعيد النظر"
"Fascism","فاشية"
"Favored states","دول ذات خُطُوة"
"Favored states","دول ذات حُظوة"
"Federal government","حكومة فيدرالية"
"Federal Investigations Office","مكتب التحقيقات الفيدرالي"
"Federal state","دولة فيدرالية"
"Federal system","نظام حكم فيدرالي"
"Federal tribunal","محكمة فيدرالية"
"Federation","اتحاد بين مجموعة من الدول - فيدرالية"
"Feebleness of power","ضعف السلطة"
"Felony","تأمر على الدولة"
"Feudalism","نظام الإقطاع"
"Fifth column","طابور خامس"
"Fig leaf policy","سياسة التمويه"
"Fighting forces","قوى مُحاربة"
"Final notice","إخطار أخير"
"Final ultimatum","إنذار نهائي"
"Fiscal immunity","حصانة مالية"
"Flag anthem","نشيد تحية العلم"
"Flag salute","تحية العلم"
"Follow up (to) political events","يُتابع الأحداث السياسية"
"for Education, Science and","والثقافة"
"for Industrial Development","الصناعية"
"For political consideration","لاعتبارات سياسية"
"Forbidden access area","منطقة ممنوع الاقتراب منها"
"Forbidden media stations","محطات إعلامية محظورة"
"Forbidden media stations","محطّات إعلامية محظورة"
"Forces (UNEF)","القوّات الإنسانية الدولية International humanitarian"
"forces","العسكرية"
"forces","القوّات الدولية لحفظ السلام International Forces for the"
"Foreign aids","مُساعدات أجنبية"
"Foreign arbitration","تحكيم أجنبي"
"Foreign broadcasting","إذاعة أجنبية"
"Foreign broadcasting","محطات إرسال أجنبية"
"Foreign broadcasting","محطّات إرسال أجنبية"
"Foreign communities","جاليات أجنبية"
"Foreign concessions","امتيازات أجنبية"
"Foreign conventions","مواثيق أجنبية"
"Foreign domination","سيطرة أجنبية"
"Foreign forces occupation","قوات احتلال أجنبية"
"Foreign influence","نفوذ أجنبي"
"Foreign intervention","تدخل أجنبي"
"Foreign military forces","قوات عسكرية أجنبية"
"Foreign military forces","قوّات عسكرية أجنبية"
"Foreign minister","وزير الخارجية"
"Foreign ministry","وزارة الخارجية"
"Foreign political pressures","ضغوط سياسية أجنبية"
"Foreign pressures","ضغوط أجنبية"
"Foreign resident","مقيم أجنبي"
"Foreign resident","مُقيم أجنبي"
"Foreign rivalry","منافسة أجنبية"
"Foreign rivalry","مُنافسة أجنبية"
"Foreign support","دعم أجنبي"
"Foreign threats","تهديدات أجنبية"
"Foreign troops","ح"
"Foreign troops","جيوش أجنبية"
"Foreigners law","قانون الأجانب"
"Form of state","شكل الدولة"
"Formal approval","تأييد رسمي"
"Formal consent","موافقة رسمية"
"Formal diplomatic protest","احتجاج دبلوماسي رسمي"
"Formal opening ceremony","جلسة افتتاح رسمية"
"Formal protest","احتجاج رسمي"
"Formal warning","إنذار رسمي"
"Former minister","وزير سابق"
"Formulation of political decision","صياغة القرار السياسي"
"Formulation of political","صياغة القرار السياسي"
"Fortification of cities","تُحصين المدن"
"Fortified cities","مدن مُحصّنة"
"Fortified cities","مُدُن مُحصّنة"
"Fraudulent elections","انتخابات مزوّرة"
"Free elections","انتخابات حرة"
"Free elections","انتخابات حرّة"
"Freedom and well being of individuals","حرية ورفاهية الأفراد"
"Freedom and well being of","حرية ورفاهية الأفراد"
"Freedom","حرية"
"Friendly diplomatic solutions","حلول دبلوماسية ودية"
"Friendly International gesture","لفتة دولية ودية"
"Friendly International","لفتة دولية ودية"
"Friendly settlement","تسوية ودية"
"Frighten (to) civilians","يُفزع المدنيين"
"Front lines","الخطوط الأمامية للقتال"
"Frontier controversies","خلافات على الحدود"
"Frontier zone","منطقة الحدود"
"Fulfill (to) justice","يُحقق العدالة"
"Fulfill (to) justice","يُحقّق العدالة"
"Full ceasefire","وقف شامل لإطلاق النار"
"Full neutrality","حياد تام"
"Full power","سلطة تامة"
"Fundamental axe of negotiations","المحور الرئيسي للمفاوضات"
"Fundamental political principles","المبادئ السياسية الأساسية"
"Future aspirations of states","المطامح المستقبلية للدول"
"G","نَاسُق"
"Game of nations","لعبة الأمم"
"General assembly","الجمعية العامة"
"General Congress of Political Parties","المؤتمر العام للأحزاب السياسية"
"General Congress of Political","المؤتمر العام للأحزاب السياسية"
"General consular","قنصل عام"
"General evaluation of political report","تقييم شامل للتقرير السياسي"
"General mobilization","تعبئة عامة"
"General strike","إضراب عام"
"Generations struggle","صراع الأجيال"
"Genocide","إبادة جماعية"
"Get acquainted (to) with political facts","يأخذ علماً بالأحداث السياسية"
"Give (to) a statement on official capacity","يُدلي بتصريح بصفة رسمية"
"Give (to) a statement on official capacity","يُدْلِي بِتَصْرِيحٍ بِصِفَةٍ رَسْمِيَّةٍ"
"Give (to) an opinion","يُدلي برأي"
"Give (to) an opinion","يُدْلِي بِرَأْيٍ"
"Give (to) priority","يُعطي الأولوية"
"Good intentions ambassador","سفير النوايا الحسنة"
"Good offices committee","لجنة المساعي الحميدة"
"Good offices","مساعي حميدة"
"Govern (to)","يحكم"
"Governing authority","السلطة الحاكمة"
"Governing corps","الهيئة الحاكمة"
"Governing laws","القوانين السائدة"
"Government committee","لجنة حكومية"
"Government corruption","فساد الحكم"
"Government intervention","تدخل حكومي"
"Government witness","شاهد حكومي"
"Governmental institutions","مؤسسات حكومية"
"Governmental restraints","قيود حكومية"
"Governor","حاكم أو محافظ"
"Governors meeting","اجتماع المحافظين"
"Grant (to) authorities","يُخوّل يمنح الصلاحيات"
"Grant (to) authorities","يُخَوَّلُ يَمْنَحُ الصَّلاحِيَّاتِ"
"Grant (to) immunities","يمنح الحصانات"
"Grant (to) nationality","يمنح الجنسية"
"Grant (to) privileges","يمنح الامتيازات"
"Grant (to) time for reflection","يمنح مهلة للتفكير"
"Grave diplomatic circumstance","ظروف دبلوماسية خطيرة"
"Grave diplomatic","ظروف دبلوماسية خطرة"
"Grave humanitarian circumstances","أوضاع إنسانية خطيرة"
"Gravity of political situation","خطورة الموقف السياسي"
"Great Middle East","الشرق الأوسط الكبير"
"Groups of people","جاليات بشرية"
"Guarantee (to) personal rights","يضمن الحقوق الشخصية"
"Guarantee of liberties","ضمان الحريات"
"Guerilla war","حرب العصابات"
"Half mast (to) flags","يُنكّس الأعلام"
"Half measures","أنصاف الحلول"
"Hand over (to) chairmanship","يُسَلِّم رئاسة الجلسة"
"Hard hitting political speech","خطاب سياسي شديد اللهجة"
"Harmonically political progress","تطوّر سياسي مُتناسق"
"Harmony in international points of view","تناسق وجهات النظر الدولية"
"Have recourse (to) to war","يلجأ إلى الحرب"
"Have recourse (to)","يرجع إلى القوانين الدولية"
"Head of delegation","رئيس الوفد"
"Hearsay evidence شهادة مُستندة إلى سماع","أقوال"
"Hearsay evidence","شهادة مُستندة إلى سماع أقوال"
"Hegemony سياسة الدول العظمى","نشر"
"Hegemony","سياسة الدول العظمى"
"Hematite","غير منتمي لدولة"
"Hierarchy of goals","تسلسل أو تدرج الأهداف"
"Hierarchy of political posts","تسلسل المناصب السياسية"
"Hierarchy of powers","تسلسل السلطات"
"Hierarchy of state departments","تسلسل في إدارات الدولة"
"Hierarchy of state","تسلسل في إدارات الدولة"
"High commissary","مندوب سامي"
"High committee","لجنة عليا"
"High Constitutional Court","المحكمة الدستورية العليا"
"High level negotiations","مفاوضات على مستوى رفيع"
"High level negotiations","مُفاوضات على مستوى رفيع"
"High treason","خيانة عظمى"
"Higher International Court","المحكمة الدولية العليا"
"Hold (to) a meeting","يعقد الاجتماع"
"Hold (to) arms","يتقلد السلاح"
"Hold (to) arms","يتقلّد السلاح"
"Holly alliance","حلف مُقدّس"
"Holly alliance","حلف مُقَدَّس"
"Honor committee","لجنة فخرية"
"Honorary commission","لجنة الشرف"
"Honorary consular","قنصل فخري"
"Honorary council","مجلس فخري"
"Honorary member","عضو شرف"
"Honorary mission","بعثة شرف"
"Honorary post","منصب شرف"
"Horrible military campaign","حملة عسكرية مُرَوَّعة"
"Horrible military campaign","حَملة عسكرية مُرَوَّعة"
"Host country","البلد المضيف"
"Host country","البلد المُضيف"
"Hostages","رهائن"
"Hostile activity","نشاط عدواني"
"Hostile demonstration","مُظاهرة عدائية"
"Hostile demonstration","مُظَاهِرَة عَدَائِيَّة"
"Hostile party","حزب عدائي"
"Hostile policy","سياسية عدائية"
"Human massacre","مذبحة بشرية"
"Human masses","حشود بشرية"
"Human relations between states","علاقات إنسانية بين الدول"
"Human rights committee","لجنة حقوق الإنسان"
"Human rights","حقوق الإنسان"
"Human wave of protestors","موجة بشرية من المحتجين"
"Humanitarian aids","مُساعدات إنسانية"
"Humanitarian coordinator","مُنَسِّق الأمور الإنسانية"
"Humanitarian rights controller","الإنسان"
"Humanitarian rights","مراقب مراعاة حقوق الإنسان"
"Humanitarian situation of prisoners","الوضع الإنساني للسجناء"
"Humanitarian situation of","الوضع الإنساني للسجناء"
"Humiliate (to) captives","نشر"
"Humiliate (to) captives","يُحقّر الأسرى"
"Identical diplomatic behavior","تعامل دبلوماسي مُتماثل"
"Ideological army","جيش عقائدي"
"Ideological trend","نزعة عقائدية"
"Ideological trend","نَزْعَة عقائدية"
"Ideology","مبدأ أو عقيدة"
"Illegal immigration","هجرة غير قانونية"
"Illegitimate war","حرب غير مشروعة"
"Immediate ceasefire","وقف فوري لإطلاق النار"
"Immunities","حصانات"
"Impartial diplomatic committee","لجنة دبلوماسية غير مُتحيّزة"
"Impartiality","عدم التحيز بالرأي"
"Imperialism","استعمار"
"Imperialist domination","سيطرة الاستعمار"
"Imperialist expansion","توسّع استعماري"
"Imperialist mentality","عقلية استعمارية"
"Imperialist tendency","نُزعة استعمارية"
"Imperialist tendency","نَزْعَة استعمارية"
"Imperialist","مُستعمر"
"Implementation of foreign policy","تنفيذ السياسة الخارجية"
"Implied power","سلطة ضمنية"
"Impose (to) political duties","يفرض الواجبات السياسية"
"Impose (to) political power","يفرض السلطة السياسية"
"Impose (to) power","يفرض السلطة"
"Imposed obligations on states","الالتزامات المفروضة على الدول"
"Imposed restrictions","قيود إلزامية"
"Improper diplomatic terms","تعابير دبلوماسية غير لائقة"
"In circulation","قيد التداول"
"Inaugural ceremony","احتفال التدشين"
"Inaugural speech","كلمة الافتتاح"
"Incite (to) to disorder","يُحَرِّض على الإخلال بالنظام"
"Incite (to) to war","يُحَرِّض على الحرب"
"Independence","استقلال"
"Independent cities","مدن مستقلة"
"Independent cities","مُدُن مستقلة"
"Independent press forum","منبر الصحافة الحرة"
"Independent state","دولة مُستقلة"
"Independent state","دولة مُستقلّة"
"independent states","المستقلة"
"Indignation of public opinion","سخط الرأي العام"
"Individual rights","حريات فردية"
"Influence zone","منطقة نفوذ"
"Informal meeting","اجتماع غير رسمي"
"Informed circles","أوساط مُطلعة"
"Infringe (to) covenant","ينقض العهد"
"Infringe (to) neutrality conditions","ينتهك شروط الحياد"
"Infringe (to) neutrality","ينتهك شروط الحياد"
"Infringe (to) sanctities","ينتهك الحُرُمات"
"Infringe (to) the regulations","يُخالف الأنظمة"
"Infringe (to) the treaty","ينقض المعاهدة"
"Inhuman treatment of political prisoners","معاملة غي إنسانية للسجناء السياسيين"
"Inhuman treatment of political prisoners","مُعَامَلَة غَيْر إِنْسَانِيَّة لِلسِّجْنَاءِ السِّيَاسِيِّين"
"Initiative for peace","مبادرة للسلام"
"Integration of political community","تكامل المجتمع السياسي"
"Integration of political facts","تكامل الوقائع السياسية"
"Intelligence agency","إدارة المخابرات"
"Intelligence forces","قوات الأمن السري ) المخابرات )"
"Intensive negotiations","مفاوضات مُكثفة"
"Intensive negotiations","مُفاوضات مُكثفة"
"Interaction between populations","تواصل بين الشعوب"
"Interdependence strategy","ترابط استراتيجي"
"Intergovernmental conferences","مؤتمرات مشتركة بين الحكومات"
"Intergovernmental","مؤتمرات مشتركة بين الحكومات"
"Interlocutory discussions","مُحادثات تمهيدية"
"Internal directions","توجيهات داخلية"
"Internal sovereignty","سيادة داخلية"
"International affairs","شؤون دولية"
"International Aid forces","قوات الإغاثة الدولية"
"International Aid Mission","اللجنة الدولية للإغاثة"
"International Amnesty","منظمة العفو الدولية"
"International apathy","فتور دولي"
"International arbitrary","حكم دولي"
"International arbitration procedures","إجراءات التحكيم الدولية"
"International arbitration","تحكيم دولي"
"International Arbitration","محاكم التحكيم الدولية"
"International arrangements","إجراءات دولية"
"International Atomic Energy Committee (IAEC)","اللجنة الدولية للطاقة الذرية"
"International Atomic Energy","الوكالة الدولية للطاقة الذرية"
"International attack","هجمة دولية"
"International centers","مهام المراكز الدولية"
"International circles","أوساط دولية"
"International commands أوامر دولية","باسم"
"International commands","أوامر دولية"
"International commitment","تعهد دولي"
"International commitment","تعهّد دولي"
"International committee","لجنة دولية"
"International community","المجتمع الدولي أو الأسرة الدولية"
"International community","المُجْتَمَع الدُّوَلِيّ أَو الأُسْرَة الدَّوْلِيَّة"
"International complicity in political events","تورّط دولي في الأحداث السياسية"
"International concern","قلق دولي"
"International concessions","تنازلات دولية"
"International condemnation","إدانة دولية"
"International conference","مؤتمر دولي"
"International conflicts sources","أسباب النزاعات الدولية"
"International conflicts","أسباب النزاعات الدولية"
"International Congress for Peace","المؤتمر الدولي للسلام"
"International Congress for the Maintenance of Peace","المؤتمر الدولي لحفظ السلام"
"International Congress for the Sustenance of Peace","المؤتمر الدولي لدعم السلام"
"International Congress for","المؤتمر الدولي لدعم السلام"
"International Congress for","المؤتمر الدولي لحفظ السلام"
"International Congress for","المؤتمر الدولي للسلام"
"International conventions","اتفاقيات دولية"
"International cooperation","تعاون دولي"
"International corruption","فساد دولي"
"International court","محكمة دولية"
"International Criminal Police","المنظمة الدولية للشرطة الجنائية"
"International Criminal Police","المنظمة الدولية للشرطة"
"International custom","عرف دولي"
"International diplomatic reaction","ردّة فعل دبلوماسية دوليّة"
"International disputes","نزاعات – خلافات دولية"
"International disputes","نِزاعات – خلافات دولية"
"International equilibrium","توازن دولي"
"International existence","تواجد على الساحة الدولية"
"International expert","خبير دولي"
"International Forces for the Maintenance of Peace","القوّات الدولية لحفظ السلام"
"International forces","قوّات دولية"
"International forum","محكمة ميدانية دولية"
"International framework","إطار دولي"
"International High Court of Justice","محكمة العدل الدولية العليا"
"International humanitarian forces","القوات الإنسانية الدولية"
"International institutions","مؤسسات دولية"
"International Intelligence Net","الشبكة الدولية للمخابرات"
"International Intelligence","الشبكة الدولية للمخابرات"
"International intervention group","فريق التدخل الدولي"
"International intervention","تدخل دولي"
"International Investigation Committee","لجنة التحقيق الدولية"
"International investigation","تحقيق أو استقصاء دولي"
"International Investigations Office","مكتب التحقيقات الدولي"
"International isolation","عزلة دولية"
"International legal dispositions","تدابير قانونية دولية"
"International legal","تدابير قانونية دولية"
"International legality","شرعية دولية"
"International mediation team","فريق الوساطة الدولية"
"International mediation","وساطة دولية"
"International misunderstanding","سوء تفاهم دولي"
"International obligations","التزامات دولية"
"International organizations","منظمات دولية"
"International pacts","مواثيق دولية"
"International plan","مُخطط دولي"
"International police","شرطة دولية"
"International political interests","المصالح السياسية الدولية"
"International political plan","مُخطط سياسي دولي"
"International pressures","ضغوط دولية"
"International preventative measures","تدابير احترازية دولية"
"International preventative","تدابير احترازية دولية"
"International prohibition","حظر دولي"
"International recognition","اعتراف دولي"
"International reconciliation pact","ميثاق المصالحة الدولية"
"International relations law","قانون العلاقات الدولية"
"International relations","علاقات دولية"
"International resolutions","قرارات دولية"
"International responsibility","مسؤولية دولية"
"International rivalry","مُنافسة دولية"
"International shock","صدمة عالمية"
"International solidarity relations","علاقات التضامن الدولي"
"International solidarity","تضامن دولي"
"International sovereignty","سيادة دولية"
"International supervision","إشراف دولي"
"International support","دعم دولي"
"International symposium","ندوة دولية"
"International transit conventions","اتفاقيات المرور الدولية"
"International understanding","تفاهم دولي"
"International will","رغبة دولية"
"International world situation","الوضع السياسي الدولي"
"Internationalization","تدويل"
"Interpellation","استجواب الوزراء أو النواب"
"Interpol","بوليس (شرطة) دولي"
"Interpol","ت"
"Interpretation of international law","تفسير القانون الدولي"
"Interpretation of","تفسير القانون الدولي"
"Intervention of western countries","تدخّل الدول الغربية"
"Intervention of western","تدخل الدول الغربية"
"Invade (to) the enemy","يقتحم صفوف العدو"
"Invalidate (to) ballot","يُلغي الاقتراع"
"Invasion of cities","اجتياح المدن"
"Invested with power","مُفَوَّض بالسلطة"
"Inviolability of domicile","حرمة المسكن"
"Inviolability of liberties","عدم انتهاك الحريات"
"Involvement in war","تورّط في الحرب"
"Isolated state","دولة معزولة"
"Isolation of political prisoners","عزل السجناء السياسيين"
"Issue (to) a denial in broadcasting","يُصدر تكذيباً في الإذاعة"
"Issue (to) a denial in newspapers","يُصدر تكذيباً في الصحف"
"Issue (to) a denial in","يُصدر تكذيباً في الإذاعة"
"Issue (to) a denial in","يُصدر تكذيباً في الصحف"
"Jam (to) on broadcasting","يُشوِّش على الإرسال الإذاعي"
"Jam (to) on broadcasting","يُشَوِّش على الإرسال الإذاعي"
"Join (to) an alliance","ينضم إلى تحالف"
"Joint appeal","نداء مُشترك"
"Joint authority","سلطة مشتركة"
"Joint authority","سلطة مُشتركة"
"Joint diplomatic consultations","مُشاورات دبلوماسية مشتركة"
"Joint diplomatic statement","بيان دبلوماسي مُشترك"
"Joint international appeal for peace","نداء دولي مشترك لأجل السلام"
"Joint international appeal for","نداء دولي مشترك لأجل السلام"
"Joint international forces","قوّات دولية مُشتركة"
"Joint meeting","اجتماع مُشترك"
"Joint negotiations","مُفاوضات مُشتركة"
"Joint peace efforts","جهود مُشتركة لأجل السلام"
"Joint resolution","قرار مشترك"
"Joint resolution","قرار مُشترك"
"Joint session","جلسة مشتركة"
"Joint session","جلسة مُشتركة"
"Jointed appeal form the","نداء مُشترك من الدول المستقلة"
"Jointed appeal form the","نداء مُشترك من الدول"
"Journalist","صحفي"
"Jungle law","شريعة الغاب"
"Jus gentium","قانون الشعوب"
"Justification of political events","تبرير الأحداث السياسية"
"Justification of political facts","تبرير الوقائع السياسية"
"Kidnapping","اختطاف"
"L","نشر"
"Land domain of war","الميدان البري للحرب"
"Land domain of war","الميدان البَرِّي للحرب"
"Land for peace convention","اتفاق الأرض مقابل السلام"
"Land for peace convention","اتفاق الأرض مُقابل السلام"
"Land for peace","الأرض مُقابل السلام"
"Land route connections","طرق برية"
"Land settlement","استيطان الأرض"
"Land war","حرب برية"
"Lasting peace","سلام دائم"
"Law customs of war","القوانين العرفية للحروب"
"Law making authority","السلطة المُشرّعة"
"Law making authority","السلطة المُشرَّعة"
"Law of the protection of information","قانون حماية المعلومات"
"Lay (to) a complaint","يتقدم بشكوى"
"Lay (to) a complaint","يتقدّم بشكوى"
"Leader of people movement","قائد الحركة الشعبية"
"Leadership concept","مفهوم القيادة"
"Leadership","قيادة – زعامة"
"Leading party","حزب قائد"
"Leaflet","نشرة صغيرة"
"League of Nations","عصبة الأمم"
"Leftist parties","أحزاب اليسار"
"Leftist party","حزب يساري"
"Leftist","يساري"
"Legal discrimination","تمييز من الناحية القانونية"
"Legal dispositions","إجراءات قانونية"
"Legal document","وثيقة قانونية"
"Legal government","حكومة شرعية"
"Legal recognition","اعتراف قانوني"
"Legal requirements of states","المتطلبات الشرعية للدول"
"Legal requirements of states","المُتَطَلَّبَات الشَّرْعِيَّة لِلدُّوَل"
"Legal rights","حقوق شرعية"
"Legal status of aliens","الوضع القانوني للأجانب"
"Legalize (to) the decision","يُعلن شرعية القرار"
"Legislative assembly","مجلس تشريعي"
"Legislative corps","الهيئة التشريعية"
"Legislative decree","مرسوم تشريعي"
"Legislative elections","انتخابات تشريعية"
"Legislative function","مهمة تشريعية"
"Legislative function","مُهَمَّة تشريعية"
"Legislator ship","سلطة التشريع"
"Legitimacy of international laws","شرعية القوانين الدولية"
"Legitimate resistance","مقاومة مشروعة"
"Legitimate self defense","دفاع مشروع عن النفس"
"Letter of confirmation","كتاب تأكيد"
"Letter of credentials","كتاب الاعتماد الدبلوماسي"
"Liaison office","مكتب الارتباط"
"Liaison officer","ضابط الارتباط"
"Liberal party","حزب ليبرالي"
"Liberal state","دولة ليبرالية"
"Liberalism","ليبرالية أو مذهب الأحرار"
"Liberate (to) captives","يُحَرِّر الأسرى"
"Liberation of captives","تحرير الأسرى"
"Liberation of political prisoners","تحرير السجناء السياسيين"
"Liberation","تحرير"
"Liberations fights","معارك التحرير"
"Liberations fights","مُعَارِك التَّحْرِير"
"Liberations movements","حركات التحرير"
"Liberty notion","مفهوم الحرية"
"Liberty of action","حرية التصرف"
"Liberty of autonomy","حرية الحكم الذاتي"
"Liberty of believes","حرية المعتقدات الدينية"
"Liberty of citizens towards law","حرية المواطنين تجاه القانون"
"Liberty of communication","حرية الاتصالات"
"Liberty of cultural exchange","حرية التبادل الثقافي"
"Liberty of entry","حرية الدخول إلى دولة"
"Liberty of expression","حرية التعبير عن الرأي"
"Liberty of ideology","حرية عقائدية"
"Liberty of media and press","حرية الصحافة والإعلام"
"Liberty of movement","حرية التحرك"
"Liberty of participation in power","حرية المشاركة في السلطة"
"Liberty of passage","حرية المرور"
"Liberty of protest","حرية الاحتجاج"
"Liberty of self determination","حرية تقرير المصير"
"Liberty of speech and writing","حرية الكلام والكتابة"
"Liberty of vote","حرية الانتخاب"
"Liberty","حرية - استقلالية"
"life","السياسية"
"Limitation of armaments","الحدّ من التسلّح"
"Limitation of atomic arms","الحدّ من الأسلحة الذرية"
"Limitation of military operations","الحدّ من العمليات العسكرية"
"Limitation of nuclear arms","الحدّ من الأسلحة النووية"
"List of voters","قائمة الناخبين"
"Living shields","دروع بشرية"
"Local authority","سلطة محلية"
"Local authority","سلطة محليّة"
"Local banishment","حظر الإقامة"
"Local government","حكومة محلية"
"Local government","حكومة محليّة"
"Local law","قانون محلي"
"Local law","قانون محليّ"
"Local media","إعلام محلي"
"Local media","إعلام محليّ"
"Local preventative procedures","تدابير احترازية محلية"
"Local preventative","تدابير احترازية محلية"
"Long term ceasefire","توقف طويل الأمد للقتال"
"Long term policy","سياسة بعيدة المدى"
"M","نشر"
"Maiden city","مدينة لم يسبق اقتحامها"
"Main points in negotiations","النقاط الرئيسية في المفاوضات"
"Maintenance of Peace","ل"
"Major allay","حليف رئيسي"
"Major committee of war","لجنة أركان حرب"
"Major stability element","العامل الرئيسي للاستقرار"
"Major world force","قوى دولية عظمى"
"Majority interest","حصة الأغلبية"
"Majority opinion","رأي الأغلبية"
"Majority power","سلطة الأغلبية"
"Majority vote","تصويت بالأغلبية"
"Majority","أغلبية"
"Make (to) concessions","يُقدم التنازلات"
"Make (to) concessions","يُقدّم التنازلات"
"Mandate committee","لجنة الانتدابات"
"Mandate of voting","تفويض بالتصويت"
"Mandate","انتداب"
"Mandated state","دولة تحت الانتداب"
"Manifest (to) partiality","يُظهر التحيز"
"Manifest (to) partiality","يُظهر التحيّز"
"Manifestations","تظاهرات"
"Manipulate (to) elections","يتلاعب بالانتخابات"
"Manipulate (to) people destiny","يتلاعب بمصير الشعوب"
"Maritime blockade","حصار بحري"
"Martial council","مجلس عرفي"
"Martial court","محكمة عرفية"
"Martial law","قانون الأحوال العرفية"
"Martyrdom","استشهاد"
"Martyrs","شهداء"
"Mass destruction","دمار شامل"
"Mass media","إعلام جماهيري"
"Mass meeting","اجتماع جماهيري"
"Mass military attack","هجوم عسكري كثيف"
"Mass movement","حركة جماهيرية"
"Master of ceremonies","مدير التشريفات"
"Material support","دعم مادي"
"Mayor","محافظ"
"Mechanism of political parties","آلية عمل الأحزاب السياسية"
"Mechiavalism principle","مبدأ الميكانيكية ( أي الخداع السياسي)"
"Mechiavalism principle","مبدأ الميكيافلية ( أي الخداع السياسي )"
"Media means role","دور وسائل الإعلام"
"Media of information","وسائل الإعلام"
"Media of publications and propaganda","وسائل النشر والدعاية"
"Memorable facts","وقائع تاريخية مشهودة"
"Memorandum of the meeting","مذكرة بوقائع الاجتماع"
"Memorandum of the meeting","مُذكّرة بوقائع الاجتماع"
"Memorial day","يوم تاريخي"
"Memorial political events","أحداث سياسية مشهودة"
"Memorial session","جلسة تذكارية"
"Memorial tablet","لوحة تذكارية"
"Merit of the post","استحقاق المنصب"
"Method of prisoners torture","أساليب تعذيب السجناء"
"Middle East Crisis","أزمة الشرق الأوسط"
"Middle East","الشرق الأوسط"
"Military attaché","ملحق عسكري"
"Military attaché","مُلحق عسكري"
"Military force","قوة عسكرية"
"Military force","قوّة عسكرية"
"Military forces parade","استعراض القوات العسكرية"
"Military forces parade","استعراض القوّات العسكرية"
"Military fortifications","تعزيزات عسكرية"
"Military government","حكومة عسكرية"
"Military occupation","احتلال عسكري"
"Military offensive","عدوان عسكري"
"Military operations area","ميدان العمليات العسكرية"
"Military operations","عمليات عسكرية"
"Military police","شرطة عسكرية"
"Military power","سلطة عسكرية"
"Military preeminence","تفوق عسكري"
"Military rebellion","عصيان عسكري"
"Military relations","علاقات عسكرية"
"Military sanctions","عقوبات عسكرية"
"Military situation","الوضع العسكري"
"Military support","دعم عسكري"
"Military supremacy","هيمنة عسكرية"
"Military targets","أهداف عسكرية"
"Military threats","تهديدات عسكرية"
"Military treaty","اتفاقية عسكرية"
"Military troops","وحدات عسكرية"
"Military union","اتحاد عسكري"
"Mine field","حقل ألغام"
"Minister","وزير"
"Ministerial instability","عدم استقرار وزاري"
"Ministerial prerogatives","امتيازات وزارية"
"Ministress","وزيرة"
"Ministry crisis or Cabinet crisis","أزمة وزارية"
"Ministry crisis or Cabinet","أزمة وزارية"
"Ministry of agriculture","وزارة الزراعة"
"Ministry of aviation","وزارة الطيران"
"Ministry of commerce","وزارة التجارة"
"Ministry of communications","وزارة الاتصالات"
"Ministry of defense","وزارة الدفاع"
"Ministry of education","وزارة التربية"
"Ministry of electricity","وزارة الكهرباء"
"Ministry of environment","وزارة البيئة"
"Ministry of expatriation","وزارة المُغتربين"
"Ministry of external affairs","وزارة الشؤون الخارجية"
"Ministry of external trade","وزارة التجارة الخارجية"
"Ministry of finance","وزارة المالية"
"Ministry of health","وزارة الصحة"
"Ministry of higher education","وزارة التعليم العالي"
"Ministry of industry","وزارة الصناعة"
"Ministry of information","وزارة الإعلام"
"Ministry of interior","وزارة الداخلية"
"Ministry of justice","وزارة العدل"
"Ministry of labor","وزارة العمل"
"Ministry of local affairs","وزارة الإدارة المحلية"
"Ministry of national economy","وزارة الاقتصاد القومي"
"Ministry of national guidance","وزارة الإرشاد القومي"
"Ministry of petroleum and mineral resources","وزارة النفط والموارد المعدنية"
"Ministry of planning","وزارة التخطيط"
"Ministry of public works","وزارة الأشغال العامة"
"Ministry of social affairs","وزارة الشؤون الاجتماعية"
"Ministry of supplies","وزارة التموين"
"Ministry of tourism","وزارة السياحة"
"Ministry of transport","وزارة النقل"
"Ministry of war","وزارة حرب"
"Ministry","وزارة"
"Minorities interest","مصلحة الأقليات"
"Minorities representation","تمثيل الأقليات"
"Minorities","أقليات"
"Minute of silence","دقيقة صمت"
"Minutes of the meeting","محضر بوقائع الاجتماع"
"Misapplication of international law","سوء تطبيق القانون الدولي"
"Miscarriage of international justice","فشل في تطبيق العدالة الدولية"
"Misinterpretation of international politic","سوء فهم السياسة الدولية"
"Mixed diplomatic committee","لجنة دبلوماسية مشتركة"
"Mock alert","إنذار كاذب"
"Moderate diplomatic attitude","موقف دبلوماسي مُعتدل"
"Moderate policy","سياسة مُعتدلة"
"Moderation of diplomatic opinions","اعتدال الآراء الدبلوماسية"
"Moderation of political opinions","اعتدال الآراء السياسية"
"Monarch","حاكم - عاهل"
"Monarchy","نظام ملكي"
"Monarchy","نظام مَلَكِي"
"Monitor (to) political events","يُوجّه الأحداث السياسية"
"Monopolize (to) political powers","يحتكر السلطات السياسية"
"Monopolize (to) power","يحتكر السلطة"
"Monopoly of media","احتكار وسائل الإعلام"
"Monopoly of political activities","احتكار النشاطات السياسية"
"Monopoly of powers","احتكار السلطات"
"Monopoly","احتكار"
"Moral outrage","انتهاك الحرمات"
"Moral rights","حقوق معنوية"
"Mother country","الوطن الأم ( بلد مسقط الرأس)"
"Motivate (to) debates","يُثير النقاشات"
"Multi pole","تعدد الأقطاب"
"Multi pole","تعدّد الأقطاب"
"Multilateral treaty","معاهدة متعددة الأطراف"
"Multilateral treaty","مُعَاهَدَة مُتَعَدِّدَة الأَطْرَاف"
"Multinational forces","قوّات متعددة الجنسيات"
"Multinational forces","قوّات مُتعددة الجنسيات"
"Multiple parliamentary representation","تمثيل برلماني متعدد الأطراف"
"Multiple parliamentary representation","تمثيل برلماني مُتَعَدِّد الأطراف"
"Multiple representation","تمثيل مُتعدد الأطراف"
"Multiple representation","تمثيل مُتَعَدِّد الأطراف"
"Mutual assistance between nations","مُساعدة متبادلة بين الدول"
"Mutual confidence between nations","الثقة المتبادلة بين الدول"
"Mutual Defense Charter","ميثاق للدفاع المشترك"
"Mutual defense","دفاع متبادل"
"Mutual defense","دفاع مُتبادل"
"Mutual diplomatic recognition","اعتراف دبلوماسي متبادل"
"Mutual help between nations","التعاون المتبادل بين الدول"
"Mutual regard between states","الاحترام المتبادل بين الدول"
"Mutual understanding between states","تفاهم مشترك بين الدول"
"Mutual understanding","تفاهم مشترك بين الدول"
"Mutualism","مبدأ تبادل المنفعة"
"N","نشر"
"Naked political facts","حقائق سياسية عارية"
"Nation dignity","كرامة الأمة"
"Nation","أمة"
"National anthem","النشيط الوطني"
"National assembly","جمعية وطنية"
"National conciliation committee","لجنة المصالحة الوطنية"
"National court","محكمة وطنية"
"National economy","اقتصاد قومي"
"National flag","العلم الوطني"
"National forces","قوات وطنية"
"National forces","قوّات وطنية"
"National guard","حرس وطني"
"National income","الدخل القومي"
"National integrity","السلامة الإقليمية"
"National integrity","السَلَامَة الإقليمية"
"National loyalty","ولاء قومي"
"National needs","الاحتياجات القومية"
"National party","حزب وطني"
"National plan","مخطط قومي"
"National requirements","مُتطلبات قومية"
"National requirements","مُتَطَلَّبَات قَوْمِيَّة"
"National resistance","مُقاومة وطنية"
"National resources","موارد قومية"
"National sovereignty conflicts","نزاعات السيادة الوطنية"
"National sovereignty","السيادة الوطنية"
"National sovereignty","نِزاعات السيادة الوطنية"
"National union","وحدة وطنية"
"National wealth","ثروة قومية"
"Nationalism","قومية"
"Nationality law","قانون الجنسية"
"Nationality","جنسية"
"Nationality","جنسيّة"
"Nationalization of foreign investments","تأميم الاستثمارات الأجنبية"
"Nationalization of foreign","تأميم الاستثمارات الأجنبية"
"Nativeness","مُواطَنة بموجب الولادة"
"Naturalism","مذهب الطبيعيين"
"Nazis mentality","عقلية نازية"
"Nazism","نازية"
"Nazism","نازِيَّة"
"Near East","الشرق الأدنى"
"Near East","الشَّرْقُ الأَدْنَى"
"Negative diplomatic attitude","موقف دبلوماسي سلبي"
"Negative diplomatic attitude","مَوْقِف دبلوماسي سَلْبِي"
"Negative points in deliberations","نقاط سلبية في المباحثات"
"Negative points in deliberations","نقاط سَلْبِيَّة في المباحثات"
"Negative points in diplomatic report","سلبيات في التقرير الدبلوماسي"
"Negative points in diplomatic report","سَلْبِيَّات في التَّقْرِير الدبلوماسي"
"Negative political pole","قطب سياسي سلبي"
"Negative political pole","قُطْب سياسي سَلْبِي"
"Negative political role","دور سياسي سلبي"
"Negative political role","دُور سياسي سَلْبِي"
"Negative right","حقّ سلبي"
"Negative right","حَقُّ سَلْبِي"
"Negotiate (to) peace","يُفاوض على السلام"
"Negotiate (to) peace","يُفاوض على السَّلام"
"Negotiations are proceeding","المفاوضات جارية"
"Negotiations are proceeding","المفاوضات جارِيَّة"
"Negotiations at equal level","مُفاوضات على قدم المساواة"
"Negotiations at equal level","مُفاوضات على قَدَم المساواة"
"Negotiations at local level","مُفاوضات على المستوى المحلي"
"Negotiations on ambassadorial level","مُفاوضات على مستوى السفراء"
"Negotiations on ambassadorial level","مُفاوضات على مستوى السَّفراء"
"Negotiations on international level","مُفاوضات على المستوى الدولي"
"Negotiations strategy","استراتيجية المفاوضات"
"Negotiations","مُفاوضات"
"Negotiator","مُفاوض"
"Neighborly relations","علاقات الجوار"
"Neutral axis","محور حيادي"
"Neutral policy","سياسة مُحايدة"
"Neutral political attitude","موقف سياسي مُحايد"
"Neutral political pole","قطب سياسي مُحايد"
"Neutral political role","دور سياسي مُحايد"
"Neutral state","دولة مُحايدة"
"Neutral zone","منطقة مُحايدة"
"Neutral","حيادي"
"Neutrality","حياد"
"New horizons in diplomatic relations","أفاق جديدة في العلاقات الدبلوماسية"
"No objection","لا اعتراض"
"Nobility obliges","مُقتضيات النبالة"
"Nominate (to) for diplomatic post","يُرشح لمنصب دبلوماسي"
"Nominate (to) for diplomatic","يُرسِّخُ لمنصب دبلوماسي"
"Non aggression pact","ميثاق بعدم الاعتداء"
"Non alignment","عدم الانحياز"
"Non compromised policy","سياسة عدم التشدّد"
"Non conformity with laws","عدم التوافق مع القوانين"
"Non consideration of diplomatic courtesy","عدم التقيد بالسلوك الدبلوماسي"
"Non discrimination","عدم التمييز العنصري"
"Non elected members","أعضاء غير منتخبين"
"Non equity voting","تصويت غير مُنصف"
"Non interference","عدم التدخّل"
"Non observance of international law","عدم مراعاة القانون الدولي"
"Non permanent member","عضو غير دائم"
"Non resistance","عدم المقاومة"
"Nonconformity of political opinions","عدم توافق الآراء السياسية"
"Nonconformity of political","عدم توافق الآراء السياسية"
"Nuclear arms","أسلحة نووية"
"Nuclear explosion","انفجار نووي"
"Nuclear explosion","نشر"
"Objection on procedures","اعتراض على الإجراءات"
"Objection over ruled","اعتراض مرفوض"
"Objection sustained","اعتراض مقبول"
"Objection","اعتراض"
"Observation of good relations","مراعاة العلاقات الودية بين الدول"
"Observation of good relations","مراعاة العلاقات الودية بين"
"Observation of peace","مراعاة قواعد السلام"
"Obstacles on peace process","عقبات أمام عملية السلام"
"Obstruct (to) proceedings","يُعرقل الإجراءات"
"Obtain (to) independence","يحصل على الاستقلال"
"Obtain (to) time extension","يحصل على تمديد مهلة قانونية"
"Occident states","دول الغرب"
"Occupation army","جيش الاحتلال"
"Occupation forces","قوات الاحتلال"
"Occupied territories","أراضي مُحتلة"
"Occupied zone","منطقة مُحتلة"
"Ocular evidence","شهادة عيان"
"Offensive alliance","تحالف هجومي"
"Offensive arms","أسلحة هجومية"
"Official ceasefire","وقف رسمي للقتال"
"Official channels","طرق رسمية"
"Official circular","منشور رسمي"
"Official diplomatic appointment","موعد دبلوماسي رسمي"
"Official diplomatic confirmation","تأكيد دبلوماسي رسمي"
"Official diplomatic","تأكيد دبلوماسي رسمي"
"Official document","وثيقة رسمية"
"Official journal","الجريدة الرسمية"
"Official language","اللغة الرسمية"
"Official meeting","اجتماع رسمي"
"Official recognition","اعتراف رسمي"
"Official relations","علاقات رسمية"
"Official spokesman","ناطق رسمي"
"Official statement","بيان رسمي"
"Official support","دعم رسمي"
"Official talks","مُحادثات رسمية"
"Official visit","زيارة رسمية"
"Officially","بالشكل الرسمي"
"Oligopoly","حكم الأقلية"
"On advisory capacity","بصفة استشارية"
"On application","لدى التطبيق"
"On approval","لدى الموافقة"
"On behalf of my colleagues","بالنيابة عن زملائي.."
"One party system","نظام الحزب الواحد"
"Open ( to ) frontiers between countries","يفتح الحدود بين الدول"
"Open ( to) frontiers between","يفتح الحدود بين الدول"
"Open diplomacy","دبلوماسية مُنفتحة"
"Open discussions","مُناقشات مفتوحة"
"Open doors policy","سياسة الباب المفتوح"
"Open forum","منبر حرّ"
"Open meeting","اجتماع مفتوح"
"Open session","جلسة مفتوحة"
"Opening ceremony","جلسة افتتاح احتفالية"
"Opening of the session","افتتاح الجلسة"
"Opening session","جلسة افتتاحية"
"Opportunism","انتهازية"
"Oppose (to) by veto","يعترض بالفيتو"
"Opposition broadcasting","إذاعة المعارضة"
"Opposition policy","سياسة المعارضة"
"Oppositionist","مُعارض"
"Oppositionist","مُعَارِض"
"Oppressed class","طبقة مُضطهدة"
"Oppressed minority","أقلية مُضطهدة"
"Oppressed parties","أحزاب مُضطهدة"
"Oppressed peoples","شعوب مُضطهدة"
"Oppression","اضطهاد - قمع"
"Option right","حقّ الاختيار"
"Option right","حَقّ الاختيار"
"Oral political statement","بيان سياسي شفوي"
"Order of merit","وسام الاستحقاق"
"Orders until further orders","أوامر حتى إشعار آخر"
"Organization (ICPO)","الجنائية"
"Organs of power","أعضاء السلطة"
"Out of courtesy","من باب المجاملة"
"Outcome of diplomatic deliberations","نتائج المباحثات الدبلوماسية"
"Outsider","غريب عن البلد"
"Outvote","تفوق بالأصوات الانتخابية"
"Outvote","تفوّق بالأصوات الانتخابية"
"Overcome ( to) political obstacles","يتجاوز العقبات السياسية"
"Overwhelming majority","أغلبية ساحقة"
"P","ناشر"
"Pacific blockade","حصار سلمي"
"Pacific coexistence","تعايش مُسالم"
"Pact","ميثاق - معاهدة"
"Pact","ميثاق – معاهدة"
"Panel of nominees","قائمة المرشحين"
"Paper war","حرب ورقية"
"Paramount power","سلطة سامية"
"Parliament deliberations","مُداولات المجلس النيابي"
"Parliament member","عضو في المجلس النيابي"
"parliament","النيابي"
"Parliament","مجلس نيابي"
"Parliamentary chambers","غرف برلمانية"
"Parliamentary elections","انتخابات برلمانية"
"Parliamentary immunity","حصانة برلمانية"
"Parliamentary majority","أغلبية برلمانية"
"Parliamentary representation","تمثيل برلماني"
"Parliamentary session","جلسة برلمانية"
"Parliamentary sessions attendance","جدول حضور جلسات"
"Parliamentary sessions","جدول حضور جلسات المجلس النيابي"
"Parliamentary system","نظام حكم برلماني"
"Partial withdrawal of military forces","انسحاب جزئي للقوات العسكرية"
"Partial withdrawal of military","انسحاب جزئي للقوات"
"Participation by minority","مُشاركة بالأقلية"
"Participation of masses in political life","مُشاركة الجماهير في الحياة السياسية"
"Participation of masses in political","مُشاركة الجماهير في الحياة"
"Participation of minorities in government","مُشاركة الأقليات في الحكم"
"Participation of minorities in","مُشاركة الأقليات في الحكم"
"Party spirit","تعصب حزبي"
"Party","حزب"
"Passive obedience","طاعة سلبية"
"Passive politic","سياسة سلبية"
"Passive resistance","مُقاومة سلبية"
"Passivism","مُسالمة - سلبية"
"Patriot","مواطن"
"Patriotism","حبّ الوطن"
"Peace advantages","فوائد السلام"
"Peace ballot","اقتراع بشأن عقد الصلح"
"Peace makers","صُنّاع السلام"
"Peace of braves","سلام الشجعان"
"Peace offer","عرض للسلام"
"Peace process","عملية السلام"
"Peace proposal","اقتراح للسلام"
"Peace strategy","استراتيجية السلام"
"Peace talks","محادثات السلام"
"Peace treaty","معاهدة سلام"
"Peace treaty","مُعَاهَدَة سَلَام"
"Peaceful coexistence","تعايش سلمي"
"Peaceful demonstration","مُظاهرة سلمية"
"Peaceful nation","أمة مُسالمة"
"Peaceful nation","أمة مُسْلمة"
"Peaceful relations","علاقات سلام"
"Peaceful use of atomic energy","استخدام سلمي للطاقة الذرية"
"Peaceful use of nuclear energy","استخدام سلمي للطاقة النووية"
"People Assembly","مجلس الشعب"
"People ballot","اقتراع شعبي"
"People common culture","الثقافة المشتركة للشعوب"
"People common interests","المصالح المشتركة للشعوب"
"People patrimonies","موروثات الشعوب"
"People veto","رفض شعبي"
"People will","إرادة الشعوب"
"people","الشعوب"
"Per fro","بالنيابة عن..."
"Perception of world problems","تبصّر بالمسائل الدولية"
"Perfectionism","مذهب المثاليين"
"Perform (to) diplomatic communications","يُجري الاتصالات الدبلوماسية"
"Permanent delegate","مندوب دائم"
"Permanent diplomatic mission","بعثة دبلوماسية دائمة"
"Permanent diplomatic","بعثة دبلوماسية دائمة"
"Permanent mission","مهمة دائمة"
"Permanent mission","مُهمّة دائمة"
"Perpetual exile","نفي مؤبد"
"Persecute (to) political prisoners","يضطهد السجناء السياسيين"
"Play (to) an important diplomatic role","يلعب دوراً دبلوماسياً هاماً"
"Play (to) on words","يُتلاعب بالألفاظ"
"Plead (to) in abatement","يدفع ببطلان الإجراءات القانونية"
"Plead (to) in abatement","يَدْفَعُ بِبَطَلانِ الإِجْرَاءَاتِ القَانُونِيَّةِ"
"Plebiscite","استفتاء عام"
"Plenary power","سلطة مطلقة"
"Plenary power","سلطة مُطلقة"
"Plenary session","جلسة تامة (بحضور جميع الأعضاء)"
"Plenipotentiary","مُفوض بمطلق الصلاحيات"
"Plenipotentiary","مُفَوَّض بمطلق الصلاحيات"
"Pluralism of parties","تعددية الأحزاب"
"Pluralism","تعددية"
"Plurality of political parties","تعدد الأحزاب السياسية"
"Police office","مركز الضابطة"
"Policy of appeasement","سياسة التهدئة"
"Policy of good neighborly relations","سياسة حسن الجوار"
"Policy","سياسة"
"Politic office","مكتب الشرطة - الضابطة"
"Political acquisitions","مكاسب سياسية"
"Political activity","نشاط سياسي"
"Political anarchy","فوضى سياسية"
"Political argument","جدال سياسي"
"Political assassination","اغتيال سياسي"
"Political assembly","جمعية سياسية"
"Political asylum","ملجأ سياسي"
"Political attaché","ملحق سياسي"
"Political bargain","مُساومة سياسية"
"Political believes","مُعتقدات سياسية"
"Political center","مركز سياسي"
"Political circles","أوساط سياسية"
"Political circular","منشور سياسي"
"Political circular","نشرة سياسية"
"Political class","طبقة سياسية"
"Political Coalition","ائتلاف سياسي"
"Political committee","لجنة سياسية"
"Political competency","اختصاص سياسي"
"Political conflicts sources","أسباب النزاعات السياسية"
"Political confrontations","مُواجهات سياسية"
"Political corps","هيئة سياسية"
"Political corruption","فساد سياسي"
"Political credo","عقيدة سياسية"
"Political crime","جريمة سياسية"
"Political criticism","نقد سياسي"
"Political debates","مناظرات سياسية"
"Political debates","مُناظرات سياسية"
"Political defeat","هزيمة سياسية"
"Political delegation","وفد سياسي"
"Political demarches","مَساعي سياسية"
"Political democracy","ديموقراطية سياسية"
"Political demonstration","مُظاهرة سياسية"
"Political dependency","تبعية سياسية"
"Political despotism","استبداد سياسي"
"Political dialogue","جوار سياسي"
"Political dialogue","جِوار سياسي"
"Political directions","توجيهات سياسية"
"Political disagreement","خلاف سياسي"
"Political divergence","تشعب – اختلاف سياسي"
"Political editor","كاتب سياسي"
"Political elite","نُخبة سياسية"
"Political environment","جوّ سياسي"
"Political envoy","مبعوث دولي"
"Political envoy","مَبْعُوث دُولِي"
"Political equilibrium","توازن سياسي"
"Political espionage","تجسّس سياسي"
"Political existence","تواجد على الساحة السياسية"
"Political experts committee","لجنة الخبراء السياسيين"
"Political factors","عوامل سياسية"
"Political facts report","تقرير بالوقائع السياسية"
"Political festival","مهرجان سياسي"
"Political framework","إطار سياسي"
"Political functions","مهام سياسية"
"Political goals","أهداف سياسية"
"Political hierarchy","تسلسل سياسي"
"Political hostage","رهينة سياسية"
"Political immunity","حصانة سياسية"
"Political influence","نفوذ سياسي"
"Political information","معلومات سياسية"
"Political instability","عدم استقرار سياسي"
"Political institutions","مؤسسات سياسية"
"Political integration","تكامل سياسي"
"Political intrigue","دسيسة سياسية"
"Political investigation","استقصاء سياسي"
"Political leadership","قيادة سياسية"
"Political liberty","حرية سياسية"
"Political life expectations","توقّعات مُنحنى الحياة السياسية"
"Political links","روابط سياسية"
"Political march","مسيرة سياسية"
"Political maturity","نضوج سياسي"
"Political mission","مهمة سياسية"
"Political movements","حركات سياسية"
"Political obstacles","عقبات سياسية"
"Political offences","إساءات سياسية"
"Political opinion","رأي سياسي"
"Political opposition","مُعارضة سياسية"
"Political opposition","مُعَارِضَة سِيَاسِيَّة"
"Political orientation","توجيه سياسي"
"political parties","السياسية"
"Political parties","أحزاب سياسية"
"Political phenomena","ظاهرة سياسية"
"Political philosophy","فلسفة السياسة"
"Political plot","مؤامرة سياسية"
"Political point of view","وجهة نظر سياسية"
"Political police forces role","دور الشرطة السياسية"
"Political policy making body","الهيئة المختصة بوضع الخطط السياسية"
"Political post","منصب سياسي"
"Political power","سلطة سياسية"
"Political powers balance","ميزان السلطات السياسية"
"Political predominance","سيطرة سياسية"
"Political pressures","ضغوط سياسية"
"Political primacy","تفوق سياسي"
"Political prisoner in reclusion","سجين سياسي في الحجز الانفرادي"
"Political prisoners amnesty","عفو عام عن المجرمين السياسيين"
"Political prisoners rights","حقوق السجناء السياسيين"
"political problems","السياسية الدولية"
"Political progress","تقدّم في المجال السياسي"
"Political public auditor","مرجع سياسي عام"
"Political reform","إصلاح سياسي"
"Political refugee","لاجئ سياسي"
"Political regime","نظام سياسي"
"Political report","تقرير سياسي"
"Political representation","تمثيل سياسي"
"Political repression","قمع سياسي"
"Political resolution","قرار سياسي"
"Political resolutions","قرارات سياسية"
"Political responsibility","مسؤولية سياسية"
"Political risks","مخاطر سياسية"
"Political rivalry","مُنافسة سياسية"
"Political settlement","تسوية سياسية"
"Political side of negotiations","الجانب السياسي للمفاوضات"
"Political situation","الوضع السياسي"
"Political speech","خطاب سياسي"
"Political stability","استقرار سياسي"
"Political statement","بيان سياسي"
"Political supervision","رقابة سياسة"
"Political supervision","رقابة سياسية"
"Political system","نظام سياسي"
"Political tactics","خطط سياسية"
"Political theory","نظرية سياسية"
"Political trouble","اضطراب سياسي"
"Political turbulence","شغب سياسي"
"Political unity","وحدة سياسية"
"Political violence","عنف سياسي"
"Political wisdom","جنكة سياسية"
"Political wisdom","حِنكة سياسية"
"Political workshop","حلقة عمل أو سياسية"
"Political workshop","حلقة عمل سياسية"
"Politician","سياسي مُحنّك"
"Politicize (to) international investigations","يُسيّس التحقيقات الدولية"
"Politicize (to) international investigations","يُسَيِّس التحقيقات الدولية"
"Politics","علوم سياسية"
"Poll (to) public opinion","يستفتي الرأي العام"
"Poll or survey","استطلاع الآراء"
"Popular control","رقابة شعبية"
"Popular participation","مُشاركة شعبية"
"Popular protest","احتجاج شعبي"
"Popular referendum","استفتاء شعبي"
"Popular resistance","مقاومة شعبية"
"Popular solidarity","تضامن شعبي"
"Popular sovereignty","السيادة الشعبية"
"Popular uprising","انتفاضة شعبية"
"Population of colonies","شعوب المستعمرات"
"Population of colonies","سُكَّان المستعمرات"
"Population of metropolis","شعب أو سكان العاصمة"
"Population","شعوب أو سكان"
"Position through election","منصب بموجب الانتخاب"
"Positive diplomatic attitude","موقف دبلوماسي ايجابي"
"Positive neutrality","حياد ايجابي"
"Positive political pole","قطب سياسي ايجابي"
"Positive solution of international problems","حلّ إيجابي للمشكلات الدولية"
"Postpone (to) the meeting","يُرجئ الجلسة"
"Postpone (to) the meeting","يُرجِئُ الجلسة"
"Powerful government","حكومة ذات سلطة"
"Powerful states","دول ذات سيادة"
"Pre convinced decisions","قرارات مُعدّة مسبقاً"
"Pre war preparations","تحضيرات ما قبل الحرب"
"Pre-elections procedures","إجراءات التحضير للانتخابات"
"Precedence over ..","الأولوية على.."
"Preference right","حقّ الأفضلية"
"Preference right","حَقّ الأفضلية"
"Prejudiced diplomatic attitude","موقف دبلوماسي مُتحامل"
"Prejudiced political attitude","موقف سياسي مُتحامل"
"Preliminary decision","قرار تمهيدي"
"Preliminary meeting","اجتماع تمهيدي"
"Preliminary negotiations","مُفاوضات تمهيدية"
"Preponderant electoral voice","صوت انتخابي مُرجّح"
"Preponderant electoral","صوت انتخابي مُرجّح"
"Prerogatives","مزايا"
"Presence in parliament","تواجد في المجلس النيابي"
"Present (to) a diplomatic solicitation","يتقدم بعريضة دبلوماسية"
"Present (to) a diplomatic solicitation","يتقدّم بعريضة دبلوماسية"
"Presentation of credentials","تقديم أوراق الاعتماد"
"Preservation of human rights","حماية حقوق الإنسان"
"Preservation of universal peace","حماية السلام العالمي"
"Preserve (to) peace","يحمي السلام"
"Preserve (to) state authority","يصون سلطة الدولة"
"Preserve (to) the constitutionality","يصون الدستورية"
"Preserve (to) the","يصون الدستورية"
"Preserve to) public security","يصون السلامة العامة"
"Presidency according age","رئاسة بموجب السن"
"Presidency race","سباق الرئاسة"
"Presidency","رئاسة"
"President of the republic","رئيس الجمهورية"
"President","رئيس الدولة"
"Presidential chamber","قاعة الشرف"
"Presidential decree","مرسوم رئاسي"
"Presidential investigations","تحقيقات رئاسية"
"Presidential palace","قصر الرئاسة"
"Presidential primacy","تفوق رئاسي"
"Presidential resolutions","قرارات رئاسية"
"Presidential responsibility","مسؤولية رئاسية"
"Presidential system","نظام حكم رئاسي"
"Presidents dialogue","جوار الرؤساء"
"Presidents dialogue","جِوار الرؤساء"
"Presidents meeting","اجتماع الرؤساء"
"Presidents summit","قمة الرؤساء"
"Press conference","مؤتمر صحفي"
"Press controversy","مُشادة صحفية"
"Press controversy","مُشَادَّة صحفية"
"Press mission","مهمة صحفية"
"Prevail (to) human rights","يُعزز حقوق الإنسان"
"Prevail (to) human rights","يُعَزِّز حقوق الإنسان"
"Prevent (to) atomic war","يمنع وقوع الحرب الذرية"
"Prevent (to) blood shed","يحقن الدماء"
"Prevent (to) blood shed","يحقّن الدماء"
"Prevent (to) political confrontations","يمنع المواجهات السياسية"
"Preventive political measures","تدابير سياسية وقائية"
"Primary negotiations","مفاوضات أولية"
"Primary session","جلسة أولية"
"Prime minister","رئيس الوزارة"
"Primitive societies","مجتمعات بدائية"
"Principle of equality between citizens","مبدأ المساواة بين المواطنين"
"Principle of equality between races and sex","مبدأ المساواة بين الأعراق والأجناس"
"Principle of equity","مبدأ الإنصاف"
"Principle of non discrimination","مبدأ عدم التمييز العنصري"
"Principle of non intervention","مبدأ عدم التدخل"
"Principle of superiority","مبدأ التفوق"
"Principle of the reciprocity of treatment","مبدأ التعامل بالمثل"
"Principle of the separation of powers","مبدأ الفصل بين السلطات"
"Principle of the supremacy of law","مبدأ سيادة القانون"
"Priority right","حقّ الأولوية"
"Priority right","حَقّ الأولوية"
"Prisoners amnesty","عفو عام عن السجناء"
"Private international law","القانون الدولي الخاص"
"Private media","إعلام خاص"
"Privation of political rights","حرمان من الحقوق السياسية"
"Proceedings","محضر جلسة"
"Procession","مَسيرة"
"Profanation","تدنيس حُرمة المقدسات"
"Prohibit (to) armament","يُحظّر التسلّح"
"Prohibit (to) using violence","يُحظّر استخدام العنف"
"Prohibit (to) war","يُحظّر اللجوء إلى الحرب"
"Prohibited path","ممر محظور"
"Prohibited zone","منطقة مُحرّمة"
"Prolonged negotiations","مُفاوضات مُطولة"
"Prolonged negotiations","مُفاوضات مُطوّلة"
"Prominent diplomatic personality","شخصية دبلوماسية بارزة"
"Promote (to) peace","يُعزز السلام"
"Promotion of diplomatic courtesy","تعزيز آداب التعامل الدبلوماسي"
"Promotion of human rights","تعزيز حقوق الإنسان"
"Promotion of peace","تعزيز السلام"
"Propaganda war","حرب دعائية"
"Proportional representation","تمثيل نسبي"
"Protection of antiquities","حماية الآثار"
"Protection of detainees","حماية الموقوفين"
"Protection of maternity and childhood","حماية الأمومة والطفولة"
"Protection of minorities","حماية الأقليات"
"Protection of refugees","حماية اللاجئين"
"Protection of women rights","حماية حقوق المرأة"
"Protest (to)","يحتج"
"Protest note","مُذكرة احتجاج"
"Protest note","مُذكّرة احتجاج"
"Protest right","حقّ الاحتجاج"
"Protest right","حَقّ الاحتجاج"
"Protocol book","سجل التشريفات"
"Protocol","نظام التشريفات"
"Provide (to) humanitarian aids","يُؤمّن المساعدات الإنسانية"
"Provide (to) humanitarian aids","يُؤمَّن المساعدات الإنسانية"
"Provisional government","حكومة مؤقتة"
"Provocative act","عمل استفزازي"
"Provocative aggression","عدوان استفزازي"
"Provocative diplomatic declaration","تصريح دبلوماسي استفزازي"
"Provocative political declaration","تصريح سياسي استفزازي"
"Provocative war","حرب استفزازية"
"Psychological effects of wars","الآثار النفسية للحروب"
"Psychological war","حرب نفسية"
"Public authority","سلطة عامة"
"Public confusion","شغب عام"
"Public integrity","السلامة العامة"
"Public integrity","السَلَامَة العامة"
"Public interest","الصالح العام"
"Public international law","القانون الدولي العام"
"Public opinion","رأي عام"
"Public order","نظام عام"
"Public relations","علاقات عامة"
"Public safety","أمن عام"
"Public session","جلسة علنية"
"Public utility","نفع عام"
"Pull (to) strings of political deliberations","يُحرّك خيوط المداولات السياسية"
"Pull (to) strings of political deliberations","يُحرِّك خيوط المداولات السياسية"
"Put aside (to) political differences","يضع الخلافات السياسية جانباً"
"Put end (to) to political disagreements","يضع نهاية للخلافات السياسية"
"Put end (to) to violence","يضع نهاية للعنف"
"Put end (to) to war","يضع نهاية للحرب"
"Qualified diplomatic circles","أوساط دبلوماسية مؤهلة"
"Qualified diplomatic circles","نشر"
"R","نشر"
"Racial annihilation","إبادة عرقية"
"Racial antagonism","خصومة عرقية"
"Racial conflict","نزاع عنصري"
"Racial conflict","نِزاع عنصري"
"Racial discrimination","تمييز على أساس العرق"
"Racial equality","مساواة عرقية"
"Racial integration","تكامل عرقي"
"Racial massacre","مذبحة عنصرية"
"Racial minority","أقلية عرقية"
"Racial segregation","فصل عنصري"
"Racism","عرقية أو عنصرية"
"Radicalism","مذهب الأحرار المتطرفين"
"Rapidity of international aid","سرعة الإغاثة الدولية"
"Rapidity of international intervention","سرعة التدخل الدولي"
"Rationalism","رجعية"
"Rationalism","رجعيّة"
"Re - election","إعادة الانتخاب"
"Re – election","إعادة الانتخاب"
"Re eligible","قابل لإعادة الانتخاب"
"Reach (to) mutual solution of the international crisis","يتوصل إلى حلّ مُشترك للأزمة الدولية"
"Reach (to) mutual understanding between states","يتوصل إلى تفاهم مُشترك بين الدول"
"Reactionary politics","سياسات رجعية"
"Rearmament","إعادة التسلّح"
"Rebellion of political prisoners","تمرد السجناء السياسيين"
"Rebellion of political prisoners","تمرّد السجناء السياسيين"
"Rebellion","عصيان - تمرد"
"Rebellion","عصيان – تمرّد"
"Rebuilding trust between countries","إعادة بناء الثقة بين الدول"
"Recall (to) the ambassador","يستدعي السفير"
"Reception","استقبال رسمي"
"Reciprocal duties between states","الواجبات المتبادلة بين الدول"
"Reciprocal duties between states","الواجبات المُتبادلة بين الدول"
"Reciprocal obligations between states","الالتزامات المتبادلة بين الدول"
"Reciprocal obligations","الالتزامات المتبادلة بين الدول"
"Recognize (to) individual liberties","يعترف بالحريات الفردية"
"Recognize (to) individual","يعترف بالحريات الفردية"
"Recommendations session","جلسة تلاوة التوصيات"
"Reconciliation committee","لجنة الصلح"
"Reconciliation disposition","استعداد للمصالحة"
"Reconciliation offer","عرض للصلح"
"Reconciliation treaty","معاهدة صلح"
"Reconciliation treaty","مُعَاهَدَة صَلَح"
"Record vote","تصويت قياسي"
"Recover (to) occupied territories","يسترد الأراضي المحتلة"
"Recover (to) occupied territories","يستردُّ الأراضي المحتلة"
"Rectify (to) the decree","يُنقح المرسوم"
"Red Crescent Organization","منظمة الهلال الأحمر"
"Red Cross Organization","منظمة الصليب الأحمر"
"Redaction of diplomatic report","إعداد التقرير الدبلوماسي"
"Redaction of diplomatic","إعداد التقرير الدبلوماسي"
"Redistribute (to) diplomatic missions","يُعيد توزيع المهام الدبلوماسية"
"Redistribution of diplomatic roles","إعادة توزيع المهام الدبلوماسية"
"Reduce (to) international pressures","يُخفف الضغوط الدولية"
"Reduce (to) international","يُخفف الضغوط الدولية"
"Referendum","استفتاء"
"Referring to international laws","بالرجوع إلى القوانين الدولية"
"Reform movement","حركة الإصلاح"
"Refuge","ملجأ"
"Refugees fate","مصير اللاجئين"
"Refugees safety","سلامة اللاجئين"
"Refugees safety","سَلَامَة اللاجئين"
"Regain (to) domination on strategic points","يستعيد السيطرة على المواقع الاستراتيجية"
"Regain (to) domination on","يستعيد السيطرة على المواقع"
"Regain (to) influence on boarders","يستعيد السيطرة على الحدود"
"Regardless political circumstances","السياسية"
"Regardless political","بصرف النظر عن الظروف السياسية"
"Regime","نظام حكومي"
"Regional agreement","اتفاق إقليمي"
"Regional authority","سلطة إقليمية"
"Regional autonomy","استقلال إقليمي"
"Regional autonomy","نشر"
"Regional council","مجلس إقليمي"
"Regional laws","قوانين محلية"
"Regional policy","سياسة محلية"
"Regionalism","إقليمية"
"Regroup (to) military forces","يُعيد تجميع القوات العسكرية"
"Rehabilitation","ردّ اعتبار"
"Reign of terror","حكم بالإرهاب"
"Reign","حكم"
"Reinforce (to) diplomatic relations","يُعزّز العلاقات الدبلوماسية"
"Reinforce (to) diplomatic situation","يُعزّز الموقف الدبلوماسي"
"Reinforce (to) diplomatic","يُعزز العلاقات الدبلوماسية"
"Reinforce (to) diplomatic","يُعزز الموقف الدبلوماسي"
"Reinforce (to) national identity","يُعزّز الهوية القومية"
"Reinforce (to) national","يُعزز الهوية القومية"
"Reject (to) experts finding","يرفض مطالعة الخبراء"
"Reject (to) political decision","ينبذ (يرفض) القرار السياسي"
"Relation between power and political parties","العلاقة بين السلطة والأحزاب السياسية"
"Relation between power and","العلاقة بين السلطة والأحزاب"
"Relations at ambassadors level","علاقات على مستوى السفراء"
"Relations at ambassadors","علاقات على مستوى السفراء"
"Relations at reciprocity basis","علاقات على أساس التعامل بالمثل"
"Relations at reciprocity","علاقات على أساس التعامل بالمثل"
"Relative to diplomatic talks","متعلّق بالمباحثات الدبلوماسية"
"Relative to diplomatic talks","مُتَعَلِّق بالمباحثات الدبلوماسية"
"Release (to) detained","يُطلق سراح المُحتجزين"
"Release (to) political prisoners","يُطلق سراح السجناء السياسيين"
"Release (to) political prisoners","يُخلي سبيل السجناء السياسيين"
"Relief coordinator","مُنَسّق أعمال الإغاثة"
"Relief coordinator","مُنَسِّق أعمال الإغاثة"
"Relief operations","عمليات الإغاثة"
"Religious dialogue","جِوار الأديان"
"Religious dialogue","حِوار الأديان"
"Religious tolerance","تسامح ديني"
"Repartition of political functions","توزيع الوظائف - المهام السياسية"
"Repartition of political functions","توزيع الوظائف – المهام السياسية"
"Repatriate (to)","يُعيد إلى الوطن"
"Repatriation of refugees","توطين اللاجئين"
"Reporter","مراسل صحفي"
"Represent (to) authority","يُمثِّل السلطة"
"Representative government","حكومة تمثيلية"
"Repress (to) from comment","يمتنع عن التعليق"
"Repress (to) the disorders","يقمع الاضطرابات"
"Repress (to) the opposition","يقمع المعارضة"
"Repress (to) the resistance","يقمع المقاومة"
"Reprisals","ب"
"Reprisals","أعمال انتقامية"
"Republic system","نظام حكم جمهوري"
"Republic","جمهورية"
"Republican decree","مرسوم جمهوري"
"Republican government","حكومة جمهورية"
"Republican party","حزب جمهوري"
"Republican","جمهوري الانتماء"
"Required majority","الأغلبية المطلوبة"
"Rescue (to) war captives","يُنقذ أسرى الحرب"
"Reserved decision","قرار متحفظ"
"Reserved decision","قرار مُتحفّظ"
"Reservedly","بتحفظ"
"Residency site","مكان الإقامة"
"Residency","إقامة في بلد"
"Resist (to) to international pressures","يُقاوم الضغوط السياسية"
"Resist (to) to political oppression","يُقاوم القمع السياسي"
"Resistance movement","حركة المقاومة"
"Respect (to) cultural values","يحترم القيم الثقافية"
"Respect (to) human dignity","يحترم الكرامة الإنسانية"
"Respond ( to) to people aspirations","يتجاوب مع تطلعات الشعوب"
"responsibilities","الدبلوماسية"
"Responsible source of information","مصدر مسؤول عن المعلومات"
"Restitution of liberty","استعادة الحرية"
"Restitution of peace talks","إحياء محادثات السلام"
"Restrain forces","قوّات القمع"
"Restricted area","منطقة مقيدة"
"Restricted area","منطقة مقيّدة"
"Restriction of free discussions and criticism","تقييد حرية النقاش والنقد"
"Restriction of liberties","تقييد الحريات"
"Restriction of the liberty of speech and expression","تقييد حرية الكلام والتعبير"
"Retrace (to) boarders","يُعيد ترسيم الحدود"
"Retrieve (to) occupied territories","يستعيد الأراضي المحتلة"
"Reveal (to) the gravity of political situation","يكشف عن خطورة الوضع السياسي"
"Revolution command council","مجلس قيادة الثورة"
"Revolution court","محكمة الثورة"
"Revolution","ثورة"
"Revolutionary","ج"
"Right of asylum","حقّ اللجوء السياسي"
"Right of command","حَقّ إصدار الأوامر"
"Right of deliberation and discussion","حقّ المداولة والنقاش"
"Right of deliberation and discussion","حَقّ المداولة والنقاش"
"Right of election","حق الانتخاب"
"Right of election","حَقّ الانتخاب"
"Right of entry","حقّ الدخول لدولة أخرى"
"Right of entry","حَقّ الدخول لدولة أخرى"
"Right of guardianship","حقّ القوامة أو الوصاية"
"Right of guardianship","حَقّ القوامة أو الوصاية"
"Right of participation in power","حقّ المشاركة في السلطة"
"Right of participation in power","حَقّ المشاركة في السلطة"
"Right of passage across regional territories","حقّ المرور بالأراضي الإقليمية"
"Right of passage across regional territories","حَقّ المرور بالأراضي الإقليمية"
"Right of possession","حقّ التملك"
"Right of possession","حَقّ التملك"
"Right of presiding","حق التروس"
"Right of presiding","حَقّ التروّس"
"Right of self defense","حقّ الدفاع عن النفس"
"Right of self defense","حَقّ الدفاع عن النفس"
"Right of speech and expression","حَقّ التعبير والكلام"
"Right of vote","حَقّ التصويت"
"Right to ask for grace","حقّ التماس العفو"
"Right to ask for grace","حَقّ التماس العفو"
"Right to assembling","حَقّ التجمع"
"Right to communications","حق إجراء الاتصالات"
"Right to communications","حَقّ إجراء الاتصالات"
"Right to demonstrate","حقّ التظاهر"
"Right to demonstrate","حَقّ التظاهر"
"Right to express one's opinion","حقّ التعبير عن الرأي"
"Right to express one's opinion","حَقّ التعبير عن الرأي"
"Right to have recourse to judiciary","حقّ اللجوء إلى السلطات القضائية"
"Right to have recourse to justice","حقّ اللجوء للعدالة"
"Right to medical services","حقّ الاستفادة من الخدمات الصحية"
"Right to medical services","حَقّ الاستفادة من الخدمات الصحية"
"Right to promotion","الحقّ في الترقية"
"Right to social services","حقّ الاستفادة من الخدمات الاجتماعية"
"Right to social services","حَقّ الاستفادة من الخدمات الاجتماعية"
"Right to the initiative","حقّ المبادرة"
"Rightist parties","أحزاب اليمين"
"Rightist politician","سياسي يميني"
"Rightist","يميني"
"Rigid constitution","دستور صارم"
"Risk of rupture of diplomatic relations","خطر قطع العلاقات الدبلوماسية"
"Risks on international peace","مخاطر على السلام العالمي"
"Rocket","صاروخ"
"Rockets attacks","هجمات صاروخية"
"Role of political parties in government","دور الأحزاب السياسية في الحكومة"
"Rotating presidency","رئاسة بالتناوب"
"Round table meeting","اجتماع المائدة المستديرة"
"Roving ambassador","سفير مُتَجَوَّل"
"Roving ambassador","سفير مُتَجَوِّل"
"Royal honors","مراسم التشريفات الملكية"
"Run (to) over events","يستعرض مجرى الأحداث"
"Run over (to) political events","يستعرض الأحداث السياسية"
"Running political events","الأحداث السياسية الجارية"
"Rupture of diplomatic negotiations","قطع المفاوضات الدبلوماسية"
"Rupture of diplomatic relations","قطع العلاقات الدبلوماسية"
"Rush attack","هجوم مفاجئ"
"S","نشر"
"Sabotage","تخريب المنشآت العامة"
"Sacred national duty","واجب وطني مُقدس"
"Safeguard (to) civilians","يحمي المدنيين"
"Safeguard (to) the country","يحمي الوطن"
"Safeguard (to) the state","يحمي الدولة"
"Safeguard (to)","يحمي"
"Safeguard of civilians","حماية المدنيين"
"Safeguard of territories","حماية الأراضي"
"Satellite broadcasting","إذاعة بواسطة الأقمار الصناعية"
"Satellite state","دولة تابعة سياسياً"
"Satellites war","حرب الفضائيات"
"Scale of civilization","سلّم الحضارة"
"Secret agent","عميل سري"
"Secret ballot","اقتراع سري"
"Secret ballot","اقتراع سرّي"
"Secret clause in talks","بند سري في المباحثات"
"Secret diplomatic talks","مباحثات دبلوماسية سرية"
"Secret diplomatic talks","مباحثات دبلوماسية سريّة"
"Secret mission","مهمة سرية"
"Secret mission","مهمّة سريّة"
"Secret negotiations","مُفاوضات سرية"
"Secret negotiations","مُفاوضات سريّة"
"Secret police","بوليس (شرطة) سري"
"Secret report","تقرير سري"
"Secret report","تقرير سرّي"
"Secret session","جلسة سرية"
"Secret session","جلسة سريّة"
"Secretary of state","وزير دولة"
"Sectarian commotion","فتنة طائفية"
"Sectarian commotion","فِتنة طائفية"
"Security Council","مجلس الأمن"
"Security guard","حارس أمني"
"Security measures","إجراءات أمنية"
"Security of information","أمن المعلومات"
"Security official","مسؤول أمني"
"Security provisions","تدابير أمنية"
"Security","أمن"
"Seizure of power","استيلاء على السلطة"
"Self subordination to law","خضوع إرادي للدولة"
"Semi sovereign state","دولة شبه مُستقلّة"
"Senate resolution","قرار من مجلس الشيخ"
"Senate","مجلس الشيوخ"
"Senator","نائب في مجلس الشيوخ"
"Senior advisor","رئيس المستشارين"
"Senior consultant","رئيس المستشارين"
"Senior member of parliament","العضو الأكبر سنًا في المجلس النيابي"
"Senior member of parliament","العضو الأكبر سنّاً في المجلس النيابي"
"Senior political delegate","كبير المندوبين السياسيين"
"Separation between governmental powers","الفصل بين السلطات الحكومية"
"Separation between power and political parties","الفصل بين السلطة والأحزاب السياسية"
"Separation of forces","فصل القوات"
"Separation of forces","فصل القوّات"
"Separation of powers","فصل السلطات"
"Separatism","انفصالية"
"Separatist","انفصالي"
"Sequels of wars","عواقب الحروب"
"Serious restrictions","قيود صارمة"
"Serve (to) peace","يخدم السلام"
"Settle (to) states disputes","يُسَوِّي النزاعات بين الدول"
"Settlement by arbitration","تسوية بطريق التحكيم"
"Shadow cabinet","وزارة ظلّ"
"Shadow of war","شبح الحرب"
"Share (to) point of views","يشترك بوجهات النظر"
"Sharp political influence","نظام سياسي صارم"
"Significant diplomatic gesture","خطوة دبلوماسية ذات أهمية"
"Simultaneous immunities","حصانة مزدوجة"
"Sit down strike","اعتصام"
"situation","السياسيين"
"Skirmish military force","قوّة عسكرية مُناوشة"
"Skirmish military force","قوّة عسكرية مُناوَشة"
"Social discrimination","تمييز بين الطبقات الاجتماعية"
"Social order","نظام اجتماعي"
"Socialism","اشتراكية"
"Socialist government","حكومة اشتراكية"
"Socialist party","حزب اشتراكي"
"Socialist principle","مبدأ اشتراكي"
"Socialist","اشتراكي"
"Solicit (to) international community opinion","يلتمس رأي المجتمع الدولي"
"Solicit (to) international intervention","يُناشد التدخّل الدولي"
"Solicit (to) international opinion","يلتمس الرأي العام الدولي"
"Solicit (to) international protection","يطلب الحماية الدولية"
"Solicit (to) votes","يلتمس الأصوات الانتخابية"
"Solidarity","تضامن"
"Solve (to) diplomatic crisis","يحلّ الأزمة الدبلوماسية"
"Solve (to) diplomatic discords","يُسَوّي الخلافات الدبلوماسية"
"Solve (to) diplomatic discords","يُسَوِّي الخلافات الدبلوماسية"
"Solve (to) political situation","يُسَوّي الوضع السياسي"
"Solve (to) political situation","يُسَوِّي الوضع السياسي"
"Sources of political information","مصادر المعلومات السياسية"
"Sovereign state","دولة ذات سيادة"
"Special envoy","مبعوث خاص"
"Special envoy","مَبْعُوث خَاص"
"Specific political statement","بيان سياسي مُحدَّد"
"Speech of presentation of credentials","خطاب تقديم أوراق الاعتماد"
"Speech","خطاب"
"Speeches according seats","إلقاء الكلمات حسب أمكنة الجلوس"
"Spirit of understanding between nations","روح التفاهم بين الدول"
"Spy","جاسوس"
"Stability of political situation","استقرار الوضع السياسي"
"Stability of world peace","استقرار السلام العالمي"
"Stabilization of peace","توطيد السلام"
"Stabilization of political situation","توطيد الوضع السياسي"
"Stabilization of world peace","توطيد السلام العالمي"
"Stabilize (to) political situation","يُرَسِّخ الوضع السياسي"
"Stabilize (to) political","يُرسِّخُ الوضع السياسي"
"Stabilize (to) state sovereignty","يُوطِد سيادة الدولة"
"Stabilize (to) state sovereignty","يُوطّد سيادة الدولة"
"Stabilize (to) world peace","يُرسِّخُ السلام العالمي"
"Stabilize (to) world peace","يُرَسِّخ السلام العالمي"
"Stabilizing element","عنصر مساعد على الاستقرار"
"Stand off (to) the decision","يقف ضد القرار"
"Stand off (to) the decision","يقف ضدّ القرار"
"Standing committee","لجنة دائمة"
"Standing orders","أوامر سارية المفعول"
"State action plan","خطة عمل الدولة"
"State authority","سلطة الدولة"
"State Council","مجلس الدولة"
"State foreign policy","السياسة الخارجية للدولة"
"State hegemony","سيادة الدولة"
"State of siege","أحكام عرفية"
"State prisoner","سجين سياسي"
"State public policy","السياسة العامة للدولة"
"State strategy","استراتيجية الدولة"
"State Supremacy","السلطة العليا للدولة"
"State union","اتحاد دولي"
"State","دولة"
"Statement on official capacity","بيان بصفة رسمية"
"States civilization","حضارة الدول"
"States claims","شكاوى الدول"
"States commitments","تعهدات الدول"
"States common interests","المصالح المشتركة للدول"
"States decadence","انحطاط الدول"
"States frontiers","حدود الدول"
"States functions","مهام الدول"
"States goals","أهداف الدول"
"States obligations","واجبات الدول"
"States permanence","استمرارية الدول"
"States preoccupations","مشاغل الدول"
"States prosperity","ازدهار الدول"
"States rights and duties","حقوق وواجبات الدول"
"States rights","حقوق الدول"
"States status","قانون الدول"
"States statutes","قوانين الدول"
"States structure","بُنية الدول"
"States subjects","رعايا الدول"
"States unified by peace","دول موحدة بالسلام"
"States union","اتحاد دولي"
"Statesman","رجل دولة"
"Statesmanship","فن إدارة أمور الدولة"
"Statute of international organizations","قانون المنظمات الدولية"
"Steadiness policy","سياسة الصمود"
"Steering committee","لجنة التوجيه"
"Stone (to) embassies","يرجم السفارات بالحجارة"
"Strain of international relations","توتر العلاقات الدولية"
"Strategic arms","أسلحة استراتيجية"
"Strategic centers","مراكز استراتيجية"
"Strategic planning","تخطيط استراتيجي"
"strategic points","الاستراتيجية"
"Strategic sites","مواقع استراتيجية"
"Strategic zone","منطقة استراتيجية"
"Strategy","استراتيجية"
"Stress (to) for political interdependence","يُمارس الضغط لأجل التبعية السياسية"
"Strong diplomatic note","رسالة دبلوماسية شديدة اللهجة"
"Strong political measures","تدابير سياسية صارمة"
"Struggle against ignorance","مُكافحة الجهل"
"Struggle against illiteracy","مُكافحة الأمية"
"Struggle against political corruption","مُكافحة الفساد السياسي"
"Struggle against racism","مُكافحة العنصرية"
"Struggle against terrorism","مُكافحة الإرهاب"
"Struggle against the initiation to war","مُكافحة التحريض على الحرب"
"Sub committee","لجنة فرعية"
"Subjugate (to) citizens","يُخضع المواطنين"
"Submission to law","خضوع للقانون"
"Submit ( to) a proposal","يتقدم باقتراح"
"Submit ( to) a proposal","يتقدّم باقتراح"
"Submit (to) a protest","يتقدم باعتراض"
"Submit (to) a protest","يتقدّم باعتراض"
"Submit (to) evidences","يُقدّم الأدلة"
"Submit (to) evidences","يُقدّم الأدلّة"
"Submit (to) report to International court","يُحيل التقرير إلى المحكمة الدولية"
"Subordination to state","خضوع للدولة"
"Substantial political progress","تقدّم سياسي ملحوظ"
"Substitute parliamentary member","عضو بديل في البرلمان"
"Suffrage method","أسلوب الاقتراع"
"Suggest (to) international diplomatic sanctions","يقترح العقوبات الدبلوماسية الدولية"
"Suggest (to) international sanctions","يقترح عقوبات دولية"
"Suicide attacks","هجمات انتحارية"
"Summit of glories","قمة الأمجاد"
"Summit of glories","قمّة الأمجاد"
"Summit of victories","قمة الانتصارات"
"Summit of victories","قمّة الانتصارات"
"Super power hegemony","سيطرة دول الأقطاب"
"Super state","دولة عظمى – مُهيمنة"
"Super state","دولة عُظمى - مُهيمنة"
"Superiority principle","مبدأ الفوقية"
"Supervision post","برج المراقبة"
"Supervision","إشراف – مراقبة"
"Supervisory committee","لجنة الإشراف"
"Support (to) peace efforts","يدعم جهود السلام"
"Support (to) peace efforts","يَدْعَمُ جُهُودَ السَّلَامِ"
"Support (to) the government","يدعم الحكومة"
"Support (to) the government","يَدْعَمُ الحُكُومَةَ"
"Suppress (to) distances between peoples","يُلغي المسافات بين الشعوب"
"Suppression of terrorism","قمع الإرهاب"
"Supremacy of international law","سيادة القانون الدولي"
"Supremacy of law","سيادة القانون"
"Supreme legislative authority","السلطة التشريعية العليا"
"Supreme power","سلطة عليا"
"Supreme power","سلطة عُليا"
"Surrender (to) to the enemy","يستسلم للعدو"
"Survey (to) public opinion","يستطلع الرأي العام"
"Survey of political events","عرض للأحداث السياسية"
"Survey of political facts","عرض للوقائع السياسية"
"Survival strategy","سياسة البقاء"
"Survival to the fittest","البقاء للأصلح"
"Suspend (to) diplomatic negotiations","يُعلّق المفاوضات الدبلوماسية"
"Suspend (to) diplomatic negotiations","يُعلِّق المفاوضات الدبلوماسية"
"Suspend (to) political talks","يُعلّق المباحثات السياسية"
"Suspend (to) publication","يوقف النشر"
"Suspension of air strikes","إيقاف الغارات الجوية"
"Suspension of diplomatic relations","تعليق العلاقات الدبلوماسية"
"Suspension of diplomatic","تعليق العلاقات الدبلوماسية"
"Suspension of fighting","وقف مؤقت للقتال"
"Suspension of sessions","تعليق الجلسات"
"Suspension of the state membership","تعليق عضوية الدولة"
"Suspension of the state","تعليق عضوية الدولة"
"Sustain (to) political decision","يُؤيد القرار السياسي"
"Sustain (to) political decision","يُؤيِّد القرار السياسي"
"Sustainable ceasefire","وقف دائم لإطلاق النار"
"Sweeping political concessions","تنازلات دولية كبيرة"
"Sword of justice","بأسرع"
"Sword of justice","سيف العدالة"
"T","المساواة"
"Tacit consent","رضا ضمني"
"Take ( to) the initiative","يأخذ بزمام المبادرة"
"Take (to) advantage of ceasefire","يستفيد (يستغل) من وقف إطلاق النار"
"Take (to) diplomatic initiative","يأخذ بزمام المبادرة الدبلوماسية"
"Take (to) in consideration","يأخذ بعين الاعتبار"
"Take (to) part in negotiations","يُشارك في المفاوضات الدبلوماسية"
"Take (to) part in talks","يُشارك في المحادثات"
"Take (to) precautions","يتخذ الاحتياطات"
"Take (to) refuge","يتخذ الملجأ"
"Take (to) the defensive","يتخذ موقف الدفاع"
"Take (to) the enemy by surprise","يُباغت العدو"
"Take (to) the offensive","يتخذ موقف الهجوم"
"Take (to) the recommendations in consideration","يأخذ التوصيات بعين الاعتبار"
"Take control (to) of frontiers","يُسيطر على الحدود"
"Take control (to) of oil resources","يُسيطر على موارد النفط"
"Take control (to) of oil","يُسيطر على موارد النفط"
"Take control (to) of strategic points","يُسيطر على النقاط الاستراتيجية"
"Take control (to) of strategic sites","يُسيطر على المواقع الاستراتيجية"
"Take control (to) of strategic","يُسيطر على المواقع الاستراتيجية"
"Take control (to) of strategic","يُسيطر على النقاط الاستراتيجية"
"Take part (to) in debates","يُشارك في المناقشات"
"Take part (to) in diplomatic talks","يُشارك في المباحثات الدبلوماسية"
"Take part (to) in diplomatic","يُشارك في المباحثات الدبلوماسية"
"Take part (to) in political negotiations","يُشارك في المفاوضات السياسية"
"Take part (to) in political","يُشارك في المفاوضات السياسية"
"Target (to) civilians","يستهدف المدنيين"
"Tentative proposal to parliament","اقتراح مبدئي مُقدّم من المجلس النيابي"
"Tentative proposal to","اقتراح مبدئي مُقدّم من المجلس"
"Terms of ceasefire","بنود إطلاق النار"
"Terrestrial blockade","حصار برّي"
"Terrestrial blockade","حصار بَرِّي"
"Territorial application of laws","التطبيق الإقليمي للقوانين"
"Territorial claims","مطالب إقليمية"
"Territorial claims","مَطالب إقليمية"
"Territorial divisions","تقسيمات إقليمية"
"Territorial limits of laws","الحدود الإقليمية للقوانين"
"Territorial limits","حدود إقليمية"
"Territorial waters","مياه إقليمية"
"Territoriality of laws","إقليمية القوانين"
"Territories integrity","سلامة الأراضي"
"Territories integrity","سَلَامَة الأراضي"
"Territories under mandate","أراضي تحت الانتداب"
"Terror epoch","عصر الإرهاب"
"Terror tactics","أساليب الإرهاب"
"Terrorism","إرهاب"
"Terrorist attacks","هجمات إرهابية"
"Terrorist","إرهابي"
"Terrorists group","مجموعات إرهابية"
"Terrorize (to) civilians","يُرهب المدنيين"
"the international crisis","نشر"
"Theocracy government","حكومة دينية"
"Theocracy","نظام حكم ديني"
"Theoretical refusal","رفض بات - قطعي"
"Theoretical refusal","رفض باتّ – قطعي"
"Third world countries","دول العالم الثالث"
"Threat (to) of using force","يُهَدِّد باستخدام القوة"
"Time limit for truce","موعد انتهاء الهدنة"
"Time run for diplomatic negotiations","فات الأوان للمفاوضات الدبلوماسية"
"Time table for ceasefire","موعد وقف إطلاق النار"
"To be abided by the political decision","يلتزم بالقرار السياسي"
"To be exposed to oppression","يتعرض للقمع"
"To be exposed to oppression","يتعرّض للقمع"
"To be exposed to violence","يتعرض للعنف"
"To be exposed to violence","يتعرّض للعنف"
"To be interested in world problems","يولي الاهتمام للمشكلات الدولية"
"Topics of diplomatic discussions","مواضيع المباحثات الدبلوماسية"
"Torture of political prisoners","تعذيب السجناء السياسيين"
"Totalitarian government","حكومة شمولية"
"Totalitarian regime","نظام حكم شمولي"
"Totalitarian state","دولة شمولية"
"Totalitarianism","حكم شمولي"
"Town council","مجلس المدينة"
"Trace (to ) the boundaries","يخطّ أو يرسم الحدود"
"Trace (to ) the boundaries","يُخطّ أو يرسم الحدود"
"Tragic humanitarian situation","أوضاع إنسانية مأسوية"
"Tragic political events","أحداث سياسية مأساوية"
"Traitor","خائن"
"Transitory cabinet","وزارة انتقالية"
"Transitory provisions","تدابير انتقالية"
"Transmission of information between states","انتقال المعلومات بين الدول"
"Transparency of state politics","شفافية سياسة الدولة"
"Treason","خيانة"
"Treat (to) countries on equal basis","يُعامل الدول على أساس المساواة"
"Treat (to) countries on equal basis","يُعامل الدول على أساس"
"Treat (to) on equal level","يُعامل على أساس المساواة"
"Treatment of allies","التعامل مع الأجانب"
"Treaty","معاهدة"
"Treaty","مُعَاهَدَة"
"Tripartite alliance","حلف ثلاثي"
"Triple convention","معاهدة ثلاثية"
"Triple convention","مُعَاهَدَة ثَلَاثِيَّة"
"Triumph","انتصار"
"Troubles making","مُسبب للاضطرابات"
"Troubles shooting","تحرّي أسباب الاضطرابات"
"Truce flag","راية الهدنة"
"Truce or armistice treaty","معاهدة هدنة"
"Trusteeship council","مجلس الوصاية"
"Trusteeship system","نظام الوصاية"
"Two third majority","أغلبية الثلثين"
"Tyranny","استبداد"
"Tyranny","بأسرع"
"U","قوّات الأمم المتحدة للطوارئ United Nations Emergency Forces"
"Ultimatum","إنذار"
"UN Summit","قمة هيئة الأمم المتحدة"
"Unanimity of opinions","إجماع الآراء"
"Unanimity","إجماع"
"Unanimous approval","موافقة بالإجماع"
"Unanimous election","انتخاب بالإجماع"
"Unanimous vote","تصويت بالإجماع"
"Unauthorized area","منطقة محظورة"
"Unbinding treaty","معاهدة غير ملزمة"
"Unbinding treaty","مُعَاهَدَة غَيْر مُلْزَمَة"
"Uncertain decision","قرار غير مؤكد"
"Unconditional ceasefire","وقف غير مشروط لإطلاق النار"
"Unconditional release of captives","إطلاق سراح غير مشروط للأسرى"
"Unconstitutional law","قانون غير دستوري"
"Unconstitutionality of laws","عدم دستورية القوانين"
"Under arms","تحت السلاح"
"Under arrest","رهن الاعتقال"
"Under bombardment cities","مُدُن تحت القصف"
"Under discussion","قيد المناقشة"
"Under international laws","بموجب القوانين الدولية"
"Under mandate countries","دول تحت الانتداب"
"Under negotiations","قيد المفاوضات"
"Under protest","قيد الاحتجاج"
"Under the auspices","تحت الرعاية"
"Under war circumstances","أثناء ظروف الحرب"
"Underdeveloped countries","دول في طور النمو"
"Underestimation of the enemy force","سوء تقدير قوة العدو"
"Unfair political comments","تعليقات سياسية غير مُنصفة"
"Unforeseen political circumstances","ظروف سياسية غير متوقعة"
"Unforeseen political events","أحداث سياسية غير متوقعة"
"Unforeseen political","ظروف سياسية غير متوقعة"
"Unification of political leadership","توحيد القيادة السياسية"
"Unified command","قيادة موحدة"
"Unify (to) humanity by peace","يُوحِد الإنسانية بالسلام"
"Unify (to) humanity by peace","يُوحّد الإنسانية بالسلام"
"Union of forces","اتحاد القوى"
"Union of nations","اتحاد الأمم"
"Union of powers","اتحاد السلطات"
"Union","وحدة"
"Unit – pole","قطب واحد"
"Unitarianism","وحدوية"
"United Nations Charter","ميثاق الأمم المتحدة"
"United Nations Children Fund (UNICEF)","صندوق الأمم المتحدة لرعاية الطفولة"
"United Nations Children","صندوق الأمم المتحدة لرعاية الطفولة"
"United Nations Forces","قوات الأمم المتحدة"
"United Nations General Assembly","الجمعية العامة للأمم المتحدة"
"United Nations Organization for Education, Science and Culture (UNESCO)","منظمة الأمم المتحدة للتربية والعلوم والثقافة"
"United Nations Organization","صندوق الأمم المتحدة للتنمية"
"United Nations Organization","منظمة الأمم المتحدة للتربية والعلوم"
"United Nations Organization","منظمة الأمم المتحدة"
"United Nations Summit","قمة الأمم المتحدة"
"United states","دول موحّدة"
"Unity of human beings","وحدة العنصر البشري"
"Universal character of diplomatic talks","صفة عالمية للمحادثات الدبلوماسية"
"Universal character of political talks","صفة عالمية للمحادثات السياسية"
"Universal suffrage","اقتراع عالمي"
"Universal war","حرب كونية"
"Universalism","عالميّة"
"Unreserved resolution","قرار بدون تحفظات"
"Unsolved international conflicts","النزاعات الدولية القائمة"
"Unsolved international","النزاعات الدولية القائمة"
"Until further orders","إلى حين صدور أوامر أخرى"
"Unwritten constitution","دستور غير مكتوب"
"Upset (to) political equilibrium","يُخلّ بالتوازن السياسي"
"Upset (to) political equilibrium","يُخَلّ بالتوازن السياسي"
"Upset (to) powers balance","يُخلّ بتوازن القوى"
"Upset (to) powers balance","يُخَلّ بتوازن القوى"
"Upset (to) world equilibrium","يُخلّ بالتوازن الدولي"
"Upset (to) world equilibrium","يُخَلّ بالتوازن الدولي"
"Urgent humanitarian mission","مهمة إنسانية عاجلة"
"Urgent meeting","جلسة عاجلة"
"Urgent truce","هدنة عاجلة"
"Use of force","استخدام القوة"
"Use of force","استخدام القوّة"
"V","نشر"
"Vacant political post","منصب سياسي شاغر"
"Vacate ( to) the position","يتخلى عن المنصب"
"Vacate ( to) the position","يتخلّى عن المنصب"
"Vagueness of political decision","غموض في القرار السياسي"
"Validate (to)","يُثبت الصحة القانونية"
"Vanquish (to) the enemy","يهزم العدو"
"Vanquished peoples","شعوب مَقْهورة"
"Verbal or oral report","تقرير شفوي"
"Vested with full powers","مفوّض بكامل السلطات"
"Vested with full powers","مفَوَّض بكامل السلطات"
"Veto","نقض القرار"
"Vice consul or pro consul","نائب قنصل"
"Vice president","نائب رئيس"
"Victim","ضحية"
"Victory anthem","نشيد النصر"
"views","السياسية"
"Vigilance committee","لجنة حفظ السلام"
"Violate (to) armistice convention","يخرق اتفاقية الهدنة"
"Violate (to) neutrality conditions","يُخلّ بشروط الحياد"
"Violate (to) neutrality conditions","يُخَلّ بشروط الحياد"
"Violation of human rights","انتهاك حقوق الإنسان"
"Violation of individual liberties","انتهاك الحريات الفردية"
"Violation of international diplomatic rules","خرق القواعد الدبلوماسية الدولية"
"Violation of neutrality conditions","خرق شروط الحياد"
"Violation of political liberties","انتهاك الحريات السياسية"
"Violation of political liberties","انتهاك الحريّات السياسية"
"Violation of public peace","إقلاق الراحة العامة"
"Violations victims","ضحايا الانتهاكات"
"Violent acts","أعمال عنف"
"Visitors record","سجل الزائرين"
"Vital international interests","مصالح دولية حيوية"
"Vital political interests","مصالح سياسية حيوية"
"Voluntary cooperation","تعاون طوعي"
"Volunteer","مُتَطَوِّع"
"Vote (to) down a motion","يُصَوَّت بالرفض"
"Vote (to) down a motion","يُصَوَّتُ بِالرَّفْضِ"
"Vote (to) for ceasefire","يُصَوَّت على وقف إطلاق النار"
"Vote (to) for ceasefire","يُصَوَّتُ عَلَى وَقْفِ إِطْلَاقِ النَّارِ"
"Vote buy show hands","تصويت برفع الأيدي"
"Vote buy show hands","تَصْوِيتُ بِرَفْعِ الْأَيْدِي"
"Vote by alphabetical order","تصويت بالتسلسل الأبجدي"
"Vote by alphabetical order","تَصْوِيتُ بِالتَّسَلْسُلِ الْأَبْجَدِيِّ"
"Vote by articles","تصويت بموجب البنود"
"Vote by articles","تَصْوِيتُ بِمُوجِبِ الْبُنُودِ"
"Vote by cards","تصويت بواسطة البطاقات"
"Vote by cards","تَصْوِيتُ بِوَاسِطَةِ الْبَطَاقَاتِ"
"Vote by confidence","تصويت بالثقة"
"Vote by confidence","تَصْوِيتُ بِالثِّقَةِ"
"Vote by list","تصويت على أساس القائمة"
"Vote by list","تَصْوِيتُ عَلَى أَسَاسِ الْقَائِمَةِ"
"Vote by proxy","تصويت بالنيابة"
"Vote by proxy","تَصْوِيتُ بِالنِّيَابَةِ"
"Vote by secret ballot","تصويت بالاقتراع السري"
"Vote by secret ballot","تَصْوِيتُ بِالِاقْتِرَاعِ السَّرِيِّ"
"Vote down a motion","تصويت بالرفض"
"Vote down a motion","تَصْوِيتُ بِالرَّفْضِ"
"Vote of no confidence","تصويت بحجب الثقة"
"Vote of no confidence","تَصْوِيتُ بِحُجُبِ الثِّقَةِ"
"Vote","تصويت"
"Voter","مُقترَع – مصوَّت – ناخب"
"Voter","مُقْتَرَعٌ - مُصَوَّتٌ - نَاخِبٌ"
"Voting method","أسلوب التصويت"
"Voting method","أُسْلُوبُ التَّصْوِيتِ"
"Voting papers","أوراق التصويت"
"Voting papers","أَوْرَاقُ التَّصْوِيتِ"
"Voting results","نتائج التصويت"
"Voting results","نَتَائِجُ التَّصْوِيتِ"
"Vulnerable political situation","وضع سياسي مُهدَّد"
"Vulnerable political situation","وَضْعُ سِيَاسِي مُهَدَّدٍ"
"W","نشر"
"Waive (to) immunity","يَتَنَازَلُ عَنِ الحِصَانَةِ"
"War apparatus","آلة الحرب"
"War apparatus","آلَةُ الحَرْبِ"
"War atrocities","ويلات الحروب"
"War atrocities","وَيْلَاتِ الحُرُوبِ"
"War captives","أسرى الحروب"
"War captives","أُسْرَى الحُرُوبِ"
"War council","مجلس حربي"
"War council","مَجْلِسُ حَرْبِي"
"War court","محكمة حرب"
"War court","مُحْكَمَةُ حَرْبٍ"
"War crimes","جرائم حرب"
"War crimes","جَرَائِمُ حَرْبٍ"
"War criminal","مجرم حرب"
"War criminal","مَجْرَمُ حَرْبٍ"
"War damages","أضرار الحروب"
"War damages","أَضْرَارُ الحُرُوبِ"
"War of attrition","حرب الاستنزاف"
"War of attrition","حَرْبُ الاسْتِئْزَافِ"
"War of extermination","حرب الإبادة"
"War of extermination","حَرْبُ الإِبَادَةِ"
"War of nerves","حرب الأعصاب"
"War of nerves","حَرْبُ الأَعْصَابِ"
"War prisoner","سجين حرب"
"War prisoner","سِجِينُ حَرْبٍ"
"War proclamation","إعلان الحرب"
"War proclamation","إِعْلَانُ الحَرْبِ"
"War tactics","فن العمليات الحربية"
"War tactics","فَنُّ العَمَلِيَّاتِ الحَرْبِيَّةِ"
"War witness","شاهد على الحرب"
"War zone","منطقة الحرب"
"Warning notice","مذكرة تحذيرية"
"Warning notice","مذكّرة تحذيرية"
"Wars consequences","نتائج الحروب"
"Wars death rate","معدّل الوفيات في الحروب"
"Wars evils","شرور الحروب"
"Wars glories","أمجاد الحروب"
"Wars indemnities","تعويضات الحروب"
"Wars laws","قوانين الحرب"
"Wars victims","ضحايا الحروب"
"Wars victories","انتصارات الحروب"
"Weapons – arms","أسلحة"
"Welcome (to) political decision","يُرحب بالقرار السياسي"
"Welcome (to) political","يُرحب بالقرار السياسي"
"Welfare state","دولة الرفاهية"
"Well informed international circles","أوساط دولية حسنة الاطلاع"
"Well informed international circles","أوساط دولية حَسَنة الاطلاع"
"Well intentioned diplomatic efforts","جهود دبلوماسية حسنة النية"
"Well intentioned diplomatic efforts","جهود دبلوماسية حسنة النيّة"
"Well intentioned negotiations","مُفاوضات حسنة النية"
"Well intentioned negotiations","مُفاوضات حَسَنة النيّة"
"West bank","الضفة الغربية"
"Western society","مجتمع غربي"
"White majority","الأغلبية البيضاء"
"White minority","أقلية بيضاء"
"Widen (to) cooperation between states","يوسّع التعاون بين الدول"
"Widen (to) terrestrial Offensives","يُوسّع الهجمات البرية"
"Wire tapping","مراقبة الخطوط الهاتفية"
"Wise policy","سياسة حكيمة"
"Withdraw (to) behind boarders","ينسحب إلى خلف الحدود"
"Withdraw (to) behind","ينسحب إلى خلف الحدود"
"Withdraw (to) immunities","يسحب الحصانات"
"Withdrawal of foreign forces","انسحاب القوات الأجنبية"
"Without dispute","بدون مُنازعة"
"Without further delay","بدون أي تأخير"
"Without reservation","بدون تحفظ"
"Withstand (to) political oppression","يصمد أمام القمع السياسي"
"Withstand (to) political repressions","يصمد أمام الضغوط الدبلوماسية"
"Withstand (to) political","يصمد أمام الضغوط الدبلوماسية"
"Withstand (to) political","يصمد أمام القمع السياسي"
"Working languages in international organizations","لغات العمل في المنظمات الدولية"
"World affairs correspondent","مراسل الشؤون الدولية"
"World affairs correspondent","مُراسل الشؤون الدولية"
"World catastrophe","كارثة عالمية"
"World commotion","هزة عالمية"
"World Conference","مؤتمر القمة"
"World Conference","مؤتمر القمّة"
"World conscience","الضمير العالمي"
"World conscience","ظ"
"World consolidation","تعاضد دولي"
"World criterions","معايير دولية"
"World Emergency forces","قوات الطوارئ الدولية"
"World instance","مُرافعة دولية"
"World leaders assembly","اجتماع قادة العالم"
"World military situation","الوضع العسكري الدولي"
"World of solidarity","عالم من التضامن"
"World peace","السلام العالمي"
"World politic","السياسة العالمية"
"World political situation","الوضع السياسي العالمي"
"World power","سلطة عالمية"
"World powers","قوى دولية"
"World protectorship","حماية دولية"
"World war","حرب عالمية"
"World wide","واسع الانتشار دولياً"
"World year for childhood","العام الدولي للطفولة"
"World year for human rights","العام الدولي لحقوق الإنسان"
"World year for women rights","العام الدولي لحقوق المرأة"
"Written constitution","دستور مكتوب"
"Written report","تقرير خطي"
"Written report","تقرير خطّي"
"Xenopgbia","كراهية الأجانب"
"Yield (to) arms","يُسَلِّم السلاح"
"Yoke of imperialism","نبر الاستعمار"
"Yoke of imperialism","نَبْرُ الاستعمار"
"Zionism","عربي-إنكليزي"
"Zionism","صهيونية"
