"English Term","Arabic Term"
"Absent without Leave (AWOL)","متغيب بدون تصريح"
"Absolute Altitude","الأرتفاع المطلق"
"Acceptance","قبول . موافقة"
"Accompanying Supplies","التسويات المصطبة"
"Accuracy of Fire","دقة النيران . دقة الرمي"
"Acknowledge Ment","اقرار . افادة"
"Aquisition","تحصيل . احراز"
"Action","عمل . فعل"
"Activated Mine","لغم مجهز"
"Active Air Defense","الدفاع الجوي الأيجابي"
"Activity","نشاط . فعالية . منشأة"
"Actual Ground Zero","نقطة الصفر الحقيقية"
"Additional Charges","اتهامات اخرى (في القانون العسكري)"
"Address Group","مجموعة العنوان (في رسائل الإشارة)"
"Adjacent","مجاور"
"Adjusted Elevation","الأرتفاع المضبط"
"Adjusted Range","المدى المضبط"
"Adjusting Point","نقطة التضبط (مدفعية)"
"Add.","ابعاز بمعنى أضف"
"Adjustment of fire","تعديل النيران . تضبط النيران (الرمي)"
"Adjustment Chart","لوحة التضبط"
"Administration","ادارة"
"Administrative Control","السيطرة الإدارية"
"Administrative Control Estimate","التقدير الإداري"
"Administrative Control Instructions","التعليمات الإدارية"
"Administrative Control Map","خريطة الموقف الإداري"
"Administrative Control March","السير الإداري"
"Administrative Control Movement","التحرك الإداري"
"Administrative Control Net","شبكة الاتصال الإداري"
"Administrative Control Order","أمر إداري"
"Administrative Control Plan","خطة إدارية"
"Administrative Control Services","خدمات إدارية"
"Advance By Bounds","التقدم على قفزات"
"Advance By Bounds Echelon","التقدم على مجموعات"
"Advanced Base","قاعدة متقدمة"
"Advanced Base Depot","مستودع عام متقدم"
"Advanced Base Detachment","مفرزة متقدمة"
"Advanced Base Individual Training","التدريب الفردي المتقدم"
"Advanced Base Landing Field","مطار متقدم ( طيران )"
"Advanced Base Unit Training","تدريب الوحدة المتقدم"
"Advance Force(amphibious)","قوة المقدمة"
"Advance Force(amphibious) Guard","حرص المقدمة"
"Advance Force(amphibious) Party","جماعة المقدمة"
"Advance Force(amphibious) Section","قسم متقدم (منطقة خطوط المواصلات)"
"Advance Force(amphibious) To Contact","التقدم للأشتراك (الاتصال)"
"Advancing Fire","نيران متقدمة (للأقتحام)"
"Aerial Delivery Containers","أوعية التموين من الجو (تسقط من الطائرات)"
"Acromedical Evacuation","الأخلاء الطبي الجوي"
"Agent","عميل . وكيل . مادة"
"Agents(Chemical,Biological and radiological)","مواد ( كيماوية ، جرثومية ، أو اشعاعية )"
"Air Alert تيقظ جوى ، تأهب جوى ، تهيؤ جوى (حالة","الاستعداد عند الطائرات على الأرض)"
"Air Defense Readiness","الاستعداد للدفاع الجوي"
"Air Defense Restricted Area","منطقة الدفاع الجوي المحظورة"
"Air Defense Sector","قطاع الدفاع الجوي"
"Air Defense Warning Net","شبكة انذار الدفاع الجوي"
"Air Delivery","اسقاط جوي. تسليم جوي. قذف جوي"
"Air Delivery Container","وعاء اسقاط جوي ( وعاء مواد تموينية )"
"Air Delivery Equipment","معدات الاسقاط الجوي"
"Air Density","كثافة الهواء"
"Air Drop","اسقاط جوي"
"Airfield","مطار"
"Air Force Base","قاعدة جوية"
"Air Guard","حرس جوي"
"Airhead","رأس - جسر جوي"
"Airhead Line","خط رأس جسر جوي"
"Air Interception","اعتراض جوي"
"Air Land, tc","يهيبط"
"Air landed Operation","عملية الانزال الجوي"
"Air Landed Supplies","التموينات المنزلة جوا"
"Air Landed Units","الوحدات المنزلة جوا"
"Air Landing Facilities","مرافق الانزال الجوي ( وسائل الانزال الجوي )"
"Air Liaison Officer","ضابط الارتباط الجوي"
"Air Lift","نقل جوي - حمولة جوية"
"Air Lift, tc","ينقل جوا"
"Air Loading Table","جدول التحميل الجوي"
"Air Mission","مهمة جوية"
"Air Mobile Operations","العمليات المتحركة جوا"
"Air Movement","تحرك جوي"
"Air Movement Plan","خطة التحرك الجوي"
"Air Movement Table","جدول التحرك الجوي"
"Air Observation","ملاحظة جوية"
"Air Raid Alert","التيقظ للغارة الجوية ( التأهب للغارة الجوية )"
"Air Raid Alert Warning","الاندماج انتيفظ للغارة الجوية ( اشارة - اندماج الغارة جوية )"
"Air Raid Warning System","نظام أو شبكة الاندماج من الغارات الجوية"
"Air Reconnaissance","الاستطلاع الجوي"
"Air Signal","اشارة جوية ( وسيلة اتصال بين الطائرة - والفوات الأرضية ."
"Air Speed","السرعة النسبية ( الطائرة - الهواء )"
"Air Strike","قصف جوى"
"Air Strip","خط جوى"
"Air Superiority","تفوق جوى"
"Air Support","اسناد جوى - مساندة جوية"
"Air Surveillance","تفتيش جوى ( مراقبة جوية )"
"Air Tactical Observer","ملاحظ جوى تكتبكى"
"Air Task Force.","قوة جوية نواجب معين"
"Air Terminal","مرنفسق جدوى"
"Air to Air Missile","صاروخ من الجو للجو"
"Air to Surface Missile","صاروخ من الجو للأرض"
"Air Transportable Units","وحدات قابلة للنقل جوا"
"Air Transport Liaison Officer","ضابط ارتباط النقل الجوى"
"Air Warning Net","شبكة الاندماج الجوى"
"Aisle","مصر"
"Alert","تيقظ - تنبيه - تأهب - تهيؤ - استعداد"
"Alliance","حلف"
"Allocation","تعيين - تخصيص"
"Allotment","حصة - مخصص - نصيب - مقدار"
"Allowable Cargo Load","الحمولة المسموح بها . ( طيران )"
"Allowance","علاوة - مخصص"
"Alternative Position (Alternate)","موقع تبادلي"
"Ambulance","سيارة اسعاف - عربة اسعاف"
"Ambush","كميمن"
"Ammunition","ذخيرة"
"Ammunition Available Supply Rate","معدل الذخيرة المتوفرة"
"Ammunition Day of Supply","تموين يوم من الذخيرة"
"Ammunition Dump (see Ammunition Supply Point)","مستودع ذخيرة / كدس ذخيرة"
"Ammunition Expenditure","استهلاك الذخيرة"
"Ammunition in Hands of Troops","الذخيرة الموجودة لدى الوحدات"
"Ammunition Inspector","مفتش الذخيرة"
"Ammunition Lift","نقل الذخيرة"
"Ammunition Lift Capability","امكانية نقل الذخيرة"
"Ammunition Maintenance","صيانة الذخيرة"
"Ammunition Officer","ضغط الذخيرة"
"Ammunition Supply Point","نقطة تموين الذخيرة"
"Amphibious","برمائي"
"Amphibious Forces","قوات برمائية"
"Amphibious Operations","عمليات برمائية"
"Amphibious Reconnaissance","استطلاع برمائي"
"Amphibious Striking Forces","قوات ضاربة برمائية"
"Amphibious Tank","دبابة برمائية"
"Amphibious Task Force","قوة واجب برمائية"
"Amphibious Unit","وحدة برمائية"
"Amphinious Vehicle","عربة برمائية"
"Analysis of Fire","تحليل الرماية (م / ط)"
"Angle of Approach","زاوية الاقتراب"
"Angle of Depression","زاوية الانخفاض"
"Angle of Descent","زاوية الهبوط (طيران)"
"Angle of Elevation","زاوية الارتفاع"
"Angle of Impact","زاوية الصدم"
"Angle of Reflection","زاوية الانعكاس"
"Angle of Safety","زاوية الأمان"
"Angle of Sight","زاوية البصر"
"Annex","ملحق"
"Annual","سنوى"
"Annual Training","تدريب سنوي"
"Antiairborne Minefield","حقل النغام ضد القوات المحمولة جوا"
"Antiaircraft Operation Center","مركز العمليات المضادة للطائرات"
"Antiamphibious Minefield","حقل النغام ضد القوة البرمائية"
"Antipersonnel Minefield","حقل النغام ضد الأفراد م /ف"
"Antisubmarine Operations","عمليات مضادة للغواصات"
"Antitank Minefield","حقل النغام ضد الدبابات م /د"
"Application of Fire","تطبيق النيران (على الهدف)"
"Appreciation of the Situation (See Estimate of Situation)","تقدير الموقف"
"Approach Lanes","ممرات الاقتراب (بحرية)"
"Approach March","سير الاقتراب"
"Approach Time","وقت الاقتراب"
"Arab League","الجامعة العربية"
"Arab Unified Command","القيادة العربية الموحدة"
"Area Command","قيادة منطقة"
"Area Control Center","مركز السيطرة على المنطقة"
"Area Damage Control","السيطرة على الأضرار في المنطقة (قبل وأثناء وبعد المعركة)"
"Area Defense","الدفاع الثابت"
"Area of Influence","منطقة النفوذ"
"Area of Interest","منطقة الأهمية"
"Area of Operations","منطقة العمليات"
"Area of Responsibility","منطقة المسؤولية"
"Area of War","منطقة الحرب"
"Area Traffic Control","السيطرة على المرور في المنطقة"
"Arm","سلاح"
"Armed Forces","القوات المسلحة"
"Armor","درع"
"Armored Artillery","مدفعية مدرعة"
"Armored Cavalry","وحدة استطلاع مدرعة"
"Armored Infantry","مشاء مدرعة"
"Armored Vehicle","غرية مدرعة"
"Army","جيش"
"Army Air Defense Command","قيادة الدفاع الجوي للجيش"
"Army Aviation","طيران الجيش"
"Army Crops","فيلق"
"Army Group","مجموعة جيوش"
"Army Group of Occupation","جيش الاحتلال"
"Army Group Press","صحافة الجيش"
"Army Group Reserve Units","وحدات احتياط الجيش"
"Army Group Training Program(ATP)","برنامج تدريب الجيش"
"Arrest","توقيف - اعتقال - قبض"
"Artificial Illumination","اضافة اصطناعية"
"Artificial Illumination Moonlight","ضو اصطناعي (يشبه ضوء القمر)"
"Artillery","مدفعية"
"Artillery Map","خريطة مدفعية"
"Artillery Preparation","نيران تحضيرية (للمدفعية)"
"Artillery Survey","مساحة المدفعية"
"Assault","لقتحام"
"Assault Aircraft","طائرات اقتحام"
"Assault Echelon","وحدة اقتحام"
"Assault Fire","نيران اقتحام"
"Assault Force","قوة اقتحام (برمائي - مظلات)"
"Assault Gun","مدفع اقتحام"
"Assault Lift","نقلة اقتحام"
"Assault Phase","رحلة الاقتحام"
"Assault Position","موقع الاقتحام"
"Assault Supplies","تمهيزات الاقتحام"
"Assault Waves","موجات الاقتحام"
"Assault Area","منطقة الاقتحام"
"Assembly Area","منطقة التجمع"
"Assign","يعيّن"
"Assistant Chief of Staff","مساعد رئيس الأركان"
"Assistant Chief of Staff , G2, Intelligence رئيس هيئة الاستخبارات","بالحرية"
"Assistant Chief of Staff , G3, Operations رئيس هيئة العمليات -","الحرية."
"Assistant Chief of Staff , G4, Logistics رئيس هيئة الإمدادات -","والتموين."
"Assistant Chief of Staff , G5, Civil Affairs مدير الشؤون المدنية -","في الحكومة العسكرية."
"Assumption","افتراض"
"Assumption of Command","تولى القيادة"
"Atomic Energy","طاقة ذرية"
"Attach","يلحق"
"Attack Force","قوة الهجوم"
"Attack Force Position","موقع الهجوم"
"Attention","انتهاء - استعداد (استعداد أمر)"
"Attention to Orders","الاستعداد لأستلام الأوامر"
"Attitude","حالة، وضع، موقف، ميول، وبنية نظر"
"Augmentation","زيادة على الملاك (أفراد ومعدات) إضافة"
"Authentication","تصديق"
"Authorized Allowances of","المقررات المصرح بها من المعدات"
"Equipment.","٢/٥"
"Authorized Allowances of Supplies","المقررات المصرح بها عن التموين"
"Authorized Strength","القوة المصرح بها . الملاك المصرح به"
"Automatice Direction Finder","الجهاز الآلي لإيجاد الاتجاه"
"Automobile Flag","علم السيارة"
"Auxiliary Target","هدف ساعد ( لتغبيط النيران )"
"Availabel Supply Rate","معدل التموين المتوفر"
"Average Speed","متوسط السرعة"
"Average Strength","متوسط القوة"
"Aviation Fuel","الصنف الثالث - ( وقود طيران )"
"Award","جائزة . مكافأة - منحة"
"Axis of Advance","محور التقدم"
"Axis of Sighting","محور البصر"
"Azimuth","زاوية"
"Azimuth Circle","دائرة الاتجاه للمدفعية"
"Azimuth Deviation","انحراف الزاوية"
"Azimuth Difference","فرق الزاوية ."
"Back Azimuth","الزاوية العكسية"
"Back Blast","القصف الخلفي (للأشعة القديمة الارتداد)"
"Backward Planning","التخطيط العكسي"
"Badge","شعار - شارة"
"Balance","توازن - اتزان - ميزان - يتوازن"
"Balanced Stock","(١) تخزين متوازن (تخزين بمقادير تعادل المتطلبات). (٢) توازن المخزون (تعادل الموجود مع المطلوب)."
"Balanced Supplies","تموينات متوازنة (تعادل الموجود مع المطلوب)"
"Ballastic Curve","منحني محرك المقذوف"
"Ballastics","علم حركة المقذوفات"
"Band","جوقة موسيقية . رباط . حزام . حيز الموجه (في الترددات اللاسلكية)."
"Band of Fire","حزام نيران"
"Bangalore Torpedo","طوربيد بنحلو"
"Barrage","غلالة"
"Barrage, Rolling","غلالة قافرة"
"Barrage, Creeping","غلالة زاحفة"
"Barrage, Normal","غلالة عادية"
"Barrage, Emergency","غلالة طارئة"
"Barrel","سبطانة . برميل"
"Barrel Erosion","تآكل السبطانة"
"Barrier","مانع (يشمل عدة حواجز منسقة)"
"Barrier Plan","خفة الموائع"
"Barrier System","نظام الموائع"
"Base","قاعدة . أساس"
"Base Command","قيادة القاعدة"
"Base Defense","دفاع عن القاعدة"
"Base Depot","مستودع القاعدة"
"Base Line","خط الأساس (مع طوبوغرافي)"
"Base Reserves","احتياط القاعدة"
"Base Mortor","الهاون الأساسي (هاون التخبيط)"
"Base of Fire","قاعدة النيران"
"Base of Fire Operations","قاعدة العمليات"
"Base of Fire Point","نقطة الأصل (لتحديد الأهداف)"
"Base of Fire Repair","اصلاح القاعدة (اصلاح الخط الخامس)"
"Base of Fire Unit","وحدة الأساس (تشكيل الوحدة الأساسي)"
"Basic Branch","السلاح الأساسي"
"Basic Branch Combat Training","تدريب القتال الأساسي"
"Basic Branch Data","المعطيات الأساسية - المعلومات الأساسية"
"Basic Branch Education","الثقافة الأساسية - التعلم الأساسي"
"Basic Branch Intelligence","الاستخبارات الأولية ؟"
"Basic Branch Load","الحمولة الأساسية"
"Basic Branch Military Training","التدريب العسكري الأساسي"
"Basic Branch Pay","الراتب الأساسي"
"Basic Branch Planning Guide","مرشد التخطيط الأساسي"
"Basic Branch Ration","الأعاشة الأساسية"
"Basic Branch Requisition Number","رقم الطلب الأساسي"
"Basic Branch Research","البحث الأساسي - البحث الأصلي"
"Basic Branch Tactical Unit","وحدة تعبوية أساسية"
"Basic Branch Unit Training","تدريب الوحدة الأساسي"
"Basic Branch WAR Plan","خطة الحرب الأساسية"
"Basis of Issue","قاعدة الصرف (الأساس المتبع للصرف بموجبه"
"Battalion","حسب جدول المعدات والتنظيم)"
"Battalion Combat Train","فوج"
"Battalion Landing Team","حملة قتال الفوج"
"Battery","جماعة انزال الفوج (برمائي)"
"Battery Acquisition Radar","بطارية"
"Battery Center","رادار ايجاد الهدف للبطارية"
"Battery Front","منتصف البطارية"
"Battery Ground Pattern","مواجهة البطارية"
"Battle Casualty","شكل توزيع البطارية - منظور"
"Battlefield Illumination","اضافة ميدان المعركة"
"Battlefield Illumination Recovery","انقاذ المندات من الميدان، اخلاء المندات من الميدان ."
"Battle Group","مجموعة قتال - مجموعة مقاتلة"
"Battle Group Landing Team","جماعة الأنزال لمجموعة القتال"
"Battle Group Map","خريطة المعركة"
"Battle Group Position","مواقع المعركة"
"Battle Group Reserves","احتياط المعركة (تموين وخلافه)"
"Battle Group Sight","ساعة المعركة (للأسلحة الصغيرة)"
"Bay","خليج"
"Beach capacity","(١) طاقة الأنزال على الشاطئ . (٢) سعة الشاطئ ."
"Beach Defense","دفاع الشاطئ"
"Beach Diagram","مخطط الشاطئ"
"Beach Diagram Dump","مستودع الشاطئ"
"Beachhead","رأس جسر الشاطئ"
"Beachhead Line","خط رأس جسر الشاطئ"
"Beach Marker","دليل الشاطئ (العلامة الدالة على الشاطئ)"
"Beach Marker Matting","فرش الحصار على الشاطئ (لمنع التغرير)"
"Beach Marker Obstacle","حاجز شواطئ - عائق"
"Beach Marker Organization","تنظيم الشاطئ (بربائي)"
"Beach Marker Party","جماعة الشاطئ"
"Beach Marker Reserves","احتياط الشاطئ (تموين)"
"Beach Marker Support Area","منطقة | سداد الشاطئ"
"Bearing","زاوية - أفقي"
"Beaten Zone","المنطقة الضريبية"
"Bench Mark","ملاحقته (للمساحة)"
"Billet","سكن"
"Binder","رباط - شريط"
"Biological Agents","مواد جرثومية"
"Biological Agents Operations","عمليات جرثومية"
"Biological Agents Warfare","الحرب الجرثومية - منظور - ٢/٥ - ٣.٤."
"Biological Weapon","سلاح جرثومي"
"Bivouac Area","منطقة التمسكر"
"Blast","عصف"
"Blast Effect","تأثير العصف"
"Blasting Cap","شمل"
"Blasting Cap Fuze","صمام العصف"
"Blasting Cap Machine","جهاز العصف"
"Blast Mark","أثر العصف"
"Blast Mark Wave","موجه العصف"
"Bleaching Material","مواد تطهير"
"Blind Bombing Zone","منطقة القذف المحظورة"
"Blister Gas","غاز منفط"
"Block , to","يسد ، يحجز حاجز"
"Blocking Force","قوة حاجزة"
"Blocking Force Position","موقع حاجز"
"Blowback","ارتداد اللهب"
"Bomb","قنبلة"
"Bombardment Photography","تصوير القذف"
"Bomb Line","خط القذف النبوي"
"Bomb Line Reconnaissance","اكتشاف القنابل غير المتفجرة"
"Bomb Line Release Line","خط اسقاط القنابل"
"Booby Trap","شرك خداعي"
"Boobytrapped Mine","لغم خداعي"
"Booking","تسجيل - حجز"
"Bottle Neck","عنق الزباجة"
"Bottom","قاع - اسفل - قاعدة"
"Bound","قفزة - وثبة"
"Boundry","حد"
"Bracket","قوس"
"Bracketing Correction","تصحيح التقييس (مدفعية)"
"Bracketing Correction Elevation","ارتفاع للتقييس"
"Branch","فرع - شعبة - سلاح"
"Branch Depot","مستودع فرعي (لأحد الأسلحة الفنية)"
"Branch Depot Qualified Officer","ضابط مؤهل في سلاح معين"
"Break of Contact","قطع الأتصال"
"Break Out","فك الحصار . التخلص التطويق"
"Breakthrough","اختراق"
"Bridgehead","رأس جسر"
"Budget Directive","توجيهات وضع الميزانية"
"Buffer Distance","المسافة الافقية بين نقطة الصفر ونقطة الصدم لزيادة الأمان (اسلحة نووية)"
"Build up","تقوية - تعزز - تنبع"
"Built up Area","منطقة مبنية"
"Bulk","جملة - أكثرية"
"Bulk Liquid Storage Space","فراغ تخزين السوائل بكمية كبيرة"
"Bulk Stock","التخزين بالجملة"
"Bulk Storage","التخزين بالجملة"
"Bulk Storage Supply","التسوق بالجملة"
"Bunker","دشة"
"Burial","دفن"
"Burst","انفجار - صليه"
"Burst Center","مركز الأنفجار"
"Burster","عبوة متفجرة (كماوية)"
"Burster Blocks","قوالب متفجرة"
"Burster Course","مانع خرساني (يعمل على تفجير القنابل خارج الدشة)"
"Burster Tube","أنبوب التفجير"
"Bursting Charge","عبوة متفجرة"
"Burst Interval","فاصل الانفجار"
"Burst Interval Range","مدى الأنفجار"
"Burst Interval Wave","موجه الأنذار"
"Burst Interval Point of","نقطة الأنفجار"
"Butt Strok","ضربة الأخص (في الألتحام) - منظور"
"Cable Block","حاجز سلكي للطرق - عائق"
"Cadastral Map","خريطة تفصيلية"
"Cadre","كادر - نظام - نواء - ملاك"
"Cadre Strength Column","خانة أو حقل الملاك (في جداول الأفراد)"
"Caliber","عيار أو قطر (البطانة أو القذيفة)"
"Calibration","معايرة للأسلحة ، تضبيب اللاسلكي"
"Calibration Corrections","تصحيحات المعايرة"
"Call","نداء - طلب . استدعاء"
"Call Fire","نيران عند الطلب (غير مسجلة)"
"Call Mission","مهمة عند الطلب (مهمة اسناد طيران غير مسبقة التخطيط)"
"Call Off","عدوا (إيملق) عد - يبطل - يلغي"
"Call Sign","يسير النداء (في اللاسلكي)"
"Call Sign Up","نداء تنبيه (للأتصال من محطة لاسلكية لأخرى)"
"Camouflage Discipline","ضبط التنبيه"
"Camp","مخيم"
"Campaign","حملة"
"Campaign Plan","خطة الحملة"
"Canalize","يحصر"
"Cannibalize","يستصلح (معدات) يكمل - يصلح آلة أو عربة بتفكيك ما يحتاج اليه ، - لآلة أخرى (تشليح)"
"Cannon","سدفع"
"Cannoneer","مدفعي"
"Canopy","سطح المظلة الواقي"
"Cap","غطاء ، كبسولة ، مغلاق ، كمرة ، قلنسوة ، غطاء الرأس ، رأس المقذوفة قفل طبعة ."
"Capabilities","امكانيات - قدرات"
"Capture","يأسر - (افراد) يستولي على (معدات) يحتل (أرض)"
"Cargo Capacity","مقدار الحمولة"
"Care of Supplies in Storage","العناية بالتموينات المخزنة"
"Cango Classification(Combat Loading) تصنيف الحمولة (في التحميل للقتال)","منظور - ٢/٥ - مطبوع"
"Carrier Frequency ذبذبة حاملة - تردد حامل Striking Force قوة ضارية بصرية ( مجموعة قطع بحرية)","مشكلة لواجب خاص بما فيها حاملات الطائرات وسفن مائلة للساندة)"
"Center مركز Error مركز خطأ الانفجار","مطبوع - ٢/٥ - محطة"
"Center of Dispersion","مركز الانتشار"
"Certificate for Decoration","براءة وسام"
"Certificate for Decoration of Achievement","شهادة تقدير"
"Certificate for Decoration Proficiency","شهادة اختصاص . شهادة كفاءة"
"Certificate for Decoration Service","شهادة خدمة"
"Chain of Command","تسلل القيادة"
"Chain of Command Evacuation","تسلل الاختلاء"
"Challenge","اعتراض . تحدى . تجرش ."
"Challenge and Reply","اعتراض وطلب الاجابة (في الحراسة او بين محطتين - لا سلكتين ) .. التحقق من الهوية ."
"Change:","تغيير . تبديل . تعديل ."
"Channel","تسلل المرجع . قناة"
"Characteristics , Military","الخصائص العسكرية"
"Characteristics , Military , Operational","خصائص العمليات"
"Characteristics , Military , Physical","الخصائص الطبيعية . الخصائص الفعلية"
"Characteristics , Military , Technical","الخصائص الفنية"
"Chart Direction of Wind زاوية اتجاه الريح (زاوية انقية تقاس باتجاه عقرب الساعة","من خط النيران الى اتجاه الريح ويمكن قياس هذه الزاوية بطرح اتجاه الري من اتجاه الريح)"
"Check Point","نقطة مراجعه"
"Check Point Register","سجل المراجعة"
"Chemical Agent","مادة كيميائية"
"Chemical Agent Ammunition","ذخيرة كيميائية"
"Chemical Agent , Biological & Radio-logical Center(CBRC)","مركز المواد الكيميائية والجرثومية والاشعاعية"
"Chemical Bomb","قنبله كيميائية"
"Chemical Bomb Exposure","التعرف للكيماويات"
"Chemical Bomb Mine","لغم كيميائي"
"Chemical Bomb Officer","ضابط كيماويات"
"Chemical Bomb Projectile","مقدوف كيميائي"
"Chemical Bomb Security","الامن ضد الكيماويات"
"Chemical Bomb Spray","رش الكيماويات"
"Chemical Bomb Warfare","الحب الكيماوية - محطة"
"Chemical Weapon","سلاح كيماوي"
"Cipher Device","جهاز الشيفرة"
"Cipher Device Equipment","معدات الشيفرة"
"Cipher Device Machine","آلة الشيفرة"
"Cipher Device System","نظام الشيفرة"
"Cipher Device Text","نص الشيفرة"
"Circuit","دورة"
"Circular","(١) نشرة (٢) ستدير. دائري - تعميم"
"Circular Error Probable(CEP)","الخطأ الدائري المحتمل"
"Circular Scanning","مسح دائري (رادار)"
"Circulation Control","مراقبة حركة المرور"
"Civil Affairs","الشئون المدنية"
"Civil Affairs Agreement","معاهدة الشئون المدنية"
"Civil Affairs Officer","ضابط الشئون المدنية"
"Civil Affairs Unit","وحدة ---"
"Civil Affairs Defense","الدفاع المدني"
"Civil Affairs Disturbance","اضطرابات الأمن"
"Civil Affairs Personnel Management","ادارة الأفراد المدنيين"
"Civil Affairs Requirements","احتياجات المدنيين"
"Claim","ادعاء - مطالبة"
"Claims Officer","ضابط الادعاء"
"Class I","الصنف الأول - اعاشه -"
"Class I II","الصنف الثاني - المعدات المصرح بها -"
"Class I III","الصنف الثالث - محروقات -"
"Class I IV","الصنف الرابع - المواد غير المسجلة بجدول المعدات والتنظيم -"
"Class I V","الصنف الخامس - ذخيرة -"
"Class I I Supply Point","نقطة تموين الصنف الأول"
"Class I II","نقطة تموين الصنف الثاني"
"Class I III","نقطة تموين الصنف الثالث"
"Class I IV","نقطة تموين الصنف الرابع"
"Class I V","نقطة تموين الصنف الخامس"
"Classification","تصنيف (تصنيف درجات السرية)"
"Classification of Chemical Agents","تصنيف المواد الكيماوية"
"Classified Matter","مادة أو معلومات لها درجة معينتين السرية"
"Classified Matter Contract","عقد له درجة معينة من السرية"
"Classify , To","يصنف"
"Clear","واضح . بيّن . مفهوم . إخلاء السلاح"
"Clearance","إخلاء طرف . إخلاء ميدان الري . تصريح"
"Clearing (Casualties)","إخلاء ( الخسائر )"
"Clearing (Casualties) Station","محطة إخلاء"
"Clearing (Casualties) Unit","وحدة إخلاء"
"Clinical Record","سجل طبي"
"Close","قريب . منضم . مغلق"
"Close Air Support","ساندة جوية قريبة"
"Close Column","رتل منضم"
"Close Column Cambat","قتال قريب"
"Close Contral Radar","رادار المراقبة القريبة"
"Closed Area","منطقة مغلقة ( مغلقة )"
"Close Defensive Fire","نيران دفاعية قريبة"
"Closed Traverse","مخطط طريق مغلق"
"Close Interval","فاصل قريب"
"Close March","انضم ( ايعاز ) مسير منضم أو متقارب"
"Close Ranks","ضم الصفوف ( ايعاز ) صفوف منضمة أو متقاربة"
"Close Support","ساندة قريبة"
"Close Support Mission","مهمة اسناد قريب"
"Close Support Mission Air Support","ساندة جوية قريبة"
"Close with the Enemy, To","يلتحم مع العدو"
"Coastal Zone","منطقة ساحلية"
"Coast Defense","دفاع ساحلي"
"Code","رمز . اصطلاح"
"Cold War","الحرب الباردة"
"Collecting Point","نقطة تجميع"
"Collecting Point Station","محطة تجميع"
"Collective","اجمالي . جماعي"
"Collective Call Sign","نداء جماعي"
"Color","علم . راية"
"Color Band","شريط ملون (لتعزيز الذخيرة)"
"Color Guard","حرس العلم"
"Color Salute","تحية العلم"
"Column","رطل . عمود . حقل"
"Combat","قتال"
"Combatant","مقاتل . محارب"
"Combat Area","منطقة قتال"
"Combat Arm","سلاح قتال"
"Combat Crew","طاقم قتال"
"Combat Developments","تطورات القتال"
"Combat Developments System","جهاز تطوير القتال"
"Combat Developments Drill","تدريب على القتال"
"Combat Developments Echelon","وحدة قتال"
"Combat Developments Element","عنصر قتال"
"Combat Developments Exercise","تمرين القتال"
"Combat Developments Exhaustion","انهاك القتال"
"Combat Developments Firing Practice","تمرين رعاية القتال"
"Combat Developments Forces","قوات مقاتلة"
"Combat Developments Formations","تشكيلات قتال"
"Combat Developments Intelligence","استخبارات قتال"
"Combat Developments Jump","القفز للقتال"
"Combat Developments Liaison","ارتباط القتال"
"Combat Developments Load","حمولة القتال"
"Combat Developments Operations Center","مركز عمليات القتال"
"Combat Developments Orders","أوامر القتال"
"Combat Developments Outpost","نقطة قتال خارجية"
"Combat Patrol","دورية قتال"
"Combat Phase","مرحلة قتال"
"Combat Proficiency Tests","اختبارات كفاءة القتال"
"Combat Reconnaissance","استطلاع قتال"
"Combat Support","إسناد قتال"
"Combat Support Elements","عناصر إسناد القتال"
"Combat Service Support","الإسناد الإداري للقتال"
"Combat Support Troops","وحدات إسناد القتال"
"Combat Surveillance","مراقبة ميدان القتال (مراقبة مستمرة دون توقف)"
"Combat Survival","المحافظة على الحياة في القتال"
"Combat Train","قافلة قتال (للتموين)"
"Combat Troops","قطعات مقاتلة"
"Combat Unit","وحدة قتال"
"Combat Vehicle","عربية قتال"
"Combat Zone","منطقة قتال"
"Combination Vehicle","عربية قاطرة ومقطورة"
"Combined","مشتركة"
"Combined Arms","أسلحة مشتركة"
"Combined Force","قوة مشتركة"
"Combined Operation","عملية مشتركة (بين أكثر من دولة)"
"Combined Training","تدريب مشترك"
"Command","أسر ، قيادة ، سلطة ، تشكيل ، سيطرة ، قيادة عسكرية"
"Command and Staff College","كلية القيادة والإركان"
"Commander's Concept","فكرة قائد العملية"
"Commander's Evaluation Report","تقرير تقدير القائد"
"Command Group","مجموعة القيادة"
"Command Liaison","ارتباط القيادة"
"Command Maintenance Inspection","تفتيش القيادة للعيانة"
"Command Net","شبكة القيادة"
"Command of Execution","قيادة تنفيذية - إيعاز الإجراء"
"Commando","فدائي"
"Commando Operations","عمليات الفدائيين"
"Complement","تكملة - تتمة"
"Complete Penetration","اختراق تام"
"Component","عنصر - جزء"
"Computer","آلة حاسبة"
"Concealment","اخفاء"
"Concentration","تركيز - تجميع - حشد"
"Concept of Operations","فكرة العمليات"
"Conduct of Fire","ادارة النيران"
"Conference Call","نداء الاجتماع - طلب الاجتماع"
"Confinement","اعتقال تحديد"
"Consolidation of Position","تعزيز أو تقوية الموقع"
"Consolidation Psychological","التميز بالحرب النفسية"
"Constitute","ينظم - يكون - يقيم"
"Contact Patrol","دورية اتصال"
"Contingency Plan","خطة الطوارئ - خطة طارئة"
"Continuous Fire","نيران مستمرة"
"Contour Interval","الفاصل المكتوري"
"Contracting Officer","ضابط التعاقد"
"Control","ادارة - سيطرة - مراقبة"
"Control and Reporting Center","مركز السيطرة والتبليغ - (عمليات جوية)"
"Controlled Firing Area","منطقة رمي تحت السيطرة"
"Confidential Information","معلومات معطورة"
"Controlled Materials","مواد مفيدة - مواد مراقبة"
"Controlled Materials Mine","لغم يفجر عن بعد"
"Controlled Materials Mosaic","صور جوية مدمجة"
"Controlled Materials Net","شبكة مفيدة"
"Control Measures","إجراءات السيطرة. إجراءات المراقبة"
"Control Measures Officer","ضابط السيطرة"
"Control Measures Point","نقطة مراقبة - نقطة سيطرة"
"Control Measures Zone","منطقة سيطرة"
"Convalescent Center","مركز نقاعة"
"Convalescent Center Patient","مريض في حالة النقاعة"
"Convoy","قافلة"
"Coordinated Defense","دفاع منسق"
"Coordinate Scale","بطاقة إحداثيات"
"Coordinate Scale System","نظام إحداثي"
"Coordinating Points","نقاط التنسيق"
"Coordinate With","نسق مسح"
"Corps","فيلق - سلاح"
"Corrected Azimuth","زاوية مصححة - (معدلة)"
"Corrected Deflection","انحراف مصحح (معدل)"
"Corrected Deflection Elevation","ارتفاع مصحح (معدل)"
"Corrected Deflection Range","مدى مصحح (معدل)"
"Correction","تصحيح - تضبيب - تعديل"
"Corrector.","مصحح"
"Correspondent","مراسل - مطابق - موافق"
"Correspondent , Newspaper","مراسل صحفي"
"Correspondent , War","\" حربي"
"Corridor","مسر"
"Counter Attack","هجوم ضاد"
"Counterbattery Fire","نيران القصف الضاد"
"Counterbattery Fire Officer","ضابط القصف الضاد"
"Counterbombardment","القصف الضاد"
"Counterespionage","كافحة الباسوسية - جاسوسية ضادة"
"Counterfire","نيران ضادة - ربي ضاد"
"Counterintelligence","استخبارات ضادة"
"Countermeasures","اجراءات ضادة"
"Countermining","تفجير الغام بالغام اخرى"
"Countersurveillance","مراقبة ضادة - تفتيش ضاد"
"Course of Action","طريقة الحل"
"Court Martial","مجلس عسكري - محكمة عسكرية"
"Court Martial of Inquiry","مجلس تحقيق"
"Court Martial Military Appeals","محكمة الاستئناف العسكرية"
"Cover","غطاء - تستر - ستار"
"Covered Approach","اقتراب مستور"
"Covered Approach Movement","تحرك مستور"
"Covering Barrier","مانع ساتر"
"Covering Barrier Fire","نيران ساترة"
"Covering Barrier Force","قوة ساترة"
"Craft","مركبة - زئبق"
"Crater","فوسنة - حفرة"
"Crater Analysis","تسلسل موقع انفجار القذيفة"
"Cratering Charge","صيانة عمل الحفر"
"Crawl Trench","خندق زحف للأعمال"
"Creeping Barrage","غلالة زاحفة"
"Crest","قمة"
"Crest Clearance","اخلاء القمة"
"Crest Graph","اداة تخطيط اخلاء القمة"
"Military Crest","القمة العسكرية"
"Topographical , Crest","القمة الطوبوغرافية"
"Grow Served Weapons","الأسلمة ذات الطاقم"
"Critical Altitude","الارتفاع الحرج (الخطر)"
"Cross Compartment","طبه ارض"
"Cruising Altitude","الارتفاع المقرر للطيران - الارتفاع الحرج به للطيران"
"Crypto","رمز اصطلاحي"
"Crystal","بلوري"
"Culvert","برج جسيم - قناة تحت بورغ"
"Curfew","منع التجول"
"Current","تيار - جري - دارج"
"Current Consumption","استهلاك التيار"
"Air, Current","تيار هوائي - تيار جوي"
"Current Alternating a.c.","تيار متغير - تيار متناوب"
"Direct Current D.C.","تيار مستر"
"Current Down","تيار هابط"
"Curtain","ستار - ستارة - ستر - حجاب"
"Curtain of Fire","منسنى . منعطف"
"Curve","توقيف - ايقاف - اعتقال"
"Custody","يقطع"
"Cut","يحز - يحزز - يفرز"
"Cut Away, to","يخفف - ينقص - يخفف"
"Cut Down , to","يقاطع الحديث . يعترض"
"Cut in , to","حذف - قطع الغنى"
"Cut off , to","حسم - قطع - حذف - ابطل - قاس"
"Cut Out , to","قاطع - سكين - شفرة"
"Cutter","دورة - ذبذبة - دراجة"
"Cycle","اسطوانة"
"Cylinder","٢/٥ - مطبوع"
"Decision","قرار"
"Declassify , To","يرفع السرية"
"Declination","انحراف"
"Declination Constant","الأنحراف الثابت"
"Declination Constant Protractor","منطقة الأنحراف"
"Decontamination","تظهرها لأنحراف"
"Dedinator","مقياس الأنحراف"
"Defense Acquisition Radar","رادار إيجاد الأهداف في الدفاع"
"Defense Acquisition Radar Area","منطقة الدفاع"
"Defense Acquisition Radar in Depth","الدفاع بعمق"
"Defense Acquisition Radar Information","معلومات عن الدفاع"
"Defense Acquisition Radar in Place","الدفاع عن الموضع"
"Defense Acquisition Radar Plan","خطة الدفاع"
"Defensive Grenade","قنبلة يدوية دفاعية"
"Defensive Grenade Minefield","حقل الخام دفاعي"
"Defensive Grenade Position","موقع دفاعي"
"Defensive Grenade Zone","منطقة دفاعية"
"Deficiency","نقص - عجز - قصور"
"Defilade","ستر - استتار"
"Deflection","انحراف"
"Deflection Probable Error","خط الأنحراف المحتمل"
"Deflection Scale","مقياس الأنحراف"
"Delay Action","مفعول متأخر"
"Delayed Action Bomb","قنبلة بطيئة"
"Delayed Action Bomb Mine","لغم موقوت"
"Delayed Action Bomb Contact Fire","صاعق لغم بطيء"
"Delay on Route","تأخر - (ساعة طريق)"
"Delay Fuze","صام بطيء - صام تأخير"
"Delaying Action","عملية أعاقة"
"Delaying Action Position","موقع أعاقة - مطبوع - ٢/٥ - حـطـور"
"Delibrate Defense","دفاع مدبر"
"Delibrate Defense Field Fortifications","تحصينات ميدان مدبرة"
"Delibrate Defense Fire","نيران مدبرة"
"Delivery Error","خطأ الأطلاق"
"Demolition","نسف"
"Demonstration","بيان عملي"
"Density","كثافة"
"Dental Surgeon","جراح أسنان"
"Deny the Enemy, To","يحرم العدو من"
"Department","ادارة - مصلحة - وزارة"
"Department of Defense","وزارة الدفاع (( اصطلاح أمريكي ))"
"Departure Airfield","مطار المغادرة"
"Deploy , To","تنوع - ينتشر . يزرع . ( كميكياً )"
"Deployment","توزيع انتشار"
"Depot","ستودع عام"
"Depot Maintenance","صيانة القاعدة"
"Depot Repair","اصلاح القاعدة"
"Depot Support","اسناد من ستودع القاعدة"
"Depth Bomb","قنبلة أعماق"
"Desert Operation","عملية صحراوية"
"Design","تصميم - رسم"
"Designation","تعيين - تعيين - تسمية"
"Designation of Objective","تعيين الهدف"
"Designer","مصم - رسام"
"Despatch","ارسال"
"Destination","جبهة الوصول"
"Destroy, To","يدمر - يحطم"
"Destroyer","مدمرة - مدمر"
"Destruction","تدبير"
"Destructive Fire","نيران تدبيرية - حـطـور - ٢/٥ - حفظ"
"Detach, To","يفرز - يفصل -"
"Detachment","مفرزة"
"Determine, To","يعين - يحدد - يصم"
"Detonate, To","يفجر - يصم - يلهب"
"Detonating Cord","حبل التفجير"
"Detonating Cord Explosive","تفجر صاعق"
"Detonating Cord Puzé","صمم التفجير - طبة تفجير"
"Detonator","مفجر"
"Detour","منعطف - عطفه - دورة"
"Detrain","ينزل من القطار - يفرغ من القطار"
"Detrucking Point","نقطة النزول من العربات"
"Development","تطور - تطوير - تحميض الأفلام"
"Diameter","قطر دائرة"
"Diary, Military","بوميات أو مذكرات عسكرية"
"Difference","فرق - أختلاف"
"Difference , Azimuth","فرق الزاوية"
"Difference , Temperature","فرق درجة الحرارة"
"Direct Command Procedure","إجراءات الأوامر المباشرة (في عربي)"
"Direct Communication","الأتصال المباشر (بين الأفراد أو الأجهزة اللاسلكية)"
"Directed Net","شبكة لاسلكية مقيدة"
"Direct Fire","نيران مباشرة - رمي مباشرة"
"Direct Fire Hit","إصابة مباشرة"
"Directing Point","نقطة توجيه - نقطة أساسية"
"Direction Board","لوحة التوجيه"
"Directives","توجيهات"
"Direct Laying","توجيه مباشر ( أسلحة )"
"Direct Laying Observation","ملاحظة مباشرة"
"Director","مدير - موجه - ضغط مباشر - حفظ - ٢/٥"
"Direct Pressure","ضغط مباشر"
"Direct Pressure Support Artillery","مدفعية الأسناد المباشر"
"Direct Pressure Fire","نيران الأسناد المباشر"
"Direct Pressure Unit","وحدة الأسناد المباشر"
"Disciplinary Action","اجراء تأديبي"
"Disciplinary Action Barracks","السجن العسكري"
"Discipline","الضبط نظام"
"Disengage , To","يتوقف عن الاشتباك"
"Dismiss","انصراف ( ايعاز) طرد"
"Dismount Point","نقطة الترييل"
"Dispensary","مستوصف"
"Disposition","انتظام - نشر"
"Displacement","المتقال - تغيير"
"Disposition","ترتيب - توزيع - تنظيم"
"Distant Reconnaissance","استطلاع بعيد المدى"
"Distribution Area","منطقة التوزيع"
"Distribution Point","نقطة التوزيع"
"Distribution Depot (Jeneral Depot)","مستودع التوزيع"
"District","مقاطعة"
"Dive Bombing","قصف الانقضاض"
"Divesion","فرقة"
"Diversionary Attack","هجوم تضليلي"
"Division Artillery","مدفعية الفرقة"
"Doctrine","عقيدة"
"Domestic Emergencies","الطوارئ المحلية"
"Dominant Terrain","أرض سيطرة"
"Double Envelopment","تطويق مزدوج"
"Down Time","فاصل زمني"
"Down Time Wind","تحت الرياح - مع الرياح"
"Drift Meter","مقياس التيار الهوائي ( طيران )"
"Drill Ammunition","ذخيرة تدريب"
"Drill Call","حفظ"
"Drone","نداء بالبروجي (للتدريب)"
"Drop Altitude","مركبة (اجمه - مائية) توجه باللاسلكي (هدف)"
"Drop Kit","ارتفاع الأسقاط"
"Drop Kit Message","معدات الأسقاط"
"Drop Kit Techniques","رسالة - سقطة"
"Drop Kit Zone","طرق الأسقاط"
"Drum Exchange","منطقة الأسقاط"
"Dummy Position","تبديل البراميل (تموين الوقود)"
"Dummy Position Projectile","موقع هيكلي"
"Duty Officer","مقد وف هيكلي"
"Duty Officer Roster","الضابط المناوب"
"Dynamic","سجل المناوبة"
"Dynamic Pressure","حركي - ديناميكي"
"Dynamite","ضغط حركي - ضغط ديناميكي"
"Dynamo","ديناميت"
"Easting","الشرقيات ( قيمة الأحداث باتجاه الشرق أن من اليسار إلى اليمين ) ( قراءة الخرائط )"
"Echelon","مرحلة . خط . نسق . فرع . رئاسة فرعية . وحده ."
"Echelonment","تنسيق . ترتيب . تدرج . توزيع . غر--"
"Echelonment of Command","تدرج القيادة . تقسيم القيادة"
"Echelonment of Command Supplies","تدرج التوجيهات"
"Echelon , Service","فرع الخدمات ( في التشكيل )"
"Echelons of Maintenance","خطوط الصيانة"
"Echo","صدى"
"Economic","اقتصادي"
"Economic Potential","طاقة اقتصادية"
"Economic Warfare","حرب اقتصادية"
"Economy of Force","الاقتصاد في القوة"
"Effective Beaten Zone","منطقة الضرب المؤثر"
"Effective Beaten Zone Range","المدى المؤثر"
"Effective Beaten Zone Wind","الربح المؤثرة"
"Electrical Interception","تداخل كهربائي"
"Electrical Interception Deception","خداع إلكتروني"
"Electrical Interception Intelligence","استخبارات إلكترونية"
"Electrical Interception Modulation","تعديل إلكتروني"
"Electrical Interception Reconnaissance","استطلاع إلكتروني"
"Electrical Interception Security","أمن إلكتروني"
"Electrical Interception Warfare","حرب إلكترونية"
"Element","عنصر"
"Elements , Attack","عناصر الهجوم"
"Elements , Attack , Combat","عناصر القتال"
"Elements , Attack , Contact","عناصر الاتصال"
"Elements , Attack , Delay","عناصر الإعاقة"
"Elements , Attack , Ground Reconnaissance","عناصر الاستطلاع الأرضي"
"Elements , Attack , Holding","عناصر تثبيت"
"Elements , Attack , Security","عناصر الأمن"
"Element, Time","عنصر الزمن - الوقت"
"Elevation Circle","دائرة الأرتفاع (مدفعية)"
"Elevation Circle Indicator","دليل الأرتفاع (مدفعية)"
"Elevation Circle Scale","مقياس الأرتفاع (مدفعية)"
"Elevation Circle Stop","حابس الأرتفاع (مدفعية)"
"Elevation Circle Table","جدول الأرتفاع"
"Embarkation","تحميل . شحن - ركوب."
"Embarkation Area","منطقة التحميل - منطقة الركوب."
"Embarkation Element","عنصر التحميل - عنصر التركيب لركوب"
"Embarkation Group","مجموعة التحميل . مجموعة الركوب"
"Embarkation Officer","ضابط الشحن . ضابط الترحيل"
"Embarkation Order","أمر الشحن . أمر الأركاب"
"Embarkation Team","جماعة الركوب"
"Embarkation Unit","وحدة الركوب"
"Emergency Medical Tag","بطاقة طبية للحالات الطارئة"
"Emergency Medical Tag Treatment","معالجة طبية للحالات الطارئة"
"Emergency Medical Tag Unit","وحدة طبية للحالات الطارئة"
"Emergency Medical Tag Message","رسالة طارئة . رسالة فورية"
"Emergency Medical Tag Rations","اعاشات طوارئ"
"Emergency Medical Tag Replenishment Time","فترة التعويض بالتمرينات الطارئة"
"Emission","ارسال . بث . اذاعة"
"Emplacement","مريض"
"Employment","استخدام . وظيفة . توظيف . استعمال"
"Encipher","يشفر . يكتب بالرموز"
"Enciphered Code","رمز . مشفر"
"Encircling Force","قوة تطويق"
"Encode","يكتب بالرموز"
"Encrypt","يكتب بالشفرة"
"Encrypted Text","نص مشفر"
"Endanger, To","يخاطر - يعرض للخطر"
"Endurance","تحمل - مقاومة - جلد"
"Enemy Capabilities","امكانيات العدو"
"Energy","طاقة - قدرة - نشاط - عزم"
"Energy of the Blow","قوة الضربة - قوة اللطمة"
"Energy of the Blow , High-Frequency","طاقة علنية التردد"
"Energy of the Blow , Potential","طاقة الجهد - طاقة كافية"
"Enforce","يلزم - يُرغم"
"Enforcement","الزام - ارغام"
"Engage","يشتبك - يربط - يوصل - يخطب (للزواج)"
"Engage a Target , To","يشتبك مع هدف"
"Engage into Action, To","شرع في القتال - يشتبك في القتال"
"Engaged","يشتبك - مربوط - موصول - مشغول"
"Engagement","اشتباك - زج - قتال - التحام"
"Engagement Aircraft","لمائرة الأشتباك"
"Engagement , Meeting","اشتباك المصادمة - قتال لمصادمة"
"Engine","آلة - محرك - ماكينة"
"Engineer","مهندس"
"Engineer , Corps of","سلاح المهندسين"
"Engineered Performance Standard","مستوى الانجاز الهندسي"
"Engineering Circuit","دائرة اختبار ( معدات اشارة )"
"Engineering Circuit Test","اختبار هندسي"
"Engineer , Aeronautical","مهندس طيران"
"Engineer , Aeronautical , Chemical","مهندس كيماوي"
"Engineers , Combat","مهندس القتال - مهندس سوية مقاتلة تلوية"
"Engineer, Electrical","مهندس كهربائي"
"Enlisted Person","مجند - جندي"
"Enlistment","تمديد"
"Enlistment Record","سبيل التجنيد"
"Entanglement","تشابك - عرقلة"
"Entanglement , Fire","شبكة أسلاك شائكة"
"Entrenchment","مطبوع"
"Envelop","خندق - استحكام"
"Envelopment","بطوق"
"Environmental Research","تضويل"
"Equipment","ابحاث البيئة"
"Equipment Reserve","معدات"
"Equivalent Airspeed","احتياط المعدات"
"Error","سرعة الريح الكافية (المحادثة)"
"Escape","خطأ. خلط"
"Escapee","هرب . فرار . تسرب"
"Escort","هارب من الأسر"
"Escort of the Color","حرس . حراسة . مرافقة"
"Escort Ship","حرس المعلم"
"Espionage","سفينة حراسة"
"Essential Elements of Information","نجس - جاسوسية"
"Espirit De Corps","العناصر الجوهرية للمعلومات. عناصر"
"Establishment","المعلومات الأساسية."
"Estimate of the Situation","حب الوحدة."
"Evacuation","مؤسسة منشأة."
"Evacuation of Casualties","تقدير الموقف"
"Evacuation of Casualties Policy","اخلاء - جلاء"
"Evacuee","اخلاء الخسائر"
"Evaluation","سياسة الأخلاء"
"Evaluation of Information","محلي"
"Evasion and Escape","تقييم"
"Examination","تحليل - تقييم المعلومات"
"Examiner","البرمجة والهرب"
"Excess Stock","فحص - امتحان . اختبار"
"Excess Stock Supplies","فحص . مختبر"
"Exchange","مطبوع"
"Exchange Basis, On an","تبادل - تبديل - تحويله - صرف"
"Exchange Of Prisoners","على أساس التبادل"
"Execution","تبادل الأسرى"
"Executive Officer","تنفيذ . إنجاز - إعدام"
"Exemption","ضابط التنفيذ"
"Exercise","إعفاء . استثناء"
"Exercise Commander","تمرين - مناورة - يمارس"
"Exhaust","تأخذ التمرين - مدير المشروع"
"Exhaustion","المقدم (شكنان)"
"Exhibition","تعب . إرهاق . استنفاد القوة"
"Expand , To","معرض . عرض . إظهار"
"Expansion","ينبسط - يتوسع - يمتد"
"Expedite","بسط - إقناع . توسع . توسيع . امتداد"
"Expedition","يسير . بمجل . يحث . يسرع"
"Expendable","بعثة . حملة . تجريدة"
"Expendable Supplies & Materials","ستهلك"
"Expendable , Men","التمرينات والمواد المتهلكة"
"Expenditure","التمرينات والمواد الغير متهلكة"
"Experience","صرف . استهلاك"
"Expert","تجربة . خبرة"
"Exploitation","خبير . ماهر"
"Explosion","استغلال النجاح"
"Explosive Charge","انفجار"
"Expose, To","عبوة متفجرة"
"Exposed Flank","يعرض - يكشف"
"Exposure","جناح معرض . جناح كشوف"
"Extended Defense","تعرض . كشف . إظهار"
"Extent","دفاع منتشر"
"Extension","مدى . إقناع . امتداد"
"Extra","توسيع - توسعة . سد"
"Extract","زائد . إضافي"
"Extraction","ملخص . اقتباس"
"Extractor","استخلاص . اقتباس"
"Facility","مرفق . وسيلة . تسهيل"
"Facsimile","جهاز ارسال الصور والمخططات"
"Factor","أس . عامل . معامل"
"Fallout","انصراف . غبار ذرى"
"Fallout","شكل الغبار الذرى"
"Fallout Pattern","هيئة الغبار الذرى"
"Feature , Terrain","الهيئات الطبيعية"
"Feint","خدعة . حبلة"
"Feint Attack","هجوم مضادع"
"Field Army","جيش الميدان"
"Field Army Artillery","مدفعية الميدان"
"Field Army Direct Support Weapons","أسلحة مدفعية الميدان للأسناد المباشر"
"Field Artillery General Support Weapons","أسلحة مدفعية الميدان للأسناد العام"
"Field Artillery Observer","ملاحظ مدفعية الميدان"
"Field Artillery Observer Survery","مساحة لمدفعية الميدان . المسح لمدفعية الميدان"
"Field Control","ضبط مسحي (للخرائط والأرض)"
"Field Exercise","تمرين ميداني"
"Field Exercise Expedients","وسائل الميدان المبتكرة"
"Field Exercise Hospital","مستشفى الميدان"
"Field Exercise Maintenance","صيانة الميدان"
"Field Medical Card","بطاقة طبية ميدانية"
"Field Medical Card Record","سجل طبي ميداني"
"Field Medical Card Mess","مطعم ميدان"
"Field Medical Card of Fire","مجال الرمي . حقل الرماية"
"Field Medical Card Ration","أعاشة ميدان"
"Field Medical Card Sanitation","وقاية صحية ميدانية"
"Field Medical Card Service Regulations","أنظمة الخدمات الميدانية / أنظمة خدمات الميدان"
"Field Medical Card Supply","تمرين الميدان"
"Field Medical Card Train","قافلة ميدان"
"Field Medical Card Wire","سلك ميدان"
"Final Bomb Release Line","خط القصف النهائي ( طائرات )"
"Final Bomb Release Line Objective","الهدف النهائي"
"Final Bomb Release Line Protective Line","خط الحماية النهائي"
"Final Bomb Release Line Defensive Fire","النيران الدفاعية النهائية"
"Finance Officer","الضابط المالي - ضابط المحاسبة"
"Fire","نيران - رماية - ارم - ارم - ارم - ارم - ارم - ارم - ارم - ارم - ارم - ارم - ارم - ارم - ارم - ارم - ارم - ارم - ارم - ارم - ارم - ارم - ارم - ارم - ارم - ارم - ارم - ارم - ارم - ارم - ارم - ارم - ارم - ارم - ارم"
"Fire Distribution","توزيع النيران"
"Fire & Maneuver","النيران والمناورة"
"Fireball","كره نارية"
"Fire Bombs","قنابل حريق - قنابل حارقة"
"Fire Bombs Control","السيطرة على الرمي - السيطرة على النيران"
"Fire Bombs Equipment","معدات السيطرة على النيران أو الرمي"
"Fire Bombs Radar","إنذار مراقبة النيران"
"Fire Bombs System","جهاز مراقبة النيران"
"Fire Bombs Coordination","تنسيق النيران"
"Fire Bombs Line","خط تنسيق النيران"
"Fire Bombs Direction","توجيه النيران"
"Fire Bombs Center","مركز توجيه النيران"
"Fire Bombs Net","شبكة توجيه النيران"
"Fire Bombs Discipline","ضبط للنيران - الحري"
"Fire , Enterdiction","نيران تحريم"
"Fire , Enterdiction Fight","قتال بالنيران - تراشق بالنيران"
"Fire , Enterdiction For Adjustment","نيران تضبط - رمي تضبط"
"Fire , Enterdiction Effect","رمي للتأثير"
"Fire , Enterdiction , Flanking","نيران جانبية"
"Fire , Enterdiction , Frontal","نيران امامية - نيران جبهة"
"Fire , Enterdiction , Grazing","نيران حاصدة"
"Fire , Enterdiction , Harassing","نيران ازعاج"
"Fire , Enterdiction Lane","ممر نيران"
"Fire , Enterdiction Message","رسالة طلب نيران - رسالة طلب رمي"
"# Fire Mission","مهمة رمي"
"# Fire Mission Plan","خطة النيران"
"# Fire Mission Power","قوة النيران"
"# Fire Mission Umbrella","مظلة نارية"
"# Fire Mission Superiority","تفوق بالنيران - تفوق النيران"
"# Fire Mission Support","الاسناد بالنيران"
"# Fire Mission Area","منطقة الاسناد بالنيران"
"# Fire Mission Coordination Center","مركز تنسيق الساندة بالنيران"
"# Fire Support Coordination Line","خط تنسيق الساندة بالنيران"
"# Fire Support Coordination Line Group","مجموعة الاسناد بالنيران"
"# Fire Support Coordination Line Plan","خطة الاسناد بالنيران"
"# Fire Support Coordination Line Sector","قطاع الاسناد بالنيران"
"# Fire Support Coordination Line Task","واجب رعاية"
"# Fire Support Coordination Line Trench","خندق رمي"
"# Fire Support Coordination Line Unit","وحدة نيران"
"# Fire Support Coordination Line Aralyzer","جهاز تحليل وحدة الرمي"
"# Firing Battery","بطارية الرمي"
"# Firing Battery Chart","لوحة الرمي"
"# Firing Battery Data","بيانات الرماية - معطيات الرمي"
"# Firing Battery Device","اداة اطلاق النيران"
"# Firing Battery Pin","القادح - ابرة الرمي"
"# Firing Battery Position","موقع الرمي"
"# Firing Battery Table","جدول الرماية"
"# First Aid","اسماف اولي"
"# First Aid Call","نداء اولي"
"# First Aid Light","اول ضوء"
"# First Aid Strike","الضربة الاولى"
"# Fiscal Year","السنة المالية"
"# Fixed Ammunition","ذخيرة متصلة"
"# Flame Thrower","قاذف لهب"
"# Flank Guard","حرس جانبي"
"# Flanking Attack","هجوم جانبي"
"# Flanking Attack Fire","نيران جانبية"
"Flare","سهم ضي - طلعة ضيئة"
"Flash Blindness","عن الوميض - بسبب التوهج الناتج عن التفجير النووي)"
"Flat Trajectory Fire","نيران الرمي السطح"
"Fleet","اسطول"
"Flexible","سرن"
"Flexibility","سرونة"
"Flight","طيران - رحلة جوية"
"Flight Coordination Center","مركز تنسيق الطيران"
"Flight Flan","خطة الطيران"
"Flight Ration","اعاشة طيران"
"Flight Test","اختبار طيران"
"Flight , Test","طيران تجريبي - طيران اختباري"
"Flotation","طفو - عيم"
"Flotilla","اسطول صغير"
"Fluid Situation","موقع صانع"
"Fog Oil","زيت تكوين الضباب"
"Followup Elements","العناصر اللاحقة"
"Followup Elements Supply","التموين اللاحق"
"Force","قوة"
"Forced Crossing","عبور اضطراري - عبور قهري"
"Forced Crossing March","مسير اضطراري - مسير قهري"
"Forces Rendezvous","مكان التقاء القوات - (طيران )"
"Ford","معبر - مخاضه"
"Fordable","قابل للخوض - ممكن عبوره"
"Forecast","تنبؤ - توضع"
"Forecast , Weather","تنبؤ جوي ( تنبؤ عبر حالة الطقس )"
"Foreign","خارجي - اجنبي - غريب"
"Form","شكل - عيشة - صوره - صيغة - نموذج"
"Formal Approval","موافقه رسمية - محظ"
"Formation","تشكيل - تكوين - تأليف - ترتيب - تأسيس - إيجاد"
"Formation , Approach","تشكيل الاقتراب"
"Formation , Attack","تشكيل الهجوم"
"Formation , Battle","تشكيل المعركة"
"Formation , Bombing","تشكيلة القصف"
"Formation , Close","تشكيل متقارب - تشكيل منضم"
"Formation , Column","تشكيل رتلي"
"Formation , Combat","تشكيل قتال"
"Formation , Deep","تشكيل بعمق"
"Formation , Dispersed","تشكيل منتشر"
"Formation , Drill","تشكيل تدريب"
"Formation , Echeloned","التشكيل على انساق أو مراحل - تشكيل مائل"
"Formation , Echeloned Flying","الطيران في التشكيل"
"Formation , Echeloned For Attack","تشكيل للهجوم"
"Formation , Echeloned Inspection","تشكيل للاستعراض أو التفتيش"
"Formation , Echeloned in Depth","التشكيل بعمق"
"Formation , Echeloned Line","تشكيلة حط أو نسق"
"Formation , Echeloned , Maneuver","تشكيل للمناورة"
"Formation , Echeloned , March","تشكيل أو لمسير"
"Formation , Echeloned , Successive","تشكيل متتالي - تشكيل متعاقب"
"Formation , Echeloned , Tactical","تشكيل تكتيكي"
"Fort","حصن - قلعة"
"Fortified Position","موقع"
"Forward Air Controller","موجه جوي أمامي - ( ضابط طيار لتوجيه الطائرات )"
"Forward Air Controller Area","منطقة أمامية"
"Forward Air Controller Bomb Lines","خطوط القصف الأمامية"
"Forward Air Controller Command Post","مركز قيادة أ. مي"
"Forward Air Controller Defense Area","منطقة دفاع أمامية"
"Forward Air Controller Position","موقع دفاع أمامي"
"Forward Air Controller Echelon","عنصر أمامي - وحدة متقدمة"
"Forward Air Controller Edge of the Battle Area","الحافة الأمامية لميدان المعركة"
"Forward Observer","ملاحظ امامي"
"Foxhole","حفرة فردية - خندق فردي"
"Fractional Damage","تخريب جزئي - عطب جزئي"
"Pragmentary Order","أمر مجزأ"
"Free Dropping","اسقاط حمر ( للمعدات والتبوينات )"
"Free Dropping Fall","سقوط حر ( للمظليين )"
"Free Dropping Maneuver","مناورة حرة"
"Free Dropping Net","شبكة حرة - شبكة غير مقيدة"
"Free Dropping Rocket","صاروخ غير موجهة - صاروخ حر"
"Prigate","سفينة حربية - فرقاطة"
"Front","امام - جبهه - مواجهه - مقدمه"
"Frontage","جبهه - مواجهه"
"Frontal Attack","جبن بالمواجهه"
"Frontal Attack Fire","نيران امامية"
"Puels & Lubricants","محروقات"
"Pull Command","سلطة القيادة الكاملة"
"Pull Command Step","خطوة كاملة ( ٣٠ بوصة )"
"Pull-Track","جنزير كامل"
"Punctions","أعمال - وظائف - مناصب - ممارسات"
"Future Position","الموقع المحتل"
"Puze","صمام - طبه"
"Puze Range","الصدى الزنتي للطب ( ضبط الطبه حسب الزمن المطلوب )"
"Gage","معيار - عابو - الفرجة بين قضبان الحديد"
"Gain","يروح - يكسب - كسب - غنية - تشخيم الصوت في الراديو"
"Game","لعبه - لعب"
"Game , War","مباراة حربية"
"Gap","شفرة - فجوة - سر - فراغ - تسرب - فرجة"
"Gap , To close the","يسد الشفرة"
"Gap Marker","مؤشر الشفرة والعلامة الدالة على الشفرة (المحرر المشروط بدون الخام)"
"Garrison","حامية - معسكر"
"Garrison Force","قوة الحامية"
"Gas Casualty","مصاب بالغاز"
"Gas Casualty Chamber","غرفة الغاز"
"Gas Casualty Mask","كمامة غاز - قناع واقي من الغاز"
"Gasoline","بنزين"
"Gas Persistency","استمرار فعالية الغاز"
"General Air Support","مساندة جوية عامة"
"General Air Support Cargo","حمولة عامة"
"General Air Support Court-Martial","محكمة عسكرية عليها"
"General Air Support Cryptosystem","نظام التشفير العام"
"General Air Support Depot","ستودع عام"
"General Air Support Despensary","ستوصفه عام"
"General Air Support Fund","اعتماد مالي عام"
"General Air Support Hospital","ستشفى عام"
"General Air Support Military Science Curriculum","منهج العلوم العسكرية العامة"
"General Air Support Mobilization","التعبئة العامة"
"General Air Support Reserve Stock.","المخزون الاحتياطي للتعبئة العامة"
"General Air Support Orders","أوامر عامة"
"General Air Support Outpost","نقطة خارجية عامة"
"General Air Support Reserve","احتياط عام"
"General Air Support Staff Officer","ضابط ركن عام - (على مستوى الغرفة فأعلى)"
"Grey Propaganda","دعاية لا مصدر لها"
"Grid Azimuth","الزاوية التسامية"
"Grid Azimuth Coordinates","أحداثيات تسامية"
"Grid Azimuth Declination","انحراف تسماتي"
"Grid Azimuth Junction","ملتقى الأحداثيات"
"Grid Azimuth Line","الخط الأحداثي"
"Grid Azimuth Zone","المنطقة التسامية"
"Ground Alert","تأهب أرضي - ( كون الطائرة جاهزة للأقلاع فورا )"
"Ground Control","ضبط الأرضي ( بنقاط مراقبة في المسخ الطوبوغرافي )"
"Ground Control Controlled Approach","أقتراب موجه من الأرض ( لبهبوط الطائرات بواسطة الرادار )"
"Ground Control Linkup","التقاء أرضي"
"Ground Control Observer Center","مركز الملاحظين الأرضيين"
"Ground Control Team","جماعة الملاحظين الأرضيين"
"Ground Control Position","موقع أرضي"
"Ground Control Zero","نقطة الصفر"
"Group","مجموعة"
"Group Burial","دفن جماعي"
"Guerrilla Warfare","حرب المصابات"
"Guidance","ارشاد - توجيه"
"Guided Missile","قذيفة موجهة"
"Guided Missile Propagation","بث موجه"
"Gun","مدفع"
"Gun Carriage","حاملة المدفع"
"Gun Displacement","نقل المدفع ( من مكان إلى آخر )"
"Gun Lever","عظة المدفع ( في حاضن المدفع )"
"Gunner","مدفعي"
"Gunnery","فن المدفعية"
"Gun Section","قسم المدفع"
"Gun Section Slide","مزلقة المدفع"
"Gun Section Wave","عصف المدفع"
"Half lift ( Right )","نصف اليسار : نصف اليمين ( ايعاز للدوران )"
"Half Loaded","نصف محمل - نصف معبأ"
"Half - Track Vehicle","عربة نصف مجنزرة"
"Hand Receipt","ايصال يلم باليد"
"Handle","مقبض - يد - ساعد - مدوره"
"Handle , to","يدير - يستعمل - يدير - يصرف - يلم"
"Handling","استعمال - تشغيل - ادارة - تداول"
"Harassing Fire","نيران ازعاج"
"Harbor","سرقاً - ميناء"
"Easty Crossing","عبور سريع"
"Easty Crossing Defense","دفاع سريع"
"HAWK","صاروخ هوك"
"Headquarters Battery","بطارية القيادة"
"Headquarters Battery Company","سرية القيادة"
"Headquarters Battery Detachment","مفرزة القيادة"
"Health Services","الخدمات الصحية"
"Heavy Assault Weapon","سلاح اقتحام ثقيل"
"Heavy Assault Weapon Drop","اسقاط ثقيل"
"Heavy Assault Weapon Lift Cargo","حمولة نقل ثقيلة"
"Heavy Assault Weapon Machinegun","رشاش ثقيل"
"Height of Burst","علو الانفجار"
"Helicopter Assault Force","قوة اقتحام بالطائرات العمودية"
"Helicopter Assault Force Breakup Point","نقطة تفرق الطائرات العمودية"
"H- Hour","سمت - س"
"High Altitude","ارتفاع عال"
"High Altitude Bombing","قصف على ارتفاع عال"
"High Altitude Angle Fire","رمي على زاوية مرتفعة"
"High Altitude Explosive","شديد الانفجار"
"High Altitude Priority","أسبقية من الدرجة الأولى - مطبوع"
"Highway Capability","قدرة تحمل الطرق الرئيسية"
"Highway Capability Capacity","سعة الطريق"
"Highway Capability Information Post","مركز استعلامات الطرق الرئيسية"
"Highway Capability Regulation","انظمة الطرق الرئيسية"
"Highway Capability Point","نقطة انظمة المرور على الطرق الرئيسية"
"Highway Capability Traffic Control","مراقبة حركة المرور على الطرق الرئيسية"
"Hold Fire","(إيعاز) : (مؤقتاً) : (إيعاز)"
"Holding & Reconsignment Point","نقطة تجمع وابداع النقلات"
"Holding & Reconsignment Point Attack","هجوم تثبيتي"
"Holding & Reconsignment Point Element","عنصر تثبيت"
"Holding & Reconsignment Point Force","قوة تثبيت"
"Holding & Reconsignment Point Station","محطة انتظار طبية"
"Horizontal Control Point","نقطة مراقبة أفقية (على الخرائط)"
"Hospital","مستشفى"
"Hospitalization Unit","وحدة مستشفى"
"Hospitalized Prisoners Ward","عنبر معالجة المساجين (في المستشفى)"
"Hospital Ship","سفينة مستشفى"
"Hour Angle","زاوية ساعة (مقدار دوران الأرض في ساعة ويعادل ١٥ درجة)"
"Hour Angle Method","طريقة الزاوية الساعية"
"Hestil","معادى"
"Hewitzer","مدفع هاونز"
"Hung Bomb","قنبلة عالقة (لم تسقط من الطائرة بعد محاولة قذفها) - مطبوع"
"Ice Mine","= ٥١ ="
"Identification","لغم جليد ( يوضع تحت الجليد ولا يتأثر بالماء )"
"Igniter","تعرف - تحقق أثبات تشخيصية - تمييز هوية"
"Illuminating Shell","مشعل - جهاز اشعال"
"Immediate Air Support","طلقة اضاءة"
"Immediate Air Support Re-enlistment","ساندة جوية فورية"
"Imminent Attack","اعادة تجنيد فوري"
"Impact","هجوم على وشك الجدوث / هجوم وشيك"
"Impact Action Fuze","صدم - اصطدام - تصادم"
"Impact Area","صمام طرقي - طبة طردية"
"Impact Point","منطقة الصدم"
"Impetus of the Attack","نقطة الصدم"
"Implement a Dicision, To","اندفاع الهجوم - زخم الهجوم"
"Impregrable","ينجز القرار - ينفذ القرار"
"Improvise , To","حصين - منيع - لا يغلب"
"Index Map","يستنبط - يبتكر"
"Indications ( Intelligence)","خريطة تصويرية مرقمة العناصر"
"Indicator Regulator","دلائل"
"Indirect Fire","منظم بيانات الرمي"
"Indirect Laying Position","نيران غير مباشرة"
"Individual Equipment","موقع مستور"
"Individual Equipment Medical Record","معدات فردية - تجهيزات فردية"
"Individual Equipment Reserves","سجل طبي نردي"
"Individual Equipment Table of Allwance","اعاشات الاحتياط ( لفرد واحد )"
"Induced Radiation","جدول مخصص الفرد"
"Infantry","اشعاع تأثيري"
"Infiltration","مشاء"
"Infinity Method","تسلل"
"Inflammable Cargo","طريقة اللانهاية"
"Information Activities","دوائر المعلومات - نشاطات المعلومات"
"Information Activities (Intelligence)","معلومات - \" استخبارات \""
"Information Activities Officer","ضابط المعلومات"
"Infrared Viewer","منظار بالأشعة تحت الحمراء"
"Initial Approach","اقتراب أولي"
"Initial Approach Entry Into Military Service","الالتحاق لأول مرة بالخدمة العسكرية"
"Initial Issue","الصرف الأولي"
"Initial Issue Operational Capability","الإمكانية الأولية للعملية"
"Initial Issue Point","نقطة أولية"
"Initial Issue Provisioning","تحضير المؤن الأولية"
"Initial Issue Radiation","الأشعاع الأولي"
"Initial Issue Requirements","الاحتياجات الأولية - المتطلبات الأولية"
"Initial Issue Reserves","احتياطات التموين الأولية (للعمليات البرمائية)"
"Initial Issue Source of Supply","المصدر الأساسي للتموين"
"Initial Issue Strength","الملاك الأساسي"
"In Kind","صنفا - عينا - (ليس نقدا)"
"Inoperative Time","فترة غير محتسبة - فترة غير معتبره"
"Inpatient","تحت العلاج ( مريض تحت العلاج )"
"In Process Inspection","التفتيش خلال العمل"
"In Service Life","مدى الاستخدام - طيلة الاستخدام"
"Inshore Patrol","دورية شاطئ"
"Insignia","شارة - شعار - علامة"
"Inspection","تفتيش"
"Inspection Arms","(١) تفتيش سلاح (ايعاز) - (٢) طريقة حمل السلاح للتفتيش"
"Inspector General","المفتش العام"
"Inspector General Inquiry","تحقيق - تحرى المفتش العام"
"Inspector General Inspection","تفتيش المفتش العام"
"Inspector General Report","تقرير تفتيش المفتش العام"
"Inspector General Investigation","تحقيق المفتش العام"
"Inspector General Survey","دراسة من المفتش العام"
"Installation","منشأة - مرفق - تركيب"
"Instructions","تعليمات"
"Insurgency","تمرد - عضبان - ثورة"
"Integrated Defense","دفاع موحد - دفاع متكامل"
"Integrated Defense Fire Central System","جهاز موحد لمراقبة النيران"
"Intelligence","استخبارات - معلومات بذكاء"
"Intelligence Annex","ملحق الاستخبارات"
"Intelligence Collection Plan","خطة جمع المعلومات (الاستخبارات)"
"Intelligence Estimate","تقدير الاستخبارات"
"Intelligence of the Situation","تقدير موقف الاستخبارات"
"Intelligence Process (Collection, Production & Dissemination)","مراحل الاستخبارات (جمع - انتاج ارسال المعلومات)"
"Intelligence Summary","ملخص الاستخبارات - ملخص المعلومات"
"Interception","اعتراض - التقاط - تداخل"
"Interdiction Fire","نيران تحريم"
"Interior Management","ادارة داخلية"
"Intermediate Marker (Land Mine","اشارة متوسطة - علامة متوسطة"
"Warefare)","(فيحصول الالغام)"
"Intermediate Objective","هدف متوسط"
"Intermediate Objective Scale Map","خريطة ذات مقياس رسم متوسط"
"Intermittent Stream","جدول موسمي - مجرى مائي موسمي"
"Internal Control","سيطرة داخلية - مراقبة داخلية"
"Internal Control Defense","دفاع داخلي"
"Internal Control Radiation","اشعاع داخلي - اشعاع محلي"
"Internal Control Review","مراجعة داخلية (للحسابات)"
"Internal Control Security","أمن داخلي"
"Interned","اعتقل"
"Internee","محتفل - محجوز"
"Internment Camp","معسكر اعتقال"
"Intersection","تقاطع"
"Intersection , Graphic","تقاطع بياني"
"Interval","فاصل"
"Inventory Contral Point","نقطة مراقبة الجرد"
"Irregular Forces","قوات غير نظامية"
"Irregular Forces Warfare","حرب غير نظامية ( حرب عصابات )"
"Irregularity","عدم انتظام - عدم النظام - عدم التناسق"
"Joint Strategic Objectives Plan الخطة المشتركة للأعداف الاستراتيجية Zone ( air, land & Sea ) منطقة مشتركة ( منطقة تسع للقوات الجوية","والحرية والبحرية بالعمل في آن واحد )"
"Keep , To","يحافظ على الساعات"
"Keep , To Distances , To","يحافظ على التشكيل"
"Keep , To Formation , To","يبقى في الاحتياط"
"Keep , To in Reserve , To","يحافظ على الاتصال"
"Keep , To Contact , To","يستمر - يداوم"
"Keep , To Going , To","منطقة هامة - منطقة رئيسية"
"Key Area","مادة هامة - صنف حيوي"
"Key Area Item","مفتاح الشيفرة"
"Key Area List","رجل اختصاصي ، رجل ماهر"
"Key Area Man","الأفراد الرئيسيين ، أو المهاجمين"
"Key Area Personnel","نقطة حيوية - أو هامة"
"Key Point","موقع حيوي أو هام"
"Key Point Position","أرض حيوية أو هامة"
"Key Point Terrain","مدينة رئيسية أو هامة"
"Key Point Town","قتيل معركة - قتل في المعركة"
"Killed in Action","احتمال القتل"
"Kill Probability","أرض قتل"
"Killing Ground","حقيبة - عدة - لوازم"
"Kit","جمعية ذخيرة"
"Kit , Ammunition","لوازم أو أدوات التنظيف"
"Kit , Cleaning","لوازم أو تجهيزات الميدان"
"Kit , Field","حقيبة أدوات - حقيبة عدة"
"Kit , Tool","مطبخ ميدان"
"Kitchen , Field","عربة مطبخ"
"Kitchen , Field Truck","زر - مقبض - مفتاح ، أكره"
"Knob","مفتاح التوليف"
"Knob , Tuning","عقده - ميل بحري - مطبوع"
"Lable","بطاقة - علامة - رقعة"
"Labled Cargo","شحنات معلمة - شحنات مرسومة"
"Laboratory","مخبر - مختبر - معمل"
"Labor Service Unit","وحدة عمّال"
"Landing Aids","مساعدات الهبوط - ( طائرات )"
"Landing Area","منطقة الهبوط - منطقة الأنتزال"
"Landing Attack","عجم بالأنتزال ( من القوارب أو الطائرات )"
"Landing Craft","زورق انتزال"
"Landing Craft Diagram","مخطط انتزال ( مخطط يوضح حركة السفن نحو الشاطئ )"
"Landing Craft Mark","علامة الهبوط"
"Landing Craft Force","قوة الأنتزال"
"Landing Craft Schedule","جدول الأنتزال ( عمليات برمائية )"
"Landing Craft Wave","موجة الأنتزال ( عمليات برمائية )"
"Landing Craft Zone","منطقة الهبوط أو الأنتزال"
"Lane","مر - طريق - مر بحري أو طريق ملاحمة"
"Large Scale Map","خريطة ذات مقياس رسم كبير"
"Lateral Communications","اتصالات أو مواصلات جانبية"
"Launch , To","يتدف - يطلق - ينزل إلى البحر - يشن"
"Launch , To an Attack, To","يشن هجوما"
"Launcher","جهاز إطلاق - تاذف"
"Launching Area","منطقة الأطلاق ( صواريخ )"
"Lay","يضع - يلقي - يفرس ( ضريبة ) يسد ( سلاح )"
"Lay a Cable , To","يسد كابل - يلقي كابل"
"Lay a Case Before Court , To","يرفع قضية للمحكمة"
"Lay a Gun , To","يوجه المدفع"
"Lay a Mine , To","يزرع لفما"
"Lay an Ambush , To","ينصب كمينا - ينصب نفخا"
"Lay Out , To","يحفظ - يرتب - يرم"
"Layer","طبقة - مطبوع"
"Lead , To","يقود - يؤدى"
"Lead","رصاص"
"Lead Aircraft","الطائرة الأمامية / الطائرة المقدمة"
"Leader","قائد - زعيم (سياسي)"
"Leader , Platoon","قائد الفصل"
"Leadership","قيادة - فن القيادة"
"Leading Column","الرتل الأمامي - رتل المقدمة"
"Leading Column Unit","الوحدة الأمامية"
"Leaflet Bomb","تنبله لقذف المنشورات الدعائية"
"Leakage","تسرب - نضح - رشح"
"Leapfrog","التقدم بوثبات"
"Leave","اجازة - عطلة - رخصة"
"Legend","در (ايعاز) دليل المصطلحات - مفتاح الخريطة"
"Lensatic Compass","بوصلة عدسية"
"Letter of Instructions","خطاب تعليمات"
"Level of Strength","معدل ملاك الأفراد"
"Level , Sea","مستوى سطح البحر"
"Levels of Supply","مستويات التموين"
"Liaison Officer","ضابط ارتباط"
"Liberated Territory","اقليم محرر"
"Liberty","حربية"
"Library","مكتبة"
"License","رخصة - تصريح - زئيفة"
"Lieutenant","ملازم"
"Lieutenant , First","ملازم أول"
"Lieutenant Calenel","قائد"
"Lieutenant General","فريق ثاني"
"Life Belt","حزام النجاة"
"Life Belt Boat","قارب النجاة"
"Lifeguard","حرس انقاذ"
"Life Insurance","التأمين على الحياة"
"Lifet","مصعد - حمولة - نقله - حمل - رافعة - دفع قوة الصمود"
"Lifet , Back","الثقل على الظهر"
"Lifet Angle","زاوية الرفيع"
"Light Artillery","مدفعية خفيفة"
"Light Artillery Cruiser","طراد خفيف"
"Light Artillery Damage","عطل طفيف - تخريب طفيف"
"Light Artillery Machinegun","رشاش خفيف"
"Lighting Flare","سهم ناري مضي"
"Lightening","برق - لمعان"
"Limitations","تحديدات - حدود - قيود"
"Limited Attack","هجوم محدود الهدف"
"Limited Attack Storage","تخزين محدود الأمد - تخزين محدود الأجل"
"Limited Attack War","حرب محدودة"
"Limit of Fire","حند الري"
"Limit of Fire Velocity","حند السرعة"
"Line","خط - نسق - صنف - طريق - خيط - سلك"
"Linear Defense","دفاع عرضي"
"Line of Contact","خط الأتمال"
"Line of Contact Departure","خط البند"
"Line of Contact Drift","طريق عودة الضابين التائهين إلى الخلف"
"Line of Contact Fire","طريق الري - دما"
"Line of Contact Resistance","طريق المقاومة"
"Line of Contact Site","طريق النظر أو البصر"
"Lines of Communications","خطوط المواصلات"
"Line Up , To","يرتبني خط - يصف - يرضف"
"Line , Advanced","خط متقدم - نسق متقدم"
"Line , Advanced , Aiming","خط التسديد"
"Line , Advanced , Air","خط جزي"
"Line , Advanced , Base","خط القاعدة - خط الأساس"
"Line , Broken","خط منكر"
"Line , Broken , Burnied","= مدفون"
"Line , Broken , Contour","= كيتوري"
"Line , Broken , Dotted","= منقط . خط متقطع"
"Line , Broken , Index","= التأشير"
"Link Up","وصل - التقاء - ربط"
"Link Up Force","قوة التقاء"
"Liquid","سائل"
"List","قائمة - كشف - بيان - جدول"
"List , Promotion","قائمة الترقية"
"Listening","تصنت - تسع - استماع"
"Listening Silence","الصمت اللاسلكي (وضع الأجهزة على الاستقبال فقط)"
"Live Ammunition","ذخيرة حية"
"Loading","املا - تحميل - شحن"
"Loading Area","منطقة التحميل"
"Location","موقع - مكان - تعيين المكان"
"Logistics","الأمدادات والتموين"
"Long Life Items","اصناف طويلة الأمد - مواد طويلة الأجل"
"Long Range Radar","رادار بعيد المدى"
"Lost","مفقود - ضائع"
"Loss Estimate","تقدير الخسائر"
"Lot","حصة - قمة - نصيب - كمية - مقدار"
"Low Altitude Bombing","قصف على ارتفاع منخفض"
"Low Altitude Bombing Angle Fire","رمي بزاوية منخفضة"
"Low Altitude Bombing Oblique Photo","صورة جوية منخفضة الميل"
"Lubrication","تشحيم وتزييت"
"Magazine Area","منطقة تخزين المنحدرات والذخيرة"
"Magnetic Azimuth","الزاوية المغناطيسية"
"Magnetic Azimuth Compass","بوصلة مغناطيسية"
"Magnetic Azimuth Course","الاتجاه المغناطيسي"
"Magnetic Azimuth Declination","الانحراف المغناطيسي"
"Magnetic Azimuth Deviation","التأثير المغناطيسي"
"Magnetic Azimuth Effect","المجال المغناطيسي"
"Magnetic Azimuth Field","ابرة البوصلة المغناطيسية"
"Magnetic Azimuth Needle of Compass","الشمال المغناطيسي"
"Magnetic Azimuth North","القطب المغناطيسي"
"Magnetic Azimuth Pole","التغيير المغناطيسي"
"Magnetic Azimuth Variation","طريقة توزيع البريد"
"Mail Distribution Scheme","القسم الرئيسي"
"Main Body","المجهود الرئيسي"
"Main Body Effort","الحرس الرئيسي"
"Main Body Guard","خطة المقاومة الرئيسي"
"Main Body Line of Resistance","طريق التموين الرئيسية"
"Main Body Supply Route","يتكون - يحافظ على"
"Maintain , To","يحافظ على الاتصال"
"Maintain , To Communication, To","يحافظ على الارتباط"
"Maintain , To Liaison , To","يحتفظ بموقع - يحافظ على موقع"
"Maintain , To a Position , To","صيانة"
"Maintenance","طبقات الصيانة :-"
"Maintenance Categories:","١- صيانة الوحدة :"
"1. Cat .1. Organizational Maintenance","- صيانة الخط الأول"
"1st Echelon Maintenance","- صيانة الخط الثاني"
"2- Cat.2. Field Maintenance","- صيانة الخط الثالث"
"3rd Echelon Maintenance","- صيانة الخط الرابع"
"3- Cat.3. Depot Maintenance","٣- صيانة القاعدة : -"
"-5th Echelon Maintenance","- صيانة الخط الخامس"
"Maintenance of Law & Order","المحافظة على القانون والنظام"
"Maintenance of Law & Order Officer","ضابط صيانة"
"Maintenance of Law & Order Plan","خطة الصيانة"
"Maintenance of Law & Order Project","مشروع الصيانة"
"Maintenance of Law & Order Status","حالة الصيانة"
"Major","وكيل قائد - رئيسي"
"Major Activity","نشاط رئيسي - إدارة رئيسية"
"Major Assembly","المجموعة الرئيسية"
"Major Command","قيادة رئيسية - قيادة كبرى"
"Major Disaster","كارثة كبرى - كارثة عامة"
"Major Fleet","الأسطول الرئيسي"
"Major General","لـوا"
"Major Item","صنف أو مادة رئيسية"
"Major Nuclear Power","قوة نووية رئيسية - كبرى"
"Major Repair","إصلاح رئيسي"
"Mangrment System","جهاز الإدارة - نظام الإدارة"
"Maneuvering Elements","عناصر المناورة"
"Maneuvering Elements Force","قوة المناورة - وحدة المناورة"
"Manning Level","اقصى ملاءات اقصى معدل من الأفراد الممكن"
"Manning Table","تعيينهم خلاف التشكيل )"
"Manpower","جدول واجبات الأفراد"
"Manpower Control","القوة البشرية"
"Manpower Managerment","مراقبة أو إدارة الطاقة البشرية"
"Map","إدارة القوة البشرية"
"Map Declination","خريطة"
"Map Exercise","تمرين على الخريطة"
"Map Exercise Endex","فهرس الخريطة"
"Map Exercise Maneuver","مناورة على الخريطة"
"Map Exercise Orientation","توجيه الخريطة"
"Map Exercise Reconnaissance","استطلاع الخريطة"
"Map Exercise Reference","مرجع الخريطة"
"Map Exercise Scale","مقياس رسم الخريطة"
"Map Exercise , Photo","خريطة مصورة"
"Map Exercise , Profile","منظر جانبي للخريطة"
"Map Exercise , Relief","خريطة بارزة التضاريس"
"Map Exercise , Sketch","خريطة كروكيه"
"March Collecting Post","مركز جمع المعاينين في النيسر"
"March Collecting Post Column","رتل السير"
"March Collecting Post Halt","وقفة السير"
"March Collecting Post Outpost","نقطة خارجية للسير"
"March Collecting Post Plan","خطة السير"
"March Collecting Post Serial","مجموعة السير"
"March Collecting Post Table","جدول السير"
"March Collecting Post Unit","وحدة سير"
"March Collecting Post , Approach","سير الاقتراب"
"March Collecting Post , Double","الهرولة"
"Marginal Data","معلومات الهامش"
"Marine Corps","مشاة البحرية"
"Maritime","بحرى"
"Maritime Control Area","منطقة سيطرة بحرية"
"Maritime Operations","عمليات بحرية"
"Maritime Search & Rescue Region","منطقة بحث وإنقاذ بحرية"
"Marker Circle","دائرة تأشير"
"Marker Circle Vessel","مركب تأشير - زورق تأشير"
"Marking Current","تيار تسجيل"
"Marksman","رامي مؤهل"
"Mark Target","أشر إلى الأصابة (ايملز أو أمر لتأشير الرماية على الهدف)"
"Mark Time","راج (ايملز)"
"Marshalling","حشد"
"Marshalling Area","منطقة الحشد"
"Martial Law","الحكم العرقي"
"Martyr","شهيد"
"Martyrdom","استشهاد - شهادة"
"Mass Casualties","خسائر نادحة - خسائر جماعية"
"Mass Formation","تشكيل كتلة"
"Massing of Fire","تجميع النيران (تجميع نيران اسلحة مختلفة على هدف واحد)"
"Mass of Maneuver","قوة المناورة"
"Easter Depot","مستودع القاعدة الرئيسي"
"Materials Hardling Equipment","معدات نقل المواد (مثل عربة الشوكة الرافعة)"
"Materiel","مواد"
"Maximum Depression","اقصى انخفاض (للرماية دون الأفقية)"
"Maximum Permissible Dosage","سطور"
"Maximum Permissible Dosage Speed (Transport Vehicles)","اقصى جرعة يسمح بها (اشعاعات نووية)"
"Maximum Take off Weight","السرعة القصوى (العربات النقل)"
"Maximum Take off Weight Thermometer","اقصى بجمولة للأقلاع"
"H - Day","اعلى قراءة لميزان الحرارة"
"Mean Point of Impact","مجم التعبئة العامة - يوم ت"
"Mean Point of Impact Sea Level","منتصف نقطة الصدم"
"Mean Point of Impact Time","ستون سطح البحر"
"Means","الزمن الوسطي"
"Means of Communications","وسائل - وسائل - سبل"
"Means Transportation","وسائل المواصلات"
"Measure , To","وسائل النقل"
"Measurement","\" يقيس"
"Measures , Protective","اجراء - تدبير - مقدار - مقياس"
"Measures , Protective , Sanitary","قياس - مكيال"
"Mechanical Time Puze","اجراءات وقائية"
"Medol for Merit","اجراءات صحية"
"Medol for Merit of Freedom","طبة زمنية آلية"
"Medol for Merit of Honor","وسام استحقاق"
"Median Lethal Dose","وسام الحرية"
"Median Lethal Gas Exposure","وسام الشرف"
"Medical Treatment","متوسط الجرعات القاتلة (اشعاعات نووية)"
"Medical Treatment Facility","متوسط التعرض للغاز السام"
"Medical Treatment Unit","معالجة طبية"
"Medical Treatment Facility","مربع معالجة طبية"
"Medical Treatment Unit","وحدة طبية"
"Medium Altitude Bombing","قصف على ارتفاع متوسط (من ٨٠٠٠ - ١٥٠٠٠ قدم)"
"Medium Altitude Bombing Artillery","مدفعية متوسطة"
"Medium Altitude Bombing Range Radar","رادار متوسط المدى"
"Medium Altitude Bombing Scale Map","خريطة ذات مقياس رسم متوسط"
"Meeting Engagement","اشتباك تصادمي"
"Hegaton","مليون طن"
"Mercator Chart","نحمة أو خريطة ميركاتورية ( نظام ميركاتور )"
"Mess","مطعم - برطة - مشكلة"
"Mess Account","مناسبة الأطعام"
"Message Book","سجل الرسائل"
"Message Book Center","مركز الرسائل"
"Message Book Indicator","دليل الرسائل"
"Message Book Keying Element","عنصر تفسير الرسالة"
"Message Book Parts","اجزاء الرسالة"
"Message Book Precedence","اسبقية الرسائل"
"Mess Kit","ادوات الطعام"
"Mess Kit Steward","رئيس المطعم"
"Metalled Road","طريق مرسوف"
"Metascope","ميتا سكوب ( جهاز يدوي لتحديد مصدر الأشعقدون الحمراء )"
"Meteorological Check Point","نقطة تصحيح الأرصاد الجوية"
"Meteorological Check Point Data","بيانات الأحوال الجوية"
"Method of Re-Supply","طريقة إعادة التموين"
"Midpoint","نقطة الوسط ( مدنعية )"
"Mid Range Estimate","التقدير المتوسط المدى ( تخطيط استراتيجي )"
"Mil","مل ( وحدة قياس زوايا تساوي ١٤٠٠٠ من الدائرة )"
"Mil Formula","معادلة السل"
"Military","عسكري - حربي"
"Military Academy","الكلية الحربية - الأكاديمية العسكرية"
"Military Air Transport Service (MATS)","وحدة النقل الجوي العسكري"
"Military Area","منطقة عسكرية"
"Military Attache","ملحق عسكري"
"Military Assistance Advisory","الهيئة الاستشارية للساعدات"
"Group (MAAG)","العسكرية"
"Group (MAAG) Assistance Program (MAP)","برنامج المساعدات العسكرية"
"Group (MAAG) Censorship","الرقابة العسكرية"
"Group (MAAG) Characteristics","الخصائص العسكرية - مطبوع"
"Military Civic Action","اعمال الجيش لمساعدة المدنيين"
"Military Civic Action Commission","لجنة عسكرية (لمحاكمة المدنيين)"
"Military Civic Action Correspondent","مراسل عسكري"
"Military Civic Action Courtesy","الآداب العسكرية"
"Military Civic Action Crest","اللغة العسكرية"
"Military Civic Action Defense","دفاع عسكري"
"Military Civic Action Department","دائرة عسكرية (احد اقسام وزارة الدفاع)"
"Military Civic Action Discipline","الضبط العسكري"
"Military Civic Action Factories","المصانع الحربية"
"Military Civic Action Funds","اعتمادات مالية عسكرية"
"Military Civic Action Geography","جغرافيا عسكرية"
"Military Civic Action Government Court","محكمة الحكومة العسكرية (لمحاكمة المدنيين في المناطق المحتلة)"
"Military Civic Action Governor","حاكم عسكري"
"Military Civic Action Grave Registration Service","وحدة تسجيل القبور العسكرية"
"Military Civic Action Grid Reference System","نظام مرجع التسامت العسكري"
"Military Civic Action Intelligence","استخبارات عسكرية / استخبارات حربية"
"Military Civic Action Intervention","التدخل العسكري"
"Military Civic Action Jurisdiction","السلطة القضائية العسكرية"
"Military Civic Action Justice","القضاء العسكري"
"Military Civic Action Languages Institute","معهد اللسانات العسكري"
"Military Civic Action Mail","البريد العسكري"
"Military Civic Action Terminal","كتب البريد العسكري"
"Military Civic Action Occupation","احتلال عسكري"
"Military Civic Action Occupational Specialty","التخصص الوظيفي العسكري"
"Military Civic Action Personnel Management","ادارة الافراد العسكريين"
"Military Civic Action Police (MP)","البوليس الحربي / شرطة عسكرية"
"Military Civic Action Prisoner","سجين عسكري"
"Military Civic Action Psychological Warfare","الحرب النفسية العسكرية"
"Military Science","العلم العسكري"
"Military Science Service","خدمة عسكرية - فرع من القوات المسلحة"
"Military Science Specialist","اختصاصي عسكري"
"Military Science Specification","مواصفات عسكرية / التصنيف العسكري"
"Military Science Strategy","الاستراتيجية العسكرية"
"Military Science Symbol","رمز عسكري"
"Military Science Utility Railway","خدمات السكة الحديد العسكرية"
"Military Science Workshop","ورشة عسكرية"
"Milliroentgen","ميليرونتن ١٠٠٠ من رونتين (وحدة قياس للأشعاعات النووية)"
"Mil Relation","نسبة العمل"
"Mil Rule","طريقة استخدام العمل"
"Mils Error","الخطأ بالعمل"
"Mine","لغم - منجم"
"Mine Case","غلاف اللغم"
"Mine Clearance","ازالة الألغام"
"Mine Countermeasures","الإجراءات الوقائية الضادة للألغام"
"Mine Defense","الدفاع بالألغام"
"Mine Density","كثافة الألغام (في اليابدة الواحدة)"
"Mine Disposal","التخلص من الألغام (إبطال مفعولها)"
"Minefield","حقل الغام"
"Minefield Gap","ثغرة في حقل الألغام"
"Minefield Lane","ممر في حقل الألغام (بعرس ٨ ياردات)"
"Minefield Marker","علامة في حقل الألغام"
"Mine Laying","زرع الألغام"
"Mine Laying Raw","صف الغام"
"Mine Laying Strip","شريط الغام (مكون من صفين الغام)"
"Mine Laying Sweeper","كاسحة الغام"
"Mine Laying Warefare","حرب بالغام"
"Klinimize","يثال - يخفف - ينقص - مطبوع"
"Minimum Altitude Bombing","قصف على ادنى الارتفاع (دون ٩٠٠٠ قدم)"
"Minimum Altitude Bombing Clearance","ادنى اخلاء مصح به (للرماية فوق القوات الصديقة)"
"Minimum Altitude Bombing Elevation","الارتفاع الأدنى (للسلاح لتجنب الموانع)"
"Minimum Altitude Bombing Essential Equipment","اقل كمية من المعدات الضرورية"
"Minimum Altitude Bombing Range","اقل مدى"
"Minimum Altitude Bombing Safety Altitude","ادنى ارتفاع للأمان (طيران)"
"Minimum Altitude Bombing Sanitary Requirements","اقل متطلبات الوقاية النسبية"
"Minimum Altitude Bombing Warning Time","اقصر فترة للانذار"
"Mining Effect","تأثير انفجارات الألغام (على اليابسة أو الماء)"
"Ministry Of Defense & Aviation (MODA)","وزارة الدفاع والطيران"
"Minometer","مينومتر - مقياس الاشعاع"
"Minor Medical Assemblage","اقل تجميع طبي (للتموينات والمعدات)"
"Minor Repair","اصلاح بسيط - اصلاح طفيف"
"Misfire","تكذيب الرمي - كذبة رمي"
"Missile Master","الجهاز الرئيسي للقذائف (لكشف وتدمير الأهداف الجوية)"
"Missile Master Monitor","جهاز مراقبة (انذار وتضبط المعلومات للقذائف)"
"Missile Master Round","قذيفة صاروخية (مجهز برأس نووي)"
"Missile Master Section","جزء من القذيفة"
"Missile Master Tracking Radar","رادار تتبع القذيفة"
"Missing in Action","مفقود في المعركة"
"Missing in Action Personnel","افراد مفقودون"
"Mission","مهمة - واجب"
"Mission Sortie","طلعة جوية لمهمة"
"Mission Type Order","امر مهمة"
"Mission , Direct Support","مهمة اسناد مباشر"
"Mission , General","مهمة هامة"
"Mission , Secondary","مهمة ثانوية"
"Mission , Security","مهمة أمن"
"Mission , Tactical","مهمة تكتيكية"
"Mitigation of Sentence","تبديل أو تخفيف الحكم"
"Mixed Force","قوة مختلطة - مطبوع - مطبوع"
"Mixed Medical Commission","لجنة طبية مختلطة ( من قوات الاحتلال - ومن دول محايدة )"
"Mixed Medical Commission Minefield","حقل العام مختلط ضد الأفراد وضد الدبابات )"
"Mixed Medical Commission Salvo","صلبة مختلطة ( وقوع الطلقات نصفها أمام الهدف ونصفها خلفه )"
"Mobile Army Surgical Hospital","مستشفى جراحة ميداني متنقل (للجيش)"
"Mobile Army Surgical Hospital Defense","دفاع متحرك"
"Mobile Army Surgical Hospital Employment","استخدام متحرك (لمدفعية الدفاع الجوي)"
"Mobile Army Surgical Hospital Medical Service Unit","وحدة خدمات طبية متنقلة"
"Mobile Army Surgical Hospital Reserves","احتياط متحرك ( قوات أو تموينات )"
"Mobile Army Surgical Hospital Striking Force","قوة ضارية متحركة"
"Mobile Army Surgical Hospital Supply Point","نقطة تموين متحركة"
"Mobile Army Surgical Hospital Unit","وحدة متحركة"
"Mobile Army Surgical Hospital Warfare","الحرب المتحركة"
"Mobility","خفة الحركة - قابلية الحركة"
"Mobility , Tactical","خفة الحركة التكتيكية"
"Mobilization","تعبئة عامة"
"Mobilization Base","قاعدة التعبئة ( كافة المصادر والامكانيات )"
"Mobilization Units","الوحدات الأساسية للتعبئة ( احتياط )"
"Mobilization Exercise","تمرين على التعبئة العامة"
"Mobilization Meteriel Procurement Capability","امكانية الحصول على مواد - التعبئة العامة ."
"Mobilization Meteriel Requirement","احتياجات المواد للتعبئة العامة"
"Mobilization Meteriel Requirement Plan","خطة التعبئة العامة"
"Mobilization Meteriel Requirement Reserve Meteriel Objective","هدف المواد الاحتياطية - للتعبئة العامة ."
"Mobilization Reserve Meteriel","الهدف من الحصول على المواد"
"Procurement Objective","الاحتياطية للتعبئة العامة ."
"Mobilization Reserve Meteriel Requirement","احتياجات المواد - الاحتياطية للتعبئة العامة ."
"Mobilization Reserves","احتياطات التعبئة العامة - مطبوع"
"Mobilization Reserve Stock","المخزون الاحتياطي للتعبئة العامة"
"Mobilization Reserve Stock Table of Distribution","جدول توزيع التعبئة العامة"
"Mockup","نموذج هيكلي"
"Moderate Damage","ضرر متوسط"
"Moderate Damage Risk","مخاطرة متوسطة"
"Modification Center","مركز التعديل (للتصميم والإنتاج)"
"Modification Center Kit","عدة أو طقم التعديل"
"Money Accounts","حسابات نقدية"
"Money Accounts List","مسيرات الرواتب"
"Monitoring","مراقبة - اكتشاف"
"Mopping Up","تطهير (بقايا العدو)"
"Morale","الروح المعنوية - معنويات"
"Mortality Rate","معدل الوفيات"
"Mortar","هاون (مدفع هاون)"
"Mosaic Assembly","تجميع الصور الجوية (الموزاييك)"
"Mosaic Assembly Mountant","لوحة لتركيب الصور الجوية المجمعة (الموزاييك)"
"Motor Convoy","قافلة عربات"
"Motorized Unit","وحدة راكبة"
"Motor Movement by Echelon","تحرك آلي على مراحل"
"Motor Pool","حضيرة السيارات"
"Motor Transport","نقل آلي"
"Motor Transport Officer","ضابط النقل الآلي"
"Motor Transport Pool","حضيرة النقل الآلي"
"Motor Transport Vehicle","عربة - سيارة"
"Mount Adapter","إدارة لتثبيت السلاح على المنصب"
"Mountain Artillery","مدفعية جبلية"
"Mountain Artillery Troops","قوات جبلية"
"Mounting","تركيب - ركوب - حامل - حاضن"
"Mounting Area","منطقة الركوب - ترحيل"
"Movement Capability","إمكانية الحركة"
"Movement Capability Control","إدارة التحركات - مراقبة التحركات"
"Movement Capability Instructions","تعليمات التحرك"
"Movement Capability Order","أمر التحرك"
"Movement Capability Plan","خطة التحرك"
"Movement Capability Priority","أسبقية التحرك"
"Movement Capability Program","برنامج التحرك"
"Movement Capability Requirement","متطلبات التحرك"
"Movement Capability Table","جدول التحرك"
"Movement Capability To Contact","التحرك للاتصال"
"Move Out","تحرك - انتقل ( إيعاز )"
"Moving Pivot","نقطة الدوران ( لتغيير اتجاه التحرك )"
"Moving Pivot Screen","ستارة متحركة ( دوريات أمامية متحركة )"
"Moving Pivot Target Indication","تبيين الأهداف المتحركة ( على شاشة الرادار )"
"Multigege Equipment","معدات سكة الحديد المتعددة الخطوط"
"Multiple Gun","مدافع متعددة ( تعمل كمجموعة )"
"Multiplex Projector","جهاز عرض صور متعددة"
"Multipurpose Close Support Weapon","سلاح أسناد قريب متعدد الأغراض"
"Multisection Charge","عبوة متعددة ( مدفعية )"
"Munitions","ذخائر ومعدات حربية"
"Mustard","زيت الخردل"
"Mutual Support","أسناد متبادل"
"Muzzle","فوسة السبطانة"
"Muzzle Bell","مقوية فوهة السبطانة"
"Muzzle Blast","تأثير العصف ( من فوهة السبطانة )"
"Muzzle Bore Sight","جهاز تضبيب السبطانة مع الناظور"
"Muzzle Brake","مانع الوميض - مخفف الصدمة"
"Muzzle Burst","انفجار الطلقة قبل الهدف"
"Muzzle Flash","وميض الفوهة - وميض الأطلاق"
"Muzzle Velocity","السرعة الأبتدائية"
"Muzzle Error","خطأ السرعة الأبتدائية"
"Muzzle Wave","موجة ضغط الفوهة"
"Napalm Bomb","قنبلة نابالم"
"Narrow Gage Railway","سكة حديد ضيقة"
"Nation","أمة - قوم - دولة"
"National Cemetery","المقبرة الوطنية"
"National Cemetery Censorship","الرقابة الوطنية"
"National Cemetery Command","قيادة وطنية"
"National Cemetery Defense Act","قانون الدفاع الوطني"
"National Cemetery Service Medal","وسام خدمة الدفاع الوطني"
"National Cemetery Flag","الراية الوطنية - العلم الوطني"
"National Cemetery Guard","الحرس الوطني"
"National Cemetery Intelligence","الأستخبارات الوطنية"
"National Cemetery Military Authority","السلطة العسكرية الوطنية"
"National Cemetery Objectives","الأهداف الوطنية / الأهداف القومية"
"National Cemetery Salute","تحية المراسيم الوطنية (٢١ طلقة)"
"National Cemetery Security Council","مجلس الأمن الوطني"
"National Cemetery Organization","منظمة الأمن الوطني"
"National Cemetery Resources Board","لجنة صادر الأمن الوطنية"
"National Strategy","الأستراتيجية الوطنية . الأستراتيجية القومية"
"Nations , Allied","الدول الحليفة - الأمم المتحالفة"
"Nations , Allied , United","الأمم المتحدة"
"Natural Disaster","كارثة طبيعية"
"Nautical Mile","ميل بحري"
"Nautical Mile Twilight, Morning & Evening","أول ضوء وآخر ضوء"
"Naval Base","قاعدة بحرية"
"Naval Beach Group","مجموعة الشاطئ البحرية"
"Naval Beach Group Unit","وحدة الشاطئ البحرية"
"Naval Beach Group Campaign","حملة بحرية - غزو بحري"
"Naval Beach Group Gunfire Liaison Group","مجموعة ارتباط لمدفعية البحرية"
"Naval Beach Group Port Control Office","مكتب إدارة الميناء البحري"
"Naval Beach Group Support Area","منظمة مساندة بحرية"
"Navigation","ملاحة"
"Navigation Head","رأس خط الملاحة البحري"
"Near Collision (Aircraft)","اصطدام وشيك ( طائرات)"
"Negligible Risk","خطورة قليلة التأثير"
"Negotiated Contract","اتفاقية ممارسة"
"Nerve Agent","عامل الأعصاب ( كيماويات)"
"Nerve Agent Gas","غاز الأعصاب ( كيماويات)"
"Net","شبكة"
"Net Authentication","هوية الشبكة"
"Net Call Sign","نداء تمييز الشبكة"
"Net (Communications)","شبكة مواصلات"
"Net Control Station","المحطة الرئيسية للشبكة. محطة مراقبة الشبكة"
"Net Vehicle Weight","صافي وزن العربة"
"Neuropsychiatric Treatment","معالجة نفسية عصبية"
"Neutralization","احباط - ابطال - شل - تعطيل - اسكات"
"Neutralization Fire","نيران الشل - نيران اسكات ( دفعمية )"
"Neutralize","يبطل - يشل - يمنع - يحبط"
"Neutron Induced Gamma Activity","نشاط اشعاعات جاما النيوترونية المستحثة"
"Nickname (Exercise)","اسم مستعار لسرين"
"Night Attack","هجوم ليلي"
"Night Attack Interception","اعتراض ليلي ( طيران )"
"Night Attack Landing","هبوط ليلي - انزال ليلي"
"Night Attack Operation","عملية ليلية"
"Night Attack Patrol","دورية ليلية"
"Night Attack Practice","تمرين ليلي - ( تطبيقي )"
"Night Attack Traffic Line","حد المرور المسموح به ليلا"
"NIKE AJAX","صاروخ نايك أجاكس ( صاروخ موجه من الأرض للجو )"
"NIKE AJAX HERCULES","صاروخ نايك هيركوليز ( صاروخ موجه من الأرض للجو )"
"NIKE AJAX ZEUS","صاروخ سيز ( صاروخ مضاد للصواريخ موجه من الأرض للجو )"
"Nitrocellulose Powder","مسحوق أو بارود النتروسيلولوز"
"Nitrogen Mustard","خردل النتروجين"
"No Fire Line","خط منع الرماية"
"Non-Battle Casualty","خسائر خارج المعركة"
"Non-Battle Missing","مفقود خارج المعركة"
"Non-Battle Sick Injured","مرضى وجرحى خارج المعركة"
"Noncommissioned Officer","ضابط صرف"
"Nondefferrable Issue Demand","طلب صرف غير قابل للتأجيل"
"Nondelay Fuze","فيوز عديم التأخير"
"Non deteriorating Supplies","تموينات غير قابلة للتلف أو العطب (تدوم مدة طويلة)"
"Non duty Status","حالة التغييب من العمل"
"Noneffective","غير فعال - غير ساري المفعول"
"Noneffective Rate","معدل الأفراد الغير عاملين"
"Noneffective Sortie","طلعة جوية غير فعالة"
"Nonexpendable Supplies","١- تموينات غير مستهلكة أو غير استهلاكية"
"Nonfixed Medieval Treatment Facility","مرفق معالجة طبي متنقل"
"Nonhygroscopic Powder","سحقوق غير قابل لأشخاص الرطوبة"
"Nonjudicial Punishment","جزاءات بدون محاكمة (صلاحية القائد)"
"Nonpay Status","حالة إيقاف الراتب (أيام التغييب والهرب وفيره)"
"Nonperishable Items","أطعمة غير قابلة للتلف"
"Nonrecurring Demand","طلب غير متكرر - طلب دوري (سنوي)"
"Nonregistered Publication","نشرة غير مسجلة"
"Nontransportable Patient","مريض غير قابل للنقل"
"Normal Bed Capacity","السعة العادية من الأسرة"
"Normal Bed Capacity Charge","عبوة عادية"
"Normal Bed Capacity Impact","العدم العادي"
"Normal Bed Capacity Interval","الفاصل العادي (بين الأفراد اثناء التراصف)"
"Normal Bed Capacity Zone Of Fire","منطقة الرمي العادية"
"Northing","الضالبي (لقراءة الأصدقاء)"
"Nose Spray","انتشار الضبطايا للأمام"
"Notice Of Cancellation","اشعار بالألغام"
"Notice Of Cancellation Nonavailability","اشعار بعدم توفر (مواد ملغاة أو غير مصرح بها)"
"No Year Appropriation","مطبوع"
"Nuclear Accident","اعتبار مفتوح"
"Nuclear Accident Airburt","حادث نووي"
"Nuclear Accident Burst Report","انفجار جوي نووي"
"Nuclear Accident Cloud","تقرير عن انفجار نووي"
"Nuclear Accident Defense","سحابة نووية"
"Nuclear Accident Energy","دفاع نووي"
"Nuclear Accident Incident","طاقة نووية"
"Nuclear Accident Ordnance Items","حادث نووي طارئ ( يحدث بالصدفة )"
"Nuclear Accident Parity","معدات خاصة بالأسلحة النووية"
"Nuclear Accident Round","تعادل في التسليح النووي (بين قوتين متقابلتين )"
"Nuclear Accident Safety Line","قنبلة نووية"
"Nuclear Accident Stalemate","خط الأمان النووية"
"Nuclear Accident Strike Warning","موقف نووي غامض"
"Nuclear Accident Underground Burst","انذار بالقصف النووي"
"Nuclear Accident Underwater Burst","تفجير نووي تحت سطح الأرض"
"Nuclear Accident Warfare","تفجير نووي تحت سطح الماء"
"Nuclear Accident Weapon","الحرب النووية"
"Nuclear Accident Employment Time","سلاح نووي"
"Nuclear Accident Weapons Allocation","الوقت اللازم لأستخدام السلاح النووي"
"Nuclear Accident Weapon System","تخصيص الأسلحة النووية ( المقرر من الأسلحة لمختلف"
"Nuclear Accident Yield","الوحدات )"
"Nucleus","جهاز السلاح النووي"
"Nuisance Minefield","قوة التفجير النووي"
"Object Classification","تصنيف الشئي"
"Objection","اعتبار معارضة"
"Objective","هدف"
"Objective Area","منطقة الهدف"
"Objective Plane","مستوى الهدف"
"Objective , Accidental","هدف عارض"
"Objective , Designated","هدف معين - هدف محدد"
"Objective , Final","الهدف النهائي - الهدف الرئيسي"
"Objective , Intermediate","هدف متوسط - هدف ثانوي"
"Obligated Stocks","مخزونات الزامية - مخزونات ضرورية"
"Obligation","الزام - التزام - تعهد - ارتباط - عهد"
"Oblique Air Photograph","صورة جوية مائلة"
"Oblique Air Photograph Compartment","طبقة أرضية مائلة"
"Observation","ملاحظة - رصد - مراقبة"
"Observation Of Fire","ملاحظة النيران"
"Observation Post","مركز ملاحظة"
"Observation Officer","ضابط مركز الملاحظة"
"Observed Fire","النيران المرتبة - الرمي المرئي"
"Observing Angle","زاوية الهدف"
"Observing Angle Line","خط الملاحظة - الهدف"
"Observing Angle Point","نقطة الهدف الموجودة"
"Observing Angle Sector","القطاع الواقع تحت الملاحظة"
"Observer","ملاحظ"
"Obsolete Item","مادة ملغاة - صنف ملغي"
"Obstacle","عائق ج: عراعن"
"Obstacle Course","ميدان التدريب على العوائق"
"Obstacle , Antitank","عائق ضد الدبابات"
"Obstacle , Artificial","عائق اصطناعي"
"Obstacle , Barbed-Wire","عائق سلكي شائك"
"Obstacle , Fixed","عائق ثابت"
"Obstacle , Natural","عائق طبيعي"
"Obstacle , Passable","عائق ممكن عبوره"
"Obstacle , Portable","عائق متنقل"
"Obstruction","سد - عرقله - منع"
"Obturation","سد - انسداد"
"Occupation","احتلال - مهنة"
"Occupation Of Position","احتلال موقع"
"Occupied Beds","أسرع مشغولة أو معجوزه"
"Ocean Manifest","كشف الشحن البحري"
"Offense","تعرض - جنحة - اساءة"
"Offensive","تعرضي ( هجومي )"
"Office","مكتب - وظيفة - منصب"
"Officer","ضابط"
"Officers' Mess","مطعم الضباط"
"Official Training Literature","مؤلفات التدريب الرسمية كراسات التدريب الرسمية"
"Off Limits","محظور على غير المصحح لهم"
"Offset Distance","مسافة الخطأ - مسافة الانحراف ( المسافة بين النقطة المرغوبة ونقطة الاصابة فعلا نووي )"
"Offshore Patrol","دورية في عرض البحر"
"Ogive","رأس المقذوف المدبب"
"Oil Buffer","سخف الصدمة - منظم سرعة الرمي ( الرشاشات )"
"Oiler","ناقلة زيت - مزيته"
"On Board Spares","قطع غبار على ظهر السفينة (للخط الأول)"
"On Call","عند الطلب"
"One-Day's Supply","تموين يوم واحد"
"On Guard","١- الاستعداد للحماية أو الدفاع ٢- المراقبة أثناء الحراسة"
"On Launcher Reliability","إمكانية تأخذ الصواريخ"
"On Station","طائرات في ساء الهدف"
"On the Job Training","تدريب بالعمل"
"Open Allotment","حساب مفتوح"
"Open Code","رمز مدفوع - اصطلاح مدفوع"
"Open Column","رمل مفتوح (عربات)"
"Operating Agency","إدارة مالية فرعية (فرع مالي)"
"Operating Budget","الميزانية المعتمدة"
"Operation","عملية - عمل - إجراء - اشتغال"
"Operational Chain of Command","تسلسل القيادة للعمليات"
"Operational Characteristics","خصائص العمليات"
"Operational Characteristics Command","قيادة للعمليات"
"Operational Characteristics Control","السيطرة للعمليات"
"Operational Characteristics Authority","صلاحية السيطرة للعمليات"
"Operational Characteristics Environment","بيئة العمليات"
"Operational Characteristics Evaluation","تقييم العمليات"
"Operational Characteristics Immediate Message","رسالة فورية للعمليات"
"Operational Characteristics Intelligence","استخبارات العمليات"
"Operational Characteristics Interchangeability","قابلية التغيير الفعال"
"Operational Characteristics Missile","قذيفة جاهزة للاستخدام (اعتمد استخدامها في الوحدات)"
"Operational Characteristics Launcher (==================)","قاذف صاروخ جاهز"
"Operational Characteristics Readiness Training","تدريب الاستعداد للعمليات"
"Operational Characteristics Reserve","احتياطي العمليات"
"Operation and Maintenance of Facilities","تشغيل وصيانة المرافق"
"Operation Exposure Guide","مقدار التعرض للأشعاع المسموح به في العمليات"
"Operation Exposure Guide Map","خريطة عمليات"
"Operation Exposure Guide Grader","أسر عمليات"
"Operation Exposure Guide Annexes","ملاحق أسر العمليات"
"Operation Exposure Guide Overlay","شفاف العمليات"
"Operation Exposure Guide Plan","خطة العمليات"
"Operations Code","رمز العمليات"
"Operations Code Research","بحث العمليات - تحليل العمليات"
"Opposit Numbers","الاشخاص المماثلين . . . انقر لمماثلين"
"Optical Sight","نظارة أو منظار تسديد"
"Oral Trade Test","اختبار مهني شفوي"
"Orbit Point","نقطة مدارية - جغرافية على الأرض - الماء - لتحديد موقع الطائرة )"
"Order","أسر - طلب - نظام"
"Orderly Room","مكتب الوحدة - غرفة مناوبة"
"Order of Battle","نظام المعركة"
"Order Time","وقت الطلب"
"Ordnance","الأسلحة والمدخرات"
"Ordnance Depot","مستودع الأسلحة والمدخرات"
"Ordnance Officer","ضابط أسلحة ومدخرات"
"Ordnance Plan","خطة الأسلحة والمدخرات"
"Ordnance Service","صيانة الأسلحة والمدخرات (خدمة المدخرات)"
"Ordnance Stores","مخازن الأسلحة والمدخرات"
"Ordnance Supplies","تموينات الأسلحة والمدخرات"
"Ordnance Troops","وحدات الأسلحة والمدخرات (قطعات الأسلحة والمدخرات)"
"Organic","عضوي (جزء من تشكيل)"
"Organization","تنظيم - وحدة - تشكيل"
"Organization , Higher","الوحدة الأعلى - التشكيل الأكبر"
"Organizational Equipment","معدات الوحدة بموجب التنظيم"
"Organizational Equipment Maintenance","صيانة الوحدة"
"Organizational Equipment Repair Parts","قطع اصلاح للوحدة"
"Organizational Equipment Supply","تموين الوحدة"
"Organizational Equipment Chart","لائحة التنظيم - مخطط التنظيم"
"Organization for Embarkation","تنظيم الترحيل"
"Organization for Embarkation Landing","تنظيم الانزال - (الوحدات المنقولة جواً)"
"Organization for Embarkation of the Ground","تنظيم الأرض (للدفاع)"
"Organized Position","موقع منظم"
"Organized Position Strength","الملاك المعتمد"
"Orient","شرق - مشرق"
"Orient , To","يوجه - يرشد"
"Orientation","توجيه"
"Orienting Line","خطة التوجيه"
"Orienting Line Point","نقطة التوجيه"
"Origin","اصل - بدء - منشأ - مصدر - منطلق"
"Originator","موقع الرسالة - محرر الرسالة - (منشئ الرسالة)"
"Origin of the Trajectory","مركز انطلاق المقذوف"
"Oscillating Type Mine","لغم (يفجر بالذبذبة)"
"Outline Plan","خطة اولية - خطة تمهيدية"
"Outpatient","مريض عيادة خارجية"
"Outport","مينا ثانوى"
"Outpost","نقطة خارجية"
"Outpost, General (GOP)","نقطة خارجية عامة"
"Outpost Line, General (GOPL)","خط النقطة الخارجية العامة"
"Over","على - فوق - زيادة - انتهى - (إشارة)"
"Overhaul","تصليح عام - تجديد شامل - ترميم - عمرة عمومية"
"Overhead","فوق الرأس - زائد - اضافي"
"Overhead Fire","الرمي فوق الرأس - (فوق قواتنا أو القوات الصديقة)"
"Overhead Fire Strength","ملاك زائد . ملاك اضافي"
"Overlap Area","منطقة التداخل"
"Overlay","شفاف"
"Overlay - Type Order","أمر على الشفاف"
"Overload","حمولة زائدة"
"Overpackaging","تعبئة زائدة - (وضع كميات في الطرود أكثر من اللازم)"
"Overpacking","تغليف أو تحريم زائد أو اضافي (لوقاية الطرود أثناء نقلها)"
"Overpressure","ضغط زائد"
"Overprint","معلومات مضافة على الخرائط"
"Overseas Command","قيادة لما وراء البحار"
"Overseas Expedition","حملة لما وراء البحار"
"Overseas Levels of Supply","مستويات التمرين لما وراء البحار"
"Overseas Levels of Supply Movement Directive","توجيه التحرك لما وراء البحار"
"Overseas Levels of Supply Port","مينا ما وراء البحار"
"Overseas Levels of Supply Replacement Station","١- محطة التعويض لما وراء البحار"
"Overseas Levels of Supply Required Date","التاريخ المطلوب للوصول الى ما وراء البحار"
"Overseas Levels of Supply Returnee","عائد من وراء البحار"
"Overseas Levels of Supply Terminal Arrival Date","تاريخ الوصول الى مينا ما وراء البحار"
"Overseas Levels of Supply Unit Replacement","وحدة تعويض لما وراء البحار"
"Overseas Unit Replacement System","نظام تعويض وحدات ما وراء البحار."
"Over Strength","الزائد على الملاك"
"Owner Use Circuit","دائرة اتصال خاصة (إشارة)"
"Pace","خطوة"
"Pack","حقيبة - متاع الجندي - رزمة - كيس"
"Packaging","تخليف - تحزيم - تعبأة - ..."
"Packboard","لوحة ظهر تساعد على حمل الأشياء"
"Packet","ربطة - حزمة - مجموعة أفراد"
"Packet , First Aid","ربطة الأسماعات الأولية"
"Packing","تعبئة - تربيط"
"Padding","حشو - كلمات زائدة في الرسالة (إشارة)"
"Pallet","قاعدة تحميل"
"Panel","لوحة / لوحة تأشير (إشارة)"
"Panel Code","رمز لوحة التأشير (للأتصال بين القوات الأرضية والطائرات)"
"Parabomb","قنبلة ببطلة"
"Paracaission","عربة ذخيرة تسقط بالبطلة"
"Parade Rest","١- وضع الأستراحة أثناء الوقوف في الأستعراض"
"Parados","ساتر خلفي (في التحصينات)"
"Parallax Correction","تصحيح الزاوية القطرية"
"Parallax Correction Error","خطاء الزاوية القطرية"
"Parallel Sheaf","نيران عرضية متوازية ( توزيع النيران لمدفعين أو أكثر بخطوط متوازية )"
"Paramilitary Forces","قوات شبه عسكرية"
"Paramilitary Forces Operations","عمليات شبه عسكرية"
"Paraphase","تغيير النص دون المعنى ( في الرسالة)"
"Pararescue Team","جماعة إنقاذ مطليون"
"Parent Station","المحطة الرئيسية"
"Parent Station Unit","الوحدة الرئيسية"
"Parking Place","موقف - مكان - وقوف العربات"
"Parlimentaire","مفاوض (أحد أفراد الطرفين المتحاربين للتفاوض مع الطرف الآخر ) - # **محظور**"
"Pass ١ - سر . ضيق","٢ - بطاقة مرور . تصريح مرور . اجازة قصيرة"
"Pass in Review ١ - استعراض","٢ - ايجاز لبدء الاستعراض"
"Passive Homing Guidance توجيه . تتبع تلقائي سلبي Satellite Defense دفاع سلبي ضد الأقطار الاصطناعية","( لمنع العدو من النقاط الصور وغيره )"
"Percussion ١- طرق . صدم . قدح","٢- ايجاز لوضع الفيز الزمني"
"Perishable Charge","عبوة قابلة للتلف"
"Perishable Charge Items","مواد قابلة للتلف . أطعمة قابلة للتلف"
"Permanent Appropriation","تخصيص ثابت"
"Permanent Appropriation Duty Station","مقر العمل الثابت"
"Permanent Appropriation Emplacement","مريض ثابتة"
"Permanent Appropriation Grade","رتبة ثابتة - درجة ثابتة"
"Permanent Appropriation Parial Disability","عجز جزئي دائم"
"Permanent Appropriation Party","جماعة ثابتة"
"Permanent Appropriation Post","معسكر ثابت"
"Permanent Appropriation Property","ممتلكات ثابتة"
"Permanent Appropriation Rank","رتبة ثابتة"
"Permanent Appropriation Station","محطة ثابتة - معسكر ثابت"
"Permanent Appropriation Total Disability","عجز كلي دائم"
"Permission","اذن أو تصريح"
"Permeable Protective Clothing","البسة واقية (من المواد الكيميائية)"
"Permutation Table","جدول التعديل . جدول التبديل (الشفرة)"
"Perpendicular","عمودي"
"Persistent Gas","غاز مستقر"
"Personal Deposit Fund","الجودائح الشخصية"
"Personal Deposit Fund Property","الممتلكات للشخصية (عدا العقار)"
"Personal Deposit Fund Reconnaissance","احتياط شخصي"
"Personal Deposit Fund Salute","تنمية المراسيم (طلقات مدفعية على شرف زائر لمعسكر)"
"Personal Deposit Fund Staff","ركن شخصي"
"Personnel","أضرار"
"Personnel Authorization","الأفراد المصرح بتعيينهم"
"Personnel Carrier","ناقلة أفراد"
"Personnel Ceiling","اقصى ملاك من الأفراد (اقصى عدد مصرح به من الأفراد)"
"Personnel Center","مركز أفراد"
"Personnel Classification","تصنيف الأفراد"
"Personnel Daily Summerg","ملخص موجود الأفراد اليومي"
"Personnel Estimate","تقدير الأفراد"
"Personnel Losses","خسائر الأفراد"
"Personnel Losses Management Officer","ضابط إدارة الأفراد"
"Personnel Losses Officer","ضابط أفراد"
"Personnel Losses Plan","خطة الأفراد"
"Personnel Losses Procedures","اجراءات الأفراد"
"Personnel Losses Reaction Time","فترة استجابة الأفراد للأنذار"
"Personnel Losses Section","قسم الأفراد"
"Personnel Losses Selection Research","بحث اختبار الأفراد"
"Personnel Losses Services","خدمات الأفراد"
"Personnel Losses Utilization Research","١- دراسة استخدام الأفراد ٢- بحث الاستفادة من الأفراد"
"Personnel Losses Vulnerability Condition","درجة تعرض الأفراد (للخطر)"
"Petroleum Intersectional Service","خدمة التمرين بالبتروكيمو سرح العمليات (بواسطة الأنابيب أو النقل بالجملة)"
"Petroleum, Oils & Lubricants (PCL)","المشروبات"
"Phantom Circuit","دائرة فانتوم (دائرة وهمية) (بالتلفون)"
"Phase Line","خط المرحلة"
"Phases of Smoke","مراحل انتشار الدخان"
"Phases of Smoke Training","مراحل التدريب"
"Phonetic Alphabet","ابجدية صوتية (النطق الصوتي للحروف الهجائية)"
"Phonetic Alphabet Symbol","رمز صوتي"
"Phony Minefield","حقل الغام وهمي"
"Phony Minefield Mine","لغم وهمي"
"Phosgene","غاز فوسجين (يؤثر على جهاز التنفس)"
"Phosphate Finish","خلاء فوسفاتي (لمنع السدا والتآكل)"
"Photocharting","عمل لوحات مصورة"
"Photoflash Bomb","قنبلة ضوئية للتصوير"
"Photogrammetry","مساحة تصويرية (لرسم اللوحات والخرائط) (من الصور الجوية)"
"Photographic Control","تغيب الصور الجوية"
"Photographic Control Dosimetry","تقدير الجرعات بالصور (بيان مقدار الجرعات الأشعاعية بواسطة الصور الجوية)"
"Photographic Reconnaissance","مطور"
"Photographic Reconnaissance Strip","استطلاع الصور الجوية"
"Photomap","شريط صور جوية"
"Photomapping","خريطة صورة"
"Phototopography","عمل الخرائط من الصور الجوية"
"Physical Characteristics","عمل خرائط طوبوغرافية من الصور الجوية"
"Physical Characteristics Examination","الخصائص الطبيعية"
"Physical Characteristics Inspection","كشف طبي متكامل (للياقة البدنية)"
"Physical Characteristics Medicine","تفتيش فعلي . تفتيش على الطبيعة"
"Physical Characteristics Security","علاج طبيعي"
"Physical Characteristics of Cryptomatter","احتياطات الأمن الفعلية"
"Pickup Field","المواد المشفرة ============"
"Pickup Field Message","ميدان التقاط الرسائل (بالطائرات)"
"Pickup Field Point","رسالة ملتقطة (بواسطة الطائرة)"
"Picric Acid","نقططة التقاط ( في جهاز الرادار)"
"Pictorial","حامض البكريك"
"Picture Point","مصور . تصويري . من أجل التصوير"
"Piece Mark","نقطة أساس (تتخذ كمرجع في عمل الخرائط المصورة)"
"Peacemeal Attack","رقم القلعة"
"Pier Mount","هجوم مجزأ ( هجوم على دفعات)"
"Pillbox","منصب ثلاثي (حديثي وخرساني)"
"Pilotless Aircraft","دشة - استحكام"
"Pinpoint Photograph","طائرة بدون طيار"
"Pinpoint Photograph Firing","ادوات الطيار"
"Pinpoint Photograph Bombing","صورة جوية لنقطة . محددة"
"Pintle","رمي دقيق - (هدف نقطة)"
"Pioneer","نصف دقيق"
"Pioneer and Demolition Platoon","كلاب - قلب - خطاف - محور التكليب"
"Pipehead","مسد - جندي اشغال (مهندسين) مرمم جندي طليعة"
"Pipeline","١- خط أنابيب ٢- تدفق"
"Pip Matching","تعديل الصورة - مطابقة الصورة"
"Plain Component","الجزء الصريح - الفقرة الصريحة - ( من رسالة مشفرة)"
"Plain Coordinates","إحداثيات واضحة ( في رسالة مشفرة)"
"Plaindress","عنوان واضح - عنوان صريح"
"Plain Language","كلام واضح"
"Plain Language Text","نص صريح"
"Plane of Departure","مستوى الانطلاق (القديمة من الفوهة)"
"Plane of Departure Fire","مستوى الرمي ( محور الفوهة قبل الرمي)"
"Plane of Departure Position","مستوى الموقع (العلاقة بين الموقع والهدف)"
"Plane of Departure Site","مستوى البصر"
"Plane of Departure Table","لوحة طوبوغرافية ( ذات سطح متحرك للأغراض المسح )"
"Plane of Departure Map","خريطة طوبوغرافية مسطحة ( ذات مقياس رسم كبير )"
"Plan for Landing","خطة انزال بحري"
"Planimetric Map","خريطة مسطحة"
"Planimetric Map Sketch","كريكي مسطح"
"Planning Chart","لوحة أو خريطة تخطيط استراتيجي ( ذات مقياس رسم ٥٠٠٠٠٠ )"
"Planning Factor","عامل تخطيط ( إمدادات وتموين)"
"Planning Factor Guidance","مرشد تخطيط ارشادات التخطيط"
"Planning Factor Phase","مرحلة تخطيط"
"Planning Factor Staff","هيئة تخطيط"
"Plan of Action","خطة العمل"
"Plan of Action Approach","خطة الاقتراب"
"Plan of Action Attack","خطة الهجوم"
"Plan of Action Battle","خطة المعركة"
"Plan of Action Defense","خطة الدفاع"
"Plan of Action Fire","خطة النيران"
"Plan of Action Maneuver","خطة المناورة"
"Plan of Action Occupation","خطة الاحتلال"
"Plan of Operation","خطة العملية - خطة العمليات"
"Planograph","مخطط بياني - ( تخزين )"
"Plan Position Indicator","مؤشر الموقع على شاشة الرادار ( بيان الزاوية والسافة لهدف ما )"
"Plastic Explosive","متفجر بلاستيكي"
"Plateform","سطح - مصطبة - سطح - رصيف - منصة"
"Flot , To","يحفظ - يحدد موقع ( على الخريطة بالرسم )"
"Plot","محفظ - تحديد نقطة - أو مكان"
"Plotting and Relocating Board.","لوحة الرمي البياني ( لتعيين الهدف أو إعادة تحديده ) مدفعية ."
"Plotting Board","لوحة الرمي البياني"
"Plotting Board Paper","ورقة رسم بياني ( بمرمتات )"
"Plotting Board Room","مركز تحديد الأهداف ( رماية ) انظر مركز توجيه النيران"
"Plotting Board Scale","سطرة بيانية"
"Plumb Point","نقطة رأسية على هدف ( تصوير جوي )"
"Plunging Fire","نيران غادمة ( ساقطة بزاوية مرتفعة )"
"Pneumatic Deception Device","وسيلة خداعية عيكية ( من المخاض وتملأ بالهواء )"
"Point","نقطة - رأس - حد - سن - طرف - مرتفع - رأس المقدمة - موضوع - موضع - قصد - غرض - مركز ."
"Point Central System","نظام نقط مراقبة المرور - نظام نقط مراكز مراقبة المرور"
"Point Central System Designation Grid","نظام إحداثيات تعيين النقطة ( بدون مقياس رسم )"
"Point Detonating Fuze","طبة ضوئية ( تنفجر عند الصدم )"
"Point of Burst","نقطة الانفجار"
"Point of Burst Fall","نقطة السقوط"
"Point of Burst Impact","نقطة الصدم"
"Point of Burst No Return","نقطة اللاعودة ( طيران )"
"Point of Burst Target","هدف نقطة - هدف دقيق"
"Point of Burst To Point","من نقطة لأخرى - من محطة لمحطة ( وسائل الاتصال )"
"Point of Burst , Adjusting","نقطة تضبيط"
"Point of Burst , Aiming","نقطة تسديد"
"Point of Burst , Artillery Observation","نقطة ملاحظة المدفعية"
"Point of Burst , Base","نقطة الأساس - حظر"
"Port Berthing Capacity طاقة الميناء على استقبال السفن","حظر"
"Part Call","طلب النقل إلى الميناء ( طلب تحريك الأفراد والتسويات من مكانها الأصلي إلى منطقة التحميل بالميناء )"
"Port Capacity","طاقة الميناء ( تنزيل وترحيل )"
"Port Capacity Clearance Capacity","طاقة الميناء على التخليص والترحيل"
"Port Commander","قائد الميناء"
"Port Complex","ميناء متعدد المرافق"
"Port Discharge Capacity","طاقة الميناء على التفريغ والتنزيل"
"Port of Debarkation","ميناء التنزيل"
"Port of Debarkation Embarkation","ميناء الترحيل"
"Port of Debarkation Reception and Assembly Capacity.","طاقة الميناء على استقبال وتجميع الشحنات ."
"Port of Debarkation Reception Capacity( See:Port Berthing Capacity)","طاقة الميناء على استقبال السفن"
"Port Reference Number","رقم مرجع الميناء للشحنات الواردة"
"Port Reference Number Serial Number","رقم الرحلة المتسلسل ( بالنسبة لميناء الترحيل )"
"Port Reference Number Storage Capacity","طاقة الميناء على التخزين"
"Port Reference Number Throughput Capacity","طاقة الميناء على التنزيل والترحيل في اليوم الواحد ( عامل يستخدم كأساس في تخطيط الترحيل والاستقبال )"
"Position","موقع - مركز - موضع - موقف - حالة - منصب"
"Position , Advanced","موقع متقدم"
"Position , Aiming","وضع التسديد"
"Position , Alternative (Alternate)","موقع تبادلي"
"Position Angle","زاوية الموقع ( زاوية البصر )"
"Position Angle Area Survey","مسح منطقة الموقع"
"Position Angle Classification","تصنيف الوظائف أو المناصب"
"Position Angle Correction","تصحيح الموقع ( بالنسبة لمدافع البطارية )"
"Position Angle Grid","إحداثي تصحيح الموقع"
"Position Angle Defense","دماغ ثابت"
"Position Angle Finder","جهاز تحديد الموقع"
"Position Light","اشارة ضوئية لتحديد الموقع"
"Position Light , Assault","موقع اقتحام"
"Position Light , Assumed","موقع مفترض"
"Position Light , Battle","موقع المعمركة"
"Position Light , Combat","موقع قتلك"
"Position Light , Commanding","موقع مسيطر"
"Position Light , Consolidation of","تعزيز الموقع - تقوية الموقع"
"Position Light , Covering","موقع ساتر - موقع تستر"
"Position Light , Defensive","موقع دفاعي"
"Position Light , Defiladed","موقع مستور"
"Position Light , Delaying","موقع اعاقة"
"Position Light , Dummy (false)","موقع هيكلي - موقع وهمي"
"Position Light , Firing","موقع الرمي - وضع الرمي"
"Position , Open","موقع مكشوف"
"Position , Open , Organized","موقع منظم"
"Position , Open , Outpost","موقع خارجي"
"Position , Open , Prepared","موقع مجهز"
"Post","مركز - موقع - موضع - بريد - شاخص - عمود - محور"
"Post Cemetery","مقبرة المعسكر"
"Post Cemetery Commander","قائد المعسكر"
"Post Cemetery Exchange (FX)","دكان المعسكر - دكان الجندي"
"Post Cemetery Flag","علم المعسكر"
"Post Cemetery Property","ممتلكات المعسكر"
"Post Cemetery , Advanced","مركز متقدم"
"Post Cemetery , Central","مركز الهاتف"
"Post Cemetery , Combat","مركز قتال - نقطة قتال"
"Post Cemetery , Command","مركز القيادة"
"Post Cemetery , Listening","مركز تنصت"
"Post Cemetery , Medical Aid","مركز اسماء طبي"
"Postal Concentration Center","مكتب البريد المركزي"
"Postal Concentration Center Finance Officer","ضابط حسابات البريد"
"Postal Concentration Center Regulation Detachment","مفرزة تنظيم توزيع البريد (لمراكز أخرى) - مطور"
"Posture","وضع - وضعية - جلسة"
"Post-War","ما بعد الحرب"
"Potential Energy","طاقة جهدية"
"Pot Type Burner","قدر بموقد ميداني"
"Pouch Kit","حقيبة أدوات طبية"
"Powder","سحوق - بارود"
"Powder Bag","كيس العبوة"
"Powder , Flashless-nonhygroscopic","بارود عديم الوميض لا يتأثر بالرطوبة"
"Powder , Smoklss","بارود عديم الدخان"
"Power","قدرة - قوة - استطاعة - امكان - سلطة - طاقة - صلاحية - قوة متحركة - قدرة ميكانيكية"
"Power Approach","قوة الاقتراب للهبوط ( طيران )"
"Power Approach Traverse","دوران آلي ( بالكهرباء )"
"Power Approach Turret","برج يدار آليا ( ===== )"
"Power Approach , Fire","قوة النيران"
"Power Approach , Man","الطاقة البشرية - القوة البشرية"
"Practice","تمرين - تطبيق - ممارسة - استعمال"
"Practice Ammunition","ذخيرة تمرين"
"Practice at a Fixed Target","تمرين رماية على هدف ثابت"
"Practice a Moving","تمرين رماية على هدف متحرك"
"Practice an Invisible or","تمرين رماية على هدف غير مرئي"
"Unseen Target.","منظور ---"
"Practice at Unknown Distances","تمرين رماية لسافات مجهولة"
"Practice at Unknown Distances at a Visible Target","تمرين رماية على هدف مرئي"
"Practice at Unknown Distances Bomb","قنبلة تمرين"
"Practice at Unknown Distances Mine","لغم تمرين"
"Practice at Unknown Distances , Bayonet","تمرين الحربة"
"Practice at Unknown Distances , Piring","تمرين رماية"
"Prearranged Fire","نيران مسبقة التحضير"
"Prearranged Fire Message Code","رمز رسالة مسبق التحضير"
"Preassault Operations","عمليات ما قبل الاقتحام - مطور"
"Precedence","أسبقية - أفضلية"
"Precipitation","ترسب - سقوط ( المطر أو الثلج أو البرد )"
"Precision Adjustment","تضبيط محكم - تضبيط دقيق"
"Precision Adjustment Bombing","قصف محكم - قصف دقيق"
"Precision Adjustment Fire","نيران دقيقة - رمي محكم"
"Precision Adjustment Sweep","مسح دقيق - (في الرادار)"
"Preclusive Buying","شراء المواد للمرمضان المعد ومنها"
"Predicted Concentration","هدف تنبؤى"
"Predicted Concentration Fire","رمي التنبؤ"
"Predicted Concentration Firing","نيران التنبؤ"
"Predicted Concentration Point","نقطة تنبؤ"
"Predicted Concentration Position","موقع التنبؤ"
"Predicted Concentration Device","أداة حساب موقع التنبؤ"
"Predicting Dead Time","الوقت الضائع من التنبؤ"
"Predicting Dead Time Interval","الفاصل الزمني في رمي التنبؤ"
"Prediction","تنبؤ - تكهن - تبصر - توقع - حدس - تخمين - استكمال"
"Prediction Mechanism","آلية حساب رمي التنبؤ"
"Prediction Scale","مقياس التنبؤ"
"Predictor","آلية حساب رمي التنبؤ"
"Preflight Reliability","اجراءات يعتمد عليها قبل الإطلاق ( صواريخ )"
"Prelanding Operations","عمليات ما قبل الإنزال"
"Preliminary","تمهيدي - أولي - افتتاحي"
"Preliminary Demolition","تدبير أولي - تدبير تمهيدي"
"Preliminary Firing","رمي أولي (تدريب)"
"Preparation","اعداد - تحضير - استعداد - تهيئة - تأهب"
"Preparation Fire","نيران تحضيرية"
"Preparatory Bombardment(Fire)","قصف تحضيري"
"Preparatory Bombardment(Fire) Command","أمر تهيؤ - ايما ز تهيؤ"
"Prepared Launcher","جهاز اطلاق معد ( قاذف معد )"
"Prepared Launcher Missile","قذيفة معدة - قذيفة مجهزة"
"Prepared Launcher Prepare for Action","استعداد للقتال \" استعداد للعمل \" (ايماز)"
"Preplanned Air Support","اسناد جوى سبق التخطيط"
"Preplanned Air Support Mission","مهمة سبقة التخطيط"
"Prerogative","صلا حية - امتياز - حق الامتياز"
"Prescribed Load","حمولة مقررة"
"Presentation","عرض - تقديم - مقدمة"
"Presentation of Colors to Troops","تقديم العلم للقطعات"
"Preservation","حفظ - وقاية"
"Press","كبس - ضغط - دفع - مطبعة - طبع - صحافة"
"Pressure","ضغط - شد - قوة - مقاومة - جهد"
"Pressure Piring Device","أداة تفجير بالضغط"
"Pressure Pornt","واجهة الضغط - الضغط الأمامي"
"Pressure Points","نقاط الضغط"
"Pressure Suit","ملابس واقية من الضغط"
"Pressurized Cabin","حجرة مكيفة الضغط"
"Preventation","منع - حرمان"
"Preventive Maintenance","صيانة وقائية"
"Preventive Maintenance Indicators","دلائل الصيانة الوقائية"
"Preventive Maintenance Mdicine Company","سرية الصحة الوقائية"
"Preventive War","حرب وقائية"
"Price Andlyst","مقدر الأسعار - مقيم الأسعار"
"Primacord","فتيل صاعق"
"Primacord Net","شبكة فتائل صاعقة"
"Primary","أولي - أول - رئيسي - أصلي - ابتدائي"
"Primary Armament","تسليح رئيسي"
"Primary Censorship","رقابة أولية"
"Primary Cognizance","مسؤولية أساسية - صلاحية أساسية"
"Primary Control Officer","ضابط السيطرة الأولية (في الأنزال البرمائي)"
"Primary Demolition Belt","منزاع التدمير الرئيسي (في المواقع)"
"Primary Fire Position","موقع الرمي الرئيسي"
"Primary Sector","قطاع النيران الرئيسي"
"Primary Piring","قطاع الرماية الرئيسي"
"Primary Gun","المدفع الرئيسي"
"Primary Gun Interest","الأهمية الرئيسية"
"Primary Gun Mission","المهمة الرئيسية"
"Primary Gun Port","المهنة الرئيسي"
"Primary Gun Radar","الرادار الرئيسي"
"Primary Gun Position","الموقع الرئيسي"
"Primary Gun Responsibility","المسؤولية الرئيسية"
"Primary Gun Station","مركز الملاحظة الرئيسي - محطة رئيسية"
"Primary Gun Weapon","سلاح رئيسي"
"Prime","بدنة - بد - اصلي - أولي - رئيسي - فاتحة"
"Prime Contract","تعاقد أولي - عقد أولي"
"Prime Mover","محرك رئيسي - عربة الحسر الرئيسية"
"Primer","شمل - كسولة - فتيل - بادئ"
"Primer Detonator","مقبر صاعق - كسولة صاعقة"
"Primer Pouch","جمعية الكسوليات"
"Primer Seat","مقر البادى"
"Primer Setback","تكذيب الكسولة - (ناتج عن خلل في الكسولة)"
"Principal","اساس - اصلي - رئيسي - اولي - أول - اصل -"
"Principal Item","مادة رئيسية - صنف أولي"
"Principal Line","خط الأصل"
"Principal Point","نقطة الأصل"
"Principal Supply Road","طريق التموين الرئيسي"
"Principle","مبدأ"
"Principles of War","مبادئ الحرب"
"Priority","اسبقية"
"Priority Message","رسالة ذات أسبقية"
"Prismatic Compass","بوصلة منشورية"
"Prisoner","سجين - أسير"
"Prisoner of War","أسير حرب"
"Prisoner of War Camp","معسكر أسرى الحرب"
"Prisoner of War Censorship","رقابة أسرى الحرب"
"Prisoner of War Collecting Point","نقطة جمع اسرى الحرب"
"Prisoner of War Collecting Point Personnel Record","سجل افراد اسرى الحرب"
"Prisoner of War Collecting Point Processing Company","سرية شؤون اسرى الحرب"
"Prisoner of War Collecting Point Station","مركز شؤون اسرى الحرب"
"Private","جندى - خصوصي"
"Private Code","رمز خاص"
"Private Letter(Message)","كتاب شخصي - (رسالة شخصية)"
"Probability Factor","عامل الاحتمال"
"Probability Factor of Damage","احتمال التلف - احتمال الضرر"
"Probability Factor Fractional Damage","احتمال التلف / الضرر الجزئي"
"Probable Error","الخطأ المحتمل"
"Probable Error Line of Deployment","خط الانتشار المحتمل (في الهجوم الليلي)"
"Probably Destroyed (Aircraft)","الطلب المتبقي المحتمل تدبيرها"
"Probationer","سجين قيد المراقبة - سجين مراقب - (تحت التجربة لاحتمال اطلاق سراحه)"
"Problem","معضلة - مشكلة - مسألة - قضية"
"Problem, Map","معضلة على الخريطة"
"Procedure","اجراء - تصرف - سير - مسلك"
"Procedure Analysis","تحليل الاجراءات"
"Procedure Message","رسالة اجراءات"
"Procedure Sign(Prosign)","رمز اجراءات الاتصال (اشارة)"
"Procedure Word (Proword)","كلمة ======== (اشارة)"
"Procedure , Standing Operating","الأوامر المستديمة"
"Process","اسلوب - دعوة - سير - تقدم - تطور - - تفاعل - تداول أو مداولة"
"Processing","تطوير - تدبير - تصريف - معالجة - تفاعل - تسجيل - تحميض - تحويل"
"Processing Center","مركز تسجيل"
"Processing ,Photograph","تحميض وطبع الصور"
"Proclamation","اعلان - تصريح - اذاعة - نشر"
"Proclamation of State of Emergency","اعلان حالة الطوارئ"
"Proclamation of Martial Law","أعلان الأحكام العرفية"
"Procurement","نيل - استحصال - تحصيل - حصول - حيازة"
"Procurement Objective","هدف الحصول"
"Production","انتاج - انشاء - اظهار - تقديم - محصول - ثمرة - غلة"
"Production Loss Appraisal","تقدير خسارة الانتاج ( بسبب التلف اثناء الحرب )"
"Profession","مهنة - حرفة - صنعة - اقرار - اعتراف"
"Professional Army","جيش محترف"
"Professor of Military Science","استاذ علوم عسكرية"
"Proficiency","كفاءة - صلاحية - خبرة - مقدرة"
"Profile","صور جانبية - مقطع جانبي"
"Proforma","نموذج - صيغة - شكل"
"Program","منهج - برنامج - مشروع"
"Programed Strength","الملاك المخطط ( لفترة ما )"
"Program Management","ادارة المناهج - مظ-ور"
"Program Review and Analysis","مراجعة وتحليل المناهج"
"Program Review and Analysis Section","قسم المناهج - فرع المناهج"
"Progress","تقدم - رقي - ارتقاء"
"Progress Payment","دفع تدريجي - الدفع على فترات (بنسبة الانجاز)"
"Project","مشروع - ناتي"
"Project Account Classification","تصنيف حسابات المشروع"
"Project , To","يقذف - يسلط الضوء"
"Projectile","مقدوف"
"Projectile , Drill","مقدوف تدريب"
"Projectile , Dummy","مقدوف طيكلي"
"Projectile , Gas","مقدوف غازي"
"Projection","يسقط - بروز - عرض - قذف - تدبير - اسقاط - القاء"
"Projection , Angle of","زاوية القذف - الاسقاط"
"Projection , Film","عرض فلم"
"Projection , Mercator","رسم بطريقة ميركاتور (في الخرائط العسكرية)"
"Projector","جهاز عرض - قاذف"
"Projector , Reflecting","جهاز عرض عاكس"
"Prolongation","تمديد - اطالة"
"Prominence","نتوء - بروز - ظهور"
"Promotion List","لائحة الترقية"
"Prone Position","وضعية الامتداد"
"Prone Position Shelter","خندق وضع الامتداد"
"Proof","برعان - تجربة - اثبات"
"Proof , Bomb","محصن من القنابل - ضد القنابل"
"Proof , Water","ضد الماء"
"Propaganda","دعاية"
"Propel , To","يدفع - يحرك - يسير"
"Propellant","دافع - جهاز دفع - دافعة"
"Propeller","مروحة - دافعة - محرك"
"Propelling charge","عبوة دافعة"
"Property","ملك - خاصية - أموال - عقار"
"Property Accountability","محاسبة الممتلكات - مظ-ور"
"Property Book","سجل العهدة"
"Property Book Custodian","ضابط العهدة"
"Property Book Disposal Officer","ضابط توزيع العهدة والمسترجعات"
"Property Book Exchange","تبادل العهدة"
"Property Book Voucher","بطاقة صرف عهدة"
"Proportion , To","يعادل - يعاير - يوزع نسبيا"
"Propulsion","دفع - جر - تحريك - تسيير"
"Propulsion , To","دفع نفاث"
"Propulsion , Rocket","دفع صاروخي"
"Protected Personnel","افراد محميون"
"Protecting Power","القوة الحامية - قوة واقية"
"Protective Clothing","ملابس واقية"
"Protective Clothing Cover","ساتر واقي ( ساتر بلاستيكي للوقاية من الغازات )"
"Protective Clothing Fire","نيران حماية"
"Protective Clothing Mask","قناع واقي"
"Protective Clothing Minefield","حقل الخام وقائي"
"Protective Clothing Ointment","مرهم وقائي"
"Protector","حامي - واقي"
"Prototype","النموذج الأصلي"
"Protractor","منقلة"
"Provision","مؤونة - زاد - مدخر - امداد"
"Provisional","وقتي - مؤقت - تمويني"
"Provisional Map","خريطة وقتية بالرسم"
"Provisional Pass","تشريح مؤقت"
"Provisional Unit","وحدة مؤقتة"
"Provisioning","عملية - تجهيز - تزويد - امداد"
"Provost","البوليس الحربي"
"Provost Court","مجلس عسكري ( لمحاكمة المدنيين والعسكريين في المناطق المحتلة )"
"Provost Marshal","قائد البوليس الحربي"
"Proximity Fuze","طبة تعمل بتأثير خارجي"
"Psychochemical Agent","مادة كيماوية"
"Psychological Activities","النشاطات النفسية"
"Psychological Activities Operations","العمليات النفسية"
"Psychological Activities Warfare","الحرب النفسية"
"Psychological Warfare","هدف الحرب النفسية"
"Psychological Warfare Task","واجب الحرب النفسية"
"Psychological Warfare Task Theme","موضوع الحرب النفسية"
"Public Affairs","الشؤون العامة"
"Public Affairs Information","الأعلام العام"
"Public Affairs Activities","أوجه نشاط الأعلام العام"
"Public Affairs Agency","وكالة الأعلام العام"
"Public Affairs Security","الأمن العام"
"Publication","نشر - اعلان - إذاعة - نشرة"
"Publish","ينشر - يضع - يجلن"
"Punishment Book","سجل العقوبات"
"Punitive Articles","مواد العقوبات العسكرية"
"Purchase","يشترى - يجوز - يمتلك - مشتروات"
"Purchase Request","طلب الشراء"
"Purchase Responsibility","مسؤولية الشراء"
"Purchase Office","مكتب المشتروات"
"Pursuit","مطاردة"
"Pyrotechnics","طلقات الإشارة"
"Pyrotechnic Pistol","مسدس إشارة"
"Quadrant","ربع دائرة ( مدفعية )"
"Quadrant Angle of Elevation","زاوية ارتفاع ربع الدائرة"
"Quadrant Elevation","زاوية ارتفاع ربع الدائرة ( مدفعية )"
"Quadrant Mount","قاعدة الموزولة . قاعدة ربع الدائرة ( مدفعية )"
"Quadrant Sight","مسددة ربع الدائرة ( مدفعية )"
"Qualifications in Arms","درجات المهارة في الأسلحة"
"Qualification Record","سجل المؤهلات"
"Qualitative Distribution","التوزيع النوعي للطاقات البشرية"
"of Manpower.","بين القوات المسلحة"
"Qualitative Materiel Development","هدف التطوير النوعي للمواد"
"Qualitative Materiel Requirement","الاحتياج النوعي للمواد"
"Quality Assurance","ضمان جودة الصنف"
"Quality Assurance Control","مراقبة جودة الصنف"
"Quantity","كمية - مقدار"
"Quarry","محجر - مقلع"
"Quartering","اسكان - ايواء"
"Quartering Party","جماعة الاسكان"
"Quartermaster (QM)","١- ضابط التموين والمهات - ٢- أعمال التموين والمهات"
"Quarters","سكن - ساكن"
"Quarters and Subsistence","بدل سكن واعاشة"
"Quarters in Kind","سكن عيني ( تأمين الساكن لأفراد الجيش عينا ليس نقدا )"
"Quick Fire","رمي سريع جدا"
"Quick Fire March","السير السريع ( ايجاز )"
"Quick Fire Time","خطى متسارعة ( بسرعة ١٢٠ خطوة/الدقيق بطول ٣٠ بوصة للخطوة)"
"Quit","يترك - يخرج - يغادر - يعتق - يحرر"
"Quota","نصيب - نصاب - حصة - قرعة - مطور - مجلة"
"Radiac (Radio Activity) ١- اسلوب الكشف عن النشاط الأشماعي","٢- أداة \" \" \" \" \""
"Radial Line Plot تخطيط الخط الشماعي ( طريقة التخطيط","في عمل الخرائط من الصور الجوية )"
"Radio Approach Aids معدات الاقتراب اللاسلكية ( معدات تساعد","الطائرة على الاقتراب من مدرج الهبوط )"
"Radio Beacon","مرشد لاسلكي للتوجيه (للطائرات أو السفن)"
"Radio Beacon Control","سيطرة بالاسلكي - توجيه بالاسلكي"
"Radio Beacon Countermeasures","الأجراءات اللاسلكية المضادة"
"Radio Beacon Day","يوم لاسلكي (من منتصف ليلة إلى منتصف الليلة التي تليها)"
"Radio Beacon Deception","الخداع اللاسلكي"
"Radio Beacon Detection","الكشف بالاسلكي"
"Radio Beacon Direction Finding","تحديد اتجاه بالاسلكي (بواسطة الذبذبات الواردة بجهاز آخر)"
"Radio Facility Charts","لوحات إيضاح المحطات اللاسلكية"
"Radio Facility Charts Fix","تحديد موقع جهاز لاسلكي"
"Radio Facility Charts Jamming","التشويش أو التداخل اللاسلكي"
"Radio Facility Charts Location","تحديد موقع هدف بالاسلكي"
"Radiological Agent","عامل إشعاعي"
"Radiological Defense","الدفاع ضد الإشعاعات"
"Radiological Defense Dose","جرعات إشعاعية"
"Radiological Defense Monitoring","كشف وقياس الإشعاعات"
"Radiological Operations","العمليات الإشعاعية"
"Radiological Operations Safety","إجراءات السلامة من الإشعاعات"
"(see also:Radiological Defense)","ارتفاع الطيران أثناء المسح الإشعاعي"
"Radiological Survey Instrument","أداة مسح إشعاعي"
"Radiological Warfare","الحرب الإشعاعية"
"Radio Navigation","ملاحة بالاسلكي"
"Radio Navigation Guidance","إرشاد الملاحة بالاسلكي"
"Radio Navigation Position Finding","تحديد موقع جهاز اللاسلكي"
"Radio Navigation Procedure","الأجراءات اللاسلكية (الأصطلاحات اللاسلكية)"
"Radio Navigation Range","مدى اللاسلكي"
"Radio Navigation Finding","تحديد المدى بالاسلكي"
"Radio Navigation Recognition","تمييز الإشارات اللاسلكية"
"Radio Navigation and Identification.","التمييز وإثبات الهوية بالاسلكي - مظ"
"Radio Relay System نظام اعادة الارسال . نظام توسط الارسال","٢ - شبكة تقوية الارسال . شبكة اعادة الارسال . شبكة توسط الارسال ."
"Radio Silence","السمت اللاسلكي"
"Radio Silence Telegraph","برقية لاسلكية"
"Radio Silence Telephone","تلفون لاسلكي - هاتف لاسلكي"
"Radio Silence Traffic","حركة الاتصال اللاسلكي"
"Radio Silence Wave","موجة اللاسلكي"
"Radius","نصف قطر - مدى - شعاع"
"Radius of Action","مدى العمل"
"Radius Damage","مدى الضرر"
"Radius Safety","مدى السلامة . مدى الأمان"
"Radius Visibility","مدى الرؤية"
"Raid","غارة"
"Raid Clerk","سجل الغارات"
"Rail","خط سكة الحديد . سكة الحديد"
"Rail Head","رأس سكة الحديد"
"Rail Loading","تحميل القطارات"
"Railroad Ground Storage yard","فناء التخزين في محطة سكة الحديد"
"Railroad Ground Storage yard Transportation Officer","ضابط نقل سكة الحديد"
"Railway Equipement","معدات سكة الحديد"
"Railway Equipement Service","وحدة سكة الحديد"
"Railway Equipement Shop","ورشة سكة الحديد"
"Rainy Season","فصل الأمطار - موسم الأمطار"
"Raise Pistol","١ - رفع السدس - اخراج السدس - ٢ - ارفع السدس ( ايجاز )"
"Ralling Point","نقطة تجمع"
"Ramjet","محرك نفاث تضاعطي"
"Ramp Sight","قاعدة تسديد"
"Ramrod","ممراط - قضيب التنظيف ( للبندقية )"
"Random Mixed Alphabet","ترتيب الحروف بطريقة راندوم"
"Range","مدى - مجال"
"Range Adjustment","تضبيط المدى - مظ - ٧.٢."
"Range Angle","زاوية المدى"
"Range Angle Board","لوحة المدى - لوحة الرمي"
"Range Angle Calibration","معايرة المدى"
"Range Angle Card","بطاقة المدى"
"Range Angle Correction","تصحيح المدى"
"Range Angle Board","لوحة تصحيح المدى"
"Range Angle Corrector Setting","تخطيط مقياس المدى"
"Range Angle Deflection Fan","مروحة المدى والانحراف"
"Range Angle Protractor","منقلة المدى والانحراف"
"Range Angle Deviation","خطأ المدى ( في المسافة )"
"Range Angle Difference","فرق المدى - اختلاف المدى"
"Range Angle Disk","قرص المدى"
"Range Angle Dispersion Diagram","مخطط انتشار الطلقات لمنطقة x ٥٠"
"Range Angle Drum","اسطوان المدى ( دليل اسطواني الشكل لأحكام المدى للمدفع )"
"Range Error","خطأ المدى"
"Range Error Finder","جهاز ايجاد المدى"
"Range Error Flag","علم الرماية"
"Range Error Guard","حارس ميدان الرماية"
"Range Error House","مكتب ميدان الرماية"
"Range Error Indicator","دليل المدى"
"Range Error Ladder","سلم الرمي ( بحرية )"
"Range Error of Flight","مدى الطيران"
"Range Error Visibility","مدى الرؤية"
"Range Error Probable Error","خطأ المدى المحتمل"
"Range Error Quadrant","ربع دائرة ( مزولة المدى )"
"Ranger","فدائي - مفهور - جندي صاعقة"
"Range Rake","مقياس الزوايا ( اداة على شكل حرف T )"
"Range Scale","عليها خوايير تشكل مع قاعدتها زوايا تساعد الملاحظ الجانبي على ايجاد انحراف الزاوي على الهدف مقياس المدى"
"Range Scale Section","جماعة تحديد المدى ( للمدفعية )"
"Range Scale Sensing","تحسين المدى ( تقدير تقريبي )"
"Range Spotting","تعيين المدى (بملاحظة سقوط الطلقات)"
"Range Spotting Spread","انتشار الطلقات للمدى"
"Range Spotting Table","جدول الرماية"
"Range Spotting (Transport Vehicles)","مدى العربة (المسافة التي تقطعها بالوقود المنفصل لها)"
"Range Spotting , Adjusted","مدى ضبط - مدى مصحح"
"Range Spotting , Close","مدى قريب"
"Range Spotting , Frequency","مدى الذبذبة"
"Range Spotting , Long","مدى بعيد"
"Range Spotting , Out of","خارج المدى"
"Range Spotting , Within Rifle","في مدى البندقية - داخل مدى البندقية"
"Ranging","تحديد المدى - أحكام المدى - إيجاد المدى"
"Ranging Pole","شاخص المدى"
"Rank","رتبة - صنف"
"Rank , To","يصف - يرتب - يصف"
"Ranks , All","جميع الرتب"
"Rank , Date of","تاريخ الترقية"
"Rank , Date of , Double","صف مزدوج"
"Rank , Date of , Honory","رتبة شرف - رتبة فخرية"
"Ranks , Out of","خارج الصفوف"
"Rank , Permanent","رتبة ثابتة"
"Rank , Permanent , Rear","الصف الخلفي"
"Rank , Permanent , Single","صف مفرد - صف على نسق واحد"
"Rank , Permanent , Temporary","رتبة مؤقتة"
"Ranks , The","الجنود"
"Rapid Fire","رعي سريع"
"Rapid Fire Service Items","مواد الخدمة العاجلة (تؤمن بدون تأخير)"
"Rate","معدل - تعريفة - درجة - سرعة (معدل السرعة)"
"Rate of Fire","معدل النيران (معدل الرمي)"
"Rate March","معدل المسير - سرعة المسير"
"Rate Movement","معدل التحرك - سرعة التحرك"
"Rate , Supply","معدل التموين"
"Rate , Wind","معدل الريح - سرعة الريح"
"Rating","تقدير - تثمين - تخمين - تصنيف - قيمة - قدرة"
"Rating , Efficiency","تقدير الكفاءة"
"Ratio","نسبة - معدل"
"Raticing","تكبير أو تصغير الصور"
"Ratio Method","طريقة تكبير أو تصغير الصور"
"Ration","اعاشة"
"Ration Allowances","بدل اعاشة"
"Ration and Savings Accounts","حسابات الأعاشة والأدخار"
"Ration Articles","مواد اعاشة (بموجب نصوص أنظمة الجيش)"
"Ration Basis of Issue","نظام صرف الأعاشة (ثلاث وجبات: فطور، غداء، عشاء، )"
"Ration Cycle","اعاشة يوم كامل (ابتداء من أية وجبة معينة في اليوم)"
"Ration","اساشة"
"Ration Interval","فترة الأعاشة (من تاريخ الطلب لغاية الاستهلاك)"
"Ration Return","بطاقة طلب تعويض الأعاشة"
"Ration Saving","متوفرات الأعاشة (فقد)"
"Ration Scale","مقياس الأعاشة"
"Ration Inkind","اعاشة عينية"
"Ration Strength","مستعدوا الأعاشة (الموجود افعلي المستحق للأعاشة)"
"Ration Supplements","مكلا ت الأعاشة (كالسجائر وخلافها)"
"Ration , Daily","اعاشة يومية"
"Ration , Emergencey","اعاشة طوارئ"
"Ration Factor","عامل الأعاشة اليومية للفرد"
"Ration , Field","اعاشة ميدان"
"Ravine","مسيل أو شعيب"
"Rawin","ملاحظ الرياح العليا ( بالبالون والوسائل الإلكترونية)"
"Rawinsonde","رصد جوي الكتروني"
"Raw Score","العلامة الأصلية . الدرجة الأصلية"
"Reaction","رد فعل . تفاعل"
"Reaction Propulsion","دفع معاكس"
"Reactor","مفاعل - مقاوم"
"Readiness","استعداد . تأهب"
"Readiness , in","في حالة استعداد . في حالة تأهب"
"Ready Missile","قذيفة جاهزة للأطلاق"
"Ready Missile Rack","حالة ذخيرة مجهزة"
"Ready Missile Reserve","الأحتياطي الجاهز"
"Real Account","الحساب العقلي"
"Real Account Estate","العقار"
"Rear Area","المنطقة الخلفية"
"Rear Area Security","أمن المنطقة الخلفية"
"Rear Area Control","مركز مراقبة أمن المنطقة الخلفية"
"Rear Area Security Controller","مراقب أمن المنطقة الخلفية"
"Rear Area Security Controller Barrier","المانع الخلفي"
"Rear Area Security Controller Echelon","القيادة الخلفية (خاصة بالتموين والأدارة)"
"Rear Area Security Controller Guard","حرس المؤخرة"
"Rear Area Security Controller Point","نقطة خلفية"
"Reason","سبب . داع . مبرر . صواب . حجة"
"Rebuild","اعادة بناء - تجديد"
"Recall to Active Duty","استدعاء للخدمة العامة"
"Receive","يستلم . يستقبل"
"Receiver","مستقبل . جهاز استقبال . ستلم"
"Receiving Officer","ضابط استقبال . ضابط استلام"
"Receiving Officer Station","محطة استقبال . محطة استلام"
"Receptee","الشخص المستقبل (بفتح الباب)"
"Reception","استقبال . استلام . قبول"
"Reception Party","حفلة استقبال"
"Reception Period","فترة الاستقبال . فترة الاستلام"
"Reception Station","محطة الاستقبال . محطة الاستلام"
"Reciprocal Jurisdiction","قضاء مشترك . قضاء متبادل (تحويل فسر من القوات المسلحة بمحاكمة فرد من فرع آخر وبالعكس)"
"Reciprocal Laying","توجيه مشترك . توجيه متبادل (بين قطع المدفعية)"
"Reclamation","مطالبة . اعتراض . التماس . استعادة . استرداد"
"Recognition","معرفة . تمييز . تعارف . تصرف"
"Recognition and Identification System نظام تمييز وتحقيق الهوية. Signal","إشارة تمييز . إشارة تعرف"
"Recoil Booster","مساعد الارتداد . موازن الارتداد"
"Recoil Booster Cylinder","اسطوانة الارتداد"
"Recoilless Rifle","بندقية عديمة الارتداد"
"Recoil Mechanism","آلية الارتداد . جهاز الارتداد"
"Recoil Mechanism Operated","يعمل بالارتداد"
"Recoil Mechanism Pit","حفرة الارتداد ( خلف السلاح )"
"Recoil Mechanism System","جهاز الارتداد"
"Recondition","تجديد . اصلاح"
"Recommend . To","يوصي"
"Recommendation","توصية"
"Reconnaissance","استطلاع"
"Reconnaissance & Security Positions(RSP)","مواقع الأمن والاستطلاع"
"Reconnaissance Underwater Demolition","جماعة الاستطلاع والنصف"
"Group.","تحت الماء."
"Reconnaissance Broadcast","اذاعة أو نشر نتائج الاستطلاع (بالراديو)"
"Reconnaissance Broadcast By Fire","الاستطلاع بالنيران"
"Reconnaissance Broadcast in Force","الاستطلاع بالقوة"
"Reconnaissance Broadcast Map","خريطة الاستطلاع"
"Reconnaissance Broadcast Mission","مهمة الاستطلاع"
"Reconnaissance Net","شبكة استطلاع"
"Reconnaissance Net Officer","ضابط استطلاع"
"Reconnaissance Net of Position","استطلاع الموقف"
"Reconnaissance Net Party","جماعة الاستطلاع"
"Reconnaissance Net Patrol","دورية استطلاع"
"Reconnaissance Net , Photography","تصوير جوى استطلاعي"
"Reconnaissance Net Plane","طائرة استطلاع"
"Reconnaissance Net Report","تقرير استطلاع"
"Reconnaissance Net Strip","شريط استطلاع مصور (سلسلة من الصور الجوية)"
"Reconnaissance Net ,Map","استطلاع من الخريطة"
"Reconnaissance , Strategical .","استطلاع استراتيجي"
"Reconnaissance , Strategical . , Tactical","استطلاع تكتيكي"
"Reconnaissance , Strategical . , Visual","استطلاع نظري (بالعين)"
"Reconnoitre , To","يستطيع . يستكشف"
"Reconsignment","إعادة الحمولة . تحويل الشحنة"
"Reconstitute","إعادة إنشاء . إعادة تشكيل"
"Record as Target","سجل كهدف ( أمر )"
"Record as Target Firing","رمي تسجيل . رماية سجلية ( تمرين )"
"Records","سجلات"
"Records Administration","إدارة السجلات"
"Records Administrators","كتبة السجلات"
"Records Center","مركز السجلات"
"Records Control Schedule","جدول مراقبة السجلات"
"Records Management Officer","ضابط إدارة السجلات"
"Recoupment","غرامة"
"Recover","يستعيد . يسترد . يحصل على . يشفى"
"Recoverable Item","مادة قابلة للاسترداد . مادة يمكن استعمالها (بعد الأصلاح )"
"Recovery","استرداد . استرجاع . نجدة . إخلاء . شفاء"
"Recovery and Reconstitution","الاسترجاع وإعادة الإنشاء"
"Recovery Party","جماعة النجدة والإنقاذ"
"Recreation Center","مركز ترفيه"
"Recruit","ستجد"
"Recruiting Main Station","محطة تجنيد رئيسية . مركز تجنيد رئيسي"
"Recruiting Main Station Objective","هدف التجنيد"
"Recruiting Main Station Station","محطة تجنيد . مركز تجنيد"
"Rectangle of Despersion","مستطيل الأنشار ( منطقة مستطيلة تقع فيها طلقات المدفعية حسب بيانات الرماية )"
"Rectangular Coordinates","الأحداثيات المتعامدة"
"Recurring Demand","طلب دوري . طلب تكراري"
"Recurring Demand Issue","صرف دوري . صرف تكراري"
"Redeployment","إعادة نقل . إعادة ترحيل"
"Redesignation","إعادة تعيين . إعادة تسمية"
"REDEYE","صاروخ ريداي ( يطلق من الكتف ضد أهداف جوية )"
"Redistribution","إعادة توزيع"
"REDSTONE","صاروخ ريدستون ( موجه من الأرض للأرض )"
"Reduced Charge","عبوة ناقصة . عبوة مخففة"
"Reduced Strength Column","الملاك الناقص ( في جدول التنظيم والمعدات )"
"Reduced Strength Unit","وحدة مخففة الملاك"
"Reduction","تخفيف . تقليل . اقلال . تخفيض . تصغير . اختصار"
"Reduction Coefficient","عامل المدى ( حساب مدفعية )"
"Reduction in Force","تخفيض اضطراري للأفراد المدنيين"
"Reduction Table","جدول التخفيض"
"Reenlistment","إعادة التجنيد ( تطوعا )"
"Reenlistment Rate","معدل إعادة التجنيد"
"Refer","ينسب . يسند . يشير . يحيل . يقصد . يبلغ"
"Reference","مرجع . سند . وثيقة . شهادة . مذكرة"
"Reference Line","خط المرجع"
"Reference Line Number","رقم المرجع"
"Reference Line Piece","مدفع المرجع"
"Reference Line Point","نقطة مرجع"
"Referring Point","نقطة مراجعة ( مدفعية )"
"Reflecting Projector","جهاز عرض"
"Reflex Force","قوة رد الفعل ( طيران )"
"Reflex Force Sight","جهاز تسديد عاكس"
"Reflight","إعادة الطيران . إعادة التحليق ( لغرض التصوير )"
"Refuel , Tc","يعيد التزود بالوقود"
"Refugee","لا جئ"
"Regiment","لواء"
"Regimental Landing Team","جماعة انزال اللواء . فريق انزال اللواء"
"Regimental Landing Team Train","قافلة اللواء"
"Regional Boundaries","حدود اقليمية"
"Regional Chart","خريطة اقليم . ( تستخدم في الملاحة الجوية خاصة وهي - ذات مقياس رسم ( ١٠٠٠٠٠٠ / ١ ) - حـظـور"
"Regional Purchase","مشتروات اقليمية . مشتروات محلية"
"Registered Document","وثيقة سجلية . مذكرة سجلية"
"Registered Document Matter","مادة سجلية"
"Registered Document Publications","نشرات سجلية . مطبوعات سجلية"
"Register Number","رقم السجل"
"Registrant","مسجل (الشخص الذي يتقدم لتسجيل اسمه في القوات المسلحة)"
"Registrar","مسجل . مأمور السجل"
"Registration Fire","نيران تسجيل"
"Registration Fire Number","رقم التسجيل"
"Registration Fire Point","نقطة تسجيل"
"Regular Army","الجيش النظامي ."
"Regular Army Sheaf","حزمة نيران منتظمة"
"Regulated Item","صنف محدد الصرف . مادة مقيدة الصرف"
"Regulating Officer","ضابط تنظيم الحركة"
"Regulating Officer Station","مركز ========="
"Regulating Officer Unit","وحدة تنظيم السير"
"Regulatory Signs","اشارات تنظيم المرور"
"Rehabilitation","تصحيح . اعادة . بناء . تقويم . سرد الاعتبار أو الحقوق"
"Rehabilitation Training Center","مركز تدريب اصلاحي (للسجن)"
"Rehearsal","تمرين تجريبي"
"Reinforce , To","يعزز"
"Reinforcement Capability","امكانية التعزيز ."
"Reinforcement Capability Mission","مهمة تعزيز"
"Reinforcing Artillery Fire","نيران مدفعية التعزيز"
"Reinforcing Artillery Fire Mission","مهمة مدفعية التعزيز"
"Relative Biological Effectiveness (RBE)","الفعالية النسبية الجرثومية"
"Release Altitude","ارتفاع القذف من الجو"
"Release Altitude Point","نقطة الانطلاق . نقطة التفرق (تحركات)"
"Releasing Officer","ضابط الاصدار (رسائل وأوامر)"
"Reliability","وثوق . اعتماد"
"Relief Commander","قائد تبديل الحرس"
"Relief Commander Form Active Duty","التسريح من الخدمة العاملة - حـظـور"
"Relief in Place","التبديل في الموقع"
"Relieve , To","يبدل . يعفي . (وظيفة) ينحي"
"Relieved Unit","الوحدة المبدلة"
"Relieving Unit","وحدة التبديل"
"Relocation","اعادة تعيين مكان . تصحيح"
"Relocation Clock","مخطط دائري لأحكام الرمي"
"Remaining Forces","القوات الباقية (بعد المعركة)"
"Remaining Forces Velocity","السرعة الثابتة"
"Remote","خارج . بعيد . عن بعد"
"Remote Control Unit","جهاز السيطرة عن بعد (لا سلكي)"
"Remate Gun Control","ادارة الرمي عن بعد"
"Removal","رفع . نزع . نقل . ازالة . حذف"
"Removal of Rubbish","ازالة الأنقاض"
"Rendezvous Area","منطقة التقابل . منطقة الألتقاء"
"Renegotiation","اعادة المفاوضة . اعادة المداولة . اعادة الممارسة"
"Renegotiation Agreement","الانتقائية الناتجة عن اعادة المفاوضات"
"Reorder Cycle","فترة اعادة الطلب"
"Reorder Cycle Point","وقت اعادة الطلب"
"Reorganization","اعادة التنظيم"
"Reorganize , To","يعيد التنظيم"
"Repair","يصلح . يرمم . اصلاح . ترميم ."
"Repair Kit","عدة الأصلاح"
"Repair Parts","قطع الأصلاح"
"Repair List","قائمة قطع الأصلاح"
"Repairs and Utilities","١- الأصلاحات والخدمة العامة"
"Repeat Range","كرر المدى ( ايجاز)"
"Repel , To","يصد"
"Replacement","تعويض"
"Replacement Company","سرية التعويض"
"Replacement Demand","طلب التعويض"
"Replacement Factor","عامل التمويض"
"Replacement Factor Issues","صرفات التمويض"
"Replenishment","استكمال النقص - إعادة التموين - إعادة ملء"
"Reply","١ - يجاب يرد (٢) جواب - رد (أمر)"
"Report","٣ - اجابة - رد"
"Reporting Center","تقرير - بيان - محضر - بلاغ"
"Report Line","مركز تبليغ"
"Report of Change","خط التبليغ ( هو خط المرحلة )"
"Report of Change Investigation","تقرير التغييرات ( في سجل الخابط)"
"Report of Change Separation","تقرير تحقيق - مذكرة تحقيق - محضر تحقيق"
"Report of Change Survey","تقرير تسريح - مذكرة تسريح"
"Representation","تقرير تفتيش وتحقيق"
"Representative Fraction","تمثيل - نيابة"
"Reproduce , To","مقياس رسم كسرى ( مثل ١ / ٥٠٠٠ )"
"Reproduction","يكرر الأنتاج - ينسخ - تناسل"
"Reproduction , Map","تكرار الأنتاج - تناسل - نسخ"
"Request","نسخ الخرائط"
"Required Military Force","طلب - التماس - عريضة - معروض"
"Required Military Force Supply Rate","القوة العسكرية اللازمة"
"Requirement Plan","معدل التموين اللازم"
"Requirements","خطة الاحتياج"
"Requirements Objective","الاحتياجات"
"Requirements Responsibility","هدف الاحتياجات"
"Requiring Department","مسؤولية تحديد الاحتياجات"
"Requisition","الجهة صاحبة الطلب"
"Requisitioning Objective","طلب - التماس - استدعاء - تسخير"
"Rescind","هدف الطلب"
"Rescue","يبطل - يلغني - يقسخ - ينقض"
"Rescue Boat","انقاذ - نجدة - عون - اسعاف - تخليص"
"Rescue Coordination Center","مركز تنسيق الإنقاذ"
"Rescue Coordination Center Crew","جماعة الإنقاذ"
"Rescue Coordination Center Officer","ضابط الإنقاذ"
"Rescue Coordination Center Service","وحدة الإنقاذ"
"Rescue Coordination Center Vehicle","عربة الإنقاذ"
"Research","بحث . تفتيش. تنقيب. دراسة"
"Research . and Development","البحث والتطوير"
"Resection","تقاطع خلفي"
"Reservation","حجز . حفظ. احتفاظ. أرض محجوزة. تحفظ"
"Reserve","احتياط . حفظ. احتفاظ"
"Reserve Aircraft","طائرات احتياطية"
"Reserve Components","عناصر الاحتياط"
"Reserved Area","منطقة محجوزة . منطقة مخصصة"
"Reseved Demolition Target","هدف تدبير مرجأ"
"Reseved Demolition Target Route","طريق مخصص"
"Reserve Duty Training","تدريب الخدمة الاحتياطية"
"Reserve Duty Training Force","قوة احتياطية"
"Reserve Officer","ضابط احتياطي"
"Reserve Officers' Training","تدريب ضباط الاحتياط"
"Reserve Officers' Training Requirements","الأحتياجات الاحتياطية"
"Reserve Officers' Training Supplies","التموينات الاحتياطية"
"Residual Contamination","تلويث متخلف ( باقي )"
"Residual Contamination Forces","قوات تبقية ( لمهام أخرى )"
"Residual Contamination Radiation","اشعاع متخلف"
"Resolution in Azimuth","تمييز بالاتجاه"
"Resolution in Azimuth Range","تمييز بالسدى"
"Respiator","قناع تنفسي"
"Responsibility","مسئولية"
"Responsible","مسئول . ذو ثقة"
"Responsible Officer","الضابط المسئول"
"Responser","جهاز اجابة الكتروني"
"Rest","راحة. استراحة. سكون. عدو. بقية باق. حامل. مسند. توقف"
"Restitution","اعادة. ارجاع. نقل. ( المعلومات من لوحة الى أخرى )"
"Re-store","اعادة تخزين"
"Restricted Area","منطقة محظورة"
"Restore","يعيد. يسترجع"
"Restricted Areas","مناطق محظورة ( جوية )"
"Restricted Areas Data","معلومات محظورة"
"Restricted Areas Diet","طعام محدد"
"Restricted Areas Traffic","حركة مرور محددة. حركة مرور مقيدة"
"Restricting Plug","سعادة حصر الغاز ( في الأسلحة المدببة الارتداد )"
"Restriction","تقييد. تحديد. خطر. حصر"
"Result","نتيجة. حاصل"
"Resume","يستأنف. يواصل. يتابع"
"Résumption","متابعة. استئناف"
"Resupply","اعادة تعيين"
"Retail Stock","تموينات أو مواد الصرف القطاعي ( الفرق )"
"Retained Enemy Personnel","أفراد العدو المحتفظ بهم"
"Rataliation","انتقام. عمل انتقامي"
"Rataliation Fire","رمي انتقامي. نيران انتقامية"
"Retardation","تأخير. ابطا. تأخر"
"Retention Limit","مدى الاحتفاظ"
"Retire , To","ينسحب. يرتد. يتقاعد"
"Retired List","بيان المتقاعدين. قائمة المتقاعدين"
"Retired List Reserve","الاحتياطي من المتقاعدين"
"Retirement","تراجع. تقاعد"
"Retransfer , To","ينقل ثانية"
"Retransmission","اعادة بث. اعادة ارسال"
"Retreat","ارتداد. انسحاب غير منظم. تراجع"
"Retrograde","تقهقر"
"Retrograde Movement","حركة تقهقر"
"Return","١- عودة. رجوع. اياب. ارتداد. اعادة"
"Return a Salute , To","يرد التحية"
"Returne Material","مواد معادة"
"Return Pistol","يعيد السدس ( الى غلافه )"
"Return Program","برنامج العودة"
"Revenue","واردات . دخل . عائدات"
"Reverse","عكس . معكوس . مطلوب . خلف"
"Reverse Gear","تروس خلفية"
"Reversed Standard Alphapet","حروف مرتبة عكسية"
"Reverse Slope","منحدر خلفي"
"Reverse Slope Defense","الدفاع على منحدر خلفي"
"Review","مراجعة . استعراض . معاينة . إعادة نظر . مجلة"
"Reviewing Authority","سلطة إعادة النظر . ( للتقارير والأحكام )"
"Review Period","فترة مراجعة ( في التمرين )"
"Revolve","يدور . يلف . يدير"
"Revolver","سدس دوار . ( أبو عجلة )"
"Rewarehousing","إعادة ترتيب التخزين"
"Reward","جائزة . مكافأة . منحة"
"Rib","ضلع . فرضه . حزة . حامل . افريز . دعاء"
"Rib , To","يضلع . يحرز . يفرض"
"Rib Rifling","تحزيز مغلغ ( عمل سدود وحدود متساوية )"
"Ribbon","وشاح - شريط"
"Ricochet","سكترمة . انزلاق . انزلاج . زلج . وشب ( أي ارتداد أو انزلاق القذيفة بعد اصطدامها )"
"Ricochet Burst","انفجار منزلق ( يرتد عن الأرض دون أن يخوض فيها )"
"Ricochet Burst Fire","نيران منزلقة . رمي منزلق"
"Ridge","حرف . حد . سفح . سلسلة . تلال . أو جبال"
"Ridge Line","خط السفح . خط سلسلة مرتفعات"
"Rifle","بندقية"
"Rifle , To","١ . يقتل بالبندقية ( ٢ ) ينهب . يسلب ( ٣ ) يحرز . يحدد . يفرز"
"Rifle Barrel","سبطانة البندقية"
"Rifle Company","سرية البنادق"
"Rifle Company Grenade","قنبلة بندقية"
"Rifle Company Range","مدى البندقية"
"Rifleman","حامل البندقية . رامي البندقية"
"Rifling","سريز . تحديد . حلزنة"
"Rifle Salute","تحية بالبندقية"
"Rifle Salute Scabbard","متراب أو غلاف البندقية"
"Rifle Salute , Automatic","بندقية آلية"
"Right","١- حق (٢) قائم . ستقيم (٣) يمين . أيس"
"Right Dress","١- التراصف على اليمين (٢) يمين تراصف ( ايعاز)"
"Right Flank","الجناح الأيس"
"Right Trail","الحاضن الأيس ( في المدفع)"
"Rigid","صلب . يابس . قاس . عنيف . صارم"
"Rigid Terrain","أرض وعرة . أرض صعبة"
"Rigidity","صلابة . قسوة . وعورة . عنف . صرامة"
"Ring Sight","سعادة دائرية"
"Riot","شغب . صخب . مهاج"
"Risk","مجازفة . مخاطرة . مغامرة"
"River Lime","خط نهر . خط نهرى"
"Road Block","حاجز طريق"
"Road Block Capacity","سعة الطريق . معدل السير على الطريق"
"Road Block Clearance Distance","سافة إخلاء الطريق"
"Road Block Time","زمن إخلاء الطريق"
"Road Block Discipline","ضبط الطريق"
"Road Block Distance","سافة الطريق"
"Road Block Junction","ملتقى طريق"
"Road Block Movement Graph","مخطط التحرك على الطرق ( رسم بياني )"
"Road Block Table","جدول التحرك على الطرق"
"Road Block Net","شبكة طرق"
"Road Block Reconnaissance Report","تقرير استطلاع الطريق"
"Road Block Screen","ستر الطرق . إخفاء التحرك على الطرق"
"Road Space","طول الرتل (السافة التي يقطعها الرتل على الطريق)"
"Road Space Time(See:Road Clearance Time)","زمن عبور الطريق"
"Rocket Head","رأس الصاروخ"
"Rocket Head Launcher","قاذف صاروخ"
"Rocket Head Motor","محرك الصاروخ"
"Rocket Head Propulsion","دفع الصاروخ"
"Roentgen","رونتنجن (وحدة قياس أشعة أكس وجامعة النووية)"
"Rolling Barrage","غلالة قافزة / (واحفة أو قاصفة)"
"Rolling Barrage Reserve","احتياطي تمويني منقول (تموينات مجهزة في عربات للتحرك مع الوحدات)"
"Roll up","لف . طي . فك . تعرية . تجريد"
"Rope","حبل"
"Rotation","دوران - تعاقب - تناوب"
"Rotation Coefficients","عوامل الدوران (عوامل دوران الأرض المؤثر على الرمي البعيد المدى)"
"Rough","قاس . خشن . وعر . شاق"
"Rough Estimate","تقدير تقريبي . تقدير سريع"
"Rough Ground","أرض وعرة"
"Round","طلقة كاملة"
"Round of Ammunition","طلقة ذخيرة"
"Route","طريق . سلك . خط سير"
"Route Column","رتل طريق . - رتل غير تكتيكي"
"Route March","سير طليق . - سير حمر"
"Route Order","ترتيب السير"
"Route Reconnaissance","استطلاع طريق"
"Routes of Communications","طرق المواصلات"
"Rout Step","خطوة طليقة (غير منتظمة)"
"Routine Ammunition Maintenance","صيانة الذخيرة المعتادة"
"Routine Ammunition Maintenance Message","رسالة عادية"
"Routine Ammunition Maintenance Order","أمر اعتيادي"
"Routing Indicator","دليل طرق . إشارة طرق مميزة"
"Roving Artillery Gun","مدفعية متنقلة (متجول) - مدفع متنقل"
"Row Marker (Land Mine Warfare)","مؤشر صف الألغام - علامة صف الألغام ( توضع في بداية ونهاية للخلف )"
"Row Stock","التكديس في صفوف (تكديس التموينات في صفوف متراصة)"
"Royal Saudi Air Force","سلاح الطيران الملكي السعودي"
"Royal Saudi Air Force Navy","البحرية الملكية"
"Rugged","وصر"
"Rules for Engagement","قواعد الاشتباك ( في الضرب على أهداف جوية )"
"Running Key System","نظام المفتاح المنزلي ( شيفرة )"
"Running Key System Spare","قطع غيار اضافية ( الموجودة ضمن حقيبة التشغيل )"
"Rupture","تمزيق . تحطيم ."
"Sabotage","تخريب"
"Sacrifice","تضحية"
"Saddle","سرح - حامل"
"Safe Conduct","جواز مرور - تصريح مرور - (للمناطق المحظورة)"
"Safe-Guard","١- وقاية - حماية - محافظة"
"Safety","سلامة - أمان"
"Safety Angle","زاوية الأمان ( زاوية الرمي في المدفع لضمان سلامة القوات الصديقة التي تمر فوقها القذائف )"
"Safety Belt","حزام الأمان"
"Safety Belt Card","بطاقة الأمان ( تصرف للبطارية لبيان مناطق القصف )"
"Safety Catch","حابس الأمان"
"Safety Catch Device","جهاز الأمان - وسيلة الأمان"
"Safety Catch Diagram","مخطط الأمان - مخطط السلامة"
"Safety Catch Factor","عامل الأمان - عامل السلامة"
"Safety Catch Fork","شوكة الأمان"
"Safety Catch Lanes","أدوات المأمونة - سرات السلامة"
"Safety Catch Level of Supply","مستوى بين للأمان ( التموينات الضرورية ) لأستمرار اد في حالة توقف التعويض لفترة ما ) مطلة الأمان"
"Safety Catch Lever","حد الأمان - حد السد"
"Safety Catch Limit","قفل الأمان"
"Safety Catch Lock","نابض قفل الأمان"
"Safety Catch Spring","ضابط سلامة - ضابط الأمان"
"Safety Catch Officer","مسار الأمان"
"Safety Catch Pin","سدادة للأمان"
"Safety Catch Plug","برنامج السلامة - برنامج الأمان"
"Safety Catch Program","نطاق الأمان - مجال الأمان"
"Safety Catch Radius","حذاء الأمان - حذاء السلامة"
"Safety Stake","شاخص الأمان . شاخص السلامة"
"Safety Stake Valve","صمام الأمان"
"Safety Stake Zone","منطقة الأمان"
"Sailing","ابحار . اقلاع"
"Salary","راتب . مرتب"
"Sales Commissary","بقالة المعسكر"
"Salient","بارز . ناتئ . بروز . نتوء"
"Salute","تحية . سلام"
"Salute to the Color","تحية العلم"
"Salute With Guns","تحية بالمدافع"
"Salute , National","السلام الوطني"
"Saluting Distance","مسافة ١١٠ التحيّة . (من ٦ - ٣٠ خطوة)"
"Saluting Gun","مدفع التحيّة (مراسم)"
"Salvage","سترجعات . رجع"
"Salvage Collecting Point","نقطة جمع الرجوع"
"Salvage Control","مراقبة الرجوع"
"Salvage Group","جماعة المسترجعات والأنقاذ . (عمليات برمائية)"
"Salvage Officer","ضابط الرجوع"
"Salvage Procedure","اجراات الاسترجاع . اجراءات المسترجعات"
"Salvation","تخليص . انقاذ . نجاة . خلاص"
"Salvo","رشقة للمدفعية"
"Salvo Bombing","قصف جماعي ( طيران )"
"Salvo Fire","ربي فردى ( مدفعية )"
"Salvo Point","نقطة ربي الرشقات"
"Salvo Right (Lift)","١- ربي فردى من اليمين ( اليسار )"
"Sanatorium","مصح"
"Sand","رمل"
"Sand Bag","كيس رمل"
"Sand Model","نموذج رملي"
"Sand Table","تختة رمل . منضدة رمل"
"Sanitary","صحي"
"Sanitation","تطهير . حفظ الصحة . تدابير صحية . صحة وقائية"
"Satellite Defense","الدفاع ضد المركبات الفضائية"
"Scale","مقياس . درجة . معدل . ميزان . ترقيم . عيار"
"Scanning","كس . تصفح"
"Scatter","ينشر . انتشار . نشر . نشر . تناثر"
"Scattered Laying (Land Mine Warfare)","زرع الغام غير منتظم"
"Schedule","جدول زمني . مخطط . جدول أعمال . برنامج"
"Scheduled Fire","نيران موفوتة"
"Schedule of Fire","جدول الرماية"
"Schematic Diagram","رسم تخطيطي ( لاسلكي )"
"Scheme","مخطط . مشروع . نظام . نهج . قصد . طريقة"
"Science","علم"
"Seientific Intelligence","استخبارات خاصة بالعلوم"
"Scramble","١- يشوش ( في الخطوط التلفونية ) ٢- يخلط ( في عمل الشيفرة )"
"Screen","١- يحجب . يستر . يعجز"
"Screen , Smoke","ستار دخان"
"Screening","حجب . ستر"
"Screw Picket","وتد لولبي ( لتثبيت الأسلاك )"
"Sea Breeze","نسيم البحر"
"Sea Breeze Chart","مخطط بحرية"
"Seacoast Battery","بطارية ساحلية"
"Seacoast Battery Defense","دفاع ساحلي"
"Sea Lane","طريق بحري . سر بحري"
"Sea Lane Level","مستوى سطح البحر"
"Sea Lane Plane","طائرة مائية"
"Search","بحث . ارتياد . تحري . تفتيش . تنقيب . تسميح . فحص"
"Search & Rescue","البحث والأنقاذ"
"Search & Rescue Commander","قائد البحث والأنقاذ"
"Search & Rescue Coordination Center","مركز تنسيق البحث والأنقاذ"
"Search & Rescue Mission Coordinator","منسق مهمة البحث والأنقاذ"
"Search & Rescue Region","منطقة البحث والأنقاذ"
"Searching Fire","نيران تفتيش"
"Search Sector","قطاع تفتيش"
"Searchlights","انوار كاشفة"
"Search Mission","مهمة تفتيش . مهمة بحث"
"Sea Tail","القوة اللاحقة بالبحر ( عمليات محمولة جوا )"
"Season","فصل . موسم"
"Seaward","نحو البحر . في عرض البحر"
"Second","ثان . ثانية ."
"Second in Command","مساعد . معاون"
"Second Lieutenant","ملازم ثاني"
"Secondary","ثانوي"
"Secondary Armament","تسليح ثانوي"
"Secondary Attacke","حجوم ثانوي"
"Secondary Censorship","رقابة ثانوية"
"Secondary Fire Sector","قطاع النيران الثانوي"
"Secondary Item","مادة ثانوية - صنف ثانوي"
"Secondary Landing","انزال ثانوي"
"Secondary Means","وسائل ثانوية"
"Secondary Radar","رادار ثانوي . رادار مساعد"
"Secondary Rescue Facilities","وسائل الانتفاذ الثانوية (السعادة)"
"Secondary Rescue Facilities Road","طريق ثانوي"
"Secondary Rescue Facilities Source of Supply","مصدر ثانوي للتموين"
"Secondary Rescue Facilities Station","محطة ثانوية . محطة فرعية . مركز ملاحظة ثانوي"
"Secondary Rescue Facilities Target","هدف ثانوي"
"Secondary Rescue Facilities Area","منطقة الهدف الثاني"
"Secondary Rescue Facilities Weapon","سلاح ثانوي . سلاح اضافي"
"Secrecy","سر . كتمان . سرية"
"Secret","سرى . سر"
"Secret Agent","مخبر سرى . عميل سرى . تحرى"
"Secretary","سكرتير . أمين سر . كاتب . وزير"
"Secretary of Defense","وزير الدفاع في ( الجيش الأمريكي )"
"Secret Information","معلومات سرية"
"Section","قسم . جماعة . فرع . مقطع . مادة ( في القانون )"
"Section of Wire Line","قسم من خط تلفوني . مقطع من خط الهاتف"
"Section , Cross","مقطع جانبي"
"Section , Cross , Horizontal","مقطع افقي"
"Section , Cross , Longitudinal","مقطع طولي"
"Sector","قطاع"
"Sector Controller","مراقب القطاع"
"Sector of Fire","قطاع النيران"
"Sector Responsibility","قطاع المسؤولية"
"Sector Scanning","مسح قطاع ( حركة هوائي الرادار في زاوية محدودة )"
"Secure , To","يحمي . يحافظ . يؤمن . يضمن . يصون"
"Security","أمن . حماية . سلامة . ضمان . محافظة"
"Security Classification","تصنيف درجات الأمن"
"Security Control Officer","ضابط مراقبة الأمن"
"Security Council","مجلس الأمن"
"Security Countermeasures","اجراءات الأمن المضادة"
"Security Detachment","مفرزة أمن"
"Security Force","قوة الأمن"
"Security Guard","معرس الأمن"
"Security Patrol","دورة الأمن"
"Security Police","شرطة الأمن"
"Security , Air","أمن جوى"
"Security , Battle","أمن المعركة"
"Security , Flank","أمن الجناح"
"Security , Frontal","أمن المواجهة"
"Security , Local","أمن محلي"
"Security , Military","أمن عسكري"
"Security , Rear","أمن المؤخرة"
"Security , Signal","أمن الإشارة"
"Self-Destroying Fuze","صام تدمير تلقائي"
"Self-Propelled","ذاتي الحركة"
"Self-Propulsion","دفع ذاتي"
"Self-Service Supply Center","مركز تموين الخدمة التلقائية"
"Semi","نصف . شبه"
"Semiarmor Piercing Bomb","قنبلة خارقة للدروع الخفيف والتحصينات"
"Semiautomatic Supply","تموين شبه اتوماتيكي . تموين شبه آلي"
"Semicontrolled Map","خريطة تثريبية . ( خريطة ليست دقيقة )"
"Semifixed Ammunition","ذخيرة شبه متصلة ( أي ان المقذوف يمكن ازاحته )"
"Semimobile Artillery","مدفعية شبه متحركة ( مقطورة )"
"Semimobile Artillery Evacuation Hospital","مستشفى اخلاء شبه متحرك"
"Semimobile Unit","وحدة شبه متحركة ."
"Senior","أقدم . أعلى رتبة"
"Seniority","أقدمية ."
"Senior Officer","ضابط أقدم ( ضابط ذور رتبة كبيرة )"
"Sense","شعير . احساس . ادراك . معنى"
"Sense , Common","التذكير السليم"
"Sense , Flying","حاسة الطيران"
"Sensing","تقدير حسي . تخمين"
"Sensitive Area","مادة حساسة . صنف حسياس"
"Sensitive Area Item","موقع حساس . مركز حساس"
"Sensitive Area Position","احساس . سرعة التأثر . حساسية"
"Sensitivity","١- حكم . عقوبة ٢- جملة"
"Sentence","يحكم على . ينطق بالحكم"
"Sentence , To","عقوبة الموت . حكم الأعدام"
"Sentence , Death","تنفيذ العقوبة . تنفيذ الحكم"
"Sentence , Exclusion of","سجين محكوم عليه"
"Sentenced Prisoner","حارس . دبدبات . خذير"
"Sentry Duty","نوبة حراسة . واجب حراسة"
"Sentry Duty , On","في الحراسة"
"Separate , To","يفصل . يفرق . يفرز"
"Separate , To Battalion","فوج منفصل . فوج مستقل"
"Separate , To Battery","بطارية منفصلة . بطارية مستقلة"
"Separate , To Company","سرية منفصلة . سرية مستقلة"
"Separated","مفصول . منفصل"
"Separate Loading Ammunition","املاء بالذخيرة المنفصلة ( مدفعية )"
"Separate Loading Ammunition Shipments","شحنات منفصلة"
"Separation","فصل . انفصال . عزل . انعزال . افراز"
"Sequence","تسلسل . سباق . تتابع . ترتيب . اطراد"
"Sergeant","نائب"
"Sergeant of the Guard","نائب الحرس"
"Sergeant , Master","وكيل"
"Serial","١- مجموعة سير . ٢- سرب . ٣- تسلسل"
"Serial Assignment Table","جدول التعيين التسلسل"
"Serial Number","الرقم التسلسل"
"Series","سلسلة . تسلسل . سباق . تتابع . مجموعة"
"Series of Fire","سلسلة نيران . مجموعة من النيران"
"Seriously Ill","مريض بحالة خطيرة"
"Service","خدمة . مصلحة . وحدة . قسم . نفع . صيانة . وظيفة . فرص من القوات المسلحة"
"Serviceable Property","ممتلكات صالحة للاستخدام"
"Serviceability Standards","مستودعات صلاحية الاستعمال"
"Service Ammunition","ذخيرة القتال ( عدا ذخيرة التدريب )"
"Service Ammunition Area","منطقة الخدمات الإدارية"
"Service Ammunition Board","لجنة خدمات"
"Service Ammunition Calls","نداءات الخدمة ( نداءات بالبوقي أو غيره بقصد التجمع )"
"Service Ammunition Cap","عمرة الخدمة ( كاب )"
"Service Ammunition Club","نادى ضباط الصف والجنود"
"Service Ammunition Echelon","وحدة الخدمات الإدارية . قسم الشؤون الإدارية"
"Service Ammunition Element","عنصر الخدمات"
"Service Life","عمر الوحدة . عمر القطعة (مدة خدمة الوحدة صلاحية القطعة)"
"Service Life Marking","وسم الأستخدام . وسم النوعية . علام النوعية"
"Service Life Medal","وسام الخدمة"
"Service Life Message","رسالة خدمة (لبيان احوال العمل بين أفراد الأشارة فقط)"
"Service Life Number","رقم الخدمة"
"Service Life Obligation","الزام بالخدمة"
"Service Life of the Piece","تشغيل وصيانة السلاح"
"Service Life Practice","تمرين رماية (بذخيرة قتال أو ذخيرة تمرين)"
"Service Life Record","سجل الخدمة"
"Service Life Stock","المخزون اللازم (للعمل المعتاد)"
"Service Life Stripe","شريط الخدمة"
"Service Life Support","اسناد اداري"
"Service Life Test","اختبار الصلاحية للعمل (معدات)"
"Service Life Troops","١- وحدات ادارية"
"Service Uniform","بدلة الخدمة . الزي الرسمي"
"Service Uniform Unit","وحدة ادارية"
"Service Uniform , Active","الخدمة الفعلية"
"Service Uniform , Branch of","فرع الخدمة . سلاح الخدمة"
"Service Uniform , Pit For","صالح للخدمة . لائق للخدمة"
"Service Uniform , In","في الخدمة"
"Service(s), Medical","الخدمة (الخدمات) الطبية"
"Service , Military","الخدمة العسكرية"
"Service , Military , Out of","خارج الخدمة . غير صالح للخدمة"
"Servicing","تصليح . عناية . حفظ . صيانة"
"Set","مجموعة . أداء . وضع . نصيب . طقم . جهاز"
"Setback","تراجع . ارتداد . اخفاق . خيبة أمل . نكسة"
"Setting Ring","حلقة أو مفتاح الطبة"
"Settling Rounds","طلقات تثبيت (تطلق لتثبيت قاعدة المدفع على الأرض)"
"Severe Damage","ضرر شديد"
"Shallow Fording","عبور المياه الضحلة"
"Sheaf","رام جيد ."
"Shell","حزمة . رزمة"
"Shell","مقذوف ( طلقة مدفع ش ف ."
"Shell Fragments","شطايا المقذوف"
"Shelling Report","تقرير القصف المعادي"
"Shell Wave","الموجه الصوتية للمقذوف"
"Shielding","وقاية : حماية . تعجب . تصفيح . تدريج"
"Shift","تبديل . تغيير . نقل . مناوبة"
"Shipment","شحن . شحنة"
"Shipping","ترحيل . شحن"
"Shipping Control","مراقبة الشحن"
"Shipping Designator","سيز الشحنة . علامة الشحنة"
"Shipping Document","وثيقة الشحن"
"Shipping Time","فترة الشحن"
"Ship to shore Movement","التحرك أو الحركة من السفينة إلى الشاطئ ( في الأقتحام البرمائي )"
"Shock Action","قوة الصدمة"
"Shock Action Front","واجهة الصدم ( تفجيرات )"
"Shock Action Wave","موجه الصدم ( تفجيرات )"
"Shop Supplies","تموينات الورشة ( ستهلكة )"
"Shore Bombardment Lines","خطوط قصف الشاطئ"
"Shore Bombardment Lines Fire Control Party","جماعة مراقبة قصف الشاطئ ( من مدفعية البحرية )"
"Shore Party","جماعة الشاطئ"
"Shore Party Group","مجموعة الشاطئ ( لأسناد اللواتي العمليات البرمائية )"
"Shore Party Team","فريق الشاطئ ( لأسناد الفوج في العمليات البرمائية )"
"Shore Party to Shore Movement","التحرك من شاطئ لآخر"
"Shore Party Operation","عملية من شاطئ لآخر ( برمائية )"
"Short","قصير . موجز . مختصر - مطبوع"
"Shortage","نقص . قصير . قلة . عجز . أزمة"
"Shortcoming","قصير . نقص . موطن ضعف"
"Short Delay","تأخير قصير"
"Short Delay Puze","طبة تأخير قصير"
"Short Delay Distance Navigational Aids","مساعدات الملاحة للمسافات القصيرة"
"Short Delay Guard","١- وضع الطعن . (بالحربة) - ٢- إيماز لأتخاذ هذا الوضع (وضع الطعن خذ)"
"Short Life Items","أصناف قصيرة الأمد . مواد قصيرة الأمد"
"Short Lot","كمية قليلة"
"Short Lot Lunge (see 'short thrust)","طعنة قصيرة"
"Short Lot Range Missile","قذيفة قصيرة المدى ( صواريخ )"
"Short Lot Radar","رادار قصير المدى"
"Short Lot Recoil","ارتداد قصير"
"Short Lot Round","طلقة قصيرة (أقصر من غيرها طولا نتيجة خطأ في وضع الرصاصة)"
"Short Lot Supply","نقص في التموين"
"Short Lot Title","عنوان مختصر"
"Shot","طلقة"
"Shrapnel","طلقة شرابيل ( طلقة نائرة شظايا )"
"Shuttle Bombing","قصف في الذهاب والأياب"
"Shuttle Marching","مسير تناوب النقل"
"Shuttling","نقل متناوب . نقل على دفعات (نقل وحدة بحرياتها الخاصة)"
"Sick Call","١- تجمع المرضى . تفقد المرضى - ٢- نداء لجمع المرضى ( للذهاب للكشف الطبي )"
"Sidelap","التراكب الجانبي . التداخل الجانبي ( في الصور الجوية )"
"Side Spray","رش جانبي . نثر جانبي"
"Sidestep","خطوة جانبية"
"Side Tone","نغمة جانبية ( في أجهزة الاتصال )"
"Siege","حصار . محاصرة"
"Siege Operations","عصبات الحمار"
"Siege Warfare","حرب الحصار"
"Sight","سعادة . جهاز تسديد . منظر . مشهد . بصر . خط التسديد - مطبوع"
"Sight Base","قاعدة السعادة"
"Sight Base Blade","السميرة ( أداة التسديد الأمامية )"
"Sight Base Bracket","مثبت التسديد"
"Sight Base Cover","غطاء جهاز التسديد . غطاء الموجه"
"Sighting","تسديد"
"Sighting Angle","زاوية التسديد"
"Sighting Axis","محور التسديد"
"Sighting Bar","ساعد التسديد . ذراع التسديد ( للتدريب )"
"Sighting Disk","قرص التسديد"
"Sighting Line","خط التسديد"
"Sighting Shot","طلقة تسديد تجريبية"
"Sighting Leaf","لوحة تسديد خلفية ( مدرج المسافات )"
"Sign","إشارة . علامة . شارة . رمز . دليل . وسم . دلالة"
"Sign , To","بوقع"
"Signal","إشارة . علامة . دليل . رمز"
"Signal Annex","ملحق الإشارة"
"Signal Axis","محور الإشارة"
"Signal Center","مركز الإشارة"
"Signal Communications","مواصلات الإشارة"
"Signal Corps","سلاح الإشارة"
"Signal Diagram","مخطط الإشارة"
"Signal Equipement","معدات الإشارة"
"Signal Flag","علم تأشير . علم إشارة"
"Signal Flare","إشارة مضيئة"
"Signal Generator","مولد الإشارة . مولد الذبذبات"
"Signaling Panel","لوحة تأشير"
"Signal Log","سجل الإشارات"
"Signalman","عامل الإشارة"
"Signal Office","مكتب الإشارة"
"Signal Operation Instructions (SOI)","تعليمات عمل الإشارة"
"Signal Operation Instructions (SOI) Order","أمر الإشارة"
"Signal Operation Instructions (SOI) Output","قوة خرج الإشارات . قوة الإرسال"
"Signal Pistol","مظ"
"Signal Pistol Plan","سدس اشارة"
"Signal Pistol Register","خطة الأشارة"
"Signal Pistol Section","سجل الأشارة"
"Signal Pistol Security","قسم الأشارة"
"Signal Pistol Support","أمن الأشارة"
"Signal Pistol System","ساندة الأشارة"
"Signal Pistol Tactics","نظام الأتصال"
"Signal Pistol Training","تكتيك الأشارة"
"Signal Pistol Troops","تدريب الأشارة"
"Signal Pistol Unit","أفراد الأشارة. وحدات الأشارة"
"Signal Pistol , Arm","وحدة اشارة"
"Signal Pistol , Calling","اشارة يدوية . اشارة باليد"
"Signal Pistol , Light","اشارة نداء"
"Signal Pistol Communications, Means of","اشارة ضوئية"
"Signal Pistol , Panel","وسائل مواصلات الأشارة"
"Signal Pistol , Pyrotechnic","اشارة باللوحات ( في التأشير المنظور )"
"Signalling","طلقات اشارة مضيئة"
"Signalling , Visual","تأشير"
"Sign Off","تأشير منظور"
"Silence","علامة انتباه الأرسال"
"Silent","سكوت . صمت"
"Silhouette","ساكت . صامت . ساكن . حادئ"
"Silhouette Target","خيال . شح . صورة"
"Simple","١) مدف شيحي"
"Simplex","٢- مدف ميكلي للتمرين ( على صورة انسان أو خلافه )"
"Simplex Circuit","بسيط . ساذج . مجرد"
"Simulate, To","خط مفرد"
"Simulated Agent","دائرة اتصال بخط مفرد ( دائرة أرضية )"
"Simulated Agent Mustard","يتظاهر بـ . يتصنع . يتشبه بـ . يمثل"
"Simulation","تظاهر . تصنع . تشبه . تمثيل"
"Simulator","متظاهر . تصنع ."
"Simultaneous","في وقت واحد . معا . متزامن"
"Single","مفرد . فريد . وحيد . واحد . أعزب"
"Single Envelopment","تطويق مفرد ( من جانب واحد )"
"Site Scale","مقياس تدريجي"
"Siting","تعيين موضع . اختيار موضع . مكان موضع"
"Situation","موقف"
"Situation , Enemy","موقف العدو"
"Skeleton Crew","الطاقم الأساسي ( أقل عدد من الأفراد والصيانة وتشغيل معدات )"
"Sketch Map","خريطة تخطيطية - كروكي"
"Skill Level","مستوى السيارة"
"Ski Mine","لغم ضد المتزلجين على الجليد"
"Skimobile","عربة تزلج على الجليد"
"Skip Bombing","قصف انزلاقي"
"Skip Zone","المنطقة المتخطاء . المنطقة الميتة . ( موجات لاسلكية )"
"Skirmish","مناوشة"
"Slant Plane","مستوى البصر المائل"
"Sleeve Emblem","إشارة توضع على الكم"
"Sleigh","زحافة . زلاقة . ( للمدفعية )"
"Slice","قطعة . نصيب . شريحة"
"Slide Rule","سطرة حاسبة"
"Sling Arms","( ما يماز لتطبيق السلاح على الكتف ( علق سلاح ) - مظ"
"Slip زلق . انزلاق . زلج . خطأ . قصاصة ورق . مزلق الطائرة المائية","تراجع . رصيف . تملص . افلات ."
"Smoke دخان and Flash Defilade ستر الدخان . والوميض","( ستر - ا عن ملاحظة العدو )"
"Sociological Intelligence استخبارات اجتماعية","مظ - مطهر"
"Soil Trafficability","صلاحية الأرض للمرور"
"Soldier's Qualification Card","بطاقة مؤهلات الجندي"
"Solid Fuel","وقود جاف . وقود صلب"
"Solution","حمل . محلول"
"Solution , Antifreeze","محلول ضد التجمد"
"Sonar","جهاز ملاحة صوتي (لتحديد الأهداف تحت الماء)"
"Sonic Barrier","الحاجز الصوتي . حاجز الصوت"
"Sortie","طلحة جوية . مجمة مفاجئة من قوة دفاعية"
"Sound and Flash Ranging","تقدير المدى بالصوت والوميض"
"Sound and Flash Ranging Discipline","ضبط الصوت ( عدم احداث ضجة )"
"Sound Off","إطلاق الصوت"
"Sound Off Powered Telephone","ماتف يعمل بقوة الصوت ( بدون بطارية )"
"Soundless","لا صوت له . عديم الصوت"
"Sound Proof","عازل الصوت"
"Sound Proof Ranging","تقدير المدى بالصوت"
"Sound Proof Adjustment","تضبط الرمي بالصوت"
"Sound Proof Plotting Board","لوحة بيانية لتقدير المدى بالصوت"
"Sound Proof Signalling","تأشير صوتي"
"Sound Proof Wave","موجة صوتية"
"Source","مصدر . انبع . عين . أصل . معين"
"Source of Energy","مصدر الطاقة"
"Space","فراغ . سافة . مدى . مجال . مكان . فضاء . حيز . نسخة"
"Space , Air","الفضاء الجوي"
"Space , Air , Dead","الفراغ الميت"
"Space , Air , Undefiladed","مكان غير مستقر"
"Spacing","انفراج . ابتعاد . تباعد . ازاحة . اتساع . سافة"
"Spacing Impulse","الفواصل بين النبضات"
"Spade","رفش . جاروف . ذراع . كريك"
"Spall","شظايا ( ناتجة عن اصابة الهدف ) - مطهر"
"Span","فتحة . فرجة . اتساع . عرض . عبور . اجتياز . مدى"
"Span of Control","مدى السيطرة . مجال السيطرة"
"Spar Bridge","قنطرة خشبية مرتجلة . قنطرة خشبية مبتكرة في حينها (عوارض خشبية مربوطة مع بعضها البعض لتشكل جسرا مؤقتا )"
"Spare Parts","قطع الغيار"
"Spare Parts List","قائمة قطع الغيار"
"Special","خاص . خصوصي"
"Special Activities","نشاطات خاصة"
"Special Ammunition","ذخيرة خاصة ( كالرؤوس النووية والصواريخ )"
"Special Allocation","تخصيص الذخيرة الخاصة"
"Special Load","حمولة ذخيرة خاصة"
"Special Stockage","مخزون الذخيرة الخاصة"
"Special Supply Point","نقطة تموين الذخيرة الخاصة"
"Special Area","منطقة خاصة ( منطقة مدافع عنها ويحظر على الطائرات الصديقة التحليق في سائها )"
"Special Cargo","شحنة خاصة"
"Special Cargo Corrections","تضبطات خاصة . تصحيحات خاصة"
"Special Court-Martial","مجلس عسكري خاص"
"Special Court-Martial Duty","واجب خاص . خدمة خاصة"
"Special Court-Martial Equipment Vehicle","عربة معدات خاصة"
"Special Court-Martial Flight","رحلة خاصة ( طيران )"
"Special Court-Martial Forces","قوات خاصة"
"Special Court-Martial Funds","اعتمادات مالية خاصة"
"Special Court-Martial Guard","خرس خاص"
"Special Court-Martial Mission","سهلة خاصة"
"Special Court-Martial Operations","عمليات خاصة"
"Special Court-Martial Orders","أوامر خاصة"
"Special Court-Martial Equipment","معدات خاصة"
"Special Court-Martial Procedures","اجراات خاصة"
"Special Court-Martial Purpose Gas Mask","كمامة غاز للأغراض الخاصة"
"Special Court-Martial Purpose Table of","جدول علاوات لأغراض خاصة"
"Special Purpose Vehicle","مطبور"
"Special Purpose Vehicle Qualifications","عربة لفرض خاص"
"Special Purpose Vehicle Services","مؤهلات خاصة"
"Special Purpose Vehicle Company","خدمات خاصة"
"Special Purpose Vehicle Officer","سرية الخدمات الخاصة"
"Special Purpose Vehicle Staff","ضابط الخدمات الخاصة"
"Special Purpose Vehicle Table of Allowance","أركان خاصة - ركن خاص"
"Special Purpose Vehicle Test and Handling Equipment","جدول العلاوات الخاص"
"Special Purpose Vehicle Supplies","معدات الفحص والتشغيل الخاصة"
"Special Purpose Vehicle Text","تموينات خاصة"
"Special Purpose Vehicle Troops","نشرة خاصة ( كتيب مدرس )"
"Special Purpose Vehicle Warfare","قوات خاصة ( قطعات خاصة"
"Special Purpose Vehicle Weapons","حرب خاصة"
"Specialist","أسلحة خاصة"
"Specific","اختصاصي . أخصائي . مختص"
"Specific Allotment","مخصص . معين . محدد . نوعي"
"Specification","مقدار محدد . تخصيص محدد"
"Specifications","تعيين . تحديد . تخصيص"
"Specified Command","مواصفات مشروط . ميزات"
"Spectrum of War","قيادة معينة . قيادة مخصصة"
"Speech","جميع أشكال الحرب"
"Speed Control","حديث . كلام . نطق . خطاب"
"Speed Control Limit","ضبط السرعة . السيطرة على السرعة"
"Speed Control of Sound","حد السرعة . ( السرعة المسوح بها على الطرق )"
"Speedometer","سرعة الصوت"
"Speed , Air","عداد السرعة"
"Speed , Air , At Full","سرعة الهواء"
"Speed , Air , Average","بأقصى سرعة . السرعة النهائية"
"Speed , Air , Climbing","متوسط السرعة"
"Speed , Air , Constant","سرعة الصمود . ( طيران ) سرعة التسلق"
"Speed , Air , Diving","سرعة ثابتة"
"Speed , Air , Flying","سرعة الانقضاض ( طيران )"
"Speed , Stalling","سرعة الأنهيار ( طيران )"
"Speed , Stalling , Take off","سرعة الأقلاع"
"Spelling Group","مجموعة التهجئة"
"Spelling Group Table","جدول التهجئة"
"Sphere","كرة سماوية . مجال . جسم كروي . محيط"
"Spherical","كروي . دائري"
"Spherical Coordinates","احداثيات كروية"
"Spin Stabilization","استقرار الدوران ( دوران القذائف )"
"Spiral Scanning","كسر لولبي . مسح دائري ( حركة موائي الرادار )"
"Spirit","روح . نفس . همة"
"Spirit of Initiative","روح المبادرة . روح المبادأة"
"Splash","رش . طرطشة . خضخضة . تبقع"
"Splash Scale","مقياس انتشار الشظايا على الهدف ( مدفعية )"
"Splinter","شطية . فلقة . كسرة"
"Splinter Proof Shelter","ملجأ واقي من الشظايا . ملجأ ضد الشظايا"
"Spoiling Attack","حجوم تشتيتي"
"Spot","نقطة . موضع . مكان . محل . مقعة . لطخة"
"Spot Bombing","قصف دقيق . قصف نقاط معينة"
"Spot Bombing Elevation","نقطة الارتفاع"
"Spot Bombing Height","نقطة ارتفاع"
"Spot Bombing Jamming (See also: electronic jamming)","تشويش على قناة أو تردد معين"
"Spot Report","تقرير فوري"
"Spotter","مراقب . راصد . قرص تأشير الأهداف ( رماية )"
"Spotting","رصد الرمي . تأشير الرمي . تعليم . تخمين"
"Spotting Board","لوحة رصد الرماية"
"Spotting Charge","عبوة ضعيفة الانفجار ( في تمرين الرماية بالمدفعية )"
"Spotting of Fire","رصد الرمي"
"Spray","نشر . نشر . رش . بخ ."
"Spray Attack","هجوم برش الغاز ( كيماويات )"
"Sprayer","رشاشة . مرش . بخاخة"
"Spread","نشر . انتشار . بعثرة"
"Spur","نتوء"
"Spy","جاسوس . عميل . عين"
"Squad Column","رتل الحضيرة ."
"Squadron","سرب ( طيران ) فوج . فرسان . ( استطلاع )"
"Stability","استقرار . ثبات"
"Stabilization","تثبيت . استقرار . توطيد"
"Stabilized Soil","تربة راسخة . تربة متسكة . تربة ثابتة"
"Stack Arms","(١) شبك السلاح (٢) ايعاز لاتخاذ هذا الوضع ( اشبك سلاح )"
"Staff","أركان . ركن"
"Staff Coordination","تنسيق الأركان"
"Staff Coordination Duty","أعمال الأركان . واجبات الأركان"
"Staff Coordination Estimate","تقدير الأركان"
"Staff Coordination Liaison","ارتباط الأركان"
"Staff Coordination Office","مكتب الأركان"
"Staff Coordination Officer","ضابط ركن"
"Staff Coordination Planning Factors","عوامل تخطيط الأركان"
"Staff Coordination Section Worksheet","صحيفة عمل قسم الأركان"
"Staff Coordination Supervision","اشراف الأركان"
"Stage","مرحلة . طور . شوط . دور . طبقة . درجة . فترة . مسرح"
"Staging Area","منطقة مرحلية . منطقة مرور . ( تقف فيها القوات البرمائية أو قوات المظليين قبل التحرك للهدف )"
"Staging Base","قاعدة تجمع متقدمة ( طيران وبحرية )"
"Staging Base Station","مركز تجمع . محطة مرحلة"
"Standard","نموذج . مثال . علم . قياس . عمود . حامل . عيار"
"Standard Advance Base Units","الوحدات الأساسية للقاعدة المتقدمة"
"Standard Items","أصناف أو مواد نموذجية . أصناف أو مواد نظامية ."
"Standard Muzzle Velocity","السرعة الابتدائية العادية"
"Standard Muzzle Velocity Nomenclature","تسمية نظامية . تسمية معتمدة"
"Standard Muzzle Velocity List","كشف التسمية النظامية . كشف التسمية المعتمدة"
"Standard Pattern","الشكل المعتمد . النموذج الرضي."
"Standard Score","العدد القياسي . الرقم القياسي"
"Standard Trajectory","المسار الأثامي . المحرك القياسي"
"Standard Trench","خندق عادي"
"Standard Type","نموذج أساسي أو قياسي . طراز أساسي أو قياسي"
"Standardization","معايرة - توحيد"
"Standardization Agreement","اتفاقية توحيد"
"Stand By","(١) تهيأ . استعد (إيعاز (٢) وضع الاستعداد أو التهيؤ . (٣) وضع الاستراحة (كون الأجهزة اللاسلكية على الاستقبال) ."
"Standby Reserve","احتياطي مستعد . احتياطي متأهب"
"Stand Past","(١) وقوف ( وحدات المدفعية ) (٢) توقف (إيعاز) -"
"Standing Army","الجيش العامل . الجيش النظامي"
"Standing Corrections","تصحيحات ثابتة"
"Standing Operating Procedures","الأوامر المستديمة"
"Standing Order","أمر ثابت . أمر مستديم"
"Standing Signal Instructions","تعليمات الإنارة الثابتة"
"Star Gage","مقياس قطر السبطانة"
"Star Shell","طلقة مضيئة"
"Start Line","خط البدء"
"Start Point","نقطة البدء"
"State","حالة . شأن . وضع . موقف . تقرير . بيان . دولة مولاية"
"State of Emergency","حالة الطوارئ"
"State of Readiness","حالة التأهب . حالة استعداد"
"State of War","حالة الحرب"
"Statement","بيان . تصريح . اعلاه . إذاعة . شرح . ذكر . إيضاح . عرض . تقديم . تعبير"
"Statement of Charges","بيان تغريم ( العمدة المفقودة )"
"Statement of Service","بيان الخدمة"
"Static","ثابت . ساكن"
"Static Employment","استخدام ثابت في مدفعية الدفاع الجوي"
"Static Line (Air Transport)","حبل ثابت ( حبل مثبت بمنطقة المظلة يعمل على فتحها تلقائيا ويبقى مثبتا في الطائرة )"
"Station Authentication اثبات هوية المحطة (لا سلكي) , Receiving (١) محطة استقبال أو استلام (مواد أو أفراد)","(٢) محطة استقبال (لاسلكية)"
"Steel","فولان . صلب"
"Steep","حاد . شديد الأنحدار"
"Steer , To","يدير . يقود . يوجه"
"Steerage","ادارة السكان . توجيه"
"Steering","أدارة . توجيه . تسيير . سباقة (عجلة القيادة)"
"Steering Brake","غراملك التوجيه ( في عربات النيوزيلر )"
"Step","خطوة . شبه . درجة"
"Stereo","مجسم . مضخم . متين"
"Stereocompara Graph","مسجل المقارنة المجسمة (في الخرائط الطوبوغرافية)"
"Stereogram","صورة مجسمة"
"Stereograph","صورة مجسمة . مجسم (آلة تجسيم الصور)"
"Stereophotogrammetry","عمليات التصوير المجسم"
"Stereoplanigraph","جهاز تجسيم المسطحات"
"Stereoscope","منظار مجسم . منظار تجسيم"
"Stereo Scopic Observer","راصد مقياس البعد المجسم"
"Stereo Scopic Observer Pair(s)","مناظر متراكبة . صور مجسمة مزدوجة"
"Stereo Scopic Observer Range Finder","جهاز مجسم لأيجاد المدى"
"Stereo Scopic Observer Trainer","جهاز تدريب على منظار التجسيم"
"Stereotriplet","ثلاث صور مجسمة متراكبة (صور جوية رأسية)"
"Sterilization","تعقيم . تطهير"
"Sterilizer","معقم . مطهر . جهاز تعقيم أو مادة تعقيم"
"Stick (air transport)","مجموعة قفز ( مظلات ) عصا قيادة الطائرة"
"Stick (air transport) Commander(air transport)","قائد مجموعات القفز"
"Sticky Charge","عبوة لاصقة"
"Stock","تخزين . مخزون . مؤونة . امداد . رصيد مستودع . أخمص البندقية"
"Stock Accounting","محاسبة المخزون . ضبط المخزون . حساب المخزون"
"Stockade","معتقل . غرفة التوقيف"
"Stockage List","قائمة التخزين"
"Stockage List Objective","هدف التخزين"
"Stock Control","مراقبة المخزون"
"Stock Control Coordination","تنسيق المخزون"
"Stock Control Fund","اعتمادات التخزين المالية"
"Stock Level","مستوى التخزين . معدل التخزين"
"Stock Level Management","ادارة التخزين"
"Stock Level Number","رقم الصنف أو المادة ( المخزونة )"
"Stockpile","تكديس التخزين"
"Stock Record Account","سجل حسابات التخزين"
"Stop","توقف . وقوف . ايقاف . حصر . تثبيت . كبح . نقطة وقوف . جهاز توقيف"
"Stoppage","وقوف . توقف . زمن الوقوف"
"Storage","تخزين"
"Storage Building","مبنى التخزين"
"Storage Capacity","الطاقة على التخزين . سعة التخزين"
"Storage In Transit","تخزين للترانزيت"
"Storage Park","موقف تخزين العربات"
"Storage Park Space","مكان التخزين"
"Stores","مخازن مستودعات"
"Storm Boat","فريق اقتحام سريع"
"Stow , To","يرتب للتخزين"
"Stowage Diagram","مخطط ترتيب التخزين"
"Stowage Diagram Factor","عامل . اس ترتيب التخزين ( بالقدم المكعب )"
"Stowage Diagram Plan","خطة ترتيب التخزين"
"Straddle Truck","عربة نقل خاصة ( لنقل الأنابيب والأخشاب وغيرها )"
"Straddling","تخمين . حصر الهدف"
"Straggler","متخلف"
"Straggler Collecting Point","نقطة تجميع المتخلفين"
"Straggler Line","خط المتخلفين"
"Straight","مستقيم . عادل . واضح . تقي . صريح"
"Strait","مضيق . سر . بوغاز"
"Strap","طوق . حبل . رباط . شريط . سير . حزام"
"Strapping","تحزيم . تربيط"
"Strategic Advantage","ميزة استراتيجية"
"Strategic Advantage Air Intelligence","استخبارات جوية استراتيجية"
"Strategic Advantage Operations","عمليات = ====="
"Strategic Air Transport","نقل جوي استراتيجي"
"Strategic Air Transport Warfare","حرب جوية استراتيجية"
"Strategic Air Transport Concentration","حشد استراتيجي"
"Strategic Air Transport Concept","الفكرة الاستراتيجية"
"Strategic Air Transport Defensive","عملية واسعة النطاق (دفاع استراتيجي)"
"Strategic Air Transport Intelligence","استخبارات استراتيجية"
"Strategic Air Transport Map","خريطة استراتيجية (من ١/٦٠٠٠٠٠ أو أصغر عادة ١/١٠٠٠٠٠٠)"
"Strategic Air Transport Materials (Critical)","مواد استراتيجية (عبوية)"
"Strategic Air Transport Military Psychological Warfare","حرب نفسية استراتيجية"
"Strategic Mission","مهمة استراتيجية"
"Strategic Mission Offensive","عملية لغرض استراتيجي"
"Strategic Mission Plan","خطة استراتيجية"
"Strategic Mission Propaganda","دعاية استراتيجية"
"Strategic Mission Psychological Warfare","حرب نفسية استراتيجية"
"Strategic Mission Intelligence","استخبارات الحرب النفسية"
"Strategic Mission Reconnaissance","استطلاع استراتيجي"
"Strategic Mission Reserve","احتياطي استراتيجي"
"Strategic Mission Tactical Map","خريطة تكتيكية استراتيجية (ذات مقياس رسمين ١/٢٥٠٠٠٠ - ١/٥٠٠٠٠)"
"Strategic Mission Vulnerability","تعرض استراتيجي"
"Strategic Mission Warning","انذار استراتيجي"
"Strategy","الاستراتيجية"
"Strength Accountability","تسجيل الملاك"
"Stretcher","نقالة جرحى"
"Strike","ضربة . خبطة . اضراب"
"Striking Force","القوة الضاربة"
"Striking Force Area","منطقة القوة الضاربة"
"String","سلسلة رسائل . مجموعة طلقات"
"Strip Marker (Land Mine Warfare)","دليل حزام الألغام. علامة حزام الألغام (في حرب الألغام الأرضية)"
"Strip Mosaic","شريط من الموزاييك (في الصور الجوية)"
"Strong Point","نقطة حصينة. نقطة قوية"
"Stubborn","عنيد . ضار . ستبسل . عاص . متبرد"
"Students","طلاب . طلبة"
"Study","دراسة . مطالعة . بحث"
"Suballocation","تعيين اضافي . تخصيص اضافي"
"Suballotment","تخصيص مالي جزئي . نقل أفراد"
"Subaqueous Ranging","اكتشاف . هدف بحري"
"Subarctic","منطقة ما دون المنطقة القطبية الشمالية"
"Subarea Petroleum Office","مكتب منطقة البترول الفرعية"
"Subbase","قاعدة فرعية"
"Subcaliber Ammunition","ذخيرة مصغرة العيار (للتدريب)"
"Subcourse","دورة فرعية"
"Subject Schedule","برنامج الموضوع المفصل"
"Submachinegun","نصف رشاش"
"Submarine","غواصة"
"Submarine Base","قاعدة غواصات"
"Submarine Havens","مرافئ أو مخابئ الغواصات"
"Submarine Launched Missile","صاروخ يطلق من تحت الماء (من الغواصة)"
"Submarine Patrol Zones","مناطق دوريات الغواصات"
"Submarine Patrol Zones Rocket","صاروخ غواصات"
"Submarine Patrol Zones Safety Lanes","السرات المأمونة للغواصات"
"Submarine Sanctuaries","ملاجئ الغواصات"
"Submarine Sanctuaries Striking Forces","قوات الغواصات الغاربية"
"Subsidiary Demolition Belt","حزام تدمير اضافي"
"Subsistance","مواد غذائية . وجود . كيان"
"Subsistance in Kind","مواد غذائية عينية"
"Subsistance Quality","نوعية المواد الغذائية"
"Subsistance Wholesomeness","مواد غذائية صحية"
"Subsonic","دون سرعة الصوت"
"Substitute","بديل موضأ عن . بدلا من"
"Substitute Standard","طراز بديل . نموذج بديل"
"Substitution System","طريقة التبديل . نظام التبديل ( الرموز )"
"Subsurface Bursts","تفجيرات تحت سطح الأرض"
"Subversion","عدم . قلب"
"Subversive Political Action","عمل سياسي تخريبي"
"Successive Formation","تشكيل متتالي . تشكيل متعاقب . تشكيل على مراحل"
"Successive Formation Movements","تحركات متتالية . تحركات متعاقبة . تحركات على مراحل"
"Successive Formation Objectives","أهداف متتالية . أهداف متعاقبة"
"Successive Formation Positions","مواقع متتالية . مواقع متعاقبة"
"Suffer Casualties, To","يتكبد خسائر"
"Suggested Improvement","التمديد المقترح"
"Summery","ملخص . خلاصة . موجز . مختصر . مجمل"
"Summit","قمة . ذروة . رأس . أوج . أعلى"
"Summit Level","أعلى مستوى"
"Summit Level of Trajectory","قمة المسار . أعلى المسار . ذروة المسار ( أعلى نقطة يصل إليها المقذوف في يساره )"
"Sundry Funds","اعتمادات مالية متنوعة . مصروفات بشرية"
"Superelevation","الارتفاع الأضافي ( الزاوية الأضافية التي تضاف على الارتفاع الأصلي في المدفعية المضادة للطائرات للتعويض عن الجاذبية )"
"Superencipherment","مضاعفة التشفير ( للسرية )"
"Superencruption","مضاعفة الرموز ( للسرية )"
"Superquick Fuze","طبة سريعة"
"Supersensitive Fuze","طبة حساسة جدا . طبة عالية الحساسية"
"Supersonic","يفوق سرعة الصوت . خارج للحجاب الصوتي"
"Supervised Route","مر تحت المراقبة . طريق تحت الأشراف"
"Supervision","اشراف"
"Supervisor","مشرف"
"Supplement","متم . مكمل"
"Supplemental Charge","عبوة اضافية . عبوة تكميلية"
"Supplemental Charge Civilian Supplies","تموينات المدنيين الاضافية"
"Supplementary Piring Position","موقع رماية اضافي"
"Supplementary Position","موقع اضافي"
"Supplementary Position Target","د.ف اضافي"
"Supplies","تموينات . مؤن"
"Supplies, Class I","تموينات الصنف الأول (الأعاشة والعلف)"
"Supplies, Class I ,  II","تموينات الصنف الثاني (جميع ما في جداول التنظيم والمعدات)"
"Supplies, Class I ,  III","تموينات الصنف الثالث (المحروقات)"
"Supplies, Class I ,  IIII (a)","تموينات الصنف الثالث (محروقات الطيران)"
"Supplies, Class I ,  IV","محروقات الصنف الرابع (المواد غير المسجلة في جداول التنظيم والمعدات الآن بعضها سجل في جداول الصلاوات مثل مواد البناء)"
"Supplies , Class V","تموينات الصنف الخامس (الذخيرة)"
"Supply","تموين"
"Supply and Evacuation Section","قسم التموين والأخلاء"
"Supply Arms and Services","أسلحة وخدمات التموين"
"Supply By Air","التموين جوا"
"Supply Categories","طبقات التموين"
"Supply Control","مراقبة التموين . ادارة التموين"
"Supply System","نظام مراقبة التموين . نظام ادارة التموين"
"Supply Credit","اعتماد التموين"
"Supply Economy","الاقتصاد في التموين . الاقتصاد التمويني"
"Supply Management","ادارة شؤون التموين . تدبير شؤون التموين"
"Supply Manifest","بيان شحن التموين . منفستو الشحن"
"Supply Point","نقطة تموين"
"Supply Distribution","توزيع نقطة التموين"
"Supply Replacement Factors and Consumption Rates.","عوامل الاستعاضة التموينية ومعدات الاستهلاك ."
"Supply Reserves","الاحتياطات التموينية"
"Support","اسناد . مساندة . دعم . تقوية . نجدة . حاضن . حامل"
"Support Cargo","شحنة اسناد"
"Support Craft","سفينة اسناد . مركب اسناد"
"Support Echelon","عنصر اسناد . قسم اسناد"
"Supported Unit","وحدة مسنودة"
"Supporting Aircraft","طائرة اسناد"
"Supporting Aircraft Arms","اسلحة اسناد"
"Supporting Aircraft Coordination Center","مركز تنسيق أسلحة الأسناد"
"Supporting Aircraft Artillery","مدفعية اسناد"
"Supporting Aircraft Attack","حجوم مساند"
"Supporting Aircraft Distance","مسافة الأسناد (بين وحدتين تتبادلان الساندة)"
"Supporting Aircraft Establishment","منشأة اسناد . فرع اسناد"
"Supporting Aircraft Fire","نيران اسناد"
"Supporting Aircraft Forces","قوات اسناد"
"Supporting Aircraft Range","مدى الأسناد المؤثر ( للأسلحة)"
"Supporting Aircraft Unit","وحدة اسناد"
"Surface Burst","تفجير ملابس لسطح الأرض أو الماء"
"Surface Burst Code","رمز تأشير من الأرض (للتخاطب مع الطائرات)"
"Surface Burst Danger Area","منطقة الخطر على سطح الأرض"
"Surface Burst Line","خط على سطح الأرض ( خط تلفوني )"
"Surface Burst Mission","مهمة الضرب على أهداف أرضية أو بحرية ( أيدفعية المضادة للطائرات)"
"Surface Burst cf Impact","سطح الصدم ( سطح الأرض المتأثرة بالتنجيم غير الملابس)"
"Surface Burst Rapture","سطح التصدع (النتائج عن الانفجارات تحت سطح الأرض)"
"Surface Burst to Air Missil (SAM)","صاروخ يطلق من الأرض للجو (سواء من سطح اليابسة أو الماء)"
"Surface to Surface Missile (SSM)","صاروخ يطلق من الأرض للأرض"
"Surface to Surface Missile (SSM) Zero (ground Zero)","نقطة الصفر على الأرض"
"Surgeon","طبيب جراح . جراح"
"Surgery","جراحة . عيادة الجراحة . غرفة العمليات الجراحية"
"Surgical Hospital","مستشفى الجراحة"
"Surgical Team","فريق الجراحة . جماعة الجراحة"
"Surplus Property","الستككات الزائدة"
"Surveillance","مراقبة . رصد . تفتيش"
"Surveillant","مراقب"
"Survey","ساحة . تخطيط"
"Survey Control","(١) تضييق المواقع بالساحة (٢) طريقة ضبط المواقع بالساحة"
"Survey Point","نقطة تضييق الساحة"
"Survey Information Center","مركز معلومات الساحة"
"Survey Officer","ضابط الساحة"
"Surveying \"","ضابط استقصاء الخسائر ( العطل . والتدمير والفقدان )"
"Survey Meter","مقياس السح الأشعاعي"
"Survey Meter Pole","شاخص ساحة"
"Survey Meter Station","محطة ساحة"
"Survival","بقاء"
"Survival of the Pittest","البقاء للأصلح"
"Survivor Curves","السنحنيات البيانية للمواد الباقية تحت الاستخدام"
"Suspect Battery","بطارية مشتبهة ( معادية )"
"Suspend","يجرد . يعلق . يوقف . يرجى . يكف"
"Suspension","تجريد . تعليق . إيقاف . توقيف . تأجيل . ارجاء ( حرمان مؤقت )"
"Suspension of Arms","وقف القتال . مهادنة محلية ( محليا )"
"Suspension of Arms of Flying","إيقاف عن الطيران ( الطيارين )"
"Suspension of Arms of Vouchers","إيقاف سندات"
"Sustained Rate of Fire","معدل الرمي المستمر . معدل النيران المستمر"
"Sweep","حصد . كسر . تكيس . كسح . مسح . تنظيف"
"Sweeping Fire","نيران حاصدة ( من الأسلحة الأوتوماتيكية )"
"Swimming Capability","امكانية العموم . امكانية السباحة"
"Swimming Capability Device","جهاز التصويبهم . اداة التصويبهم . وسيلة التصويبهم"
"Swinging the Compass","تدوير البوصلة . تحريك البوصلة"
"Swinging Traverse","حصد طليق . ( بنيران الرشاش )"
"Switch Fire","نقل الرمي . نقل النيران ( من مدف الى آخر )"
"Switching","تحويل"
"Switching Central","سنترال . تحويلية"
"Switch Position","موقع تحويلي"
"Switch Position Trench","خندق تحويلي"
"Symbol","رمز . إشارة/شعار"
"Symbolic Form","صيغة رمزية . لائحة رمزية (متفق عليها لأغراض"
"Sympathetic Detonation","الأرصاد الجوية) ."
"Synchronize","انفجار بالتأثير . ضغط بالتأثير"
"Synchronization","يضبط الوقت"
"System","تزامن . تضبط الوقت"
"Systematic Error","نظام . مجموعة . طريقة/نمط . جهاز شبكة"
"System Indicator","خطأ منتظم"
"Systems Analysis","دليل الرموز"
"Table جدول . بيان . فهرس . نسخة . لوح . لوحة . مائدة . قاعدة . صفحة Organization & Equipment (TO&E) جدول التنظيم","والسعدات ."
"Tactical Aeromedical Evacuation اخلاء طبي جوى تكتيكي Commander(afloat) قائد طيران تكتيكي ( على ظهر","حاملات الطائرات ) - سطور"
"Target Analysis","تحليل الهدف"
"Target Analysis Approach Point","نقطة الاقتراب من الهدف ( طيران )"
"Target Analysis Area","منطقة الهدف"
"Target Analysis Grid","نظام تسامتي لأيجاد الهدف"
"Target Area Survey","مسح منطقة الهدف"
"Target Area Survey Bearing","اتجاه الهدف. زاوية الهدف"
"Target Area Survey Chart","لوحة الهدف . خريطة الهدف ( ذات مقياس رسم كبير )"
"Target Area Survey Complex","مجموعة أهداف"
"Target Area Survey Concentration","التركيز على الهدف"
"Target Area Survey Designating System","جهاز تعيين الهدف. طريقة تعيين الهدف"
"Target Area Survey Director Post","المركز الموجه للهدف. المركز المرشد للهدف"
"Target Area Survey Dossiers","ملفات الهدف ( معلومات عن منطقة معينة )"
"Target Area Survey Echo","مدى الهدف ( اشارات لاسلكية منعكسة عن الهدف )"
"Target Area Survey Evaluation","تقييم الهدف . تحليل الهدف"
"Target Area Survey Falders","مصنفات الهدف . ملفات الهدف"
"Target Area Survey Grid","تساسات الهدف"
"Target Area Survey Indicating System","نظام الاستدلال على الهدف . جهاز اظهار الهدف"
"Target Area Survey Information Center","مركز المعلومات عن الهدف"
"Target Area Survey Intelligence","استخبارات عن الهدف"
"Target Area Survey Number","رقم الهدف"
"Target Area Survey Offset","زاوية رصد الهدف ( ملاحظ - هدف )"
"Target Area Survey of Opportunity","هدف عارض . ( يكون ظهوره فجأة )"
"Target Area Survey Response","مدى تأثر الهدف ( بالأسلحة النووية )"
"Target Area Survey Selector","منتخب الهدف ( جهاز انتخاب الهدف )"
"Target Area Survey Status Board","لوحة وضعية الأهداف"
"Target Area Survey System","مجموعة أهداف"
"Target Area Survey Tracking Radar","رادار تتبع الهدف - واجب . عمل - قوة واجب ( قوة تشكل ١٠٠٪ ) - مظور"
"Terminal طرف . نهاية . نهائي . آخر محطة Port السنا الأخير","مظور"
"Terminal Postal Officer","ضابط بريد المحطة"
"Terminal Postal Officer Service Company","سرية خدمة المحطة (للنقل)"
"Terminal Postal Officer Throughput Capacity","طاقة المحطة على الترحيل والتنزيل في اليوم الواحد"
"Terminal Velocity","السرعة النهائية . السرعة الباقية"
"Termination","نهاية . انها . آخر . ختام . نتيجة . انقضاء . غاية"
"Termination of Armest","انها . التوقيف"
"Terminology","علم المصطلحات الفنية"
"Terminology , Military","المصطلحات العسكرية"
"Terms","اصطلاحات . مصطلحات . فصول . شروط . عبارات . مواعيد"
"Terrain","أرض . طبيعة الأرض"
"Terrain Analysis","تحليل طبيعة الأرض"
"Terrain Corridor","سر أرضي"
"Terrain Evaluation","تحليل طبيعة الأرض . تقييم طبيعة الأرض"
"Terrain Exercise","تمرين على الطبيعة"
"Terrain Intelligence","استخبارات عن طبيعة الأرض"
"Terrain Return","انعكاس ارضي . ارتداد أرضي (انعكاس الأسماعات عن الأرض على شاشة التمراد)"
"Terrain Sensing","تخمين بواسطة طبيعة الأرض"
"Terrain Study","دراسة طبيعة الأرض"
"Terrestrial","أرضي"
"Test","اختبار . فحص . تجربة . تحليل"
"Test Piece","مدفع الفحص"
"Theater","سرح"
"Theater of Operations","سرح العمليات"
"Theater War","سرح الحرب"
"Theater Stock Level","مستوى المخزون في سرح العمليات"
"Theodalite","ثيود ولايت . مقياس الأبعاد . هواة ( آلة ساعة )"
"Thermal Exposure","تحرص حراري"
"Thermal Exposure Radiation","اشعاع حراري"
"Thickened Fuel","وقود ثقيل . وقود مكثف ( يستخدم لقاذفات اللهب والتقابل الممرقة )"
"Thrust","طعنة . وخزة . دفع . قوة دفع . اندفاع"
"Time and Space Factors","عوامل الوقت والسافة"
"Time and Space Factors Distance","زمن السير (السافة الزمنية للتحرك من نقطة لأخرى)"
"Time and Space Factors Length","زمن عبور نقطة (ز . ع . ن . ) - ( الزمن اللازم للرتل لصبر نقطة معينة )"
"Time Interval","الفاصل الزمني ( بين رتل وآخر أو عربة وأخرى )"
"Time Interval Puze","طبة زمنية"
"Time Interval of Attack","وقت الهجوم"
"Time Interval Lag","زمن التهيؤ"
"Time Interval of Delivery","وقت التسليم"
"Time Interval Origin","وقت الإصدار ( رسائل )"
"Time Interval Receipt","وقت الاستلام"
"T.N.T. Equivalent","مكافئ لمادة ت . ن . ت"
"Tonnage","وزن/الثقل بالطن"
"Tonnage , Net","الوزن الصافي . الحمولة الصافية ( بالطن )"
"Tonnage , Registered","حمولة مسجلة . وزن مسجل"
"Tool Bag","حقيبة معدات . حقيبة أدوات"
"Top","قمة . ذروة . أعلى . غطاء . سطح"
"Top Carriage","القسم العلوي من حامل المدفع"
"Topographic Crest","القمة الطوبوغرافية"
"Topographic Crest Map","خريطة طوبوغرافية"
"Topographic Crest Plot","تخطيط طوبوغرافي"
"Topography","طوبوغرافيا"
"Top Secret","سرى للغاية"
"Top Secret Control Officer","ضابط مراقبة المواد السرية للغاية"
"Top Secret Information","معلومات سرية للغاية"
"Torpedo Defense Net","شبكة دفاع الطوربيد ( للشواطئ )"
"Toss Bombing","تدف أثناء الصمود ( طيران )"
"Total","مجموع . كل . كلي . اجمالي"
"Total Materiel Objective هدف المواد الكلي أو الشامل Procurement Objective الهدف الكلي من الحصول على المواد","الهدف الشامل من الحصول على المواد ."
"Total Materiel Objective هدف المواد الكلي أو الشامل Requirement(TMR) الاحتياج الكلي من المواد","الطلوب الكلي من المواد ."
"Traffic Diagram","مخطط بياني لخطوط التليفون"
"Traffic Diagram Flow Security","أمن تحرير الرسائل ( إشارة )"
"Traffic Diagram Headquarters","مركز قيادة المرور"
"Traffic Diagram Map","خريطة حركة المرور"
"Trailer","مقطورة"
"Train","تأقلم . قطار"
"Train , to","يدرب . يروض . يربي . يقطر . يمرن . يوجه . يرشد"
"Trainees","تحت التدريب . خاضع للتدريب"
"Trainers","التدريين"
"Training Aids","مساعدات التدريب"
"Training Aids Aircraft","طائرة تدريب"
"Training Aids Circular","نشرة تدريب دورية"
"Training Aids Cycle","دورة تدريب . دورة تدريبية"
"Training Aids Literature","مؤلفات التدريب"
"Training Aids Manual","كراسة تدريب"
"Training Aids Memorandum","مذكرة تدريب"
"Training Aids Phase","مرحلة تدريب"
"Training Aids Program","منهج التدريب"
"Training Aids Publications","نشرات تدريب . مطبوعات تدريب"
"Training Aids Schedule","برنامج التدريب"
"Trajectory","محرك المقذوف"
"Trajectory Chart","لوحة محرك المقذوف"
"Transceiver","جهاز ارسال واستقبال"
"Transfer","نقل . انتقال . تحويل"
"Transfer Activity","مركز تنقلات . مركز تحويل ( نقل أفراد من وحدة لأخرى )"
"Transfer Area","منطقة الانتقال . منطقة التحويل ( برمائية )"
"Transfer Berth","مرسى === . مرسى ==="
"Transfer Limit","حد === . حد ==="
"Transfer Order","أمر === . أمر النقل ( أفراد )"
"Transfer Point","مركز انتقال . مركز تحويل"
"Transfer Processing","اجراات الانتقال . اجراءات التحويل"
"Transfer Standard","نظام تحويل الملفات"
"Transfer Standard Station","محطة انتقال . محطة تحويل"
"Transient","عابر"
"Transient Field Ration Mess","مطعم ميداني للمعابرين"
"Transient Forces","قوات عابرة ( ترانزيتيه )"
"Transient Target","هدف سريع الزوال . هدف عابر ( مؤقت )"
"Transit Navigation Satellite","قمر اصطناعي للملاحة العالمية"
"Transmission Factor","عامل الانتقال . نسبة الانتقال ( النسبة بين مقدار الجرعة الخارجية والجرعة الداخلية من الأسماعات النووية )"
"Transmission Security","أمن الأرسال"
"Transoceanic Travel","السفر عبر المحيطات"
"Transonic","مقارب لسرعة الصوت"
"Transponder","جهاز استجابة"
"Transportability","قابلية النقل . إمكانية النقل"
"Transport Aircraft","طائرة نقل ."
"Transport Aircraft Area","منطقة النقل"
"Transportation Allowance","بدل نقل . بدل مواصلات ( نقدا )"
"Transportation Allowance Engineering","ضد سنة النقل ( جميع الترتيبات التي تتخذ لتدبير شؤون النقل )"
"Transportation in Kind","تأمين النقل ( توفيرة وسيلة من وسائل النقل بدل الدفع النقدي )"
"Transportation Manifest","كشف أو بيان النقل"
"Transportation Manifest Movements","تحركات النقل"
"Transportation Manifest Request","طلب النقل"
"Transportation Manifest Unit","وحدة نقل"
"Transport Control Center","مركز مراقبة النقل"
"Transport Control Center Group","مجموعة النقل ( برمائي )"
"Transport Control Center Services","خدمات النقل"
"Transport Control Center Vehicle","عربة نقل - مطبوع"
"Transposition Mixed Alphabet أبجدية مختلط تبذلة (بالشفير) System","نظام تبديل الرموز"
"Traverse تدوير . تسديد . نطاق . طريق سير متعرج . خط عرض","سر . خلال . مرور . دوران . تخطيط متقطع (طوبوغرافيا)"
"Trophy of War غنية حرب","منا - مطبوع"
"Tropical Regions","مناطق استوائية"
"Tropical Storm","عاصفة استوائية"
"Truce","مدينة . سبادنة"
"Truck","شاحنة بسيارة شحن . لورى"
"True Airspeed","سرعة الهواء الحقيقي"
"True Airspeed Azimuth","الزاوية الحقيقية"
"True Airspeed Control","الضبط الصحيح ( قراءة الخرائط )"
"True Airspeed Course","الاتجاه الحقيقي . الطريق الحقيقي"
"True Airspeed North","الشكل الحقيقي ( البغرافي )"
"True Airspeed Origin","نقطة الأصل الحقيقية ( في الأحداث )"
"Trunk","الخط الرئيسي ( الخط الواصل بين سنترال وآخر )"
"Trunk Circuit","دائرة رئيسية ( دائرة تلفزيونية خارجية )"
"Tube","أنبوب . أنبوبة . خرطوم . سبطانة . صام ( في الراديو )"
"Tune","نغم . لحن . لهجة . توافق"
"Tuning","توليف النغم . توليف الصوت"
"Tunnel","نفق"
"Turbine","طربين"
"Turbo","محرك طربيني . ضاغط . ماو"
"Turbojet","نفاث طربيني"
"Turnaround","رجوع . عودة . الدوران للخلف"
"Turnaround Time","الوقت اللازم للعودة"
"Turning Movement","حركة التناف"
"Turn In Slip","بطاقة استرجاع . نموذج استرجاع"
"Turret","سرح"
"Twilight (Morning & Evening)","أول ضوء . آخر ضوء"
"Two Station Method","طريقة الرصد المزدوج"
"Type","نموذج . طراز . نمط . نوع"
"Type of Smoke","نوع الدخان"
"Umpire","حكم . مُحَكَّم"
"Umpire","تحكيم"
"Unassailable","حصين . منبع . لا يهاجم . لا يمكن اقتحامه"
"Unassembled","مفكك . مفكوك"
"Unauthorized","غير مصنّ به . غير مرخص . بلا تصريح . ممنوع . غير جائز"
"Unclassified","غير سري . غير مصنف بدرجة من السرية"
"Unconcealed","غير مستور"
"Uncontrolled Mosaic","موازيبك غير مضبوط . أو بدون تضييق"
"Unconventional Warfare","الحرب غير التقليدية"
"Unconventional Warfare Forces","قوات الحرب غير التقليدية"
"Uncover","يكشف . يزيح / غير محمي / انزع . اكشف (ايجاز)"
"Uncovered Movement","تحرك غير مستور . تحرك غير محمي"
"Under Arms","تحت السلاح . مسلح"
"Underwater Demolition","التدمير تحت الماء"
"Underwater Demolition Team","جماعة التخريب تحت الماء"
"Undesirable Discharge","فصل غير مشرف (للأفراد غير المرغوب فيهم)"
"Unequal Section Charge","عبوة غير متساوية العناصر"
"Unified Command","القيادة الموحدة"
"Unified Command Logistic Support","اسناد الأمدادات والتموين الموحد"
"Uniform Code of Military Justice","قانون القضاء العسكري الموحد"
"Unilateral Frequency Distribution","التوزيع الجانبي للتردد"
"Uniservice Command","قيادة موحدة لعنصر واحد من القوات المسلحة (في الجيش الأمريكي)"
"Unit","وحدة"
"Unit Assembly","تجميع وحدة . تجميع جهاز"
"Unit Assembly Award","مكافأة وحدة . شعار يقدم للوحدة"
"Unit Designator Code","الرمز المميز للوحدة"
"Unit Distribution","توزيع الوحدة ( تموين )"
"United Nations General Assembly(UNGA)","الحصبة العسمة لهيئة الأمم المتحدة ."
"Unit Essential Equipment","المواد الضرورية للوحدة"
"Unit Journal","سجل تاريخ الوحدة"
"Unit Journal Loading","تحميل الوحدة . اركاب الوحدة"
"Unit Journal Mess","مطعم الوحدة"
"Unit Journal of Error","وحدة الخطأ"
"Unit Journal Issue","وحدة الصرف"
"Unit Journal Pathfinders","أدلاء الوحدة (للوحدات المحمولة جوا)"
"Unit Journal Reserves","احتياطات الوحدة"
"Unit Journal Staff (S1-S2-S3-S4)","اركان الوحدة"
"Unit Journal Supply","تموين الوحدة"
"Unit Journal Trains","قوافل الوحدة الادارية"
"Unit Journal Training","تدريب الوحدة"
"Unit Journal Cycle","دورة تدريب الوحدة"
"Unity","وحدة . توحيد . اتحاد"
"Unity of Command","توحيد القيادة"
"Unity of Command Effort","توحيد الجهد"
"Universal","عالي . عومي . شامل"
"Universal Time","التوقيت العالمي"
"Universal Transverse Mercator Grid","النظام التاماتي العالمي لمبركاتور"
"Unlimited Special Inspection","تفتيش خاص غير محدد"
"Unobserved Fire","(١) نيران غير مرئية . (٢) رمي غير مرئي"
"Unprotected","غير سمي . معرض . مكشوف"
"Unqualified","غير مؤهل . غير جدير . عديم الصلاحية . عديم الاختصاص"
"Unserviceable","غير قابل للعمل . غير صالح للاستعمال"
"Unserviceable Supplies","تموينات غير صالحة للاستعمال"
"Unsettled","غير مستقر"
"Unsheltered","مكشوف . بدون واق . غير متخندق"
"Unshielded","معرض . غير مدرع . غير مصفح"
"Unthickened Fuel","وقود مخفف (يستخدم في قاذفات اللهب)"
"Untrained","غير مدرب"
"Unwarned Exposed","معرض غير منذر ( أسلحة نووية )"
"Upgrade","يرفع المستوى أو الدرجة"
"Urgent","فوري . ستعجل جدا"
"Urgent Message","رسالة فورية"
"Usable","مستعمل . قابل للاستعمال"
"Usable Rate of Fire","معدل النيران المعتاد . معدل الرمي المعتاد ( في الدقيقة )"
"Usage","استعمال . استخدام"
"Use Age","فترة الاستخدام"
"User Test","اختبار المستخدم ( يجرى من قبل الجهة المستخدمة للمعدات )"
"Utilities","منافع عامة . خدمات عامة"
"Utility","منفعة . نفع"
"Utility Railway","سكة حديد عامة"
"Vacancy","فراغ . خلو . وظيفة شاغرة . شاغر"
"Vacation","عطلة . بطالة . اخلاء"
"Vaccinate, To","يلقح . يضم"
"Vaccination","تلقيح . تطعيم"
"Vaccine","لقاح . دواء تلقيح"
"Vaccum","فراغ . مفرغ . خواء"
"Vaccum Tube","صام أو انبوب مفرغ"
"Valid","صالح . صحيح . قانوني . شرعي . ساري المفعول"
"Validity","صلاحية . صحة . قانونية . شرعية . سريان المفعول"
"Valley","وادي"
"Value","قيمة . قدر . ثمن . فائدة . نفع"
"Variation","تبدل . تغيير . تباين . فرق . اختلاف . تنوع"
"Vehicle","عربة . مركبة"
"Vehicle Collecting Point","نقطة جمع العربات"
"Vehicle Status Report","تقرير حالة العربات"
"Velocity","سرعة"
"Verbal Order","أمر شفوي"
"Verification","التأكد من . التحقق من صلاحية الشيء (اختبار صلاحية الأسلحة) فحص."
"Verification Fire","نيران اختبار ( اختبار صلاحية الأسلحة )"
"Verify","يتحقق من . يدقق . يفحص . يثبت . يبرهن"
"Vertical Air Photograph","صورة جوية رأسية"
"Vertical Control","تضبط رأسي ( في عمل الخرائط )"
"Vertical Control Coverage Diagram","مخطط التغطية الرأسي ( رادار )"
"Vertical Control Deviation","انحراف رأسي . انحراف عمودي"
"Vertical Control Digraph","تحرّمان رأسيان ( في الشيفرة )"
"Vertical Control Envelopment","تطويق رأسي ( باستخدام طائرات الهليكوبتر )"
"Vertical Control Interval","فاصل رأسي ( بين الكتيرات )"
"Vertical Control Loading","تحميل رأسي . تحميل عمودي"
"Vertical Control Probable Error","الخطأ الرأسي المحتمل"
"Vertical Control Separation","المسافة الرأسية ( بين الطائرات )"
"Very Light","إشارة ضوئية ملونة . طلقة إشارة ملونة"
"Very Long Range Radar","رادار بعيد المدى جدا"
"Vesicant Agent","مادة كاوية \" (منقطة)"
"Vessel","سفينة . مركب . وعا . شريان"
"Veteran","محارب قديم"
"Veterinarian","بيطري"
"Veterinary","بيطرة"
"Vibration","ارتجاج . اهتزاز . ذبذبة ( لا سلكي )"
"Vibrator","تخزاز . مذذب ( لا سلكي )"
"Vice Chief of Staff","نائب رئيس الأركان"
"Vicinity","قرب . جوار . منطقة مجاورة"
"Victor","منتصر . غالب . ظافر"
"Victory","نصر . انتصار . غوز"
"Victory Medals","أوسمة النصر"
"Video Amplifier","مقو الصوت والضوء ( تلفزيون )"
"View","نظر . منظر . مشهد . بصر . ابصار . رؤية . رسم صورة . رأى ."
"Violation","تعد . خرق . نقض . انتهاك . مخالفة"
"Visibility","رؤية . قابلية الرؤية . وضوح . جلاء"
"Visibility Chart","لوحة الرؤية"
"Vision Slit","فتحة الرؤية ( في الدبابية )"
"Visit of Courtesy","زيارة مجاملة . زيارة ودية"
"Visitor","زائر"
"Visual Call Sign","رمز نداء منظور ( إشارة )"
"Visual Call Sign Fire Control","مراقبة الرماية المنظورة"
"Visual Flight","طيران بالنظر"
"Visual Flight Signals","إشارات منظورة"
"Vital Terrain","أرض حيوية"
"Vocational Training","تدريب مهني"
"Voice Call Sign","رمز نداء صوتي ( إشارة )"
"Volley","صلبة"
"Volley Bombing","قصف جملة ( مدفعية )"
"Volley Fire","رمي صلبات ( مدفعية )"
"Volum of Fire","حجم النيران . كثافة النيران"
"Voluntary","اختياري . طوعي . ارادي"
"Volunteer","متطوع"
"Vomiting Agent","مادة مقبئة . ( تحدث القيء )"
"Voucher","سند . وثيقة . ايصال . قسيمة"
"Voyage","رحلة . سفرة . ( غلبا في البحر )"
"Vulnerabilities","نقاط الضعف المعرضة للخطر"
"Vulnerable","معرض للخطر"
"Vulnerability","قابلية التعرض للخطر"
"Wage Ware, To","سطور"
"Wagon","يشن الحرب"
"Walking Patient","عربة . شاحنة"
"War College","مريض قادر على المشي"
"War Correspondent","كلية الحرب"
"War Crime","مراسل حربي"
"Warehouse Chart","جريمة حرب"
"War Game","لوحة أو مخطط المستودع"
"War Gaming","مباراة حربية"
"Warhead","اجراء المباراة الحربية"
"Warhead Mating","رأس مقذوف متفجر"
"Warned Exposed","توصيل رأس الصاروخ المتفجر ( تركيب )"
"Warned Protected","معرض منذر"
"Warning Net","محمي منذر"
"Warning Order","شبكة انذار"
"Warning Whistle","أمر انذارى"
"War of Nerves","صفارة انذار"
"War Plan","حرب الأعصاب"
"Warrant Officer","خطة الحرب"
"War Reserves","وكيل ضابط وكيل ممتاز"
"War Room","احتياطيات الحرب"
"Warship","غرفة الحرب"
"War Time","سفينة حربية"
"War, Civil","زمن الحرب"
"War, Conduct of","حرب أهلية"
"War, Declaration of","ادارة الحرب ( تسيير دقة الحرب )"
"War, Principles of","اعلان الحرب"
"Warfare, Chemical","مبادئ الحرب"
"Warfare, Guerilla","حرب كيماوية"
"Warfare, Jungle","حرب العصابات"
"Weapon Record Book سجل السلاح Selector منتخب حجم السلاح ( إدارة دائرية تعطينا حجم السلاح","النووي المطلوب لأعطاء أفضل تدمير في مختلف المواقف )"
"Weather , Changeable","طقس متقلب"
"Weather , Changeable , Clear (Fire)","صحو . جو صاف"
"Weather , Changeable , Foggy (Misty)","طقس ذو ضباب . جو معتم ."
"Weather , Changeable , Stormy","جو عاصف"
"Weight","ثقل . وزن . أمية . كتلة . حمولة"
"Weight of Attack","ثقل الهجوم"
"Weight , Gross","الوزن الكلي"
"Weight , Net","الوزن الصافي"
"Weight , Standard","الوزن الأساسي . الوزن القانوني . الوزن المقرر"
"Welfare Funds","أموال الترفيه والرعاية (لمصلحة الأفراد )"
"Wet","مبتل . مبللة . رطب"
"Wheel","عجلة . ا طاب . دولاب"
"Wheeled","بمجلات . ذو عجلات"
"White Phosphorus","فسفور أبيض"
"White Phosphorus Propaganda","دعاية بيضاء"
"Wide Angle Photograph","صورة جوية كبيرة الزاوية"
"Width of Sheaf","عرض الحزمة النارية ( عرض المسافة التي تغطيها طلقات المدفعية )"
"Windage Scale (Wind Gage)","مقياس الرياح (لبيان مقدار انحراف الطلقة الناتج عن حركة الرياح )"
"Wind Component Indicator","دليل الرياح"
"Wind Component Indicator Correction","تصحيح الرياح ( التصحيح بسبب الرياح )"
"Wind Component Indicator Corrector","مصحح الرياح ( جهاز حساب التصحيح بسبب الرياح )"
"Wind Component Indicator Drift","الحيدان الناتج عن الرياح . جرف التيار الهوائي"
"Windshield","الواقي من الرياح ( الزجاج الأمامي )"
"Wind Speed","سرعة الرياح"
"Wind Tee","ريشة اتجاه الرياح ( في المظارات )"
"Wing","جناح . جناح ( وحدة جوية )"
"Winterization","التكيف للشتاء ( تكيف المعدات للعمل في الشتاء أو المناطق الباردة )"
"Wire Entanglement","شبكة أسلاك شائكة"
"Wire Entanglement Head","طرف الخط التلفوني"
"Wire Entanglement N.t","شبكة سلكية ( تلفونات )"
"X - Axis","محاور العينات (س)"
"X - Coordinate","الاحداثي المبنى"
"X - Line","الخط المبنى"
"X - Ray","الأنعة المبنية . انعة اكس"
"Yard","ياردة . باحة . ساحة . فناء"
"Yards Error","الخطأ بالبارادات"
"Y - Axis","المحور العادي ( س )"
"Y - Coordinate","الاحداثي العادي ( س )"
"Y - Line","الخط العادي ( س )"
"Young Ice","جليد حديث ( متجمد لنوه بحيث لا يستطيع - تحصل سير الأفراد عليه )"
"Yield","غبار . قوة . حجم ( نووي )"
"Yield of 0.5 KT","قوة ½ كيلو طن ( سلاح نووي )"
"Yield, to","يخفف السرعة ( عند الاقتراب من اشارة المرور ) - يستلم . يتخلى عن ينتج . يغل ."
"Zero","يعفر. يعفر السلاح"
"Zero Deflection","انحراف طبيعي أو سوى"
"Zero Height of Burst","الارتفاع الصفرى للا انفجار"
"Zero Hour (H-Hour)","ساعة الصفر. ساعة س"
"Zero Point","نقطة الصفر. مركز الانفجار (سلاح نووى)"
"Zigzag","متعرج"
"Zone","منطقة"
"Zone of Action","منطقة العمل"
"Zone of Dispersion","منطقة الانتشار"
"Zone of Effective Fire","منطقة الرمي المؤثر"
"Zone of Fire","منطقة النيران. منطقة الرمي"
"Zone of Interior","المنطقة الداخلية"
"Zone of Operations","منطقة العمليات"
"Zone of Responsibility","منطقة المسؤولية"
"Zone Time System","نظام توقيت المنطقة"
"Zone, Beaten","المنطقة المخزوبة"
"Zone, Coastal","منطقة ساحلية"
"Zone, Combat","منطقة القتال"
"Zone, Communications","منطقة المواصلات"
"Zone, Critical","منطقة حرجة. منطقة حيوية"
"Zone, Defensive","منطقة دفاعية"
"Zone, Defiladed","منطقة مستورة"
"Zone, Protected","منطقة محمية"
"Zulu-Time","توقيت جرينتش"
