"English Term","Arabic Term","Arabic Definition"
"((Model))","النموذج","أنظر: النظرية (والنموذج يشير عادة إلى تقاليد عامة أو افتراضات وأدوات تكتيكية لأنظمة علمية خاصة، وهناك رابطة منطقية Logical Connection تجمع بين النموذج والنظرية، فالنماذج تكتب مكان النظرية شريطة أن تكون قابلة للإثبات التطبيقي الكافي Sufficient Empirical Confirmation"
"(IMF) International Monetary Fund","صندوق النقد الدولي","صندوق النقد الدولي منظمة دولية اقتصادية، ولها دور سياسي واضح وكبير، وتتصف بأنها منظمة فوق أممية خ اصة بتصحيح المسارات الاقتصادية للدول.. أنشيء بمقتضى اتفاقية بيريتون وودز عام ١٩٤٧ للإشراف على الجوانب النقدية للمدفوعات الدولية ولتحقيق استقرار أسعار العملات وعدم تعددها وإلغاء الرقابة على الصرف بغرض تشجيع التبادل الدولي مع العمل على تحقبق توازن موازين المد فوعات، وكذلك منح الدول والحكومات القروض اللازمة للإصلاح الاقتصادي ومراقبة الحالة الاقتصادية العالمية، ومقره نيويورك."
"(NATO)","حلف شمال الأطلنطي","وهو حلف دفاعي عسكري أقيم عقب الحرب العالمية الثانية بين دول الحلفاء لمواجهة الحرب الباردة من الكتلة الاشتراكيةو، أقيم عام ١٩٤٩ م بين دول غرب أوروبا والولايات المتحدة وكندا، وهو تعاون عسكري للدفاع عن أراضي الغرب وحضارته وتراثه، ويضم في عضويته الآن أكثر من ١٥ دولة بما فيها الدول الشيوعية التي استقلت عن الكتلة الاشتراكية المنهارة وعلى رأسها روسيا."
"(O A U) The Organization Of African Unity Organisation For Economic Co- Operstion And Development (OECD)","منظمة الوحدة الأفريقية","هي منظمة خاصة بالدول الأفريقية مقرها أديس أبابا وأنشئت في المؤتمر التأسيس للمنظمة عام ١٩٦٣ م بحضور القادة الأفارقة، ولها أجهزة مختلفة منها الأمانة العامة والمؤتمر الوزاري ومؤتمر القمة السنوي الذي يعقد في دولة من الدول، وساهمت المنظمة في تحرير باقي الدول الأفريقية حتى أصبح عدد الأعضاء ٥١ دولة، وتحولت إلى الاتحاد الأفريقي عام ٢٠٠٢ م، ليصبح الوريث لهذه المنظمة."
"(OPEC) Organisation Of Petroleum Exporting Countries","أوبك","وهي منظمة دولية تجمع اغلب الدول المصدرة للنفط) البترول (وهدفها الأول هو الحفاظ على مصالح الدول الأعضاء المنتجة للنفط والتنسيق فيما بينها بقصد وضع نظام يكفل استقرار أثمان البترول وتح ريرها من التقلبات المفتعلة، أنشئت في مدينة كاراكاس عاصمة فنزويلا في يناير ١٩٦١ م من العراق والكويت وإيران والسعودية وقطر وفنزويلا والإمارات) أبوظبي حينذاك (، وانضم إليها الجزائر وليبيا وأندونسيا ونيجيريا والجابون والإكوادور ١٣) دولة أعضاء (ومقرها الآن في مدينة فيينا العاصمة النمساوية."
"(UN) Economic And Social Council (ECOSOC)","المجلس الاقتصادي والاجتماعي التابع للأمم المتحدة","هو أحد الأجهزة الرئيسية للأمم المتحدة، ويهتم بالجوانب الاقتصادية والاجتماعية في تنمية الشعوب المختلفة..."
"(USAID) United States Agency For International Development","وكالة التنمية الدولية الأمريكية","هي الجهة المختصة في الإدارة الأمريكية لتقديم مساعدات مختلفة لمختلف شعوب العالم ضمن الميزانية الفيدرالية الأمريكية، من خلال الدفاع عن المصالح الأمريكية، بشرط إشراف الوكالة على عملية إنفاق مبالغ المساعدات والتي غالبا ً مالا تكون مساعدات نقدية بل تكون مساعدات من خلال مشروعات مختلفة تستخدم فيها الخبرة والتكنولوجيا الأمريكية."
"A Decision Not tO Decide","عدم اتخاذ قرار هو قرار","هو نوع من ممارسات القوة يمكن ملاحظتها Observable ، بمعنىأن يكون من الصعب اتخاذ قرار معين فيكون القرار هو عدم التغيير."
"Abstract Rationalism","العقلانية المجردة","هي سمة المثقفين في المجتمعات الغربية الذين يسايرون التغير أكثر مما يقودونه، فهم محافظون وتابعون للأنظمة الاجتماعية والسياسية المسيطرة، ويلعبون دورا ً أقل."
"Acceptability","التقبل","أنظر: الرضى والتقبل هو أساس عملية الرضى في النماذج الاعتيادية للسلوك السياسي والاجتماعي، وهي تعني قبول مخرجات النظام من قبل الجزء الأكبر من الشرائح الاجتماعية"
"Adaptation","التكيف","وهو مصطلح معناه السياسي قدرة المؤسسات السياسية علي مواجهة الت غييرات المختلفة داخليا ً أو خارجيا ً. التلمود / أنظر التوراة"
"Adaptation","التوافق","هي عملية تعبئة الموارد وتحديد فرص الأدوار أمام الأفراد والجماعات داخل النظام."
"Adverse Criticism","نقد مضاد","وهو النقد الذي تتعرض له بعض مؤسسات النظام السياسي من قبل المعارضة أو المؤسسات الإعلامية المستقلة أو تقوم به بعض المؤسسات السياسية ضد المعارضين، ولا يسمح بالنقد المضاد ذي الصبغة العامة في أغلب ال دول النامية."
"Advertotials","المقالات الإعلانية","أنظر: الإعلانات المعلوماتية الإعلانات المعلوماتية Informercials والمقالات الإعلانية فن صحفي يعتمد على الترويج من غير إعلان مباشر بل إعلان مستتر في شكل مقال، وأحيانا يسمى موضوع تسجيلي"
"Africaners","أفريكانرز / الأفريكانز","هم سكان جن وب أفريقيا المنحدرون من أصل هولندي، عددهم حوالي ٦٠ % من السكان البيض في جنوب أفريقيا، كانوا يعرفون باسم البوير."
"Africanization","الأفرقة","هي سياسة أفريقية أعلنت عقب اس تقلال معظم الدول الأفريقية عام ١٩٦٣ م، أي أفرقة المشروعات الأجنبية في أفريق يا وجعلها ملكية عامة من أجل إنجاح الاشتراكية الأفريقية، ومعناها أيضا تولي الأفريقيين كل شئونهم السياسية والاقتصادية دون الاستعانة بالأجانب والاعتماد على رأس المال الأفريقي والخبرات والسواعد الأفريقية في التنمية."
"Afro-Americcains","أمريكيين الأفارقة","وهم الأفارقة السود الذين هاجروا للولايات المتحدة في القرون الماضية أو كا نوا عبيدا ً هناك، وهم أكبر عددا في السجون الأمريكية ولم يأخذوا حقوقهم إلا بعد الحرب العالمية الثانية، ويعيش واحدا ً من بين كل ثلاثة من هؤلاء في مستوى أقل من خط الفقر، والباقين في مستوى الفقر، ويعيشون في حواري وأزقة منعزلة نسبيا ً."
"Aggression","العدوان","العدوان مصطلح يطلق على الحرب العسكرية أو الهجوم المسلح على دولة من الدول، وذلك عندما يأتي من الخارج بقصد الاحتلال أو التدخل في الشئون الداخلية أو الاستيلاء على الثروات الاقتصادية في الدولة المعتدى عليها أو الهيمنة عليها، فهو يتم باستخدام القوة المسلحة من جانب طرف دولي ضد دولة."
"Aid","مساعدة","يعني بها تقديم المعاونة الاقتصادية أو الاجتماعية أو السياسية للأخذ بيد الجماعة للخروج من أزمتها أو كارثة حلت بها أو مشكلة عويصة واجهتها، وتتعدد اليوم أنواع المساعدات، فقد تكون من دولة غنية أو من هي ئة دولية أو من تجمع دولي أو مجموعة دول."
"Alienation","الاغتراب","وهو مصطلح يشير إلى مشاعر العزلة والغربة وانعدام القوة بين الأفراد مما تظهر آثاره في السلوك الانتخابي والصراعات في المجتمعات المحلية والح ركات المتطرفة والعنف والثورات والحركات الاجتماعية) أي عدم وجود أي ارتباط (."
"All Union Communist League Of Youth","رابطة الاتحاد العام للشباب الشيوعي) الكمسمول","وهو تنظيم سياسي سوفيتي، وأحد المنظمات الملحقة بالحزب الشيوعي السوفيتي، ويلقن من خلاله الفتيان والشباب فوق سن الرابعة عشر المبادئ الماركسية اللينينية وأن يكون العضو على دراية بمختلف النواحي السياسية."
"All-Union","وزارات اتحادية","وهي الوزارات السوفيتية التي كانت تختص بالصناعات الثقيلة وتتسم إدارتها بالمركزية وتوضع مباشرة تحت يد وزير الاتحاد السوفيتي، وهناك الوزارات الاتحادية الجمهورية Union-Republican وهي وزارات سوفيتية تختص بالصناعات الخفيفة والمسائل الاجتماعية والمسائل السياسية والشئون الداخلية وأمن الدولة والعدل والقوات المسلحة، وواجب الوزير في هذه الوزارات أن يبقى على اتصال بالوزير المقابل في كل جمهورية اتحادية.."
"Allah Party","حزب االله","تأسس حزب االله في لبنان عام ١٩٨٢ م من عدة طوائف شيعية أصولية، بعد أن بدأ كمجموعة من محموعات المقاومة التي اندمجت في شكل حركة سياسية وعسكرية هدفها محاربة إسرائيل في جنوب لبنان واستنزاف قواها، ونجح الحزب في إجلاء إسرائيل عن أراضي الجنوب اللبناني وما زال يعمل من أجل تحرير مزارع شبعا اللبنانية، وله دور اجتماعي بارز في تنمية جنوب لبنان وله نواب في مجلس النواب اللبناني وله نشاط سياسي بارز على الساحة اللبنانية، ويتعرض الحزب لهجمة قوية مضادة بزعم دعمه للإرهاب."
"Allezla Filles","هلموا وتقدمن يافتيات","وهو شعار يسود العالم من خلال سياسة العولمة لإلغاء التفاوت بين الأجناس والدعوة لتحسين أوضاع النساء وتحسين فرصهن في التعليم والعمل والأجور وقيادة البلاد والشعوب أيضا ً، دون النظر لقدراتهن على هذه المساواة."
"Alliance Israelite Universelle","الاتحاد اليهودي العالمي","أنظر: جمعية يانس العالمية"
"Alliance Israelite Universelle","جمعية يانس العالمية","وهي تأسست عام ١٨٦٠ في فرنسا ضمن هوجة إنشاء جمعيات يهودية لتشجيع الاستيطان في فلسطين، وكان هد فها هو تقديم المساعدات لليهود في كل مكان والدفاع عن الحريات المدنية والدينية لليهود وإغاثة اليهود زمن الأزمات ومساعدة اليهود في قلسطين على بناء المستوطنات، وأسسها أدولف كريمييه النائب اليهودي في البرلمان الفرنسي، وتحولت الجمعية لتصبح باسم: الاتحاد اليهودي العالمي."
"Amercan System","النظام الأمريكي","وهو النظام السياسي الأمريكي، وهو نظام رئاسي يرأسه الرئيس President وبه مجلسين النواب والشيوخ، ونظم مختلفة داخل ال ولايات، ويصف الكثيرون النظام الأمريكي بأنه نظام ذو مؤسسات منفصلة تشارك في السلطة Separated Institutions Sharing Powers."
"America","أمريكا","أنظر: الولايات المتحدة الأمريكية U. S. A"
"American Vista","موسوعة الأفق الأمريكية","هي موسوعة إليكترونية شاملة صادرة عن وسائل الإعلام البصرية التطبيقية، والتي تتيح للباحثين تصفح قواعد بيانات الوسائط المتعددة والبحث عن معلومات وافية في التاريخ والعلوم والتكنولوجيا والحياة السياسية والاجتماعية والاقتصادية والبرية أيضا ً والموضوعات المتنوعة التي تجذب انتباه الجميع ويحت اجها كافة الأفراد."
"Americanizm","الأمريكانية","وهي تعبر عما حدث مع المهاجرين للولايات المتحدة الأمريكية في الهجرات الكثيفة في أواخر القرن ١٩ وأوائل القرن ال، ٢٠ وهي عملية تعني بث المفاهيم الأمريكية في ثل نفوس القادمين الجدد من قيم وعادات وتقاليد وم وأساطير، عن طريق المدارس ومواقع العمل وبث الأيدلوجية الأمريكانية فيهم، بغرض إدماجهم في المجتمع الأمريكي، وتحاول الولايات المتحدة من خلال هيمنتها على العالم في عصر العولمة أمركة العالم كله."
"Amnesty International","منظمة العفو الدولية","وهي منظمة دولية تعنى بحقوق الإنسان وتصدر تقارير سنوية عن وضع حقوق الإنسان في مختلف بلدان العالم خلال عام."
"Anarchism","أنارشية)) سياسيا ً (","أنظر: الفوضوية وهي سعي أصحاب هذه الفكرة إلى نشر الفوضى وعدم الاعتراف بالقوانين والنظم القائمة والعمل على هدم الدولة للاستيلاء على الحكم والقضاء على الرأسمالية وإقامة نظام) وهو ليس بنظام (يتحرر فيه الإنسان من سلطة الدولة ووصايتها ولا تكون هناك حكومة مسيطرة فعليا ً على الأمور في البلاد، وهو لفظ الفوضى"
"Anglican","إنجليكاني","من أتباع الكنيسة الانجليزية، ومن المعروف أن الكنيسة الإنجليزية تترأس الإنجليكانية في العالم وتسمى Anglican Church."
"Anglo-Sazon","أنجلو سكسونية","هي تقاليد متوارثة عن أصول Extraction إنجليزية عتيقة تميزت بها الشعوب في الجزر البريطانية، وخاصة التقاليد السياسية، ومنها التقاليد الديمقراطية الليبرالية."
"Anthropology","الأنثروبولوجي","هو علم الإنسان أو علم الأجناس، الذي يختص ويبحث في كل شيء عن الإنسان من خلال الموميات والعظام القديمة وآثار الحضارات العظمى حتى وضع الإنسان في ي ومنا هذا، وله فروع متعددة مستمدة من خصائص الإنسان الثقافية."
"Anti-Semitism","العداء للسامية","أنظر: السامية Semitism وهو اتهام يهودي للغرب أولا ً ثم للعرب أخيرا ً من أجل ابتزازهم وفي نفس الوقت اسبا غ الشرعية على فكرهم ووجودهم، والمصطلح يعني أنهم يعاملون معاملة سيئة في الأقطار التي يقيمون فيها بسبب التفريق بينهم وبين غيرهم من الأجناس الأخرى، كما يعتبروا أي ناقد لآرائهم أو تاريخهم بأنه معادٍ للسامية بقصد إرهاب العالم كله ومنعه من نقدهم وتحليل شحصياتهم وتفنيد آرائهم ومعتقداتهم"
"Antractica","أنتاركتيكا","هي القارة الجنوبية القطبية، وتقع في أقصى جنوب العالم، وتتميز بأنها القارة البكر التي لم تستنزف ثرواتها المعدنية،بعد وتبلغ مساحة القارة ١٣١١٢٣٢٠ ٢كم وهي بذلك أكبر من قارة أوربا وقارة أستراليا، كما يبلغ امتدادها من الشمال إلى الجنوب ٥٥٦٠ كيلومتر."
"Anzus","الأنزوس","هو حلف المحيط الهادي الذي أقيم عام ١٩٥١ م بعد نجاح الثورة الشيوعية في الصين عام ١٩٤٩ م، وكان إثبات رسمي للعلاقات المتميزة بين الولايات المتحدة واستراليا ونيوزيلندا."
"Apartheid","الأبارتهيد","أنظر: التفرقة العنصرية / العنصرية هي نظام العزل العنصري بين البشر في منطقة ما،و يحمل الفرقة والتقسيم الساذج حيث لا يوجد بشر وإنما هناك سود وبيض وملونون"
"Apathy","اللامبالاة","وهي حالة من حالات الدور السياسي الذي ينعدم خلاله اهتمام الفرد بالأمور السياسية وبالتالي لا يستخدم حقه في المشاركة عبر التصويت، ويكون الفرد حينذاك أقل قليلا ً من النشاط Activism ، ولكن لايصل لمستوى الاحتجاج فيكون الفرد حينذاك، من وجهة نظر السلطات الحاكمة، في مستوى يمكن السيطرة عليه وإخضاعه Manageable Level."
"Arab Solidarity","التضامن العربي","التضامن العربي مصطلح ظهر مع نشأة جامعة الدول العربية وما زال مستمرا ً حتى الآن، ويعني التعاون والتآزر، ويقضي بضرورة التساند والتنسيق والتعاون العربي فيما بين الدول والأقاليم والشعوب، داخليا ً وخارجيا، من أجل التمهيد لل وحدة العربية، ومن أجل الظهور بمظهر القوة العربية الواحدة للدول العربية المتميزة عما سواها في اللغة الواحدة والدين الواحد والجنس والامتداد الجغرافي المت وا صل وذات التاريخ المشترك والتقاليد والعادات والقيم المتقاربة وغير المتنافرة، ويتطلب عصر العولمة المزيد من التضامن العربي للوقوف ضد الغزو الفكري والتحديات السياسية والاقتصادية والعسكرية التي تواجهها الأمة العربية في هذا العصر."
"Arabe States League (League Of Arab Ststes )","جامعة الدول العربية","جامعة الدول العربي هي منظمة دولية إقليمية عربية واتحاد إقليمي سياسي دولي يجمع بين جميع الدول العربية، ولقد أنشئت الج امعة بمقتضى البروتوكول الموقع عام ١٩٤٤ م ووقعت الدول على ميثاق الجامعة في ٢٢ مارس ١٩٤٥ م، وتضم اليوم ٢١ دولة ناطقة بالعربية، وتعمل على التعاون بين الأعضاء في المجالات السياسية والاقتصادية والثقافية والعسكرية، ومن أهم أجهزتها: الأمانة العامة للجامعة ومقرها ال رئيسي بالقاهرة) وإن نقلت لبعض الوقت في تونس أثناء المقاطعة العربية لمصر عقب توقيعها اتفاقيات كامب ديفيد (ومجلس الجامعة والقمة العربية، وهناك اجتماعات متخصصة في كل المجالات، وهناك أجهزة متخصصة مثل اليونسكو العربية ومجالس وزراء الإعلام والشباب والبيئة والصحة وغيرها من المجالس والمنظمات والاجتماعات العربية، وتجري حاليا ً جهود ضخمة لتعديل ميثاق الجامعة لزيادة فعاليتها السياسية والاقتصادية والاجتماعية والعسكرية ولتتناسب متطلبات العصر."
"Arabite","العروبة","العروبة مصطلح يطلق على القومية العربية أو على الرابطة التي تجمع بين الدول والشعوب العربية، وهي المصدر المشع للف ضائل والتقاليد والقيم العربية الأصيلة، والتي تجمعها اللغة العربية والإسلام والأصل الواحد والتاريخ المشترك والامتداد الجغرافي والمصير المشترك، وقد يعبر الأجانب عنها بمصطلح النزعة العربية Arabisme وهو مصطلح غير دقيق يدل على عدم تغلغل العروبة في دم الشعوب الناطقة بالعربية."
"Arbiteration","التحكيم","التحكيم هو طريقة لتسوية المنازعات الناشئة بين الدول بواسطة شخصية عالمية لها وزنها ومقبولة من الطرفين أو بواسطة شخصيات محايدة رسمية أو دبلوماسية أو قضائية، أو بواسطة لجنة مختلطة تبحث في الحق والعدل واحترامهما، رفي وهناك التحكيم القضائي الملزم والتحكيم الع والتحكيم الدولي، ويقتضي التحكيم الدولى اتفاق الطرفين المتنازعين عليه، وهناك تحكيم تجاري في ال منازعات التجارية وتحكيم إداري وأنواع أخرى من التحكيم كالتحكيم العرفي للبدو والقبائل وغير ذلك."
"Archipelagos","أرخبيل","أرخبيل لفظ يطلق على مجموعة الجزر المتقاربة والتي تزيد عن عشرة جزر، وتكثر مجموعات الجزر هذه في المحيط الهندي."
"Arena Of Politics","حلبة السياسة","هي إطار القوا عد العامة للعمل السياسي والاجتماعي والاقتصادي داخل الدولة والتي حددتها السلطة العامة، ومن يعمل خارجها من المؤسسات والأفراد يكون قد تجاوز الحدود ويعمل خارج هذا الإطار ويستحق توقيع الجزاء عليه."
"Aristocratic","أرستقراطية","وهي الطبقة الحاكمة في النظم الديمقراطية والنظم الشمولية أيضا ً، ويعني بعا جماعة وحكومة الأفضل والأصلح، ورجال هذه الفئة يعتبرون الخلاصة والقادة، وقد يكونون رجال دين أو حرب أوسيف أو عقل أو حكمة أو مال أو ثراء أو بلاط أو إقطاع، وهم يتسلطون على البلاد بحكم قبضتهم على زمام الأمور بوسيلة أو بأخرى."
"Armed Attack","هجوم مسلح","وهو أي عمل حربي قامت به قوة مسلحة تابعة لدولة أخري ضد دولة من الدول، ويتيح أي هجوم مسلح حق الدفاع الشرعي للدولة المعتد ى عليها لصد العدوان."
"Article","مقال","وهو أحد أشكال التعبير اللفظي التي يستع ملها الإنسان، ويقوم على الموضوعية والحقائق والإلمام بالموضوع، في إطار منهجي مبسط."
"Artificial Creations","تكوينات مصطنعة","وهي المنظمات والهيئات المصطنعة والتي تسعى إليها الحكومات لكي توفر لها هيئة تمثيلية يمكن التفاوض والتفاهم معها."
"Ascription","العزو","وهو أحد معايير الاختيار النسبية في كل المجتمعات ويعني أن المجتمع يفاضل بين الأشخاص على أساس بعض الخصائص التحكمية مثل الأصل العرقي أو اللون أو الدين أو الثروة وليس على أساس قدراتهم، وهي عكس الإنجاز Achievement الذي يعبر عن مكانة منسوبة للفرد في المجتمع عل ى أساس أدائه لوظائفه."
"ASEAN","آسيان","أنظر: مجموعة دول جنوب شرقي آسيا"
"ASEAN","مجمج موعة دول جنوب شرقي آسيا) آسيان (","وهي مجموعة اقتصادية أساسا ً ولها جوانب تنسيق سياسي، وتضم أغلب دول جنوب شرقي آسيا والتي كانت تسمى النمور الآسيوية مثل ماليزيا وأندونسيا وكوريا الجنوبية وتايوان وسنغافورة وغيرها، وهي نموذج معاصر للتعاون الأقليمي."
"Assassination","اغتيال","الاغتيال ما هو إلا عملية تصفية جسدية، أي قتل الأعداء السياسيين أو قتل الأبرياء، سواء كانت دوافع القتل سياسية أو فردية، وهو يوجه أساسا ً للقيادات والوزراء وأصحاب الجاه، وغالبا ً مايتم اغتيال القاتل فور وقوع جريمة الاغتيال الرئيسية ولا نعرف الدوافع الأساسية وراء اغتيال هذا ولا ذاك، وقد يتم الاغتيال بواسطة المدافع أو القنابل أو السلاح الأبيض أو بأى وسيلة قتل أخرى، فالاغتيالات عملية قتل قذرة بقصد الحصول على أية منافع من ورائها."
"Assemblies","المجالس التشريعية","وهي البرلمانات المنتخبة في عالم اليوم، وقد تتكون من مجلس واحد) أحادي Unicameral(أو من مجلسين) أي تركيب ثنائي Bicameral("
"Assemblies","جمعيات تشريعية","وهي المؤسسات التشريعية والرقابية التي توجد في الديمقراطيات الغربية ويختلف اسمها من جهة لأخري، فهي البرلمان في كل مكان، مثل الكونجرس في الولايات المتحدة والبوندستاج في ألمانيا والكنيست الإسرائيلي ومجلس العموم البريطاني."
"Assiento","أشيانتو","هي اتفاقيات ومعاهدات أبرمتها أسبانيا في القرنين السابع عشر والثامن عشر الميلادي، بشأن تجارة الرقيق، قبل أنا بمؤتمر فيينا عام تحرمها الدول بدء ١٨١٥ م وتصريح فيرون عام ١٨٢٢ ببيان م وانتهاء وإعلان حقوق الإنسان ١٩٤٨ م الذي حرم تجارة الرقيق بكافة أشكالها، ونص على ذلك صراحة مر البشرية هينة من ع لينهي هذه الفترة الم، وينهي العبودية للأبد ويحرر الإنسان."
"Assimilado","المندمجين","هم الوطنيين في المستعمرات الأوربية المختلفة الذين يمكن أن يصبحوا مواطنين في دولة الاحتلال بشرط اتقان لغة الدولة المحتلة، وأكثر الدول التي قامت بهذا في عصر المستعمرات في أفريقيا هي البرتغال في أنجولا، حيث قامت بالتأثير في هوية المواطين الثقافية واللغوية."
"Association Of Ideas","تداعي الأفكار","وهو وجود صلة بين فكرتين أو خبرتين في ذهن الفرد وذاكرته، فإذا ما استعاد فكرة أعقبتها الفكرة الأخرى بعدها مباشرة."
"Associations","الروابط","أحد نماذج جماعات المصالح، وهي جماعات تستطيع أن تضم في عضويتها أشخاصا ً ذوي انتماءات مشتركة، وتتكون هذه الروابط حينما يكون هناك اهتمام مشترك بقضية أو موضوع ما بين عدد من الأفراد، ومهمة الرابطة هي تنظيم هذه العلاقات."
"Atimia","أتيميا","مصطلح يقصد به انخفاض مكانة الدولة،أي تعرضها للتخلف الاقتصادي والاجتماعي والسياسي مما يخفض مكانتها عند باقي الأمم."
"Atlantic Charter","ميثاق الأطلنطي","هو البيان المشترك لاجتماع رئيس الوزراء البريطاني ونستون تشرشل مع الرئيس الأمريكي روزفلت في ١٤ أغسطس ١٩٤١ م على ظهر السفينة Prince Of Wales بالمحيط الأطلسي والذي دخلت على إثره الولايات المتحدة الأمريكية الحرب بجانب الحلفاء، وتضمن البيان أول إشارة لأهمية إنشاء نظام دائم للأمن العام Permanent System Of General Security يكون أكثر اتساعا من ذي قبل، وكان ذلك بمثابة بداية التفكير في إنشاء الأمم المتحدة."
"Authorised Sources","مصادر موثوق بها","وهي المنابع والأماكن والشخصيات والمؤسسات التي يستقي منها رجال الإعلام والسياسة معلوماتهم وبياناتهم المستخدمة في أعمالهم."
"Authoritarianism","التسلط","التسلط مصطلح يستخدم سياسيا ً للتعبير عن حالة سياسية معينةف، هو نوع من استخدام قوة السلطة بشكل فيه مبالغة،أو بمعنى آخر هو سوء استخدام السلطة في حياتنا السياسية ٠"
"Authoritarianism","السلطوية","وهو نمط مثالي من أنماط علم الاجتماع السياسي نادى به لنز LINZ ، وهو يعني أن النظام سلطوي لاتوجد به عقيدة سياسية وإنما توجد عقلية سياسية Mentality نتيجة لسيطرة العسكريين وغير العقائديين على النظام السياسي، ووجود تعدد محدود في كيان السلطة، والحزب السلطوي غير منظم عقائديا وليس هناك شروط لعضويته ولا توجد تعبئة سياسية في النظام إلا عند بداية قيامه حتى استقراره، ولا يستخدم السلطويون النظام كوسيلة للإرهاب وإنما الدفاع، ويهتم النظام السلطوي بصفة أساسية بالسيطرة على الحكومة والجيش والشرطة، وتنتهي في النظام السلطوي التقاليد كأساس الشرعية لإعلان النظام معايير الكفاءة والترشيد والقدرة على الإنجاز."
"Authority","السلطة","السلطة هي القوة ولكنها اكتسبت صفة الشرعية بالانتخابات أو بالتعيين، فهي القوة الرسمية المهيمنة على حكم البلاد، فالسلطة هي نفسها القوة Control Is The Same Power ولكنها في الواقع تختلف عن القوة في حقيقة واحدة هي أن مستخدمي القوة Power- Wielders قد لا يعرفون لماذا يتصرفون بالطريقة التي يتصرفون بها، ويجب أن يعتقدوا أن هؤلاء المستخدمين يملكون حقا ً معنويا ً لممارسة القوة واستخدام العقوبات إذا لزم الأمر."
"Autocracy","أتوقراطية","وهي صورة من صور الحكم التي تتسم بالشمولية أو الديكتاتورية، أي أن السلطة تكون للحكام فقط دون أي اعتبار للشعب أو نوابه الذين يكونون على هامش الحكم أو صنع القرار، فالأتوقراطية مجرد شكل للحكم تحقق في كثير من البلاد في مراحل تاريخها."
"Autonomy","الاستقلالية","يعني مدى ذاتية أو ال حرية الكاملةل لمؤسسة السياسية في العمل السياسي والاجتماعي داخل الدولة."
"Awereness","الوعي / الانتباه","وهي إدراك الفرد لما يحيط به إدراكا ً مباشرا ً، وينطوي الوعي على وقوف الفرد على فكرة جديدة وشعوره بحاجة إلى مزيد من المعلومات عنها."
"Axis of Evil","محور الشر","وهو محور أعلنه الرئيس الأمريكي عام ٢٠٠٢ م لوصف الدول) الداعمة للإرهاب والمعادية للولايات المتحدة الأمريكية ولسياساتها من وجهة نظره هو (، ويضم هذا المحور الدول الآتية: العراق وإيران وكوريا الشمالية، وبالفعل بدأ الرئيس الأمريكي غزو العراق في ٢٠ مارس ٢٠٠٣ م كأول دولة في هذا المحور."
"Back-Bench MPS","المقاعد الخلفية","وهي المقاعد الموجودة في آخر قاعة البرلمان، ويجلس فيها عادة المستقلين والبرلمانيين ذو الاتجاهات الثقافية الكبيرة من الطبقة الوسطى ويكونوا أكثر تأثيرا من باقي البرلمانيين."
"Balance Of Power","توازن القوى","توازن القوى مصطلح استرا تيجي هام في المجالات السياسية والعسكرية، ويعنى الوصول إلى نقطة الاستقرار Stable أي الموقف الذي يتعذر معه على أي نسق دولي فرعي أو تحالف أن يملي إرادته على الأنساق الأخرى أو التجمعات الدولية، وذلك عن طريق انتاج السلاح والمحافظة على السلام القائم على المصالح، والحفاظ على مستوى متعادل في القوة العسكرية لردع الأطراف المناوئة لعدم قيامهم بالحرب."
"Balance Of Power","ميزان القوة","أنظر: توازن القوى هو مفهوم ساد في مراحل ماقبل الحرب العالمية الأولى ١٩٤٥، أي أن يكون الخصم في مستوي قوة منافسه حتى يستطيع الدفاع عن نفسه، وأن أي اختلال للقوة يعنى طمع الخصم في الحصول على نصر سريع وحاسم.    حرف النون"
"Balance Of Terror","ميزان الرعب","وهو مفهوم التوازن في الرعب الذي أتاح للسلام أن يستقر في أوربا منذ عام ١٩٤٥ م، وهو ع كس مفهوم القوة التقليدي، أي أنه القدرة على توجيه ضربة قاصمة للعدو في حالة إقدامه على توجيه الضربة الأولى باستخدام أسلحة الفناء والدمار الشامل، مما يعني أن بدأ الحرب معناه الفناء للطرفين."
"Balkanisation","البلقنة","أي تمزيق المنطقة وتحويلها إلى دولة أقزام يضم كل منها عدد قليل من السكان... ويرمز المصطلح إلى اضطرابات الشعوب والسير نحو الحرب... كما حدث في دول منطقة البلقان عقب انتهاء الحرب العالمية الأولى، مما يعنى ضعفها الشديد بما حدث ويحدث فيها من اضطراب الأحوال السياسية وقيام انتفاضات وثورات في منطقة من المناطق وسوء العلاقات الدولية وانتشار الحروب والصدامات المختلفة، وكانت هذه السياسة للمستعمر وللدول الغربية تحاول أن تنف ذها في قارة أفريقيا وتحاول بلقنتها ولكنها لم تفلح نهائيا، وحتى الآن."
"Bantus","البانتو","هم الأفارقة السود وهو مصطلح مستخدم في جنوب أفريقيا ليميز الأفارقة السود عن الأفريكانز أو البوير."
"Bantustans","البانتوستانات","هي أوطان السود في جنوب أفريقيا أقيمت لفصلهم عن البيض ثم أدمجت عام ١٩٩٤ م في ظل الدستور الجديد الذي ألغى الفروق بين الأجناس."
"Bargaining","المساومة","وهي أسلوب للت فاعل المصاحب لإعداد القرار السياسي، ويقصد بها التوصل إلى مبادلات مفيدة للطرفين، والسياسة في أحد تعريفاتها تمثل الناتج الحاصل عن المساومات والحلول الوسط Compromise بين جماعتين."
"Basilica","البازيليكا","هي الكاتدرائية أو رمز الثقافة العربية) المجوسية والمسيحية الأولى (، وهي عبارة عن شكل من أشكال الكنيسة القديمة عبارة عن مبنى مستطيل في أحد طرفيه جزء ناء نصف دائري."
"Bay","خليج صغير","الخليج الصغير هو جزء من محيط أو بحر يمتد داخل اليابسة."
"Behaviourism","السلوكية","هي مدخل من مداخل السياسة، وهي برزت بعد أن استطاعت المؤسسات القانونية والسياسية وعملياتها التأثير على السلوك بدرجة لايمكن تجاهلها، وأن المؤسسات المختلفة عسكريةك انت او بيروقراطية وتشريعية وتنفيذية أصبحت ذات تأثير مباشر Independent Impact على سلوك العاملين فيها وعلى من هم خارجها Outsiders."
"Bellicose","عدواني","العدواني سياسيا ً هو الذي يبادر الشخص الذي يكن له الحقد ويضمر الانتقام منه إلى الهجوم عليه سياسيا ً واقتصاديا، كما يظهر ذلك بوضوح في موقف الصهاينة من عرب فلسطين."
"Bidonville","مدن الصفائح","المقصود بمدن الصفائح تلك الأحياء التي تتكون من أكواخ من صفيح يقيمها المعدمون في ضواحي المدن الكبرى، وهي ظاهرة معروفة في كل بلاد العالم النامي، ولكن استخدام الاسم بالذات ارتبط بمدن الشمال الأفريقي، وتعرف في مصر بالعشوائيات."
"Big Governement","الحكومة الكبرى","وهو مصطلح ظهر في أمريكا ضمن نظام السيادة على العالم، وهو يعبر عن الحكومة باهظة التكاليف والسخية التي تتدخل في كل شيء حتى شئون السجون والمعتقلات، ويعني تنامي الدولة العقابية أو دولة العقوبات في الفكر السياسي المعاصر."
"Bill Of Human Rights","إعلان حقوق الإنسان","وهو إعلان أو بيان عالمي، للإنسانية جمعاء، أصدرته الأمم المتحدة في عام ١٩٤٨ م لضمان وكفالة كافة حقوق البشر، في كل مكان على سطح الكرة الأرضية، على حد سواء دون النظر إلى اللون أو العنصر أو البيئة أو المكان الذي يعيش فيه الإنسان."
"Bipolar System","نظام الاستقطاب الثنائي","هو شكل من أشكال النظام الدولى العالمي الذيساد لفترة من فترات القرن العشرين، ومن خلاله ينقسم العالم إلى مجموعتين من الدول تتزعم كل مجموعة قوة عظمى، ويصنف هذا النمط من السياسة الدولية إلى نوعين: حكم  أحدهما نظام الاستقطاب الثنائي الم Tight Bipolar System ، وفيه تحكم كل دولة عظمى السيطرة على الدول الدائرة في فلكها. والثاني نظام الاستقطاب الثنائي المرن Soose Bipolar System وهو نظام عالمي يتسم بالمرونة في العلاقات بين كل قوة عظمى والدول الداخلة معها في التحالف، كما يسمح بخروج أو بروز قوة أخرى تحاول مناقشة القوتين العظمتين في سيطرتهما على العالم."
"Bite","خور","الخور هو خليج ناتج عن تعرج في ساحل البحر.    حرف الدال"
"Black Dragon Society","جمعية التنين الأسود","جمعية التنين الأسود هي جمعية تعرف باسم جمعية نهر آمون، وعرفت ياسم التنين الأسود في الدول الغربية، وتأسست في سنة ١٩٠١ م، وكان لها نشاط بارز وخصوصا ً في تدعيم ثورة صن يات سن في الصين، حيث أسست فرع لها هناك تحت اسم Yurinki ، وهي جمعية يابانية اهتمت بشئون منطقة شرق آسيا لتجعلها قوة دولية."
"Black English","الإنجليزية السوداء","هو مصطلح يعبر عن لهجة إنجليزية عامية يتحدث بها كثير من السود الأ مريكيين."
"Bloces","ك ُتلك ُتل","الكتلة السياسية هي بمثابة اتخاذ جماعة من الدول اتجاها ً معينا ً، وهذه الكتل السياسية تقوى بتحزبها لفكرة معينة تؤمن،بها وقد أصبحت نغمة العصر الحالي) بالأحلاف والتكتل الدولي ضد الإرهاب وكتل الدول المختلفة (وفي الداخل تسمى التكتلات) جبهات (حزبية أو سياسية تتحالف للدخول في الانتخابات البرلمانية للفوز بها،وتسمى في بعض الدول) كتل سياسية (."
"Body Guard","الحرس الخاص","الحرس الخاص هم رجال أشد اء مسلحون لهم القدرة على الحماية الكاملة لمن يحرسونهم، وهو أسلوب تتبعه كبار الشخصيات المالية وأصحاب الشركات الكبرى وبعض الفنانين والفنانات باتخاذ حرس خاص لحمايتهن، ويضم فن الحراسة الخاصة معرفة بالفنون القتالية المختلفة، وهو مثال حديث لظاهرة فتوة الحارة أو الشارع أو المنطقة التي كانت موجودة في مصر قبل عدة عقود، والفتوات كانوا يعلنون مهامهم في حماية من يدفع الإتاوة."
"Boer","البوير","أنظر: أفريكانرز أنظر أفريكانرز Africaners"
"Bootlegger Movement","حركة إلتفاف","وهو مصطلح عسكري يقصد به القيام بالالتفاف حول مؤخرة القوات المعادية بقصد حصارها وتطويقها، وتتطلب السرعة والقوة لتحقيق الحسم، وأيضا ً مصطلح سياسي يقصد به الالتفاف حول بعض المطالب أو الاجراءات بأقوال أو بقرارت مطاطة، كما أن المصطلح يستخدم أيضا ً لمقاومة الحركات الإرهابية عن طريق مواجهة سيارتهم بالسيارات الأمنية عن طريق الضغط بثقل السيارة بعنف من ناحية لأخري لتطويق الإرهابيين."
"Boundaries","الحدود","وهي الضوابط والمحددات الاجتماعية والسياسية لمختلف جوانب الحياة الاجتماعية، وتوضيح الحقوق والواجبات لمختلف الطوائف، أي الحدود التي نرسمها حول النسق السياسي، وما يخرج عنها يمثل البيئة الخارجية المحيطة به، وقد يقصد بالحدود أيضا ً الحدود السياسية بين كل مجتمع أو دولة والدول الأخرى."
"Bourgeoisie","البرجوازية","البرجوازية هي الطبقة الحاكمة في المجتمعات الرأسمالية، وتضم أولئك الذين يملكون وسائل الإنتاج والتوزيع والتبادل Production,Distribution& Exchange."
"Bourse","البورصة","هي سوق الأوراق المالية في العواصم الرأسمالية الكبرى، وهي مكان المضاربة على أوراق مالية مثل الأسه م والسندات وتحديد أسعارها هبوطا وصعودا ً."
"Boxers","البوكسرز","أنظر: ثورة البوكسرز أنظر ثورة البوكسرز"
"Boxers Revolution","ثورة البوكسرز","هي ثورة للشعب الصيني وقعت عام ١٩٠٠ م ضد الأجانب الذين تسببوا في الأزمة المالية للصين فانتهزت الدول الأجنبية الثورة وتدخلت عسكريا وأخمدت الثورة واعتقلت زعمائها وأعدموا، وكانت تسمى ثورة الطعام لأن المشتركين فيها من الجوعى المطالبين بالطعام."
"Brain Drain","نزيف العقول","هي مشكلة تواجه الدول النامية ويقصد بها أساسا ً هجرة العلماء وأصحاب الخبرات للخارج طلبا ً لدخل أعلى بسبب المغريات التي تقدمها الدول المتقدمة لهؤلاء، ومن أشكال نزيف العقول: النزيف الخارجي للعقول Drain External Brain ، وهو هجرة العقول إلى خارج حدود أوطانها، ونسميه الطيور المهاجرة، وهناك النزيف الداخلي للعقول Internal Brrain Drain وهو الميل عند علماء الدول النامية للتصرف من الناحية العملية على أساس أنهم أعضاء في المجتمع العلمي الذي يوجد مركز جاذبيته في الدول المتقدمة بدلا من التصرف كمواطنين، وهناك النزيف الأساسي للعقول Fundamental Brain Drain وهو إخفاق العقول البشرية في بلوغ طاقاتها وإمكاناتها نتيجة سوء التغذية التي يعاني منه الأطفال الصغار، في الدول النامية، في فترة مابين تسعة شهور وثلاثة أعوام من أعمارهم وهي الفترة التي تتكون فيها القدرات الذهنية والعقلية للإنسان."
"Brain Storming","القصف الذهني","هو أسلوب للتفكير الجماعي في أغراض متعددة منها حل المشكلات والتدريب بقصد زيادة كفاءة القدرات والعمليات الذهنية، ويتم وفقا ً لقواعد ومباديء تنظم خصائص الجماعة المشتركة فيه والخطوات التي يمضي وفقا ً لها وصياغة النتائج التي تسفر عنها العملية، ويقوم القصف أو العصف الذهني على مبدأين: ضرورة إرجاء التقييم والنقد Deferment Of Judjment لأية فكرة إلى ما بعد جلسة توليد الأفكار، وأن الكم ينتج الكيف Quantity Breeds أي التسليم بأن الأفكار والحلول المبتكرة للمشكلات تأتي تالية لعدد من الحلول غير الجيدة."
"Brain Washing / Strain Watching","غسيل المخ","وهو مصطلح يقصد به العمليات الدعائية السياسية والاجتماعية التي تحاول توجيه الفكر أو العمل الإ نساني ضد رغبة الفرد الحر أو ضد إرادته وعقله، بعرض مؤثرات معينة على مخ الإنسان بدرجات متفاوتة مع طبيعته، ويقصد منها إعادة تشكيل اتجاهات الفرد وتقبله لأية إيحاءات تفرض عليه، وهي نوع من التلاعب بالشخصية الفردية من خلال تضخيم العقد والوصول بالذات الفردية إلى التحليل ثم التحكم في الشخصية."
"Bredkdoun","العطل","وهو من المفاهيم التي تركز على البعد الديناميكي للنظام، أي عمل التغير الذي يصيب النظم بفعل عمليات تتولد في داخل النظم ذاتها أو بفعل الاستجابة لتعديل في الظروف البيئية."
"Brest","صلح برست ليتوفسك / أنظر برست ليتوفسك","– Litovsk"
"Brest","معاهدة برست ليتوفسك / أنظر برست ليتوفسك","– Litovsk"
"Brest – Litovsk","برست ليتوفسك","هو صلح أو معاهدة بين ألمانيا والاتحاد السوفيتي، وأُبرم في ٣ مارس ١٩١٨ م، ونصت المعاهدة على تنازل الاتحاد السوفيتي عن أقاليمه في بولندا وكورلاند وليتوانيا وجلاء القوات السوفيتية عن ليفونيا وأستونيا مع احتفاظ الاتحاد السوفيتي بسيادته علي هذين الأقليمين، وكذلك انسحابه من شرق الأناضول وعودة الأقليم لتركيا واعترافه باستقلال أوكرانيا وفنلندا، وقبل الا تحاد السوفيتي هذه المعاهدة للحفاظ على الثورة الشيوعية الوليدة التي أعلنت في ٧ نوفمبر ١٩١٧. م"
"Briand Kellog Pact","ميثاق بريان كيلوج)) ميثاق باريس (","وقعه ممثلي ١٥ دولة عام ١٩٢٨ ووصل عدد الموقعين علية عام ١٩٣٠ نحو ٦١ دولة، ونبذ الميثاق الحرب كأداة من أدوات السياسة القومية مؤكدا ً على ضرورة حل المنازعات بالطرق السلمية أيا ً كانت طبيعتها وأيا ً كان أطرافها."
"Buffer-State","منطقة عازلة","وهي أراضي يتفق عليها في مناطق ال صراع لتمنع المواجهة المباشرة بين قوات المواجهة، والمناطق العازلة غالبا ما تكون منزوعة السلاح، مثل منطقة التبت كمنطقة عازلة بين روسيا والهند وسويسرا كبلد محايد وغيرها من الأمثلة."
"Bundestag","البوندستاج","وهو البرلمان الألماني، ويتم انتخابه عن طريق القوائم الانتخابية بحيث لا يمثل فيه ألا الأحزاب التي تحصل على أكثر من ٥ % من أصوات المقترعين وذلك للحيلولة دون تمث يل الأحزاب النازية الجديدة Neo-Nazi Parties في البرلمان."
"Bureaucracy","بيروقراطية","البيروقراطية ما هي إلا التنظيم الرسمي للسلطة الإدارية وتقسيم العمل الإداري وظيفيا ً بين مستويات مختلفة والأوامر الرسمية التي تصدر لتنظيم العمل الإداري."
"Bureaucratic Organization","المنظمة البيروقراطية","وهي المنظمات التي تهيمن على عملية القررات في الإدارات الحكومية، والتي تؤثر بالتالي على القرار لأن عددا ً من الإدارات شبه الحكومية تسيطر بشكل متزايد في المجتمعات الصن اعية."
"Business Organization","منظمة عمل","وهي ما تسمى بمنظمات المنتجين الذين يملكون منظمة عمل قادرة على التكيف مع النشاط السياسي، وأصحابها هم رجال الأعمال أو المنتجين Producers الذين يقومون بنشاط فعال ومؤثر بسبب تنظيمهم واتحادهم."
"Camp Devid Agreement","اتفاقية كامب ديفيد","اتفاقية وقعت بين مصر وإسرائيل) السادات وبيجين (في ٥ سبتمبر ١٩٧٨ م في منتجع كامب ديفيد بالولايات المتحدة تحت رعاية الرئيس الأمريكي كارتر وتضمنت اتفاقيتين وإطار عمل، الاتفاقية الأولى كانت بخصوص الحكم الذاتي الفلسطيني والثانية كانت باستعادة مصرالكاملة لسيناء) وإن كانت منزوعة السلاح (، وإطار العمل لإقرار السلام في الشرق الأوسط، ونتج عن اتفاقية كامب ديفيد توقيع معاهدة السلام ال مصرية الإسرائيلية عام ١٩٧٩ م، وما أتبعها من استعادة مصر لسيادتها على سيناء، كما نتج عنها المقاطعة العربية لمصر والتي استمرت لأكثر من سبع سنوات، وما زالت لهذه الاتفاقية آثار كبيرة على مصر وعلى المنطقة حتى الآن."
"Candidates","المرشحون","وهم الذين يتقدمون لخوض الانتخابات في أي شكل من أشكالها، ويختار الناخبون من يمثلونهم من بين هؤلاء المرشحين."
"Capitalism","الرأسمالية","وهي اتجاه أو أسلوب إنتاجي تاريخي تتبناه الهيئات الاقتصادية، ويتسم بمجموعة من الخصائص أهمها إنتاج السلع وتوزيعها على نطاق واسع، وبيع العمل وشراؤه كسلعة بواسطة رأس المال، وتحقيق فائض للقيمة، وتراكم رأس المال وإعادة خلقه من جديد على نطاق واسع، وهي النظام الاقتصادي والاجتماعي الذي حل محل الإق طاع ويقوم على الملكية الخاصة لوسائل الإنتاج واستغلال العمل واستخلاص فائض القيمة، ونشأت الرأسمالية في القرن السادس عشر، ودخلت في القرن العشرين أعلى مراحلها وهي مرحلة الإمبريالية الاحتكارية التي تتميز بسيطرة الاحتكارات وتحكم الأقلية المالية."
"Capitalism Is The Negation Of Culture","الرأسمالية هي نف ي للثقافة أصلا ً","هي مصطلح للعالم سمير أمين، وهي تعني أن الغزو الرأسمالي ليس مجرد تكنولوجي) وإن كان يتم في ظل المجتمع التكنولوجي الحديث (ولكنه غزو لثقافة الأمم والشعوب لتأخذ كلها ثقافة الشعوب الرأسمالية) وهي الثقافة الغ ربية (وتتخلى عن ثقافتها وهويتها، لأن الثقافة الرأسمالية ثقافة غازية تتسم بعدائها المحكم للتفرد أي بعدائها لأية هوية."
"Capitulations","امتيازات أجنبية","الامتيازات للأجانب هي نوع من الامتيازات يحصل عليها الأجانب دون المواطنين مثل عدم محاكمة الأجانب عن الجرائم التي يرتكبونها داخل الدولة وإعفاء الأجانب من الضرائب والرسوم الجمركية المخفضة للأجانب وتخصيص مواني للتجارة الخارجية عرفت باسم مواني المعاهدات Treaty Ports وكلها مميزات تقلل من استقلال الدولة."
"CAPTOLOGY","كابوتولوجي","وهومختصر لمصطلح التخصص في تكنولوجيا المعلومات Computer-Assisted-Persuasivd- Technology وهي طرق تكنولوجية حديثة للإقناع وإثبات البرهان."
"Caste","تفرقة طبقية","هي التفرقة بين البشر على أساس المنبت أو الثروة أو الجاه. الخ..."
"Castes","طوائف","هي مجموعة من الناس يجمعهم دين أو لون أو جنس، وهي متدرجة في مرتبتها الاجتماعية وتفصلها عن بعضها حواجز اجتماعية كثيرة، والطائفية موجودة في الهند ولبنان بكثرة وهي مقننة دستوريا ً."
"Catholicism","الكاثوليكية","هي إحدي الملل المسيحية التي تنتشر في أوربا الغربية وأمريكا اللاتينية، وهي موجودة منذ عام ١٠٥٤ و،م تعترف الكاثوليكيةبتكوين الروح القدس وتطهير النفس بعد الموت ورفعة البابا باعتباره وكيل المسيح على الأرض وتعتمد على عزوبة القسيس والصلاة باللاتينية وتقديس العذراء، وكنيستها الرئيسية ومركزها العالمي في الفاتيكان."
"Catholiticisim","الكثلكة","الكثلكة حركة سياسية دينية استمدت قوتها من الكنيسة الكاثوليكية، ونشأ في ظلها الحزب الديمقراطي الكاثوليكي في مطلع ال قرن التاسع عشر، وأصبح لهذا النوع من النشاط السياسي الدينى قوته في فرنسا وألمانيا وإيطاليا وبلجيكا وغيرها من الدولة، ومعناها محاولة هيمنة الكنيسة الكاثوليكية على ما عداها من كنائس وخصوصا ً في أوروبا."
"Cconference Of The Committee On Disarmament","مؤتمر لجنة نزع السلاح","وهو مؤتمر دولي للجنة دولية أنشأته الأمم المتحدة عام ١٩٧٥ م، بعد استبدال لجنة نزع السلاح المنشأة عام ١٩٥٢ م،به وتمت زيادة عدد الدول الأعضاء به إ لى ٣١ دولة، وفي عام ١٩٧٨ م قررت الجمعية العامة للأمم المتحدة أن يصبح مؤتمر نزع السلاح Conference On Disarmament هو المنبر الوحيد للمفاوضات متعددة الأطراف حول نزع السلاح."
"Cease-Fire","وقف إطلاق النار","هو قرارس ريع يتخذه مجلس الأمن في النزاعات العسكرية والحروب كخطوة أولى وكإجراء لوقف العمليات العسكرية تمهيدا لحل النزاع بالطرق السلمية."
"Cease-Hostilities","وقف الاشتباكات","وهو عملية إيقاف العمليات العسكرية بين طرفين متحاربين كمرحلة أولى للتقدم من الحرب للسلام، وهو يهيء الظروف السياسية للتفاوضل لحل السلمي."
"Ceasrism","سيزاريزم","مصطلح يتحدث عن نظام يشبه نظام حكم يوليوس قيصر، ويقوم على الحق الإلهي في الحكم مع السعي إلى كسب الشعب، فهو له صفة كونية تقوم على مباديء الحق الإلهي مع الاستناد لقوة الشعب بالاتصال المباشر معه.    حرف الشين"
"Censorship","الرقابة)) الإعلامية (","وهي عملية الإشراف على وسائل الاتصال الجماهيري للتأكد من أنها لا تهدد السلطة الحاكمة أو الآداب العامة، وتتم في مرحلة الثورات والتحولات وفي أغلب دول العالم الثالث، وتشمل الرقابة على الكتب والصحف والوسائل المسموعة والمرئية والأفلام والمسرحيات."
"Centaure","الكائن الخرافي","هو كائن مبتدع في أمريكا ونمط من أنماط التفكير الخرافي الأمريكي الذي تحاول فرضه على العالم ضمن نطاق العولمة، وهو كائن مزود برأس لي برالية مثبت على جسد سلطوي تحكمي استبدادي مشبع بمبدأ أتركه يعمل... أتركه يمر Laisser Faire.. Laisser Passer ويعمل على الإعلاء من اللامساواة الاجتماعية والفروقات وغيرها من الأمور الشاذه التي يجسدها هذا الكائن الخيالي في نفوس العالم أجمع."
"Center","وسط","أنظر: أهل الوسط Centrists"
"Center On Transnational Corporations","مركز الشركات متعددة الجنسية","هو مركز أنشأته الأمم المتحدة ويتبع المجلس الاقتصادي والا جتماعي ويتمحور نشاطه حول الأنشطة التالية: أنشطة معيارية Normative وتركز على بلورة القواعد التي تحكم طبيعة العلاقات بين هذه الشركات والدولة المضيفة، وأنشطة بحثية لمتابعة تطور هذه الشركات ودورها في مجالات الاستثمار والإنتاج والعمالة ونقل التكنولوجيا، وأنشطة تتعلق بالتعاون الفني لتقديم خدمة استشارية بهدف معاونة الدول النامية على تطوير أساليب التعامل مع هذه الشركات، وأنشطة إعلامية هدفها جمع وتصنيف وتحليل ونشر كافة البيانات المتعلقة بالشركات متعددة الجنسية."
"Central America","أمريكا الوسطى","هي ذلك الجزء من الأمريكتين الذي يصل بين المكسيك وبرزخ بنما ويضم سبع جمهوريات هي بليز وكوستاريكا والسلفادور وجواتيمالا وهوندراس ونيكارجوا وبنما."
"central Committee","اللجنة المركزية","وهي تجمع لأغلب الشخصيات العامة المؤثرة في التنظيم السياسي أو في الأحزاب، فمثلا ً الحزب الشيوعي السوفيتي كانت لجنته المركزية تتكون من ٣٠٠ عضو من أعضاء الحزب وفروعه وشخصياته القيادية، وتلي اللجنة في الأهمية المكتب السياسي Politburo."
"Centrists","أهل الوسط","أهل الوسط يطلق على ذوي الآراء السياسية المعتدلة، فالمعتدلون هم أصحاب الآراء السياسية المعتدلة، والوسط Center يعني أعضاء المجلس التشريعي الذين يعتنقون آراء سياسية وسطا ً بين اليمين واليسار ويجلسون عادة وسط قاعة البرلمان."
"Certain Valued Ideals","ثل قيمية معينة م","وهي المثل والقيم التي يبتغيها كل مجتمع ويحاول أن يجعلها تنتشر في المجتمع من خلال السلوك الس ياسي للصفوة والجماهير، وهي من المداخل المتميزة للسياسة."
"Cession","تنازل","التنازل هو إجراء قانوني سياسي تتخلى بموجبه إحدى الدول عن سيادتها أو حقوقها أو امتيازاتها في أقليم معين أو قطعة من الأرض أو تتنا زل عن بعض حقوقها التاريخية والقانونية، لصالح دولة أخرى بموجب معاهدة دولية وتكون غالبا ً عقب الهزيمة في حرب بين الطرفين أو نتيجة بيع أو استرضاء دولة قوية أو صديقة، ويسمى التنازل تنازل أو تسليم أراضي Cession Of A Territory."
"Challenge & Respon","التحدي والاستجابة","هي نقاط التحدي الذي واجهته حضارة من الحضارات وكيفية استجابة هذه الحضارة لهذا التحدي الذي واجهته، لأن العلاقة بين التحدي والاستجابة تفسر تطور المجتمع من حالة إلى أخرى، وصاحب هذه النظرية هو المفكر الإنجليزي أرنولد توينبي."
"Chambers","كواليس","وهو مكان تجمع النواب خارج قاعة الاجتماعات وخارج الجلسات الرسمية، وهو ما يسمى: ما وراء الكواليس،، كما أنه مصطلح يعبر عما هو غير رسمي من مفاوضات ومشاورات ومباحثات في شتى نواحي الحياة، فهو تمهيد جيد للأشياء الرسمية، وخصوصا ً في السياسة، ويشتد النشاط في الكواليس أثناء تشكيل الوزارة، أو أثناء انتخابات رئاسة المجلس، ويطلق لفظ الكواليس على الاجتماعات غير الرسمية أثناء المفاوضات الهامة أو الاجتماعات الدولية أو المعاهدات الدولية أو غير ها من الاجتماعات الهامة."
"Charisma","كاريزما","لهمهو مصطلح يعبر عن القائد الم، أو الزعيم التاريخي الذي يكتسب هذه المكانه المهابة بين أتباعه نتيجة أعماله ومواقفه، حيث يتحول إلى رمز وطني كبير وقائد فذ محنك وبطل قومي بأفكاره ومواقفه وإنجازاته."
"Charismatic Authority","السلطة الكاريزمية)) الملهمة (","وهي السلطة التي تحدث تغييرا ً حاسما ً تكون معارضة للعادات والأنماط الرو تينية المألوفة للسلوك والعمل، وتقوم على اعتقاد بأن الحاكم لديه صفات غير عادية أو استثنائية تجعل منه قائدا ً ملهما ً."
"Charter","مواثيق أو اتفاقات","وهي اتفاقيات تبرم أو تعلن بحكم دستور البلاد الأساسي، وهذه الاتفاقات التي تقرر ثم تعلن بحكم الدستور، وقد يقصد بها بعض المعاهدات بين الدول والأمم والشعوب، أو النظام الدستوري لبلد من البلاد."
"Check & Balances","الضوابط والموازين","هي مجموعة الإجراءات والقواعد التي تتم أثناء وضع الدستور بهدف الحيلولة دون المساس بالحقوق والواجبات فيه، ودون المساس بالديمقراطية أو انبعاث نوع جديد من الاستبداد، مثلما تم ذلك أثناء وضع الدستور الأمريكي في فيلادلفيا عام ١٧٧٨ م.    حرف الطاءلطاء"
"Choice","اختيار","هو قدرة الناخب أو المواطن على استخدام قوته) صوته (في أثناء العملية الانتخابية، وهي قوة الاختيار للأصلح الذي يؤثر في عملية صنع القرار."
"Christendom","مملكة المسيحية","هي الممالك التي نشأت بعد سقوط الامبراطورية الرومانية في أواخر القرن الرابع الميلادي، وحكمها حكام يتمتعون بالسلطة السياسية المستقلة، وتسود بينهم تحت تأثير الديانة المسيحية الأفكار التي تؤكد وحدة البشر وأنهم يؤلفون مجتمعا ً واحدا ً هو مملكة المسيحية وأن ما عداهم كفرة."
"Christian Commonwealth","مجموعة الأمم المسيحية","وهو تصور قام بطرحه وعرضه القديس أوغسطين في بداية القرن الخامس، وهو قيام اتحاد طبيعي ورابطة عقائدية بين الأمم المسيحية، معبرا ً عن الفكر الذي أعقب اس تقرار الوضع القانوني للكنيسة."
"Chronological Age","العمر الزمني","وهو الحساب الزمني لعمر الد ولة أو المؤسسة السياسية، وكلما طال دل على قدرة عالية على التكيف، والعكس صحيح. وهناك العمر الجيلي Ljeneratinal Age وهو سياسيا يعبر عن انتقال السلطة داخل الدولة أو المؤسسة من جيل إلى آخر سلميا دون مشاكل وتواصل الدولة أو المؤسسة عبر الأجيال."
"Chronology / Historiography","التأريخ","هو التقويم العالمي للأحداث وتفسيرها في إطار من المفاهيم، ولنستطيع بواسطته ضبط تواريخ جميع حوادث التاريخ منذ لحظة معينة، والتأريخ هام جدا لدقة تسجيل الأحداث التاريخية."
"Church Of England","الكنيسة الانجليزية","وهي كنيسة مستقلة لها تقاليدها، وتقوم على طائفة البروتستانت، ويصوت رعايا الكنيسة عادة لحزب العمل بينما يصوت غير الملتزمين منهم لحزب الأحرار أو حزب العمل، بينما يصوت الكاثوليك في الغالب لحزب العمل، وتسمى الكنيسة الأنجليكانية."
"CIA /  / Central Intelligence Ageency","وكالة المخابرات المركزية الأمريكية","هي محور عمل السياسات الأمنية في الداخل والخارج، وهي الهيئة المختصة بالدفاع عن مصالح الولايات المتحدة الأمريكية لأنها الجهة المخ تصة بالمعلومات الاستخباراتية في الإدارة الأمريكية، ولها مكاتب في مختلف أنحاء العالم، فهي وكالة حكومية أمريكية للتجسس وجمع المعلومات أنشئت بموجب قانون الأمن القومي الأمريكي عام ١٩٤٧ م لتكون أداته الرئيسية في الاستخبارات."
"Circle Of Influence","مركز دائرة التأثير","وبقصد بمركز دائرة التأثير أنها الم باديء التي خلقنا االله عليها وتتمركز في ضميرنا والتي نستمد منها الأمان والحكمة والدليل والقوة للوصول بالإنسانية إلى فعالية قيادة الذات."
"Circular Process","العملية الدائرية","وهي نمط من أنماط التغيير، ويستطيع النظام السياسي من خلالها أن يستمر في أداء وظيفة إنجاز الأهداف في ظل ظروف عدم التأكد وندرة الموارد، والسياسة، من خلال هذه العملية، تدعم ممارستها للقوة من مصادر الدعم المتاحة لها في النظام الاجتماعي."
"CIS / Commonwealth Of Independent","كومنولث الدول المستقلة","States/ أنظر روسيا أنظر روسيا رابطة الدول المستقلة تضم جمهوريات الإتحاد السوفيتي السابق، وأنش ئت عقب انحلاله في ديسمير ١٩٩١ م، وعدد الأعضاء ١٥ دولة، وتضمن اتفاقية الرابطة سيادة كل دولة، وتنص على التعاون في مجالات كثيرة، وفي عام ١٩٩٤ م تم الاتفاق على إقامة منطقة للتجارة الحرة بين الدول الأعضاء."
"Citizenship","المواطنة","المواطنة ببساطة شديدة هي الدور الإيجابي للفرد بصفته مواطنا ً، وأكد الفليسوف روسو على مفهوم المواط نة معلنا ً أنه يعتمد على دعامتين أساسيتين: المشاركة الإيجابية من جانب الفرد في عملية الحكم والمساواة الكاملة بين أبناء المجتمع الواحد كلهم."
"City Of God","مدينة االله","اسم مؤلف للقديس أوغسطين للدفاع عن المسيحية ضد اتهامات الوثنية لها بأنها كانت المسئولة عن تد هور الإمبراطورية الرومانية وانحلالها."
"Civics","التربية الوطنية","التربية الوطنية هي مناهج دراسية إجبارية يدرسها جميع طلاب مراحل التعليم العام والخاص والعالي، من أجل تنمية عوامل الولاء والانتماء للوطن في نفوس الأبناء، مما يؤدي على إلى تحمس الطلاب وإدراكهم لحقوقهم وواجباتهم بناء قواعد ال وطنية، والروح التي تنبع من التربية الوطنية تنشيء التلاميذ على مباديء وتعليم وتربية خاصة يفضل المواطن عليها مصلحة الوطن على مصالحه الخاصةبناء."
"Civil Disobedience","العصيان المدني","هي حالة من حالات الخروج عن الشرعية من بعض الفئات أو سكان منطقة من المناطق حيث يقومون بالمقاومة في تحد سافر للسلطة بالإضراب والمظ اهرات والامتناع عن تنفيذ القوانين واللجوء لمقاومة السلطات بشكل جماعي."
"Civil Liberties","الحريات المدنية","وهي الحريات التي تقتضيها النظم الديمقراطية من حرية الرأي والتعبير والمشاركة والعمل والتنقل والمسكن والإضراب... وغير ذلك من الحريات."
"Civil Society","المجتمع المدني","هو وحدة مستقلة ومميزة عن المجتمع السياسي، أي أنه لا يخضع لتأثير النظام السياسي أو الطبيعي، وإنما هو يمثل مجموعة قوى تميل عندما تحقق تطورا ً بعد ذلك إلي إخضاع المجتمع السياسي ذاتهو، أكد هيجل معنى المفهوم بأنه نسق العلاقات الاجتماعية المتبادلة، وبدأ مفهوم المجتمع المدني منذ عام ١٨٤٠ م عندما كتب ماركس نقده لفلسفة هيجل للقانون."
"Civilization","الحضارة","يعني عملية التحضر أو التقدم والتح ول الإنساني بشكل عام من مستوى إلى مستوى أكثر تعقيدا ً وتطورا ً من حيث التقنية المستخدمة أو الثقافة السائدة، فالحضارة ترمز إلى المظاهر الثقافية والاقتصادية والسياسية في حقبة معينة للدلالة على روح الشعب على المستوى القومي والوطنى، فالحضارة أكثر اتساعا ً من الثق افة لأنها تعنى كل مقومات الحياة... وقد يعني المصطلح حضارة شعب بعينه أو حضارة منطقة بذاتها."
"Class Relationships","العلاقات الطبقية","وهو مصطلح يطلق على العلاقات الاجتماعية التي تحدد كيفية تنظيم الإنتاج والتوزيع في المجتمعات الرأسمالية."
"Classical School","المدرسة التقليدية","وهي المدرسة التي ظهرت في القرن التاسع عشر وأوائل القرن العشرين ومن روادها باريتو وموسكا وكانت عبارة عن رد فعل على التنبؤات الماركسية للمصير الحتمي Inevitable Fate الذي ينتظر الديمقراطية الليبرالية."
"Cleavage","النزاع","يمثل النزاع ظاهرة محورية في المجتمع بين فئاته وطبقاته المختلفة، ولابد من التوازن بين قوى المجتمع من أجل ألا يتحول النزاع إلى صراع وتعارض في الأهداف."
"Coalition","ائتلاف","وهي عملية التعاون السياسي بين جهتين والتضامن بينهما لتحقيق أغراض مشتركة، ويظهر الائتلاف بصورة أوضح في الأحزاب السياسية عندما لا يحرز حزب واحد الأغلبية اللازمة لتشكيل الحكومة فيضطر للائتلاف مع غيره من الأحزاب المتقاربة معه في الفكر."
"Coalition Opinion","الرأي الائتلافي","وهو رأي عدد من الأقليات مختلفة الأراء ولكنها تنضم مع بعضها البعض من أجل الاتفاق على هدف معين وفي ظروف معينة، وهو يعد دليلا ً على أن الجماعة لم تصل بعد إلى رأي واحد في المسائل العامة."
"Coastol State Priority Zone","منطقة أسبقية للدولة الساحلية","هي المنطقة من قاع البحر الدولي المجاور للمنطقة الخاضعة لأي دولة والخاضعة لولايتها الوطنية، ويتعين الحصول على الموافقة المسبقة للدولة الشاطئية قبل قيام الجهاز الدولي بالكشف أو الاستغلال أو الترخيص لدولة أخرى للعمل في تلك المنطقة."
"Coca-Colarization","الكوكلة","من مصطلحات عصر العولمة وهو انتشار الثقافة الاستهلاكية الأمريكية ونشرها في مختلف أنحاء العالم ومنها الكوكاكولا كرمز للمشروبات الغازية الأمريكية، وتشير إلى الاتجاه الأس اسي غير الثقافي في ظل العولمة."
"Coding","الترميز","وهي عملية وضع الرموز التي تمثل مفاهيم أو دلالات معينة والتي يمكن الاتصال عن طريقها أو فك الرموز عند مقتضى الأمر، وتستخدم في المعلومات المتوافرة عن كبار رجال الدولة وغيرهم من الشخصيات التي تعتبر من رموز الدولة."
"Coercion Theory","نظرية القهر","وهي نظرية تؤكد الحاجة إلى القوة والعنف لدعم أركان النظام السياسي وتحقيق الطاعة والامتثال."
"Coherence","التماسك","يعني درجة الرضاء أو الاتفاق بين الأعضاء داخل المؤسسة السياسية أ والاجتماعية، ويقاس عادة بدرجة الانتماء ووجود خلافات من عدمه في داخل المؤسسة السياسية، ومن وجهة الاجتماع السياسي فإن التماسك العضوي Organic Social Solidarity المبني على تقسيم العمل والمصالح المتبادلة للأفراد سوف يحل محل التماسك الآلي Mechanical Social Solidarity المبني على اتفاق القيم Value Consensus ، فالتماسك هو طريق المجتمعات للاستقرار وصنع التقدم والمستقبل."
"Cold War","الحرب الباردة","هي حالة من التوتر السياسي والتنافس العسكري بين الدول، ولا تصل إلى الاشتباك المسلح لتصبح حربا ً ساخنة، وتشن الحرب الباردة بمختلف الأ سلحة الدبلوماسية والاقتصادية والإعلامية، ويقصد بالحرب الباردة حالة التوتر الدولي التي نشأت بين الولايات المتحدة الأمريكية وحلفائها من جانب وبين الاتحاد السوفيتي وحلفاؤه من جانب آخر عقب الحرب العالمية الثانية واستمرت حتى أوائل السبعينات حينما اتفق الطرفان ع لى الاسترخاء الدولي وتأصيل نظام القطبية الثنائية قبل أن ينهار الاتحاد السوفيتي عام ١٩٩١ م ويصبح العالم ذو القطب الواحد وهو الولايات المتحدة الأمريكية. وهناك الحرب الخاطفة Blitzkrieg War وهو مصطلح يطلق على الحروب التي تحسم بسرعة نتيجة عدم تكافؤ القوات المتحا ربة أو نتيجة المفاجأة بانتزاع النصر بعد التدمير الشامل، ويطلق عليها حرب النصر الساحق أو الصاعق، وغيرها من الألفاظ التي تدل على سرعة الحسم في المعارك."
"Collateral","موازية)) اجراءات (","وهي اجراءات مكملة للاجراءات الرسمية أو لعملية صنع القرار، وتصدر عن الجهاز التنفيذي عقب صدور القرار الرسمي، في صورة اجراءات أو لوائح تنفيذية أو قرارات إدارية، وتهدف لبناء الثقة والتحقق والرقابة الفعالة لنجاح تنفيذ القرار."
"Collective","الظواهر الجمعية","هي الأهداف الشعورية الجماعية للجماعة والتي تمثل مكانة أساسية في هذه الظواهر الاجتماعية الدي نامية، مثل الحركات الاجتماعية المنظمة والسياسات الإدارية والثورات السياسية المختلفة.    حرف العين"
"Collective","المستوى الجمعي","وهو المستوى الذي تنتظم فيه المصالح العامة للمجتمع ولأفراده."
"Collective Consciousness","شعور جمعي","وهي عملية إدراك الأفراد للعلاقات الاجتماعية بينهم ولتجاربهم المشتركة، وقد يتحول هذا الشعور نحو الاشتراك في تحمل مسئوليات النهوض بمجتمعهم."
"Collective Goads","المصالح الجمعية","وهي المصالح التي يدعي أنصارها ملاءمتها لكافة المجتمعات في جميع الأزمنة، وتعني وجود منافع عامة في أي جماعة يستفيد منها كل أعضاء الجماعة مثل الأمن مثلا ً ٠"
"Collective Leadership","قيادة جماعية","وهي مشاركة جماعة في حكم دولة أو اتخاذ قرار، مما يحول دون انفراد القائد أو الرئيس بالتحكم في الجماعة، وتتم غالبا ً عقب قيام الثورة وفي الأزمات التي تمر بها البلاد."
"Colonialism","استعمار","الاستعمار أو الاستعمارية هي نزوع الدول الكبيرة لفرض سلطانها وإرادتها على البلدان الأخرى والاحتفاظ بهذة السيطرة بمختلف الوسائل السياسية والاقتصادية والعسكرية، ومحاولة تغيير هوية البلدان المستعمرة وربطها بالدولة الاستعمارية رب طا عضويا ولغويا وثقافيا واقتصاديا واستغلال ثراوتها وأيضا ً إقامة المشروعات المتعددة فيها."
"Comecon / Council Of Mutual Economic Assistance","الكالك وميكون","وهي السوق الأوربية الشرقية، والتي كانت تضم دول الكتلة الش رقية سابقا ً) ما عدا يوغسلافيا (بزعامة الاتحاد السوفيتي سابقا ً، وهي الحلف الاقتصادي لهذه الكتلة، وتسمى مجلس المساعدة الاقتصادية المتبادلة، وهو من ظمة تجارية لبلدان أوربا الاشتراكية، وتم حله في يونيو ١٩٩١ (. م"
"COMESA","الكوميسا))","أنظر: السوق المشتركة لشرق وجنوب أفريقيا"
"Commissions","اللجان البرلمانية","وهي لجان تعمل في إعداد المشروعات لبحثها بصفة نهائية في البرلمان، وهذه اللجان قد تكون برلمانية لإعداد موضوعات النقاش تحت قبة البرلمان، وكذلك القوانين المطلوب التصويت عليها، وقد تكون مؤقته لمناقشة موضوع معين، ولكل لجنة رئيس أو مقرر، وتعرض نتائج أعمالها على البرلمان للتصديق عليها."
"Common Heritage Of Mankind","التراث المشترك للبشرية","وهي كل ما يجتمع علية العالم منح ضارة أو استغلال مشترك، والتراث المشترك للإنسانية أو للبشرية يطلق على الآثار التي يجب حمايتها خوفا ً من الاندثار أو الضياع، كما يطلق أيضا ً على قاع وسطح أعالي البحار نظرا ً لما يحتويه من ثروات لم تستغلها البشرية بعد."
"Common Law","القانون العرفي","هو القانون العام الذي لم يسن بعد أوالذي يحتوي على العديد من القواعد والقرارات القضائية المدونة التي لا تقع تحن حصر، مثل القانون العرفي البريطاني الذي يمثل دستور البلاد، ومنه اشتقت القاعدة الفقهية: المعروف عرفا كالمشروط شرطا، وهو مختلف عن العرف القانوني Customary Law الذي يعنى العرف كما تعوده الناس كمصدر للقواعد القانونية، إلا أن العرف مكانه ثانوي في هذا المجال."
"Common Masses","عامة الجماهير","هم الذين يحكمون الشعب طبقا ً للديمقراطيات الكلاسيكية) حكم الشعب (لمنفعة الناس الذين ليس لديهم موارد، كما حدد ذلك أرسطو في مفهومه الشائع لل ديمقراطية."
"Commonwealth","كومنولث","وهو رابطة بين دول متقاربة في الاتجاه قد يصل لتكوين اتحاد كونفدرالي، وهي غالبا ً علاقة تعتمد على الثروة والاقتصاد بينما تكون كل دولة مستقلة استقلالا ً تاما ً، ومن أشهر هذه الروابط في عالمنا المعاصر: الكومنولث البريطاني وهو يضم دولا ً تتمتع بالحكم الذاتي أو الاستقلال التام وترتبط فيما بينها بولاء مشترك وهو الولاء للتاج البريطاني وا، لفرانكفورنية ورابطة الجمهوريات السوفيتية السابقة وغيرها. والكومنولث لفظ أطلق على الحكومة الجمهورية في انجلترا التي تشكلت في الفترة من ١٦٤٩ ١٦٦٠ م قبل أن يعود الحكم الملكي لها مرة ثانية بأسرة استيوارت. ويعني الكومنولث حرفيا الثروة المشتركة، ويرمز به إلى نظام سياسي اتحادي يقوم على استقلال كل عضو في انتمائه إلى جماعة معينة والعمل في اتحاد دفاعا ً عن المصالح المشتركة للجماعة."
"Commonwealth Of The United State","كومنولث الولايات المتحدة","هو رابطة اتحادية كونفدرالية تجمع بين الولايات المتحدة الأمريكبة ومجموعة جزر شمال ماريان بالمحيط الهندي التي كانت تحت الوصاية الدولية وصوتت عام ١٩٩٠ م للاتحاد الكونفدرالي مع الولايات المتحدة."
"Communication","الاتصال","وهو عملية التدفق الحر للمعلومات والبيانات والآراء عبر وسائل مختلفة، فقد يكون اتصالا ً مباشرا ً Direct أو Face To Face وهو الاتصال الذي يتم مباشرة بين الأف راد دون الاستعانة بأية أداة اتصالية وهو بمثابة فرصة كبيرة لتبادل المعلومات بين المرسل والمستقبل، وقد يكون غير مباشر Indirect وتستخدم فيه أداة من أدوات الاتصال، وقد يكون رسميا Formal أي يتم بين المستويات الرسمية بالطرق الرسمية، أو غير رسمي Informal وهو الذي يتم التفاعل فيه بطريقة غير رسمية ويتم من خلاله تبادل وجهات النظر من خارج المنافذ والوسائل الرسمية.."
"Communication Barrier","عوائق الاتصال","وهي كل ما يعوق الاتصال أو يعترضه أو ي عمل على إيقاف تدفقه أو يحاول تشويهه أو يعمل على تحريف رسالته، وقد تكون اللغة من عوائق الاتصال في حالة عدم فهم معاني بعض الكلمات."
"Communication Channel","قناة الاتصال","وهي وسيلة الاتصال التي يمكن بواسطتها نقل الرسالة من المرسل إلى المرسل إليه، ويمكن أن ي قصد بقناة الاتصال أنها الخط أو المسار الذي تتخذه الرسالة عند تحركها من المرسل حتى تصل إلى المستقبل."
"Communication Gap","فجوة الاتصالات","مصطلح يعبر عن الفجوة ما بين الحاجة إلى وجود أجهزة ذكية في المكتب والمنزل للاتصالات من ناحية وقدرات شركات الهاتف ورغباتها في تقديم خدمات على المستوى نفسه من ناحية أخرى، وكلما تقدمت شركات الهواتف لملء تلك الفجوة فإنها تصبح حافزا ً للتغيير، وتحدث هذه الفجوة بسبب تقاعس شركات الهاتف عن تجديد شبكاتها."
"Communication Networks","شبكات الاتصال","وهي شبكات الاتصال الدولية التي تنقل ال معلومات عبر الأمم وتكون لها الصفة الدولية ضمن الطريق السريع للمعلومات، ومن أهم الشبكات شبكة الإنترنت الدولية."
"Communication Revolution","ثورة الاتصالات","أنظر: العولمة / القرية العالمية وهي ثورة حققها العالم المع اصر في مجال تكنولوجيا الاتصالات وساهمت في التقريب بين الشعوب وجعل العالم قرية كونية صغيرة ويعيش في عصر المعلومات فائقة السرعة بسبب السماوات المفتوحة والانترنت والطريق السريع للمعلومات وأضعفت من الحدود الدولية وقبضة الدولة علي مواطنيها"
"Communication Satellite","الاتصال عبر الأقمار الصناعية","وهو الاتصال الذي يتم بواسطة محطات موجودة بالأقمار الصناعية، والقمر الصناعي جهاز يدور بنفس سرعة الأرض وبنفس اتجاه دورانها وتركب عليه محطة للاستقبال وأخرى للإرسال، وتستقبل الأولى البرامج المرسلة من المحطات الأرضية والثانية ترسل ما تستقبله إلى أي محطة استقبال على سطح الأرض، حيث يعاد بثها إلى أجهزة الاستقبال لدى الأفراد على مساحات شاسعة من الكرة الأرضية."
"Communique","بيان أو بلاغ رسمي","البيان الرسمي أو البلاغ الرسمي مصطلح يطلق على الإيضاح الرسمي الصادر عن الحكومة أو أحد ممثليها الرسميين والذي يتضمن معلومات جديدة أو رؤية الحكومة وموقفها من حدث معين أو شرحها لقضية معينة أو إعلانا ً لنتائج مباحثات رسمية مع وفد أجنبي أو كشف النقاب عن موضوع معين أو إعلان لنتائج حرب عسكرية بصفة رسمية ويسمى بيان عسكري أو حربي."
"Communism","شيوعية","الشيوعية ما هي إلا حركة فكرية وسياسية تهدف إلى تحقيق مجتمع شيوعي لا طبقي Communist Classless Society بالأساليب الديمقراطية الحديثة بدلا من ثورة العنف وتهدف إلى حكم طبقة البروليتاريا والتقدم السلمي المن تظم للمجتمع لامتلاك الدولة كل آليات الانتاج والخدمات في مقابل توفير كل أسباب المعيشة الكريمة لكافة أفراد الشعب، والمحو الكامل للفروق الطبقية ومحو الفروق الثقافية والتقريب على نحو أكبر بين الأمم والثقافات القومية والتقدم نحو التجانس الاجتماعي.     حرف الصاد"
"Comparative Government","حكومات مقارنة","وهو اتجاه في السياسة والاجتماع يعني بدراسة الحكومة على أساس مقارن، بحيث ترتكز الد راسة على الخبرات السياسية والأنظمة وأنماط السلوك والعمليات التي تظهر مصاحبة للحكومات الحديثة بمختلف نماذجها."
"Complexity","التعقيد","وهو مصطلح يقصد به سياسيا ً أن تكون للمؤسسة السياسية أكثر من وظيفة وأن تضم العديد من الوحدات الداخلية وأن تعكس قدرا ً لا بأس به من التخصص."
"Concept Of Statehood","فكرة الدولة","ظهرت في أوربا في القرن السابع عشر، ولقيت قبولا عالميا في منتصف القرن العشرين وتتركز الفكرة على السيادة Sovereignty والاعتراف الدولي والشعب والاقليم."
"Concepts","مفاهيم","هو فكرة محددة في عقولنا تساعدنا على الفهم، والمفهوم مجرد تصور لم يثبت صحته بعد ولكنه قابل للتنقية والتنقيح ليص بح أكثر تحديدا ً ووضوحا ً."
"Concordant Democracy","الديمقر اطية الاتفاقية","وهو مصطلح مرادف لمصطلح الديمقراطية الطائفية ويستخدم لوصف العمليات السياسية في المجتمعات غير المتجانسة أو المتعددة اللغات أو الأجناس."
"Condominium","كوندومينيوم","كوندومينيوم هو أ رض تحكمها دولتان أو أكثر، أو اتحاد ملاك في بناية أو عمارة وحداتها مملكة للسكان."
"Conferences","المؤتمرات","المؤتمرات هي شكل من أشكال الاجتماع الذي يدار وفق أجندة وجدول أعمال منظم، ويسعى من خلاله الأفراد لتبادل المعلومات وتحقيق التفاهم بينهم عن طريق الاتصال الشفهي وعرض التجارب حول ظاهرة أو موضوع أو مشكلة، وغالبا ً ما يتوصل أي مؤتمر إلى مجموعة من التوصيات والآراء والقرارات حول موضوعه، وهناك نوع من المؤتمرات يسمى المؤتمر العام Congress وهو الذي يضم عددا ً كب يرا ً من المشتركين يصل لعدة مئات وتشترك فيه المنظمات والأفراد."
"Conflict","الصراع","وهو عملية من العمليات المصاحبة لإعداد القرار السياسي، وينشب إذا تعارضت أهداف الفاعلين السياسيين بصورة مباشرة وحينما يعني أحد طرفي العلاقة الصراعية خسارة مباشرة للطرف الثاني ٠ كما أن الصراع قد ينتج عن تناقضات بين مصالح الطبقات التي تفضي لانقسامات حادة في المجتمع، كما أن الصراع قد يعني الصدام بقصد الاحتواء وقد ينتهي بالافتراق، وهناك ثلاثة نماذج أساسية للصراعهي القتال Fights والمباريات Games والمناقشات أو الجدل Debates."
"Confucianism","الكونفوشيوسية","هي عقيدة صينية ترجع إلى الحكيم كونفوشيوس، تنطوي على مباديء أخلاقية سامية وتطالب الحاكم بعدم استخدام القوة مع رعاياه وإلا فقد تفويض السماء Heaven,s Mandate وحق للرعايا الانتفاض عليه، وهناك من يرى أن الكونفوشيوسية والبوذية والتاوية ليست أديانا لأن ليس بها فكرة القدرة العليا المسيطرة على الكون، وربما تكون أقرب لتصور الكون على أساس أنه مجرد نظام طبيعي Natural Order يسير ذاته."
"Congress","الكونجرس","الكونجرس هو اسم يشمل البرلمان في الولايات المتحدة الأمريكية بمجلسيه: الشيوخ والنواب، وأيضا ً يسمى أي مؤتمر باسم الكونجرس"
"Conjunctural","الظواهر الارتباطية أو الاقترانية","وهي عبارة عن مظاهر ثبات أو تغير واسعة النطاق في البناء الاجتماعي، ومن ذلك التحولات التي تطرأ على الدورة الاقتصادية أو الانتقال من المجتمع الزراعي إلى المجتمع الصناعي وغير ذلك من الظواهر التي ترتبط بعضها بالبعض الآخر."
"Consensus","الإجماع العام","وهو الاتفاق على هدف واحد بين الجماهير والسلطة بحيث ي تحقق نوع من الاستقرار في النظام ويصاحب ذلك تطور في الحرية الفردية، ويسمى المصطلح أيضا ً إجماع أو اتفاق Agreement الآراء أي أنه القرارات الجماعية للمجلس التي تتخذ بتصويت أو بدون تصويت نتيجة لعمليات المفاوضات والمساومات."
"Consensus","الرضى","الرضى هو مصطلح سياسي ينبع من الموافقة الإيجابية على كون النظام مرغوبا ً فيه وتوافر اشباع عام بمخرجات النظام Outputs Of Regime."
"Conservatism","المحافظة","وهي تعبر عن السياسات التقليدية التي تقاوم التغيير في المجتمع السياسي، من خلال الأحزاب والتنظيمات التي تطالب باستمرار الوضع الحالي دون تغيير.."
"Conservative","الاتجاهات المحافظة","هي الاتجاهات التي تمنح أولوية لحفظ النظام ودعم السلطة القائمة بالفعل تحت دعوى المحافظة والاستقرار،و تقاوم التغييرات العنيفة في المجتمع سواء أكانت سياسية أو اجتماعية."
"Consociational Democracy","الديمقراطية الطائفية","وهو منهج يؤكد على أن مصدر الاستقرار، رغم الانقسام الاجتماعي، يكمن في تبني نظام للحكم يلائم واقع التعددية، وقوام هذا النموذج الديمقراطي أن الميول الصراعية المتأصلة في بنية المجتمع التعددي يقابلها ميول عدوانية أو تصالحية على مستوى زعماء المجموعات المكونة له، ومن شأن السلوك التعاوني النخبوي كبح جماح العنف على الصعيد القاعدي."
"Consultation","الشورى","أنظر: تشاور أنظر تشاور"
"Consultation","تشاور","التشاور ماهو إلا عملية سياسية، يقصد بها طرح الموضوع على نطاق واسع، للاستفادة من الآراء والخبرات المتعددة في هذا المجال، والشورى مبدأ إسلامي أمرنا االله به لنتشاور مع أصحاب الرأي وأصحاب الحل والعقد من أجل خدمة المجتمع."
"Consultative Committees","اللجان الاستشارية","وهي اللجان المختلفة التي تشكلها السلطة الحاكمة أو البرلمان، للحصول على رأي جماعات المصالح المنظمة والهيئات المختلفة وأصحاب الفكر في التشريعات والق رارات الجديدة التي تمسهم وكذلك البحث في كيفية تنفيذ تلك القرارات."
"Containment Policy","الاحتواء) سياسة (","وهي سياسة دولية تتبناها بعض الدول العظمى من أجل التنسيق مع الأ صدقاء لاحتواء دولة معينة أو التأثير على سياستها، وهي من نتاج الحرب الباردة التي سادت بعد الحرب العالمية الثانية، وتمكنت خلالها الولايات المتحدة تنفيذ سياسة الاحتواء ضد الاتحاد السوفيتي بحشد أكبر عدد من الدول لتأييد سياستها ضد الاتحاد السوفيتي. وهناك احتواء الخلافات Containment Of Difference وهي إحدى صور السياسة، أي تهتم بالحل عن طريق النشاطات العامة من أجل منع تفجر الخلافات أو الصراعات داخل المجتمع."
"Contemporary","المعاصرة","يعني المصطلح أن يكون الشيء متزامنا ً في عصر واحد مع شيء أو أشياء أخرى، فتكون الم عاصرة، وقد يمتزج المفهوم مع مفاهيم التطور والحداثة."
"Contestation / Competition","التنافس","وهو عملية من عمليات التفاعل المصاحبة لإعداد القرار السياسي، وهو نشاط يسعى من ورائه طرفان أو أكثر إلى تحقيق نفس الهدف، ولذا يتفاوت التنافس كما ً وكيفا ً من مجتمع لآخر وفي داخل المجتمع الواحد."
"Context Of American Politics","بيئة السياسة الأ مريكية","هي بيئة من نوع خاص نتيجة الاتساع والتنوع الذي تتضمنه الولايات الأمريكية والاختلافات الكبيرة بين مواطني الولايات الجنوبية والغربية والشرقية والشمالية، ومن عجائب هذه البيئة السياسية أنها أباحت دخول ولايات تبيح الاسترقاق Slave State وولايات حرة Free State لا تبيحه في الاتحاد حتى تتوازن القوى داخل الكونجرس.    حرف التاء"
"Contiguous Zone","المنطقة المتاخمة","أنظر: الامتداد القاري مصطلح يعنى التسليم للدو لة الساحلية بممارسة بعض الاختصاصات أو السلطات على جزء من أعالي البحار يتاخم بحرها الإقليمي أو مياهها الإقليمية، ويسمى المصطلح باللغة العربية تسميات عديدة منها: منطقة الحماية، منطقة الاختصاص، منطقة الأمن، المنطقة الملاصقة، المنطقة المجاورة، المنطقة التكميلية"
"Continental Shelf","الامتداد القاري","هو مصطلح له ترجمات عربية عديدة منها الأفريز القاري ال، رصيف القاري، العتبة القارية، الجرف القاري، الرفرف القاري، سيف القارة، جناح البر، طفطاف البر، الأكمة البرية، حافة القارة. والامتداد القاري هو مصطلح يعني المنطقة البحرية الملحقة والمتصلة والمتاخمة للبحر الإقليمي وللمياه الإقليمية وهي أكثر مناطق البحر صلاحية لنمو الثروة السمكية وأغناها بالصيد، وبشرط ألا يضر استغلال الدولة للامتداد القاري بحرية أعالي البحار ولا تهدد حريات الملاحة والصيد فيه بطريق مباشر أو غير مباشر."
"Contractarian Democracy","الديمقراطية التعاقدية","وهو مصطلح مرادف لمصطلح الديمقراطية ال طائفية ويستخدم لوصف العمليات السياسية في المجتمعات غير المتجانسة أو المتعددة اللغات أو الأجناس ٠"
"Contraction","التقلص","مصطلح يقصد به انخفاض أو تناقص حجم الأسر الممتدة، من حيث عدد الأفراد نتيجة انخفاض الزيادة السكانية في بعض الدول الأوربية مثل الدول الاسكندنافية، وقد يقصد به انخفاض ال حجم أو الوزن النسبي لحزب من الأحزاب أو تنظيم معين نتيجة مواقف أو صراعات أوتمزق داخل الحزب أو التنظيم."
"Contradictions","التناقضات","مصطلح يقصد بع الاختلالات الموجودة بالمجتمع وهي اختلالات تتضخم وتأخذ صورة الصراع إذا لم يتم معالجتها ومعالجة جذورها، وهذا المصطلح أساس فكرة الديمقراطية الجديدة التي أعلنها الزعيم الصيني ماتسي تونج عام ١٩٥٧ م، مؤكدا ً أن التناقضات تنقسم إلى تناقضات عدائية وهي التي تقوم بين الشعب بطبقاته الأربع العمال والفلاحين والمثقفين والبرجوازية الوطنية وبين أعدائه من الرجعيين والامبريالية وأعوانهما، وتناقضات غير عدائية بين الطبقات أو داخل كل طبقة."
"Control & Accountability","الرقابة والمسئولية","الرقابة والمسئولية هما أحد العناصر الهامة لديمقراطية النظام السياسي، مع الانتخاب والإشراف، والرقابة تعني أن هناك رقابة شعبية من النواب لعمل الحكومة، والمسئولية تعني مسئولية الحكومة التضامنية عن أعمالها أمام نواب الشعب."
"Control & Examination","سلطة الرقابة وسلطة الامتحان","و هي سلطات للدولة تسود في التقاليد الصينية وأجهزة الحكم بها منذ القدم بجانب السلطات المعروفة التشريعية والتنفيذية والقضائية."
"Convention","رف الع","العرف هو ما يتعارف الناس على فعله دون ضجر لمدة زمنية طويلة نسبيا، والقاعدة تقول العرف كالقانون يجب الالتزام به) المعروف عرفا كالمشروط شرطا ً (."
"Conventionalism","التقليدية","وهي الحفاظ على القديم أو الموروث دون تجديد جذري،وهو مفهوم اجتماعي إنساني، يقابله في السياسة المحافظة أو الحفاظ على الوضع الراهن ومقاومة الجديد والمستحدث."
"Conversational Engineering","هندسة الحوار","هي الاهتمام من جانب المهندسين بفهم آليات المحادثة والحوار والنقاش العام وتحليل بنيتها ومفرداتها، من أجل الوصول إلى مكوناتها الفنية."
"Conversion Function","الوظائف التحويلية للنظام","وهي تشير إلى العمليات المتعلقة بالتعبير عن المصالح وتجميعها وصنع القرارات والقوانين والسياسات وتطبي. قها"
"Conversion Process","التحويل","التحويل مجرد عملية تشير إلى استيعاب المطالب في أبنية النظام التشريعية والتنفيذية، فالمطالب تمر بعملية تحويل طويلة داخل أبنية النظام قبل أن تخرج في شكل مخرجات."
"Cooperation","التعاون","وهو عملية من عمليات التفاعل المصاحبة لإعداد القرار السياسي، ويعني وجود هدف مشترك يعمل من أجله المواطنون، ويعني أيضا ً وجود اتفاق عام في الأهداف وأن إنجازها لن يلحق خسارة بأي طرف، ويتطلب التعاون التنسيق والتشاور. التعاون المالي لأفريقيا الوسطى التعاون المالي لأفريقيا الوسطى FRC / أنظر فرانك سيفا"
"Cooxistence","التعايش","يقصد به حياة كل الأمم في سلام) تعايش سلمي (لمختلف النظم السياسية مع احتفاظ كل نظام بطابعه، ويعني عدم تدخل دولة في شئون الدول الأخرى، وتعمل جميع الدول على التعاون الدولي وتسهم في إبعاد شبح الحرب عن العالم، وهذ التعايش السلمي ضد مباديء العولمة والقرية الكونية الصغيرة التي لا ينفصل فيها الداخل عن الخارج."
"Copyright","حق التأليف)) الملكية الفكرية والأدبية (","وهو الملكية لكل شيء معنوي كالأعمال الفنية والأدبية والاختراعات وغيرها، وتنظم هذه الملكية بحيث يستفيد منها كل شخص يفيد العالم بثمرة فكره وفنه وإبداعه، ونظمت اتفاقية الجات هذه الحقوق على المستوى الدولي."
"Core- States","دول المركز","وهي دول في الاقتصاد العالمي متقدمة اقت صاديا وسياسيا ً، وتكون مهيمنة على اقتصاديات الدول المختلفة داخل النظام."
"Corporatism","التضامنية المركزية","هو وصف للعملية السياسية التي تعتمد على درجة الوحدة بين الدولة والمصالح، ولقد كان هذا المصطلح يعني أنت بقى الصناعة مملوكة للقطاع الخاص ولكنها تخضع لسيطرة الدولة وتستخدم في خدمة المصالح القومية العليا."
"Corporatist Type Relationship","العالع لاقات ذات الطابع الجماعي","وهي العلاقات المنظمة بين الجماعات المختلفة والحكومة للوصول إلى الهدف المشترك وهو الاستقرار والنمو داخل الدولة، ويظهر هذا التعاون بصورة كبيرة في الديمقراطيات الغربية في إطار التعددية Pluralism."
"Council Of Mutual Economic Assistance","مجلس المساعدة الاقتصادية المتبادلة","أنظر: الكوميكون"
"Coup d,etat","الإنقلاب","وهو استيلاء العسكريين على السلطة الشرعية بواسطة القوة المسلحة وتغيير نظام الحكم بالقوة بدون الرجوع للناخبي) ن بالأسلوب العسكري Military Method (، والسلطة هنا هي الحكومة، أما ما يطيح بالدولة فيسمى ثورة Revolution."
"Creative","التفكير الخلاق","مصطلح يعبر عن كل شيء يحدث ويقضي على القديم المتآكل في سبيل الجديد الواعد."
"Credibility","المصداقية","هي قدرة النظام السياسي على تحقيق وعوده وخططه أمام الجماهير خلال فترة طال أمدها أم قصرت، والمصداقية تسهم في توفير الشرعية والاستقرار في العمل السياسي."
"Creole","خلاسي","هي كلمة تعني أمرين: مول ود من والدين أحدهما أوربي والآخر زنجي، أو شخص من والدين أوربيين ولكنه ولد في أمريكا الوسطى أو جزر الهند الغربية، ومن الم صطلح لغة خلاسية بمعنى خليط من عدة لغات تتبلور لأغراض التفاهم بين إناس لايعرف أحدهم لغة الآخر، كما في المواني."
"Crisis","أزمة","وهي موقف يحدث فيه صراع أو تضارب في الأهداف أو المصالح مما يؤدي إلى حالة من الصدام السياسي أو العسكري."
"Crisis-Management","إدارة الأزمات","إدارة الأزمات ما هي إلا فن التعامل مع الأزمات المختلفة، أي معالجة المشاكل قبل أن تقع، ووضع استراتيجيات لمعالجة المشاكل فور وقوعها حتى يمكن السيطرة عليها أو الحد من آثارها الناجمة عنها وتلافي آثارها الناجمة عنها بعد ذلك."
"Crowd","الحشد","وهو مجموعة من الأفراد أجمعوا على أمر من غير ترتيب سابق، وهم مجموعة حشدت لأمر مقرر سلفا ً كما في الحشود العسكرية، وتمثل الحشود نموذجا ً سلوكيا ً يمكن أن يستجيب الأفراد فيه بطرق غير متوقعة للمؤثرات الجماعية."
"Culpability","تأثيم","هو حكم بالإدانة على فعل تاريخ وخيم العواقب، وفي الغالب تكون الإدانة لأكثر من واحد لأن الإدانة الفردية قد تدل على تسرع في الحكم."
"Cultural Uniformity","التماثل الثقافي","وهو تماثل شكل ومحتوى الثقافة التي تتميز بها الجماعة التي تقيم في منطقة معينة."
"Culture","الثقافة","هي البيئة التي يحيا فيها الإنسان والتي تنتقل من جيل إلى،جيل وتتضمن الأنماط الظاهرة والباطنة من السلوك المكتسب عن طريق الرموز، وتتكون ثقافة أي مجتمع من أفكاره ومعتقداته ولغته وفنونه وقيمه وعاداته وتقاليده وقوانينه وغير ذلك من وسائل حياته ومناشط أفكاره."
"Cybernetics","السبرنطيقا) علم الضبط (","وهو علم الضبط الذي يعلن أن النظام الس ياسي هو نظام اتصال السياسة وسيطرة يقود إلى أهداف محددة مختلفة، كما في القذائف الموجهة Guided Missiles ، أي هو العلم الذي يدرس عمليات التحكم والتوجيه والحركة في الكائنات الحية والذي يستطيع أن يربط بين النظم الحية والنظم التكنولوجية."
"Cyborgenization","سبرجنة البشر","وهو مصطلح مأخوذ من لغة الخيال العلمي مثال للسيبورج Cyborg في روايات الخيال العلمي المرأة البيونيك Bionic Woman وهو يعني تطعيم الحيوي بالصناعي ومزج البشر بالآلة."
"Cyclone / Hurricane / Tornado","إعصار","عاصفة هوجاء تشتد فيها الرياحف تقتلع الأشجار وتضطرب البحار والأنهار وقد تسقط الأمطار العنيفة. إعلان الال حقوق"
"Cynicism","السخرية","هي نظرة المجتمع الدولي للمجتمعات التي تعاني من المشاكل الصعبة لكل من الحرب والفقر والتي تتعرض لأزمات يغلب من الصعب التغلب عليها."
"Decay","انهيار","الانهيار هو الشعور السياسي بفقد النظام لأهم عوامل شرعيته وإقباله على السقوط."
"Decision – Making","صناعة القرار","وهي عملية اتخاذ مختلف القرارات والق وانين في المجتمع ومن يسهم في هذه العملية وكيفية إعداد القرار قبل إصداره، والمستويات المختلفة لاتخاذ القرار ثم تنفيذه."
"Decision-Making Approach","منهج صنع القرار","و هو منهج لدراسة النظم السياسية وينظر إل ى النظام السياسي باعتباره ميكانيزم لصنع القرارات، لأن عملية صنع القرار وظيفة تعرفها كل النظم السياسية سواء أكانت بسيطة أم مركبة أم تقليدية أم حديثة، ديمقراطية أو غير ديمقراطية."
"Decisional Techologies","تكنولوجيا اتخاذ القرار","تكن ولوجيا اتخاذ القرار هي المستلزمات والأدوات التقنية الحديثة التي تساعد الفرد والجماعة على اتخاذ القرار المناسب، وأهم صور تكنولوجيا اتخاذ القرار يكمن في دراسات الجدوى الاقتصادية للمشروعات والتي تنفذها الشركات والمكاتب الاستشارية Consulting Firms باستخدام الأ دوات التكنولوجية المختلفة."
"Decisional Unit","وحدة قرارية","هي أي منظمة داخل المجتمع تكون جزءا من عملية صنع القرار ونشاطها يؤثر ويتأثر بنشاط بقية أجزاء أو وحدات بناء صنع القرار، كالبرلمان مثلا ً."
"Deference","إذعان","هو عملية تهيئة المواطنينل تقبل كل ما يصدر عن النظام السياسي دون مناقشة وإحاطة النظام السياسي بهالة من الوقار والاحترام واستخدام أسلوب تبجيل المؤسسات Dignified Institutions رغم أنها قد لا تملك أي دور يذكر في النظام السياسي."
"Demands","المطالب","وهي قد تكون عامة أو خاصة، والتي يتم التعبير عنها وبلورتها في برامج مبسطة عن طريق جماعات المصالح والأحزاب وقادة الرأي ووسائل الإعلام."
"Democracy","الديمقراطية","هي حكم الشعب أو بمعناها الحرفي كمصطلح أغريقي حكومة الشعب، وتتسع لكل مذهب يقوم على حكم الشعب لنفسه باختياره الحر لحكامه وبخاصة القائمين منهم بالتشريع ثم برقابتهم بعد ذلك، وحكومة الشعب تعني في العالم المعاصر حكومة أغلبية الشعب كنظام متميز عن نظام الحكم الفردي أو حكومة الأقلية، والديمقراطية هي أسلوب حياة في كافة المجالات السياسية والاقتصادية والاجتماعية، وتشمل الحرية بأوسع معانيها."
"Demography","الديموغرافيا","هي علومد راسة التجمعات السكانية من حجمها الإجمالي والتغييرات السكانية ومعدلات الولادة والوفيات والهجرة، والتوزيع البشري على المساحة والتصنيفات السكانية من حيث العمر والمهنة ومكان المعيشة وما إلى ذلك من أمور تخص سكان الأقليم."
"Demonopathy","الديمونوباثيا","وهو مرض نفسي معناه الخ وف والهلع المرضي من الجن أو الشياطين أو المجهول، وهو نوع موروث خيالي، ومن أبسط مظاهره الاعتقاد اليهودي بالخوف منهم وبمعاداة السامية."
"Dependance","التبعية","وهو مصطلح يقصد منه أن تكون دولة تابعة لدولة أو دول أخري بسبب اعتمادها التجاري عليها مما يؤثر على اتجاهاتها الاقتصادية والسياسية، أي الاعتماد على الخارج سواء في التجارة أو التصدير مما يفرض على الدولة علاقات غير متكافئة."
"Depoliticized Democracy","الديمقراطية غير المسيسة","وهي الديمقراطية التي تجمع بين فتور الصراع الديني والأيديولوجي من ناحية، ووجود ائتلافات كبرى لصنع القرار دون المستوى القومي من ناحية أخرى، والنموذج الحي لذلك هو الديمقراطية السويسرية."
"Development","التنمية","أنظر: النمو أنظر النمو"
"Development Of Under-Development","تنمية التخلف","مصطلح يبلور المحور السياسي للفكر الجديد عن المرحلة التي مرت بها معظم بلدان الدول النامية، الدول م ويعني أنه الحديثة الاستقلال ليس في اللحاق بركب الدول الغنية ولكن في التغيير الجوهري لمجمل عملية التنمية من منظور عالمي يطل على الكرة الأرضيةك قرية عالمية واحدة."
"Dialecticalism","ديالكتيكية","الديالكتيكية هي التناقض بين الأشياء وعدم إجراء التوفيق بين فرضيتين متعارضتين من خلال اعتبار أحدا هما على الأقل خاطئة، فالتناقضات يمكن أن تشكل تأكيدا ً Thesis وتأكيدا ً متناقضا ً Anti-Thesis يمكن أن ينبثق عنهما تركيب جديد Synthesis Thesis."
"Differentiation","التباين","التباين مصطلح يعني التفاوت الكبير بين المواقفو، يشير إلى العملية التطورية، وانقسام المجتمع إلى عنصرين على الأقل، بحيث أن كل عنصر يصبح مهتما ً بأداء وظائف معينة، ولا يظهر التباين إلا في حالة وجود أنساق متعددة داخل المجتمع السياسي أو العام."
"Digitization","الرقمنة","الرقمنة من أهم انجازات التكنولوجيا الرقمية للمعلومات وتعني اسقاط الحواجز الفاصلة بين أنساق الرموز المختلفة من نص وص وأصوات وأنغام وصور ثابتة ومتحركة، وتحويل هذه الأنساق إلى سلاسل رقمية قوامها الصفر والواحد، حتى تتواءم مع نظام الإعداد الثنائي أساس عمل الكمبيوتر."
"Diplomacy","دبلوماسية","مصطلح يقصد به الشكل العام للعلاقات بين الدول في الظروف الطبيعية، وكلما زادت قوة ومتانة العلاقات بين دولتين زاد حجم التمثيل الدبلوماسي بينهما، كما توصف الدبلوماسية بأنها الجهود السياسية المختلفة التي تبذل في كافة المجالات من أجل نبذ الصراع وزيادة التعاون بين الدول في كافة المجالات."
"Diplomatic","دبلوماتيك","مصطلح يقصد به علم الكتابات الرسمية أو شبه الرسمية مثل الأوامر والقرارات والمراسيم والاتفاقيات والمراسلات الس ياسية والوثائق الشرعية، فهو باختصار علم الوثائق الدبلوماسية التي هي مصدر أصيل من مصادر كتابة التاريخ."
"Disarmament","نزع السلاح","نزع السلاح هي أحد مهام الأمم المتحدة الواردة في ميثاقها، وتعني حماية البشرية بعد انتاج أسلحة الدمار الشامل من نووي وكيميائي وحربي، ومن ضمن اختصاصات مجلس الأمن نزع السلاح وتنظيم التسليح Regulation Of Armaments لحماية السلم والأمن الدوليين."
"Discourse","خطاب","هو التعبير عن الأفكار بالكلمات، أو محادثة بين طرفين أو أكثر، أو معالجة مكتوبة لموضوع ما، أو حوار أو كلام."
"Discrimination","التمييز والمحاباة","أنظر: التفرقة والاضطهاد"
"Disorder / Dysergy","التفكك","وهو مفهوم عكس النظام، والتفكك يعني عدم وجود طريقة عمل تجمع أفراد المجتمع تحت غطاء سياسي أو اجتماعي واحد، كما يعنى مفهوم التفكك مجموع الظواهر التى تؤدي إلى تحطيم التعاون أو البناء الاجتماعي تحطيما ً كليا ً أو جزئيا ً."
"Distributive Changes","الظواهر التوزيعية المتغيرة","هي ظواهر اجتماعية دينامية كالتغير في السنن الاجتماعية وأساليب الحياة ومعدلات الموال يد والجريمة والزواج وما إلى ذلك، ويمثل هذا النوع من الظواهر مجموعة من الأفعال الفردية العديدة ولا ينطوي على أهداف شعورية جماعية للجماعة."
"Divide And Rule Policy","فرق تسد","فرق تسد ليس مجرد مصطلح فكري ولكنه مبدأ ومثل شائع في عالم السياسة، حيث لابد من اختراق صفوف الأعداء بالتفريق بينهم حتى يمكن احتوائهم والسيطرة عليهم، كما كانت تفعل الحكومة السوفيتية مع الأقليات حيث تبالغ في إظهار خلافاتها الإثينية لتضمن حكمها، ويطبق المثل في مختلف الجماعات صغيرة كانت أو كبيرة."
"Domestic & International Politics","السياسة الداخلية والسياسة الدولية","و هناك فروق واضحة بين السياستين ويتبين هذا الفارق في بناء المؤسسات السياسية وفي التقسيم للأعمال الأكاديمية، ولكن الأولى تبقي محددا ً للسياسة الخارجية، وتظل تستند على الإطار ال قانوني الرسمي للعلاقات داخل الدولة Inter-State Relations ، بينما السياسة الدولية لايمارسها أفراد بصفتهم الشخصية وإنما كممثلين عن الدول والأمم المختلفة، لأن القانون الدولي يعتبر الدول المستقلة Sovereign State وحدها كأشخاص دوليين International Persons."
"Domination","السيطرة","وهي القوة السياسية التي تمارس، في جماعة تشغل مكانا ً محددا ً، بواسطة شخص أو مجموعة أشخاص، بحيث يتحملون المسئولية الخاصة بدعم النظام والتكامل داخل الجماعة بوصفها مجتمعا ً سياسيا ً، وتكون أوامرهم مستندة إلى القوة الشرعية."
"Dynastic States","الدول الأسرية","و هي الدول التي استطاع ملوكها القضاء على الأوضاع الإقطاعية وتكوين الدول الجديدة التي تميزت بالملكية المطلقة والحق الالهي المطلق."
"Dysfunctions","المعوقات الوظيفية للنظام","وهي النتائج التي تقلل من تكيف وتو ازن النسق داخل النظام السياسي، وقد تكون ظاهرة أو كامنة."
"E Pluribus Unum","من الكثير واحد","أنظر: واحد من كثير"
"E Pluribus Unum","واحد من كثير","هو شعار قومي أمريكي أعلنه الكاتب أ. ب. هاريسون عالم الكلاسيكيات في كتابة عن الهوية الثقافية، وهو شعار مرفوع للتعددية الثقافية الأمريكية، وهو شعار يفتقد التراث الكلاسيكي ويختلط بالغ موض، ويدعو للتعدد والتنوع الثقافي والثقافة المتعددة."
"East African Common Services Organization (EACSO)","منظمة الخدمات المشتركة لشرق أفريقيا","هي منظمة موروثة عن اللجنة العليا لشرق أفريقيا في عهد الاستعمار، وهي منظمة أقليمية تقوم بخدمات عديدة تشمل النقل والمواصلات والتعليم العالي والأبحاث ويتحمل مسئوليتها الجماعية رؤساء كينيا وتنجانيقا وأوغندا ويتم تسي ير أعمالها عن طريق إدارة مركزية في نيروبي، وتوسعت لتشمل كل دول الشرق الأفريقي ولكن دورها تقلص نسبيا ً."
"Eastern Question","المسألة الشرقية","هي المسألة الدولية التي نشأت عن تفسخ الإمبراطورية العثمانية في البلقان وشرق البحر المتوسط في نهاية القرن التاسع عشر وتنافس الدول الأوربية على احتلال أجزاء من أراضي هذه الأمبراطورية وتشجيع الشعوب الموجودة تحت لوائها على الاستقلال عنها، مثل الثورة ال عربية على تركيا) ١٨٠٤- ١٨١٣ (م وثورة اليونان عليها) ١٨٢١-١٨٢٩ (م وحرب القرم) ١٩٥٣-١٨٥٦ (م بين تركيا وروسيا والحرب الروسية التركية) ١٨٧٧-١٨٧٨ (م والحرب البلقانية) ١٩١٢-١٩١٣ (م والتي انتهت بتمزق أوصال الأمبراطورية العثمانية في اتفاقية لوزان ١٩٢٣ م والتي تخلت فيها تركيا عن أراضيها غير التركية، منهية بذلك المسألة الشرقية والأمبراطورية العثمانية في وقت واحد."
"Economic Community European (EEC)","المجموعة الأوروبية المشتركة","هي السوق الأوربية المشتركة، وتهتم بالتعاون الاقتصادي والتجاري والقانوني بين مجموعة من الأمم الأوربية بشكل،دائم وهي تحقق مجموعة من التعاون والتنسيق والتكامل في مجا لات الاقتصاد والعملة والتجارة مما أعطاها قوة اقتصادية هائلة واستمر هذا التعاون حتى وصل إلى العملة الأوربية الموحدة اليورو والذي أعطى الدول الأوربية قوة اقتصادية هائلة في مواجهة القوة الاقتصادية الأمريكية."
"Efficiency","الكفاءة","وتعني ظهور الفرد في عمله ووظيفته بدرجة عالية من الإتقان، وأن يكون له انتاجه وفعاليته Effectiveness في كافة المواقف وفي الأمور العاجلة، وهذا المفهوم ينطبق أكثر على القيادات السياسية التي يجب أن يكون هناك تدقيق كفاءة Efficiency Audit لهم سواء من المجالس النيابية المسئولة عن الرقابة أو من الأجهزة المختصة."
"Egaliterianism","المساواة","وهي من أهم القيم في ع المنا المعاصر، وتعبر عنها الفلس فة الاشتراكية بأنها حتمية، حيث تكون الكفاءة هي أهم المعايير التي تحل محل المكانه، في اختيار الأفراد وفي ترقيتهم، والمساواة تعني أن الجميع أمام القانون سواء لا فرق بين فرد أو آخر بسبب اللون أو الأصل أو الجنس، فالجميع يتمتع بح قوق وواجبات متساوية."
"Egypt","مصر","جمهورية مصر العربية تبلغ مساحتها ١٠٠٠٠٢٠ كم ٢ وعدد سكانها حوالي ٧٠ مليون نسمة، وعاصمتها القاهرة، وعملتها الجنيه المصري واللغة الرسمية العربية والمسلمون يشكلون نحو ٩٥ % من السكان، ونظامها السياسي نظام رئاسي يقوم على تعدد حزبي ومجلس نيابي هو مجلس الشعب وعدد مقاعده ٤٥٤ مقعد نيابي، وتقع مصر في الركن الشمالي الشرقي لقارة أفريقيا على ساحل البحر المتوسط والبحر الأحمر وفي قلب العالم العربي وجيرانها ليبيا من الغرب والسودان من الجنوب والبحر الأحمر وفلسطين من الشرق والبحر المتوسط في الشمال، ويجري بها نهر النيل، وبها قناة السويس التي تمثل أهم ممر مائي صناعي في العالم، وبها بحيرة ناصر كأكبر بحيرة صناعية في العالم والسد العالي الذي أختير كأكبر مشروعات تنظيم الري في العالم خلال القرن العشرين، وتتألف مصر من ٢٦ محافظة، وتوجد بمصر أقدم الحضارات البشرية في العالم وهي الحضارة الفرعونية، وشهدت مصر في تاريخها الطويل أحداث هامة منها الاحتلال الأجنبي لها الذ ي لم يستطع تغيير المصريين مثل الحيثيين والهكسوس والفرس والروم حتى فتح عمرو بن العاص مصر ودخلها بالإسلام فأصبحت اللغة العربية اللغة الرسمية والإسلام دين الأغلبية العظمى منذ سنة، ولم يؤثر على ذلك أي احتلال الذي كان آخره الاحتلال البريطاني واستقلت مصر عنه في فبراير ١٩٢٨ م، وقامت ثورة ٢٣ يوليو ١٩٥٢ م لتقضي على الملكية والاستعمار في وقت واحد."
"Einfuchlung","التغلغل","مصطلح يشير إلى القدرة على النفاذ إلى أعماق الأحداث وتفسيرها من داخلها، وتفسير أسبابها ومسبباتها."
"Elections","الانتخابات","هي المظهر الرئيسي للمشاركة السياسية من قبل الشعب لاختيار ممثليهم في المجالس المختلفة عن طريق التصويت، وهي الطريقة الوحيدة لتنفيذ الديمقراطية الليبرالية التمثيلية في ظل تزايد أعداد السكان وعدم إمكانية تطبيق الاجتماع الكامل لأفراد الشعب. ومنها: الانتخابات الدائمة Maintaining Elections وتقوم الانتخابات على فكرة الأصوات الع ادية Normal Vote ، وهي التي يفوز بها الحزب الذي يحصل على أكبر عدد من الأصوات العادية."
"Electorate","الهيئة الانتخابية","وهي عبارة عن تجمع الناخبين الذين لهم حق الإدلاء بأصواتهم في الانتخابات والذين لهم القدرة على اختيار ممثليهم بكل حرية."
"Electronic Mail","البريد الا لكتروني","هو مصطلح وصفي يدل على تنامي القدرة على تبادل المعلومات بكل أنواعها إليكترونيا ً عبر أجهزة الحاسب المرتبطة بشبكات، وكل فرد له عنوانه الاليكتروني الخاص الذي يمكنه استقبال الرسائل والمعلومات المختلفة وإرسال مايريد عبر موقعه."
"Elite Theory","نظرية النخبة أو الصفوة","وهي نظرية النخبة أو الصفوة، وتعلن انقسام المجتمع إلى شريحتين حكام ومحكومين: الحكام أقلية يستأثرون بالسلطة والقوة السياسية والمحكومين أغلبية لا تشارك ولا تؤثر في عملية صنع القرار داخل المج تمع وعليها السمع والطاعة، ومن رواد النظرية: موسكا وباريتو وروبرت مشلز وبرنهام ورايت ميلز.."
"Emanicipation","الرغبة في التحرر","وهو مصطلح يدل عل ى رغبة الشعوب المستعمرة والمستعبدة من قبل دول أخرى للتحرر من سيطرتهم، وهو مقدمة لنمو القومية، مثلما حدث في دول القارة الأفريقية وكذلك أهل المجر عام ١٨٤٨ الذين كانوا عبيدا لأمبراطور النمسا."
"Enclosed And Semi-Enclosed Seas","البحار المغلقة وشبه المغلقة","البحار المغلقة هي البحار التي تكون محاطة كليا ً باليابسة من جميع الجهات دون أن يكون لها منفذ إتصال مع البحر أو المحيط مثل بحر قزوين وبحر آرال في آسيا والبحر الميت في الشام، أما البحار شبه المغلقة فهي البحار التي تحاط باليابسة من كل الجهات ولكنها لها اتصال بالمحيطات أو البحار بممر ملاحي طبيعي مثل البحر الأسود وبحر البلطيق والبحر الأبيض في أوربا وبحر اليابان في آسيا الخ..."
"Encryption Information","تعمية المعلومات","وهي عملية تستخدم للمحافظة على سرية المعلومات عبر الأنترنت وتحول دون الكشف عن محتواها، وهو أسلوب قديم في تورية المعلومات وحجبها للمحافظة على سريتها."
"Enemity","عداء","هو آخر مراحل الصراع السياسي بين دولتين أو مجموعة من الدول، والعداء هو المقدمة الطبيعية للمواجهة العسكرية السافرة والمريرة بحيث تؤدي الحرب إلى تفاقم العداء."
"Enforcement Meachanism","قوة ردع عنيفة","و هي اجراءات انتقامية عنيفة تلجأ إليها بعض الدول من أجل إرهاب الآخرين أو إنذارهم بعدم استخدام القوة ضدها وإلا ستكون الاجراءات الانتقامية منهم في غاية القوة."
"Enlightenment","التنوير)) التوعية (","التنوير مصطلح حديث نسبيا في المجتمعات خلال القرن العشرين، وهو اتجاه اجتماعي سياسي ظهر في ألمانيا في القرن الثامن عشر يحاول مقتنعوه إصلاح نواحي النقص في المجتمع بتغيير سلوكه وسياساته وأسلوب حياته بنشر مباديء الخير والعدل والمعرفة."
"Enlightenment","التوعية","أنظر: التنوير"
"Envirnment","البيئة","البيئة هي المكان الذي يعيش فيه الإنسان وتتكون من التربة والماء والهواء والبشر، أي هي محيط الإنسان الحيوى."
"Epuration","التطهير السياسي","التطهير السياسي يعني التصرف الحاد بما يؤدي إلى إزالة المنافس السياسي، وهذه الإزالة أو الإبعاد الجبري للخصم ظاهرة شيوعية وديكتاتورية تطبق على المعارضة، وقد تكون بالتصفية الجسدية، وقد تكون بإصدار التشريعات لفقدان الخصوم الحقوق السياسية والمدنية ومصادرة آرائهم وكتبهم وممتلكاتهم."
"Equnilbrium","التوازن","يعني أن هناك علاقة متبادلة قوية بين مكونات النظام، بمعنى أن كل تغير يلحق بعنصر معين فإن تغيرات مصاحبة تحدث للعناصر الأخرى، ولا يحدث اختلال لتوازن النسق."
"Esquipulas ٢","اتفاقيةاسكيبولاس الثانية","وهي اتفاقية تم توقيعها في ٧ أغسطس عام ١٩٨٧ م بين خمس دول في أمريكا الوسطى هي كوستاريكا وجواتيمالا وهندوراس والسلفادور ونيكاراجواو، بموجبها تلتزم هذه الدول بالبدء بعملية تحول ديمقراطي وحوار وطني ووقف الصراعات المسلحة وإجراء انتخابات حرة بها، ووافق مجلس الأمن على تشكيل) مجموعة مراقبي الأمم المتحدة في أمريكا الوسطى ONUCA(لمراقبة تنفيذ الجوانب العسكرية للاتفاقية."
"Estuary","لسان","هو وادي في مصب نهر يلتقي عنده ماء النهر العذب مع ماء البحر، ويكون عادة على شكل مثلس قاعدته صغيرة وضلعاه طويلان."
"Et Cetera","قاعدة إلى آخره قاعدة إلى آخره الخالخ)..(..","هي عبارة تضاف إلى جميع قواعد السلوك الاجتماعي لتعني شيئا ً يشبهه) إلا في الحالات المعقولة (، وهي من القواعد الضمنية المسلم بها في معظم جوانب حياتنا."
"Etatism","الدوللة","مصطلح يقصد به التركيز على الدولة وتقديسها وجعلها محور النشاط السياسي والاقتصادي والاجتماعي، وتعلن هذه الأفكار أن الدولة هي الهدف النهائي، وهو هدف ضد القومية."
"Ethical Codes","المواثيق الأخلاقية","و هي مواثيق للحفاظ على آداب وإنسانية المهن المختلفة لعدم إفشاء أسرارها، ويلتزم المسؤ ولون بأداء قسم للحفاظ على الأمانة والأخلاقيات في المهنة، أي أخلاقيات العمل العام، مثل الأطباء والمحامين والصحفيين والوزراء وقادة الرأي وخلافهم."
"Ethics","الأخلاق","وهو تعبير عن قيم المجتمع ومثالياته، أي أنماط السلوك والغايات المطلوبة ويحاول فحصها بطريقة نقدية لاختبار صحتها، مما يؤد ي في النهاية لصياغة قيم جديدة."
"Ethnocentrism","التحيز العنصري","وهو أسلوب البارتهايد، أي التفرقة بين البشر بسبب لونهم أو طبقتهم أو دينهم وع دم منح هذه الفئات حقوقهم المختلفة، والتسلط من فئة اجتماعية ضد الفئة الأخرى، وقد يتم فصل الفئة المتحيز ضدها في منطقة معينة، وعندئذ تسمى التفرقة العنصرية."
"Ethnology","الأثينية","وهي علم تصنيف الأعراق والجنسيات، وهذا العلم يدرس المظاهر المادية والثقافية لشعب من الشعوب أو مجتمع من المجتمعات أو الأقوام البدائية في مختلف الأمكنة والأزمنة، والتي تبرز نتاج الجهد الإنساني للسيطرة على البيئة الطبيعية."
"Excessive Participation","المشاركة المفرطة","وهي المشاركة الشعبية واسعة النطاق التي تعوق صنع القرار والتي تؤدي إلى إدخال تعقيدات عملية فيها واحباطات من شأنها أن تقلل من كفاءة القرار، وقد تخلق ظروفا ً تعكس الرضى أو النزاع ولا تتوافر الأبنية ولا الوسائل التيت ُسهل عملية المشاركة."
"Exclusive Rights","حقوق خالصة","الحقوق الخالصة هي حقوق الدول الشاطئية غير المشروطة في استغلال أو استثمار الثروات الكامنة في مناطق البحار الواقعة في مياهها الإقليمية، ولا يحق لدولة أخرى أن تنازعها أو تسلب منها ذلك، كما يحق للدولة الشا طئية أن تصدر التشريعات المنظمة للصيد في تلك المناطق، فلها الحقوق الكاملة والخالصة في الاستغلال لتلك المناطق."
"Executives","السلطة التنفيذية","و هي السلطة المختصة بتنفيذ القوانين والتسيير اليومي لحياة الناس في الدولة الحديثة، فهي جزء من مؤسسات الدولة وتتكون غالبا ً في الحكومات الرئاسية من الرئيس ورئيس الوزراء وفي الحكومات البرلمانية تتكون من رئيس الوزراء وحكومته، وتضم هذه السلطة مجموعتين رئيسيتين من الناس: الس ياسيون Politicians وهم يكونون الحكومات في الديمقراطيات البرلمانية، والبيروقراطييون Bureaucrats وهم يبقون في مواقعهم بشكل دائم بصرف النظر عن الحزب الحاكم."
"Existentialism","و جودية","الوجودية مذهب سياسي واجتماعي وفلسفي يؤمن به العديد من المفكرين في العالم) أنا أفكر إذت أنا موجود (، يعني تعريف الإنسان بوجوده، وهذا كل شيء، قاد الوجودية السياسية كيرجار دوروط سارتر، ويعلن أن الإنسان له مطلق الخيار في تصرفاته، والوجودق بل الجوهر، والإنسان قد يسعى للحرب فيشقى أو يسعى للسلام فيسعد."
"Factions","أجنحة سياسية","وهي اتجاهات فكرية وسياسية داخل المؤسسات السياسية لتعبر عن اتجاهات فكرية داخل المؤسسة ذاتها."
"False Consciousness","الوعي الم زيفزيف)) الفالصو (","وهو تعبير يطلق على ما يحدث في الانتخابات حيث يختار الفقراء المرشح الغني من أصحاب الياقات البيضاء نتيجة حملته الاعلامية والتي تنشر الوعي الزائف عنه مما يحول الطبقات العمالية إلى جبهته ويحصل على أصواتهم نتيجة الوعي الزائف لديهم. وهو أيضا ً عرف بأنه ي الوعي الذي ينتشر بين طبقة البروليتاريا في المجتمعات الرأسمالية، والذي يبث عن طريق البرجوازية هناك لخدمة مصالحها الاقتصادية بعيدا ً عن حقوق العمال."
"Family Relationships","العلاقات العائلية","هي العلاقات بين أفراد الأسرة الواحدة والتي تساعد على تنفيذ جوهر ول ُب عمليات التنشئة بين أفراد العائلة، وكذلك العلاقات التي تساعد أفراد الأسرة على أن يسيطروا على بعض الأنشطة المهمة، وقد تتضمن هذه العلاقات تنوعا هائلا ً للنشاط السياسي أو المبالاة Political Activity Or Apathy."
"Fascim","الفاشية","هي حركة سياسية حققت نجاحا ً في إيطالياب زعامة موسوليني، ومذهبها إقامة نظام ديكتاتوري غير برلماني يقوم على أساس تمجيد الدولة والعداء للديمقراطية والليبراليةو الاشتراكية، وشعارها) كل شيء للدولة ٠٠ لا شيء ضد الدولة ولا شيء خارج الدولة (. كما أن الفاشية لا يهمها سعادة الفرد واحترام حرياته وكرامته، بل لا يهمها سوى رفع شأن البلاد في الميدان الدولي، ونظامها السياسي يقوم على مجلس نيابي يمثل الحرف والمهن ويرسم السياسة العليا للدولة مجلس الفاشية برئاسة الزعيم."
"Fast Food","الوجبات السريعة","هي مفهوم أمريكي ساد العالم من خلال سرعة إعداد وتناول الأطعمة للتواكب مع سرعة تدفق المعلومات والسرعة في كل شيء، وهو مفهوم يعني التوافق مع الأسواق وسيادة الذوق الأمريكي في سيادة العالم من خلال الشيبسي والهامبورجر والكولا، لأن الأكل لم يعد لمجرد اللذة بل للتزود بالوقود لكي يقوم الجسد بدوره في البيزنس Business أو التسوق Shopping ، وانتشرت تلك الوجبات السريعة من خلال انتشار السلاسل العالمية لأماكن الطعام ومن أشهرها ماكدونالد وكنتاكي وغيرها."
"FBI / Federal Bureau Of Investigation","مكتب التحقيقات)) المباحث ((الفيدرالي","وهو يمثل الإدارة الأمنية على مستوي الولايات المتحدة، ويعتبر الذراع اليمني للأمن القومي الأمريكي."
"Federalism","الفيدرالية","هي أهم صور الكيانات الدولية الناجحة حتى الآن، وهي تعني اتحاد وحدات أو ولايات مستقلة تحت سلطة سياسية واحدة في السياسة الخارجية والدفاع، على أن تبقي باقي السلطات في أيدي الولايات والتي تتمتع بالحكم الذاتي، وينظر إلى الهيكل الاتحادي Federal Structure بأنه يسهم مساهمة كبيرة في الدفاع عن الحرية وحمايتها من ظهور الاستبداد المركزي Central Tyranny ، وأهم النماذج الفيدرالية التي نشاهدها في عالم اليوم الولايات المتحدة ونيجيريا."
"Feed Back Process","التغذية الإسترجاعية","وهي تشير إلى تدفق المعلومات من ال بيئة إلى النظام السياسي عن نتائج أفعاله، أي آثار قراراته وسياساته عند الشعب."
"FifthColumn","الطابور الخامس","مصطلح يرمز إلى مجموعة الجواسيس والخونة من المواطنين والذين يتعاونون مع جيش الاحتلال ضد الوطن وضد جيوش التحرير، ثم صار مصطلحا ً يطلق على سائر الخونة الذين يتعاونون مع المحتلين أو يتجسسون لمصلحة دولة أجنبية."
"Fjord","شرم","يسمى فيورد، وهو عبارة عن خليج صغير طويل ضيق على ساحل البحر أو المحيط جوانبه شديدة الإنحدار."
"Fjord","فيورد / أنظر شرم","   ح رف القاف"
"Flash Back","النكوص إ لى الماضي","هي حالة نفسية تعود بالإنسان إلى الرجوع لحالة الطفولة لاشعوريا ً والقيام بتصرفات طفولية، وهذا يتم في حالة شعور الفرد بعدم الأمان، ويشعر بهذه الحالة أكثر الأفراد الرهائن الذين يقعون في يد الجماعات الإرهابية نتيجة حاجة هؤلاء لعون أسرهم لعقد صفقة لفك احتجازهم فيصابون بحالة نكوص إلى ما يشبه الحالة الطفولية Traumatic Psychological Infantilism أي أنهم أصبحوا يشعرون بالاعتماد على إناس آخرين مثلما يشعر الطفل بالحاجة لأمه، فيضطر بعضهم للتشبه بأسلوب الأطفال ويزداد طواعية وخضوعا وتقربا لمحتجزيه."
"Folksgeist","روح الشعب","مفهوم يبرز من خلال الطابع القومي للشخصية القومية التي تركز على ما يجمع الشعب في إطار الارتباط بالتراث والفلكور والتقاليد والمشاعر السياسية واللغة باعتبارها الوسائل الرئيسية للتعبير عن هذه الروح.    حرف الزين"
"Food And Agriculture Organization (FAO)","منظمة الأغذية والزراعة","منظمة الأغذية والزراعة منظمة متخصصة تا بعة للأمم المتحدة ومقرها الرئيسي في روما..."
"Formal & Symbolic","رسمي ورمزي","وهو نوع من أنواع المشاركة السياسية كما يحدث في انتخابات مجالس السوفيت Sovits في الإتحاد السو فيتي، فالمشاركة هنا تكون شكلية لأصحاب الثقة والكوادر الشيوعية."
"Formal And Institutional","المستوى الرسمي والمؤسسي","هو مستوى من التعامل في العلاقات الدولية يتم بين الدول أو منظماتها الرسمية في إطار التعاون المشترك والاتفاقيات الثنائية، عكس التعامل في المستوى غير الرسمى Informal الذي يتم بين المؤسسات غير الحكومية والمنظمات الأهلية وغيرها دون وجود حكومي."
"Fourteen Points","النقاط الأربعة عشرة","هي النقاط أو الأسس التي أعلنها الرئيس الأمريكي ويلسون عام ١٩١٦ م لتحقيق المصالح الأمريكية، وتضمنت ضرورة الإقلاع عن الدبلوماسية السرية واستبدالها بدبلوماسية مفتوحة وإزالة جميع الحواجز الاقتصادية بين الأمم وإقا مة تنظيم دولي لضمان الاستقلال السياسي والسلامة الأقليمية لجميع الدول وحق تقرير المصير، وغيرها من المباديء."
"Free Market","السوق الحرة","هي السوق المفتوحة في إطار الديمقراطية الليبراليةس ياسيا ً واقتصاد السوق اقتصاديا في الدول الرأسمالية، ويعزو الكثير من المفكرين الرفاهية إلى تطور هذه السوق الحرة، وهي التي يتم فيها البيع والشراء دون أي قيود بالنسبةل لسعر أو المنتج."
"Free Trade Unions","اتحادات عمال حرة","وهي اتحادات للعمال في الدول الشيوعية ظهرت من أجل الدعوة لمزيد من الحريات والحصول على حقوق أكثر للعمال من الأجور وتحسين أوضاع العمل، وقوبلت هذه الاتحادات بإجراءات تعسفية من قبل الحكومات الاشتراكية."
"Free Tribune","منبر حر","هو قسم في الصحف والمجلات الدورية يخصص للمقالات التي تنشر على م سئولية كاتبها دون مسئولية الجريدة."
"Freedom Of Expression","حرية التعبير","وهي أحد الحقوق الهامة في النظام الدولي المعاصر، وتعني حق الفرد في التعبير عن آرائه ومعتقداته دون تدخل وبحرية عبر كافة وسائل الإعلام، ويشمل هذا الحق حرية البحث عن المعلومات والأ فكار من أي نوع ونقلها بغض النظر عن الحدود، وذلك شفاهة أم كتابة أم طباعة، وسواء كان ذلك في قالب فنى أو بأية وسيلة أخرى يختارها، بشرط ألا يمس الآخرين وفي حدود القانون من أجل الصالح العام."
"Freedom Of Fishing","حرية الصيد","وهي حرية لكل الدول في الصيد في أعالي البحار طبقا ً لما نصت عليه اتفاقية جنيف لعام ١٩٥٨ م بشأن أعالي البحار، وأعالي البحار أي المناطق التي لا تقع ضمن المياه الأقليمية لأية دولة."
"Freedom Of Flay Over The High Seas","حرية الطيران فوق أعالي البحار","وهي حرية لكل الدول في تحليق طائراتها المختلفة فوق أعالي البحار طبقا ً لما نصت عليه اتفاقية جنيف لعام ١٩٥٨ م بشأن أعالي البحار، وأعالي الب حار أي المناطق التي لا تقع ضمن المياه الأقليمية أو سيادة أية دولة."
"Freedom Of Navigation /  / Mare Liberum","حرية الملاحة في البحار","هي سياسة عالمية طبقا للقانون الدولي للبحار بحرية الملاحة لجميع الدول عبر المياه الدولية، وخصوصا ً لو كانت هذه الملاحة خارج المياه الإقليمية للدول المختلفة، وهو حق تاريخي للدول منذ قيام هولندا بتأمين هذا الحق عام ١٦٠٩ م لتأمين حركة أسطولها الملاحي الضخم بصفتها أول قوة تجارية كبري تجوب عبر البحار في العالم الحديث."
"Freedom Of The High Seas","حرية أعالي البحار","هو مبدأ من مباديء القانون الدولي المستقر منذ زمن طويل في زمن السلم، وتعنى حرية أعالي البحار عدم خضوعها لسيادة دولة معينة وتأكيد حق جميع الدول الساحلية منها وغير الساحلية في استعمالها بواسطة سفنها للملاحة الدولية والمواصلات واستغلال ما بها من ثروات حية وغير حية، وهذه الحرية تشمل حرية الملاحة وحرية الصيد وحرية مد الأسلاك والأنابيب البحرية وحرية الطيران فوق أعالي البحار."
"Freedom With Leadership","الحرية ذات الهدف","مصطلح أعلنه ماوتسي تونج الزع يم الصيني لمفهوم الحريات كنقيض للفوضي، مؤكدا ً أنها الإطار الدستوري لديكتاتورية الشعب وحدودها كضمان للحريات."
"Frontier","تخوم","التخوم مصطلح يعني المواني البحريةو، هي كلمة عربية مشتقة من المفهوم "" إلى الأمام "" In Front بوصفه الواجهة المتقدمة لحضارة ما، فهي أي نقطة في اتجاه خارج الحدود بما فيها القلاع والحصون التي تحمي الحدود Boundaries المشتقة من كلمة الأطراف Bounds ، أي أنها منطقة تواصل بين النطاقين الجغرافيين، فالتخوم هي تلك المساحة الواقعة بين كيانين اجتماعيين مختلفين."
"Fulbright Resolution","فولبرايت)) مشروع (","وهو مشروع مقدم من وليام فولبرايت وافق مجلس النواب الأمريكي عليه في نهاية سبتمبر ١٩٤٣ م يؤيد إنشاء آلية عالمية جديدة لحفظ السلم والأمن الدوليين ومشا ركة الولايات المتحدة فيها بعد انتهاء الحرب العالمية الثانية."
"Fulton Committee","لجنة فولتون","هي لجنة بريطانية انتقدت في تقريرها عام ١٩٦٩ م الخلفية الضحلة للمجندين للخدمة المدنية وإهمال المتخصصين الأكفاء، وذلك لمقاومة ال تحيز الحزبي البريطاني في توزيع الأماكن القيادية في إدارات الخدمة المدنية."
"Function","الوظيفية","وهي مفهوم حركة فكرية شاملة، ويعتبر مرادفا ً لمصطلح الاستخدام Use ، وهي أداة تحليلية تحدد لنا ما يجب أن نب حث عنه وتقدم لنا تفسير لنشاط التنظيمات السياسية من حيث تأثيرها وتأثرها بالأنساق الأخرى."
"Functional Commissions","اللجان الوظيفية)) لجان العمل (","وهي لجان العمل بالأمم الم تحدة مثل لجنة الإحصاء ولجنة السكان ولجنة التنمية الاجتماعية ولجنة حقوق الإنسان ولجنة وضع المرأة ولجنة المخدرات واللجان الفرعية لها."
"Game Theory","نظرية اللعب","هي نظرية المباريات أيضا ً، وهي نظرية مشتقة من الاقتصاد والرياضيات، وفي بعض الحالات والأوضاع المحددة يبدو أنه الأفضل كنموذج تنبؤي Predictive Model ، لأنه يهتم بالاسترتيجيات التي يتبعها اللاعبون سواء أكانوا أفرادا ً أم جماعات أم دول، لتعظيم مكاسبهم السياسية وتقليل خساراتهم في حالات الصراع مع الآخرين. نظرية المباريات / أنظر نظرية اللعب."
"GATT","الاتفاقية العامة الخاصة بالتعرفة والتنمية","أنظر: الجات General Agreement On Tariffs And Trade (GATT)"
"GATT General Agreement Of Tariffs And Trade","الجات الجات)) الإتفا قية العامة للتعريفات الجمركية والتجارة (","هي اتفاقية دولية أو معاهدة دولية متعددة الأطراف وقعتها ٨٦ دولة في عام ١٩٤٨ م، وتم عقد ٧ جولات أخري من المفاوضات، حول تحرير التجارة العالمية وبها شق حماية الملكية الفكرية لكافة المنتجات في مختلف أنحاء العالم، وتمت هذه الاتفاقية من خلال مفاوضات شاقة انتهت إلى ضرورة رفع الحواجز المختلفة أمام انتقال وتدفق السلع بين مختلف البلدان، وأهمها الحواجز الجمركية، وكذلك نشر مفهوم التجارة الحرة لمواجهة مبدأ الحمائية الذي ساد في القرن الماضي،وذلك من أجل رفاهية البشرية في ظل عالم القرية الواحدة."
"Gaullism","الديجولية","حركة سياسية في فرنسا قادها شارل ديجول، رفضت الاحتلال الألماني لفرنسا معارضة حكومة فيشي التي وقعت ش روط الاستسلام لهتلر، واستمرت بعد الحرب العالمية الثانية، وتتصف هذه الحركة بالوطنية المفرطة لفرنسا."
"Gaza Strip","قطاع غزة","أنظر: فلسطين Palestine"
"Gender & Development","الجندر والتنمية","هو شعار لمؤتمرات الاهتمام بالمرأة في أنحاء العالم في الفترة الماضية من خلال عصر العولمة، ويهدف إلى الاهتمام البالغ بتنمية المرأة وم شاركتها في عجلة التقدم والنمو والرخاء العالمي من خلال تدريبها وصقلها لتحقيق المساواة الحقيقية مع الرجل في كافة المجالات مما يزيد من معدل الرفاهية في العالم."
"General Assembly","الجمعية العامة للأمم المتحدة","هي الجناح الأساسي للأمم المتحدة مع مجلس الأمن، تضم في عضويتها كل أعضاء الأمم المتحدة ولكل دولة عضو صوت واحد فقط دون تمييز تج، تمع في دورتها العادية في منتصف شهر سبتمبر من كل عام وتستمر اجتماعاتها حتى تنتهي من جدول أعمالها، وتعقد اجتماعات غير عادية للنظر في بعض الموضوعات في حالة طلب مجموعة من الأعضاء ذلك، أو في حالة فشل مجلس الأمن في الاتفاق على قرار في موضوع يمس الأمن والسلام الع المي، مقرها في نيويورك."
"General Opinion","رأي الإجماع","وهو الرأي الذي تتحد فيه كل الأراء الجماعية والفردية وتظهر فيه عقيدة عامة يقف الجميع خلفها، كما يقصد به الرأي المستقر الذي ظهر في الماضي نتيجة العادات والتقالبد ويستمر على مر السنين دون أن يوجه إليه نقد وينتقل من جيل إلى جيل."
"Generalization","تعميم)) تعميمية (","التعميم هو إضفاء صفة العمومية والكلية على الموضوع، والتعميم صعب في العلوم الاجتماعية والسياسة، ولذلك هناك التعميم الاحتمالي Probabilistic Generalization ،وهو أن الغالبية العظمى هم الذين سيوافقون أو سيرفضون وهناك التعميم العالمي الكلي Universal Generalization الذي يعني انتشار التعميم عبر مجتمعات مختلفة في العالم."
"Gestapo","الجستابو","مصطلح يعني الرقابة الجاسوسية الفابية النازية في ألمانيا، وهي أنواع مختلفة من التجسس على المواطنين وغيرهم، وكانت منتشرة في عهد الحكومة النازية في ألمانيا، وكان الابن يتجسس على أبيه وأمه وأهله، وكان الإنسان لا يطمئن على معاشه وحياته، وعرفت في روسيا باسم: الجيبو."
"Ghetto","الجيتو","هو حارة اليهود في كل م دينة أوربية، فلقد استوطن اليهود داخل حدود كل مدينة ولكن ضمن حي خاص بهم بعد أن كانوا يستوطنون خارج المدن،ولا يسمح بالسكن فيه لغير اليهود ويضمن لهم العزلة والانغلاق ولوفي داخل المدن. الجيوبولوتيكا Political Geography / أنظر الجغرافيا السياسية    ح رف الحاء"
"Gheyyo Resident","سكان الجيتو","وهم المجموعات العرقية التي تنغلق على نفسها في بعض المجتمعات وتعيش في مناطق مغلقة يصعب على الأعراق الأخرى اختراقها، ويعانون عادة للإذعان، مثل الجيتو اليهودي في أوربا، وفي أمريكا مثلا كان السود يعيشون كذلك ويتحدثون عن استحواذ الشرطة على كل السلطات ولا يملكون إلا موسيقي الروك التي لا تستطيع أن تفعل شيئا ً أمام الدبابات The Cops Got All The Power..Rock Aint Much Good Against Thanks."
"Gibraltar (GIB )","جبل طارق","هو مضيق استراتيجي هام يربط بين البحر المتوسط والمحيط الأطلنطي، وعرضه نحو سبعة كيلومترات، وهو يقع بين المغرب وأسبانيا ولكنه تحت السيادة البريطانية، سمي بهذا الإسم نسبة للفاتح الإسلامي طارق بن زياد فاتح الأندلس."
"Gieopolitical Codes","المباديء الجيوبولوتيكية","هي مجموعة الفرضيات الإستراتيجية التي تضعها حكومة ما فيما يتعلق بالدول الأخرى في صياغتها لسياستها الخارجية، وتتضمن هذه المباديء الاستراتيجية الإجرائية تقييم المناطق الجغرافية الواقعة وراء حدود الدولة من زاوية أهميتها الإستراتيجية وإمكان أن تصبح يوما ما مصدر تهديد لأمنها، وتشمل أيضا ً تقييما ً للدول المجاورة، وهي تعمل على ثلاثة مستويات ا: لمحلي والأقليمي والعالمي، ويمكن أن نفهمها بوصفها وحدات البناء الأساسية للنظم الجيوبولوتيكية العالمية."
"Glasnost","الجلاسنوست","الجلاسنوست هي سياسة المكاشفة والمصارحة التي أقرها وقام بتنفيذها الزعيم السوفيتي جورباتشوف في الثمانينات من القرن الماضي في دولة الإتحاد السوفيتي السابق."
"Gliechschaltung","النازية وبرنامجها","و النازية ظهرت في ألمانيا في العشرينات، وبرزت كقوة بعد عام ١٩٣٣ م وقادت ألمانيا ودول المحور في الحرب العالمية الثانية ضد الحلفاء، وقضت هزيمة ألمانيا على يد الحلفاء عليها تماما ً، وبرنامجها المعروف يعني التناسق الكامل للمجتمع على أساس إعلاء العنصرية الألمانية، ويدعو للدولة الكلية، والنازية دعوة شمولية."
"Global Negotiations","مفاوضات شاملة","وهي المفاوضات الشاملة هي المفاوضات متعددة الأطراف وموحدة الأهداف والأغراض، والتي تتناول موضوعات متنوعة ورئيسية في عالم الاقتصاد أو السياسة أو التجارة أو الموضوعات الاجتماعية كالسكان والمرأة والطفل، والتي توفر لكل الأطراف حرية أكبر في التعامل والمساومة والتي تكون الطريق لعقد الاتفاقيات المتعددة الأطراف أو الاتفاقيات والمعاهدات الدولية."
"Global Village","القرية العالمية","أنظر: العولمة / ثورة الاتصالات وهي مفهوم ظهر لأول مرة بعد الحرب العالمية الثانية وشعار رفعه مارشال لتضامن العالم لإزالة ما خلفته الحرب من دمار في العالم، وهو يعبر حاليا عن التغييرات التي حدثت في العالم من نمو هائل للتكنولوجيا وخصوصا ً في حقل الاتصالات التي ألغت الحواجز والعوازل الجغرافية والثقافية بين مختلف المجتمعات مما جعل العالم كله بمثابة قرية صغيرة، وخلقت ظاهرة الاتصال الأُممي Transnational Phenomena التي ربطت شعوب العالم بسرعة فائقة، وأسفرت عن تخلي العالم عن فكرة أن الدولة مركز العالم State-Centric Preception"
"Globalist","الرأي الكوني","وهو مصطلح يعني أن العالم مكون من نسيج كثيف من التعاملات والتفاعلات والانتماءات ضمن أنظمة سلوكية إنسانية مترابطة ليست مقتصرة على مجتمع واحد وإنما تتقاطع وتتعارض عبر الحدود بين الدول بشكل قوي"
"Globalization","العولمة أو الكوكبة","مفهوم ومصطلح انتشر في السنوات الأخيرة، فكرته الأساسية ازدياد العلاقات المتبادلة بين الأمم سو اء المتمثلة في تبادل السلع والخدمات، أو في انتقال رؤوس الأموال) الرأسمالية هي ديانة الإنسانية وأن النسبية الفكرية ستكون لها الغلبة على المطلقات الأيدلوجية (، أو في انتشار المعلومات والأفكار وسرعة تدفقها، أو في تأثر أمة بقيم وعادات وتقاليد وقواعد غيرها من الأ،مم وواكب انتشار العولمة الطريق السريع للمعلومات والسموات المفتوحة وانتشار الفضائيات واتفاقية الجات التي ألغت الحواجز الجمركية بين الشعوب والأمم والحماية الفكرية للأعمال والأفكار والمنتجات وسيطرة القيم الغربية الأمريكية على العالم فيما يخص أساسا ً الديمقرا طية وحقوق الإنسان والمجتمع المدني، فالعولمة ماهي إلا رسملة العالم، وتتم السيطرة عليه في ظل هيمنة دول المركز وسيادة النظام العالمي الواحد وبالتالي إضعاف القوميات وإضعاف فكرة السيادة الوطنية وصياغة ثقافة عالمية واحدة تضمحل إلى جوارها الخصوصيات الثقافية، والن مط السائد حاليا هو العولمة الأمريكية بمعنى أمركة العالم وسيادة الأيدلوجية الأمريكية على غيرها من الأيدلوجيات.    حرف الغين"
"Globalization","الكوكبة","أنظر: العولمة"
"Goal Attainment","إنجاز الأهداف","هي عملية منل لنظام الاجتماعي، أي صياغة وتحديد الأولويات بين الغايات التي تحقق بقاء النسق الاجتماعي السياسي، مما يسهم في إحداث التغيير المنشود."
"Gold Jubilee","اليوبيل الذهبي","وهو احتفال خاص يقام بمناسبة مرور خمسين عاما ً على تأسيس أو إنشاء تلك المؤسسة أو الدولة أو قيام الثورة ٠٠ إلخ من المناسبات، وهو في الغالب احتفال دعائي يقصد منه دعم المؤسسة أو النظام القائم من خلال هذه الاحتفاليةو. اليوبيل الفضي Silver Jubilee وهو احتفال خاص يقام بمناسبة مرور خمس وعشرين عاما ً على تأسيس أو إنشاء تلك المؤسسة أو الدولة أو قيام الثورة أو حرب معينة... وهو في الغالب احتفال دعائي يقصد منه دعم المؤسسة أو النظام القائم من خلال هذه الاحتفالية."
"Government","الحكومة","الحكومة كلمة ومصطلح سياسي يستخدم عادة لوصف حكومة اليوم Government Of The Day وهي تضم مجموعة السياسيين الذين يحتلون مناصبهم كأع ضاء للحزب الحاكم."
"Grand Theory","النظرية الكبرى","وهذا المصطلح يتعلق بالنظريات الكبرى البالغة التجريد والتي لا تنطوي على محتوى محدد."
"Green Book","الكتاب الأخضر","وهو كتاب أصدره القائد الليبي معمر القذافي قائد ثورة الفاتح من سبتمبر في ليبيا ويحدد فيه خلاصة فلسفته وأفكاره بخصوص تطوير العالم أجمع وقارة أفريقيا ودو لة ليبيا، وما زال الرئيس الليبي يحاول تنفيذ هذه الأفكار التي نجم عنها تغيير اسم ليبيا إلى الجماهيرية الليبية وتحكمها اللجان الشعبية، وكذلك تحويل منظمة الوحدة الأفريقية إلى الاتحاد الأفريقي.. الخ من أفكار."
"Green Movements","الخضر) حركات (","وهي الحركات السياسية والا جتماعية التي تنادي بالحفاظ على البيئة وصون الطبيعة من كل إساءة بشرية لها، وهذه الحركات حصلت على دور سياسي فعال في معظم دول العالم."
"Gross Domestic Product / GDP","الناتج المحلي","وهو إجمالي الناتج المحلي مصطلح يقصد به قيمة جميع السلع وا لخدمات التي يتم انتاجها محليا ً."
"Gross National Product / GNP","الناتج القومي","إجمالي الناتج القومي مصطلح يعبر عن قيمة جميع السلع والخدمات التي يتم انتاجها محليا ً مضافا ً إليه ما يتم كسبه من خارج البلاد ومطروحا ً منها الدخل الذي يكسبه الأجانب من الناتج المحلي."
"Group Dynamics","ديناميكية الجماعة","وهو مصطلح يقصد به دراسة طبيعة الجماعة والوصول إلى القوانين التي يخضع لها نم والجماعة وعلاقة الجماعة بالأفراد وبالجماعات الأخرى، وقد يقصد بهذا المصطلح طرق تنظيم الجماعة وإدارتها.    حرف الذال"
"Group Of Seven (G- ) ٧","مجموعة السبع","وهي مجموعة تضم أقوي ٧ اقتصاديات في العالم وهي الولايات المتحدة وانجلترا وفرنسا وألمانيا وإيطاليا واليابان وكندا، وانضم إليهم الاتحاد السوفيتي كمراقب."
"Groups Idea","جماجما عات الأفكار","وهي الجماعات التي يتم تشكيلها للدفاع عن فكرة أو أفكار معينة كجماعة المحافظة على آداب المرور وجماعات الحفاظ عن البيئة.... الخ وهناك جماعات ذات مصالح Interest Groups وهي الجماعات التي تدافع عن مصالحها الفئوية وتمثل الوعي السياسي الذا. تي وهناك جماعات الضغط Pressure Groups وهي منظمات تعمل مستقلة عن إرادة أعضائها ولها مصالح سياسية أكيدة، وبعضها قد يكون جماعات مبادئ، ولكن الغالبية العظمى منها جماعات مصالح، ولها صفة الدوام، ولها أنواع سياسية وإنسانية وذات هدف محدد. وهناك جماعات غير رسمية Informal Groups و هي الجماعات غير الحزبية والتي تؤثر في العمل السياسي والاجتماعي، كالأسرة وجماعة النبلاء في بريطانيا Peer Group وزملاء العمل Work Collegues ، وهناك جماعات مرجعية Reference Groups وهي الجماعات التي تؤثر على اتجاهات وسلوك أعضائها وتغرس في عقل الأ عضاء قيما وتصورات ومفاهيم مختلفة. وهناك الجماعات المنظمة Organized Groups وتسمى جماعات الضغط أو الجماعات ذات المصالح Pressure oF Interest Groups ، وهي مؤسسات المجتمع المدني وأهدافها تكون مقصورة على الأمور التي تخدم مصالح جماعتها وأفرادها، وهي لا تملك برنام جا ً سياسيا ً شاملا ً ولا تسعى للوصول للحكم. وهناك جماعة مؤسسية Institutional Group وهي الجماعات التقليدية في كل المجتمعات مثل الأسرة والبرلمان والمنظمات الرسمية سواء أكانت اجتماعية أو سياسية، حكومية أو أهلية. وهناك جماعات الضغط Pressure Groups وهي الجماعات التي تقوم بالضغط على صانعي القرار من أجل تحقيق أهدافهم ومصالحهم والدفاع عن مكتسباتهم. وهناك جماعات المصلحة الأنومية) غير المعيارية (Anomic Interest Groups وهي جماعات غير منظمة بشكل دائم وقد تعبر عن مصالح ومطالب متناقضة وقد تظهر فجأة من خلال المظاهرات والإضراب وأعمال الشغب، وقد تعبر عن الإحباط الشديد لدى فئات مختلفة من المجتمع. وهناك جماعات المصلحة المؤسسية Institutional Interest Groups وهي الجماعات التي لا تتكون بهدف تقديم مطالب أو التأثير على السياسة العامة وإنما بهدف وضع وتنفيذ السياسة العامة للدولة أو المج تمع مثل الجيش أو الشرطة أو الإدارة الحكومية. وهناك الجماعات المنشقة Dissenting Groups وهي الجماعات التي انشقت على الأنظمة الشيوعية خصوصا ً والاشتراكية والديكتاتورية بوجه عام، والتي تطالب بمراعاة الحقوق الإنسانية والدعوة للحرية وإلغاء القيود، وأغلبهم من المث قفين كالكتاب والفنانين والعلماء والرياضيين. وهناك الجماعات المنظمة Oeganized Groups وتسمى جماعات الضغط أو الجماعات ذات المصالح Pressure oF Interest Groups ، وهي مؤسسات المجتمع المدني وأهدافها تكون مقصورة على الأمور التي تخدم مصالح جماعتها وأفرادها، وهي لات ملك برنامجا ً سياسيا ً شاملا ً ولا تسعى للوصول للحكم."
"Growth","النمو","وهو من المفاهيم التي تركز على البعد الدي ناميكي للنظام، أي عمل التغير الذي يصيب النظم بفعل عمليات تتولد في داخل النظم ذاتها أو بفعل الاستجابة لتعديل في الظروف البيئية، ويدل المفهوم على مدي تزايد أو نقص القوة في النظام السياسي، ويتخذ متوسط نصيب الفرد من الناتج القومي العام GNP أو الدخل الفردي مؤشرا ً منفصلا للنمو والتنمية على حد سواء، فالنمو يستخدم كمرادف للتنمية Development."
"Gulf","خليج كبير","الخليج هو جزء من بحر أو محيط يمتد داخل اليابسة ويخترقها مكو نا مجري مائي صالح للاستخدام وبه مياها ً دولية."
"Gulf Co-Operation Council (GCC )","مجلس التعاون الخليجي","هو منظمة إقليمية للتعاون والتنسيق بين دول الخليج الستة وهي: المملكة ال عربية السعودية والكويت والإمارات العربية مان المتحدة وقطر والبحرين وسلطنة ع، وقد أُنشيء هذا المجلس في مايوعام ١٩٨١ م، وتقع أمانة المجلس العامة في مدينة الرياض، وقادة دول المجلس يعقدون اجتماعا ً دوريا بالتناوب بين دول المجلس في شهر ديسمبر من كل عام ويعقدون اج تماعا ً تشاوريا ً آخر في شهر مايو من كل عام، كما أن له لجان متعددة منها اللجنة الاقتصادية والصحية وغيرها ويتشاور الأعضاء لتنسيق سياساتهم الخارجية من خلال مجلس وزراء الخارجية الخليجيين."
"Gulf War","حرب الخليج","لفظ يطلق على الحرب العراقية الإيرانية التي وقعت خلال الفترة من ١٩٨٠- ٠ ١٩٨٨ م، والحرب الثانية وقعت عامي ١٩٩٠ / ١٩٩١ م عندما احتلت العراق الكويت في ٢ أغسطس ١٩٩٠ م ثم قامت قوات التحالف الدولي بقيادة الولايات المتحدة بطردها وتحرير الكويت في ٢٨ فبراير ١٩٩١ م، وحرب الخليج الثالثة دارت منذ ٢٠ مارس ٢٠٠٣ م بعد قيام القوات الأمريكية البريطانية بغزو العراق للبحث عن عن أسلحة الدمار الشامل وإحلال الديمقراطية فيها وإسقاط صدام."
"Gunboat Diplomacy","دبلوماسية الزوارق الحربية","دبلوماسية الزوارق هي نوع من الدبلوماسية لا تقوم على منطق الحجة ولكن تستند في الواقع على حجم القوة التي تملكها هذه الدولة أو تلك، والتي يمكن أن تهدد الأطراف الأخرى، فتقوم الدولة بتكثيف بوارجها البحرية وحاملات الطائرات والزوارق بغرض التهديد بشن حرب لتحقيق مكاسب دبلوماسية في مفاوضات معينة وبالفعل تحقق أغراضها الدبلوماسية دون قتال، ويعدد العلماء ٢١٥ حادثة وقعت ما بين عامي ١٩٤٥، ١٩٧٦ تم فيها استغلال القوات المسلحة الأمريكية سياسيا ً لتحقيق المصالح الأمريكية دون اللجوء للقتال."
"Gunnar Mrdal","عبارة ميردال","أنظر: الدولة الرخوة"
"Habits","عادات","هي ما يتعود الفرد والمجتمع عليه من سلوكيات يومية في كافة المجالات، وهي نتيجة للتفكير ثم الفعل والذي إذا تكرر أصبح عادة، ومجموعها العادات التي هي أساس للصفات Characters ، وأن العادات مثل الأسلاك حينما تنسج معا ً يصبح من الصعب كسرها، كما أن العادة لها ثلاثة عناصرهي المعرفة والمهارة والرغبة."
"Headwaters","منبع النهر","هو مكان بدء النهر وسريان مياهه، وتمتاز منطقة منبع النهر بالأمطار الغزيرة في وقت من السنة، والمنبع Headstream ذاته مجرى مائي يكون مصدرا ً لمجرى مائي آخر أكبر."
"Hegemony","هيمنة","الهيمنة مصطلح سياسي يعبر عن النفوذ السياسي الذي تمارسه دولة قوية على دولة أخري بقصد تحجيمها عن الساحة الدولية والسيطرة الفعلية) غير الرسمية (على شئونها وسلطاتها وقراراتها وأوضاعها دون الحاجة للاحتلال العسكري لها."
"Heroes And Outsixe Men","أبطال وأفذاذ","هم القادة الذين يصنعون التاريخ الحديث ويؤثرون على مجراه من خلال السلم والحرب والاقتصاد والصناعة وغيرها من المجالات، فهم الذين ساهموا في تطور الإنسانية ونموها وسموها الروحي والأخلاقي والقيمي والعقائدي... ويضم ملف الأبطال الأفذاذ مجموعة من القديسين والقادة والمحاربين والعلماء والأدباء والعباقرة والحكماء وغيرهم."
"Heuristic Function","الوظيفة الكشفية أو التوجيهية","وهي وظيفة للنماذجو تعني ببساطة أن النموذج يساعد أو يقود إلى الكشف عن شيء ما."
"Hierarchy","هرمية","وهي التدرج السياسي داخل التنظيمات السياسية مثل الأحزاب ويكون الانتماء والجهد هو الطريق للصعود الهرمي بصرف النظر عن العقائد والعصبيات."
"Hierarchy Of Values","مدرج القيم","وهو أحد أشكال نسق القيم أي التتدرج الهرمي للقيم حسب أهميتها بالنسبة للفرد أو الجماعة، ونسق القيم يأتي من تصور مؤداه أنه لا يمكن دراسة قيمة معينة أو فهمها بمعزل عن القيم الأخرى، أي أن النسق القيمي معناه مجموعة القيم المترابطة التي تنظم سلوك الفرد وتصرفاته، ويعني ترتيب الشخص أو مجت مع ما لقيمه من أكثرها أهمية إلى أقلها أهمية."
"Hieratic","هيراطيقية","هي الهيروغليفية المبسطة، أي الطريقة المختصرة للكتابة في الأغراض العلمية، وهي عبارة عن رموز مبسطة للرموز الهيروغليفية الأصلية، واستمرت تستعمل حتى عام ٨٠٠ قبل الميلاد، وأغلب النقوش على الأحجار والجدران منهذه اللغة."
"Historic Waters","المياه التاريخية","هو حق للدول التي استعملت مناطق بحرية مجاورة لمياهها الأقليمية لمدة طويلة دون معارضة أحد أن تعلن سيادتها على تلك المناطق بحيث يرتب لها هذا الاستعمال الطويل حق أفضلية على موارد هذه المنطقة، وجاء هذا الحقف ي قانون البحار الجديد الذي يحدد الحقوق الدولية في المياه الأقليمية والمناطق التي تجاورها."
"History","التاريخ","التاريخ ما هو إلاهو قصة الحوادث الماضية مع إرجاعها إلى أسبا بها وربطها بنتائجها من جهة وربط بعضها بالبعض الآخر، والتاريخ ينتهي عند اللحظة الحالية، فهو المعمل الطبيعي لتجارب الدول المختلفة، وللعلوم الاجتماعية كلها، ولذلك نهتم بالتاريخ اهتماما ً خاصا ً في عصر العولمة للاستفادة من المعطيات التاريخية في تفسير الأحداث الم عاصرة وتقويمها."
"Home Rule","الحكم الذاتي","هو إعطاء قوات الاحتلال للسكان المحتلين بعض الحريات السياسية في أن يحكموا ذاتهم بأنفسهم من خلال مجالس منتخبة تحكم الشعب محليا ً وليس لها الحق في الدفاع والخارجية، بل تتركز سلطاتها محليا واجتماعيا ً. وهناك حكم ذاتي دستوري Constitutional Autonomy وهو الحكم الذي تتمتع به عادة الجمهوريات الداخلة في اتحاد فيدرالي مثل الاتحاد السوفيتي السابق ويوغسلافيا أو الكونفدرالي مثل الكومنولث البريطاني، وهي جمهوريات تتمتع بجميع السلطات ماعدا الدفاع والخارجية عادة. وهناك الحكم الذاتي المحلى Local Self Government) أنظر سياسة محلية (وهي نظام سياسي وقانوني يقضي بإعطاء بعض السلطات المركزية للوحدات المحلية، والحكم الذاتي يعني إعطاء كل السلطات للإدارة المحلية ماعدا سلطات الدفاع والأمن القومي والعلاقات الخارجية فتبقى في يد السلطة المركزية."
"Homo Caucasicus","القوقازية)) أجناس (","تتكون المجموعة القوقازية من أربعة أجناس هي: الجنس النردي والجنس الألبي وجنس البحر المتوسط وجنس الهندوس، والأجناس الثلاثة الأولىفإنها تحتل ثلاثة نطاقات أفقية من الغرب للشرق بالقارة الأوربية، وتزداد فيها سمرة البشرة والعين والشعر وقصر القامة من الشمال للجنوب أي من الجنس النردي في الشمال إلى جنس البحر المتوسط في الجنوب، أما الجنس الرابع القوقازي فهو جنس الهندوس ضيق الرأس شديد سمار البشرة ولا يختلف كثيرا ً عن جنس البحر المتوسط، والصفات العامة للقوقازي هي الشعر المموج والبشرة التي تتراوح بين البياض والسمرة والرأس فيها الطويل والمتوسط والعريض والفك غير با رز Orthognathous وعظام الخدين غير بارزة والأنف ضيقة والعين مستقيمة والأسنان صغيرة والقامة بين المتوسط وفوق المتوسط."
"Homo Mongoticus","المغولية)) أجناس (","الأجناس المغولية تنقسم إلى ثلاث شعب: المغول الأصليون بشرق آسيا، ومغول الملايو بجزر الهند الشرقية والهنود الحمر بأمريكا، والصفات العامة للأجناس المغولية هي الشعر المست قيم والبشرة الصفراء والرأس العريضة والفك المتوسط البروز Mesognathous وعظام الخدين البارزة والأنف المتوسطة العرض والقامة المتوسطة نحو ١٦٠. سم"
"Homou Aethiopicus","الزنوج)) أجناس (","مجموعة من الشعوب تضم شعبتين رئيسيتين: الزنوج في أفريقيا وبابوا) غينيا الجديدة (وميلانيزيا، والأقزام، والصفات العامة للأجناس الزنجية هي الشعر المجعد أو المفلفل والبشرة السوداء والرأس فهي بين الطويلة والعريضة والفك بارز وعظام الخدين غير بارز والأنف شديد العرض والعين واسعة والأسنان كبيرة. وهناك الزنجية Negretude وهو مصطلح يشير إلى إحساس الشعوب الأفريقية السوداء أو الزنجية، بأنها ذات ميراث ومصير واحد مشترك، ورفض قيم العصر الاستعماري التي احتقرت الثقافات الأصلية لأفريقيا وتمجيد الماضي الأفريقي الفطري الطبيعي الجميل، أي مجابهة عقدة اللون بالفخر والاعتزاز، وحركة الزنوجة أو الزنجية بدأت في باريس في الثلاثينات ع لى يد الشاعر الزنجي أيمي سيزار وهو أحد كبار شعراء الفرنسية.    حرف السين"
"House Of Commons","مجلس العموم البريطاني","وهو المجلس التشريعي والرقابي فيب ريطانيا ويتم اختيار أعضاؤه بالانتخاب الحر المباشر، ويمارس دوره الرقابي والتشريعي."
"House Of Lords","مجلس اللوردات","هو مجلس في بريطانيا، ويعتبر من المؤسسات غير العاملة سياسيا ً Inactive Politically ، ولذا فهو مجلس شرفي لا دور له يذكر في النظام السياسي البريطاني إلا قدرته على تأخير إصدار بعض القرارات والتشريعات القادمة من مجلس العموم."
"House Of Representatives (H.R.)","مجلس النواب الأمريكي","وهو أحد المجلسين في البرلمان الأمريكي، مع مجلس الشيوخ الأمريكي Senate الذي يتكون من شيخين عن كل ولاية حوالي ١٢٠ عضوا ً حاليا ً، وله مهابة أكثر من مجلس النواب الذي يتكون من ٤٣٥ عضوا ً منتخبا ً موزعين وفقا ً لعدد سكان كل ولاية."
"Human Rights","حقوق الإنسان","أنظر: الإعالإع لان العالمي لحقوق الإنسان"
"Hunter College","هنتر كوليج","هو أول مقر للأمم المتحدة في برونكس بنيويورك بالولايات المتحدة، وتم عقد اجتماعات اللجنة التحضيرية فيه لاتخاذ كافة الإجراءات والترتيبات اللازمة لبدء نشاط منظمة الأمم المتحدة بدءا ً من ١٠ يناير ١٩٤٦ م واستمرت تعقد بهذا المكان حتى تم لإنشاء مقر الأمم المتحدة الدائم في أوائل الخمسينات."
"Hyper-Organizers","منظمات المعلومات الفائقة","من مصطلحات عصر المعلومات، وهي التي تقوم بفهرسة المعلومات وتبويبها وتخزينها، ويسبقها آليات البحث الفائق Meta-Search التي تمزج بين البحث بمدخل الموضوع والبحث عن لفظ بعينه أو مجموعة ألفاظ بعينها في متن النصوص، ويعقبها في منظومة المعلومات روبوتات الأرشفة Archive Ccrawlers التي تقوم بأرشفة مواقع الشبكات بصفة دورية."
"Hyperfactualism","فوق الواقعية","هو مفهوم لمدرسة في العلوم السياسية تستند على تكديس كميات ضخمة من المعلومات عن عمل المؤسسة السياسية ومن ثم الوصف المجهد لهذه المؤسسات مع محاولة ضئيلة لتحليل تطورها زمنيا ً أو مقارنتها بالمؤسسات الموازية لها في مناطق أخرى."
"Ideal Type","نمط مثالي","هي الأسلوب الأمثل الذي ينتهجه أغلب أعضاء النظام الاجتماعي، ويخضع له الناس خلال مرحلة تاريخية محددة."
"Idealism","المثالية","وهو مفهوم يعني تطبيق الأفكار الحسنة، ويعلن المثاليون بأن الشخص أو الإنسان شخص كامل وأن مشاكله تنشأ عن عدم كفاءة المؤسسات، ولذلك فلابد من سن تشريعات تكفلت حقيق إصلاح النظام القائم، وأنه يجب تحريم الحرب من خلال التكاتف الدولي، ويؤكد المثاليون دائما ً على المصالح المشتركة للدول وإمكانات الانسجام بينها."
"Identification","التوحد","هي عملية ارتقاء القيم التي يجب أن تسير بالتوازي مع الارتقاء النفسي للطفل، فيكتسب الطفل أ ناه الأعلى Super- Ego بالتوحد مع الوالدين، فيقوم الوالدان بدور ممثلي النظام، فيعلمان الطفل القواعد الأخلاقية والقيم التقليدية والمثل العليا للمجتمع الذي يعيش فيه الطفل، عن طريق زرع سياسة الثواب والعقاب."
"Identity","الهوية","الهوية مشتقة من: من هو ؟، فهي عملية تمييز الفرد لنفسه عن غيره من سماته، والهوية الواضحة هي هوية جواز السفر ال تي تحدد جنسية الفرد وديانته، أما مبدأ الهوية المقصود به أن الموجود هو ذاته أو هو ما هو، فالهوية أن يعرف الشخص جذوره وميوله ويؤكد على انتمائه لهذه الجذور."
"Ideological Beliefs","المعتقدات الأيديولوجية","و هي الإيمان الكامل ببعض المفاهيم والتعاليم المختلفة، وهي تمثل الدوافع التحتية للنشاط السياسي داخل المجتمعات المختلفة."
"Ideologist","المحلل الأيدلوجي","وهو المفكر الذي ينطلق من مقومات أيدلوجية معينة يسلم بها ويجعل منها قاموسه ومنطقه أو أدائه للتفكير التحليلي."
"Ideology","أيدلوجية","تشير الكلمة إلى مجموعة متماسكة من الأفكار والمباديء التي تقدم لنا دليلا ً للعمل وفق هذه الأفكار التي يعتنقها مجموعة من الأفراد، أي أنها ناتج عملية تكوين نسق فكري عام يفسر الطبيعة والمجتمع والفرد ويطبق عليها بصفة دائمة، وتشكل أيدلوجية كل جماعة بيئتها الجغرافية والاجتماعية ومعتقداتها السياسية ونواحي نشاطها، ولذ، فإنها نسق الأفكار والمعتقدات في مجتمع ما، أو الاتجاه الفكري الذي يتبناه الفرد أو المجتمعأو،) الفكر المضلل أو المشوه لوعي الإنسان كما تقول الماركسية (. وهناك أيدلوجية برجوازية Bourgeois Ideology وهي الأيدلوجية التي تسيطر على الثقافة السياسية في الأنظمة الليبرالية للديمقراطية الرأسمالية، فهي عنوان هذه الأنظمة في الثقافة والسياسة.    حرف الباء الباءات الأربعة P – ٤ الباءات الأربعة مصطلح يقصد به مباد يء وإجراءات حماية الأفراد والمنشآت من العمليات الإرهابية الإجرامية عن طريق: التمثل العام Profile وهو التمويه بغير الحقيقة وعدم الإعلان عن الثراء والثروة، والتخطيط Planning وهو الإعداد لخطط أساسية لمواجهة جميع الحالات الطارئة ومنها طرق الهروب من أي مكان والا تصال السريع وخدمات الطواريء، والباء الثالثة هي التنبؤ Prediction وهي الابتعاد عن الروتين القاتل وملاحظة مايجري ومحاولة تغيير بعض الأشياء النمطية باستمرار حتى يمكن هدم تنبؤات المتلصصين بتحركاتك، والباء الرابعة هي الممارسة Practice وهي نوع من التدريب والتعاون مع المرؤوسين في تنفيذ خطط الطوارىء ومواجهة الأزمات، فالجميع أثناء عرض للخطر ولابد أن يكون مستعدا ً العمليات الإرهابية م لمواجهته بالتدريب والممارسة."
"IGAD Partners Forum (IPF )","منتدى شركاء الإيجاد","منتدي شركاء الإيجاد أنشأ في يناير عام ١٩٩٧ م من أجل إضفاء الطابع الرسمي على علاقات دول الإيجاد مع شركاء التنمية مثل الولايات المتحدة الأمريكية وكندا والنمسا وبريطانيا وهولندا والنرويج وبلجيكا وفرنسا والسويد وسويسرا وألمانيا وإيطاليا واليابان، بالإضافة إلى بعض المنظمات الدولية، ويهتم المنتدى بتمويل مشروعات الإيجاد وحل المنازعات في المنطقة."
"Imaginering","هندسة الخيال","هو الواقع الخائلي) الخيالي أو الوهمي (، أي الواقع الذي يمثل ذروة ما وصلت إليه تكنولوجيا المحاكاة الرقمية، وهذه الهندسة تجمع ما بين العلم والفن والتكنولوجيا مستغلة خداع الحواس من أجل إقامة عوالم وهمية من صنع الرموز."
"Imperialism","إمبريالية","الامبريالية مصطلح سياسي وكلمة حديثة الاستعمال نسبيا ً،و هي تعني الرأسمالية الاحتكارية لأنها المرحلة الأخيرة في تطور الرأسمالية، واستخدمت لتعني التعسف في وصف السياسة الخارجية لأمبراطور فرنساو، هذا المصطلح) الامبريالية (قد يقصد يها السياسة العدوانية لدولة تجاه أخرى وتتسم هذه السياسة عادة بعدم المسئولية. ولذا نج، د أنه قد ارتبطت الإمبريالية بالتوسع العدواني لدول المركز. ويقصد بها أيضا ً طموح دولة أو دول نحو الاتساع على حساب الغير ومد نفوذها وسيطرتها، وهذا أقسى أنواع الإستعمار."
"Imperium","إمبراطور","سميات الإمبراطوريات هو رأس وحاكم الدول الكبري الم، مثل الإمبراطورية الرومانية والروسية والنمساوية، وهذه الإمبراطوريات عبارة عن دول كبيرة وقوية ومسيطرة على غيرها من الدول، والإمبراطور هو حاكم مطلق ديكتاتور يحتفظ في يديه بكل السلطات ويشدد قبضته على الحكم) أي هيمنة الإمبراطور السياسية (. وهناك إمبراطوريات عالمية World Empires وهي التي تعبر عن نظام سياسي واحد في إقليم كبير ممتد جغرافيا ً لمساحات واسعة في قارة معينة أو في عدة قارات."
"Independents","المستقلون","وهو اتجاه متزايد في كافة الدول، ويعنى الاستقلال عن الأح زاب وخوض الانتخابات ببرامج فردية مستقلة، ويزداد هذا الاتجاه بين الناخبين الشباب Youngest Voters."
"Individualism","الفردية","هي نظرية سلوكية ونظرية اجتماعية تساعد في تحديد العلة السياسية للحاجات المادية والمعتقدات الأيدلوجية في المجتمع، وتنبع مفاهيم الفردية من ال فرد نفسه، أي القيمة العليا للكائن البشري) أي الفرد (Individual Human Being وأن كل انجاز إنما تقاس قيمته وفائدته للفرد والخير الاجتماعي هو مقدار الخير للفرد والحرية تتحقق بإطلاق الحرية الفردية من الضوابط والقيود المادية والنفسية إلى أكبر حد ممكن."
"Indoctrination","التوعية المذهبية","التوعية المذهبية هي أحد أشكال الاتصال التي تختلف عن التعليم والدعاية، وتهدف إلى تلقين الأفراد نمطا ً معينا ً من العقائد والمذاهب، ولا تعرض سوى البيانات التي تؤيد أفكارا ً أو عقائد أو أيدلوجيات معينة بدلا ً من أن تعرض كل البيانات المتصلة بالموضوع، بحيث تحول بين الفرد وبين القدرة على تقييم هذه الأفكار."
"Inference Theory Of Empathy","نظرية الاستنتاج في التقمص الوجداني","ترى النظرية أن الإنسان يلاحظ سلوكه المادي مباشرة ويربط سلوكه رمز يا بحالته النفسية الداخلية، أي بمشاعره وعواطفه، وتفترض النظرية أن الإنسان لديه معلومات من الدرجة الأولى عن نفسه ومن الدرجة الثانية عن الآخرين، ويطور الإنسان مفهومه عن ذاته Self Concept على أساس ملاحظاته وتفسيراته لسلوكه الخاص."
"Inferiority","الدونية","هو شعور حاول المستعمر خلقه عند الشعوب التي استعمرها بأنها دونه في كل شيء وخصوصا ً في الحكم، وأنها لاتستطيع أن تحكم نفسها أو تدافع عن بلادها وأن هذه الشعوب لايمكن أن تنجح إلا في الرعي والزراعة، وهي نظرة دحضتها الثورات ضد المستعمر."
"Influence","النفوذ","وهو القدرة على حمل الآخرين أن يفعلوا ما نريدهم أن يقوموا به، نفس مفهوم القوة باستثناء العقوبات Sanctions."
"Info-Ethics","أخلاقيات عصر المعلومات","وهي نوع من أخلاقيات تكنولوجيا المعلومات، يقصد بها دقة البيانات، عدم استخدام هذه المعلومات في الإضرار بمصالح الغيرأو التمويه والتنكر عند الحوار، ونزاهة آلات البحث والتصفح والأمانة العلمية، وأن تكون هذه المعلومات لخدمة الإنسانية وغير هادمة للقيم الحضارية والإنسانية وألا تقتحم الخصوصية."
"Infomedia","إنفوميديا","هي المعلوماتية التي نعيشها في العصر الحالي عصر الوسائط المعلوماتية Infomedia Age ، والإنفوميديا يعنى التقارب التكنولوجي بين المعلوماتية والوسائط الإلكترونية، وسيكون المحرك الاقتصادي Economic Engine للاقتصاد العالمي الجديد مكونا ً من صناعات الأنفوميديا وهي الحوسبة والاتصالات والإلكترونيات الاستهلاكية، وشعار عصر الإنفوميديا هو كمبيوتر على كل طاولة قهوة، وهو المرحلة الرابعة من الابتكار التكنولوجي لعصر الحوسبة."
"Information Age","عصر المعلومات","وهو عصر بدءا ً في أوائل العقد الأخير من القرنا من الطريق السريع العشرين ويواكب عصر العولمة بدء للمعلومات، وبه يكون تدفق المعلومات متاحا ً للجميع، وكذلك الفكر العالمي، ومن أنماط فكر عصر المعلومات: فكر ابتكاري Creative ، وفكر مفهومي Conceptual ، وفكر خلافي Controversial ، وفكر تفنيدي Contradictive ، وفكر علمي Scientific ، وفكر منظومي Systematic ، وفكر استشرافي Progressive ، وفكر حدسي Intuitive ، وفكر مبادر Initiative ، وفكر محدد Concrete ، وفكر متواز Concurrent ، وفكر جمعي Collective ، وفكر عولمي Global ، وفكر بدائلي Combinatorial ، وفكر حوسبي Computational ، وفكر تواصلي Communicative ، وفكر توليدي Genterative ، وغيرها من أنماط فكر عصر المعلومات."
"Information Superhighway","الطريق السريع للمعلومات","هو مصطلح يسمى طريق المعلومات فائق السرعة، وكان هو التعبير الرسمي الجديد المتداول عام ١٩٩٣ م، ولكن انتشرت بعده المعلومات وتدفقت عبر شبكات الكومبيوتر وعصر الهواتف المحمولة أو الخلوية، وما نتج عنه من انطلاق الاتصالات لآفاق متقدمة وتبعها عصر السموات المفتوحة وعصر العولمة والكوكبة والقرية الكونية، فالمعلومات لا يستطيع أحد أن يحجبها، وتنتقل بس رعة فائقة وسهولة ويسر بين بلدان العالم."
"Information-Processing System","النظام لمعالجة المعلومات","ينظر للنظام السياسي كنظام لمعالجة المعلومات حينما تكون المهمة الأولى للحكومات هي قيادة وتنسيق الجه ود البشرية نحو الأهداف المرسومة للمجتمع، ويعتبر النظام السياسي نظام ديناميكي حينذاك."
"Infornation Seeking","نظرية التماس المعلومات","تتركز هذه النظرية على سلوك الفرد في بحثه عن المعلومات من مصادر الاتصال المختلفة والتعرف على العوامل التي تؤثر في هذا السلوك، وتستهدف هذه النظرية متلقي الاتصال بدلا من القائم بالاتصال أو الرسالة الاتصالية."
"Infrastructure","هياكل البنية الأساسية","وهي أساس تحقيق البرامج الطموحة للتنمية الإقتصادية، ويقصد بها إنشاء المشرعات التي تخدم عملية النمو الزراعي والصناعي والاجتماعي من طرق المواصلات وتوفير وسائل النقل والاتصالات والصرف الصحي والزراعي وغيرها."
"Initiator And Final Arbiter","المبادر والحكم الأخير","وهو مصطلح سوفيتي عن دور الحزب الشيوعي السوفيتي في العملية السياسية لأنه صاحب القرار في تعيين القيادات وتحديد السياسات."
"Innocent Passage","المرور البريء","هو كل مرور لايضر بسلم الدولة الشاطئية أو بحسن نظامها وأمنها، والذي لايقدم على أي عمل من أعمال تلويث الشاطيء أو تدمير البيئة الشاطئية أو لا يخرج عن مباديء القانون الدولي ولا يظهر أو يستخدم أي سلاح أو لايستهدف جمع معلومات تضر بالدولة الشاطئية أو لايقوم بأي عمل دعائي يستهدف المساس بدفاع الدولة الشاطئية أو بأمنها، والذي لا يقوم بأي عمل من أعمال الصيد. وهناك المرور العابر) الترانزيت (Transit Passage وهو ممارسة حرية الملاحة والتحليق وفق الأحكام الموضوعة لغرض واحد هو العبور المتواصل السريع في المضايق المختلفة بين رقعة من البحار العالية أو منطقة اقتصادية خالصة ورقعة أخرى من البحار العالية أو منطقة اقتصادية خالصة، فهو ليس سوى المرور الحر عبر الم ضايق لكافة السفن والطائرات مع عدم جواز إعاقته."
"Inputs","المدخلات","المدخلات مصطلح سياسي وإعلامي وإداري، فهو مفهوم يتعلق بارتباط النظام بالبيئة، والمدخلات هي الضغوط والتأثيرات التي يتعرض لها النظام السياسي وتدفعه للنشاط والحركة."
"Instrumentalists","الذرائعيين","هم أصحاب مقولة ونظرية أن الفكرة إنما هي وسيلة للعمل وأن فائدتها ونفعيتها تتقرر باعتبار نتائجها.    حرف الراء"
"Integration","التكامل","هي عملية من عمليات النظام الاجتماعي، وهي تعني تأليف مختلف العناصر البنائية في المجتمع والتنسيق بينها على نحو يقضي على احتمالات التوتر وع دم الاختلاف ونبذ الصراعات داخل المجتمع، مما يجعله محافظا ً على وحدته وتوافقه."
"Intellectuals","المثقفون","جماعة اجتماعية متميزة تحمل الأفكار الجديدة وتكتسب أهمية خاصة في المجتمعات الديمقراطية، وتمثل أحد النخب السياسية في البلاد، وهم حملة ثقافة مجتمعاتهم ومفاهيمها الذهنية عن العالم، بصرف النظر عن اتجاهاتهم السياسية."
"Intelligence","استخبارات","هي أسلوب في التفكير السياسي والافتراض السياسي والوقاية لدولة من الدولة، وتمارسها كل الدول بواسطة أجهزة استخباراتية متعددة، وهو يمثل الإنذار الأول المبكر بما يحتمل حدوثه من أفعال خارجة عن القانون وتهدد الدولة وأمنها، ويتطلب وسائل إليكترونية للتصنت والتلصص بغرض الوصول إلى أماكن الإرهاب قبل تحركها."
"Intelligentsia","الأنتلجنسيا","هو مصطلح يعني وجود المثقفين كجماعة محددة داخل المجتمع، ويتمثل هؤلاء المثقفين في النقاد والروائيين والثوريين الذين يحددون معالم الطريق في أي دولة ويتميزون بقوتهم الأيدلوجية والسياسية، وهو لقب أطلق على مثقفي روسيا على وجه الخصوص."
"Intensification","التالت كثيف","هي المرحلة الثالثة من مراحل أي صراع وهي تبدأ عندما تبدأ الاشتباكات عن قصد أو غير قصد، وتسمى هذه المرحلة التصاعد Escalation وفيها يمكن للاشتباكات أن تتسع إلى منطقة أوسع جغرافيا ً ويمكن أم تتورط فيها أطراف جديدة."
"Interdependent Culture","الثقافات الاتكالية","وهو مصطلح يعبر عن ثقافة الشعوب التي يتكل فيها الأفراد بعضهم على البعض الآخر، وتؤكد هذه الثقافات أن أسباب الأشياء والأحداث مصدره العلاقات بين الأشخاص ولا تعتمد على حرية الفرد ومسئوليته عن أفعاله."
"Interest","المصلحة","المصلحة وثيقة الصلة بالقوة، وكل جماعة تحدد مصلحتها بنفسها، والمصلحة ليست هي الرغبة Want ، فمصالح الناس هي التي يقولون أنها مصالحهم Peoples Interests Are What They Say They Are."
"Interest Special","مصلحة خاصة","المصلحة الخاصة مصطلح يطلق على حق الدول الشاطئية في الحفاظ على موارد الثروة الحية الكائنة في منطقة من أعالي البحار مقابلة لشواطئها."
"International","الدولية ال ثالثةثالثة)) الكمنترن (","وهي هيئة دولية من الأحزاب الشيوعية تحت اسم الدولية الثالثة، تكونت عام ١٩١٩ م، وكانت تضم ممثلين لستين دولة."
"International Atomic Energy Agency (IAEA)","الوكالة الدولية للطاقة الذرية","مقرها فيينا وتختص بمراقبة تنفيذ معاهدات الحد من انتشار الأسلحة النووية في العالم، ودورها يقتصر على التفتيش والمراقبة، وترفع تقاريرها لمجلس الأمن الدولي."
"International Bank For Reconstruction And Development (IBRD)","البنك الدولي للإنشاء والتعمير","البنك الدولي للإنشاء والتعمير من إهم المؤسسات الاقتصادية الدولية في عالم اليوم، ولقد أنشيء سنة ١٩٤٧ م على أثر مؤتمر برتون وودز، لتوفير العون المالي والاق تصادي للدول الأعضاء وعلى الأخص للدول النامية لتدعيم وتطوير اقتصادياتها، وأموال البنك من مساهمات الأعضاء ومن أسواق رأس المال الدولية، ويعمل وفق مباديء الأعمال التجارية فيقرض الدول القادرة على خدمة الديون وسدادها."
"International Bill Of Human Rights / The Universal Declaration Of Human Rights","الإعلان العالمي لحقوق الإنسان","وهو إعلان أصدرته الأمم المتحدة في أول دورة للجمعية العامة في ١٠ ديسمبر ١٩٤٨ م بموافقة ٤٨ دولة دون معارضة مع امتناع ٨ دول عن التصويت، ويشتمل الإعلان على ثلاثين مادة تؤصل حرية الإنسان وكرامته وحقوقه المختلفة مع مساواته في الكرامة والحقوق، وكذا الحقوق السياسية والاقتصادية والاجتماعية والثقافية والمدنية والضمان الاج تماعي وحق العمل وأوقات الفراغ والراحة والرعاية الصحية والتعليم وغيرها من الحقوق والحريات الأساسية."
"International Committee Of Baleines (ICB)","لج نة دولية للحوت","وهي لجنة دولية أنشأها مؤتمر واشنطن لتنظيم صيد الحوت وحفظ أنواعه وهذه اللجنة يناط بها الإشراف على تلك الأمور، وقد أُبرمت الاتفاقية المنشئة لهذه اللجنة في ٢ ديسمبر ١٩٤٦ م وصدقت عليها ١٥ دولة منها الو لايات المتحدة والاتحاد السوفيتي."
"International Committee Of The Red Cross (ICRC )","اللجنة الدولية الأولمبية","هي منظمة دولية غير حكومية) مستقلة (تقوم بالإش راف على الحركة الأوليمبية العالمية وتنظيم الدورات الأوليمبية العالمية) كل أربع سنوات بالتوازي مع كأس العالم لكرة القدم أي في السنوات الزوجية التي تفصل بين مواعيد إقامة كأس العالم (وتقام هذه الدورات في إحدى مدن العالم، وكذلك الدورات الأوليمبية الشتوية."
"International Court Of Justice (ICJ)","محكمة العدل الدولية","جهاز مستقل تابع للأمم المتحدة مقره جنيف، وهو الأداة القانونية الرئيسية للأمم المتحدة، وقضاته يختارون من بين رجال القانون الدولي في العالم."
"International Cultivation Analysis","تحليل الإنماء الدولي","هو نوع من التحليل السياسي والمجتمعي يرتبط بالجدل المتعلق بالاستعمار الثقافي الغربي، مثلما يحدث عند تصدير البرامج الثقافية والإعلامية التي تنقل قيما وأيدلوجيات وعادات وسلوكيات تحاول أن تنشيء المجتمعات الأخري عليها وأن تؤثر في التنشئة المجتمعية لهذه المجتمعات لصالح الدولة المنتجة للبرمجيات، وقد يؤدي ذلك لصراع بين الانتاج المستورد والانتاج المحلي في البلدان المت لقية، وتعتمد على نوع الجمهور ودرجة نموه وتطوره ومستويات الإنماء وتغلغل القيم الذاتية للمجتمع في نفوس أبنائه."
"International Détente","الانفراج الدولي","وهي المناخ السياسي الذي ساد العالم في السبعينات والثمانينات من اتفاق القطبين على العديد من الحلول للمشاكل الدولية وابتعادهما عن التصادم، في ع صر نيكسون وكارتر وريجان ومعهم وزير الديبلوماسية كيسنجر، وقد تم توقيع اتفاقيات عديدة بين أمريكا والسوفييت في هذه الفترة وتم عقد لقاءات قمة عديدة بين الطرفين."
"International Law","القانون الدولي","القانون الدولي هو قانون فوق أممي يحدد حقوق الدول وواجباتها بالنسبة للعلاقات المشتركة، وله طبيعة لا مركزية، وهو يعبر عن شرعية Legalism ، ويهدف لحل الصراعات Resolution Of Conflicts ويعتبر القانون الدولي هو العلم الأم Mother Science في العلاقات الدولية، ولذلك يوصف القانون الدولي بأنه أكثر النظم البشرية تكاملا ً The Best Integrated Of All Mother Disciplines."
"International Non-Governmental Organizations(INGO)","المنظمات الدولية غير الحكومية","هي المنظمات الدولية التي تضم أشخاص اعتباريين بصفتهم وبعملهم وبمؤسساتهم وليس عن طريق الدول، وهي هيئات خاصة Private Bodies وتقوم بتنظيم كل شيء مثل المناسبات الرياضية العالمية كالاتحاد الدولي لكرة القدم) الفيفا (واللجنة الأوليمبية الدولية، ومثل المساعدة الطبية Medical Aid كالصليب الأحمر Red Cross والهلال الأحمر، وهذه المنظمات تتخطى الحدود القومية TRANGO أو Transational Non - Governmental Organizations."
"International Order","النظام الدولي","هو الوضع بين الدول التي تكون العالم الذي نعيش فيه) أي العلاقات الدولية التي تسود العالم في وقت ما (، وهو عادة يختلف من زمن لآخر، ولكل حالة من حالات النظام الدولي أعضاء مهيمنين لهم مصالح عليا في هذا النظام وأعض اء هامشيين وقواعد عامة حاكمة لهذا النظام."
"International Organizations","المنظمات الدولية","وهي المنظمات فوق الأممية التي تصل العالم بعضه ببعض عن طريق الاتفاقيات الدولية وهي أكثر المرشحين بروزا ً لتحمل لقب العامل غير الدولة Non-State Actor ، ولقد نمت نموا ً كبيرا ً تعبيرا ً عن عدم الارتياح لعدم وجود حكو مة عالمية Universal Government ، وهناك العديد من هذه المنظمات مثل الأمم المتحدة واليونسكو والبنك الدولي والجات، وهي قادرة على القيام بدور فوق دولي Super National في العالم المعاصر."
"International Relations","العلاقات الدولية","العلاقات الدولية ميدان من ميادين العلوم السياسية يعالج المسائل التي تظهر على المسرح السياسي العالمي، وتحليل طبيعة العلاقات بين دول العالم ووحداته السياسية وتقييم عوامل الصراع والتعاون فيما بين الدول والمناطق والتجمعات السياسية."
"Internet-Ethics","أخلاقيات الإنترنت","وهي أخلاقيات تعني في المقام الأول عدم إقحام الخصوصيات للجميع وعدم استغلال الشبكة في التخابر والاستقطاب والحرص علىبلورة الأفكار من خلال المنتدى الذي أقامته اليونسكو وهو المنتدى الخائلي Virtual Forum ، وكذلك تشجيع صناعة حماية القيم والأخلاق عبر الإنترنت مثل تشجيع استخدام الوسائل الالكترونية للرقابة، وذلك عن طريق برامج احتجاز المعلومات Blocking Software."
"Interview","مقابلة شخصية","يقصد بها مج موعة من الأسئلة أو من وحدات الحديث يوجهها طرف) شخص أو عدة أشخاص (إلى طرف آخر) شخص أو عدة أشخاص كذلك (في موقف مواجهة حسب خطة معينة للحصول على معلومات عن سلوك هذا الطرف الآخر أو سمات شخصيته أو للتأثير في هذا السلوك، ويتم ذلك من خلال مقابلة مباشرة بين الطرفين."
"Iron Law Of Oligarchy","القانون الحديدي للأوليجاركية","وهو افتقاد المنظمات الديمقراطية لنقائها وتنكرها لمبادئها ثلهاوم وتصبح منظمات تحكمها الأقلية، وتنفصل قيادة التنظيم وتستقل عن القاعدة وتعمل لصالحها الخاص."
"Islamic Conference","المؤتمر الإسلامي","منطمة دولية وضعت ميثاقها في جدة بالسعودية خلال شهر يونيو ١٩٧١ م، ومقرها جدة في السعودية، وتهدف إلى تعزيز التضامن الإسلامي ودعم التعاون في المجالات الاقتصادية والثقافية والعلمية والسياسية والدينية بين الدول الأعضاء، وتلعب المنظمة دورا ً بارزا ً في توحيد كلمة البلاد الإسلامية من خلال المؤتمرات الوزارية أو القمة الإسلامية التي تعقد بشكل دوري أو استثنائي إذا اقتضى الأمر."
"Isolationism","زلة الع","ويعني بها سياسيا ً الابتعاد ما أمكن عن الصراع الدولي والوقوف سلبيا ً من العالم الخارجي، وهي سياسة تقف بمقتضاها الدولة بعيدة عن الصراعات الخارجية وتبتعد ما أمكن عن منازعات الغير، وتقصر جهودها على أرض الوطن وحدوده، ولات سير وراء هذه الحدود من أجل مطمع، ولكنها لا تتردد عن التدخل دفاعا ً عن مصالحها إذا وجه هجوم عليها، وأصبح من الصعب في عصر العولمة اللجوء للعزلة في ظل إلغاء الحدود فعليا ً بين الأمم والدول والشعوب وفي ظل السموات المفتوحة وحرية التجارة العالمية."
"Isthmus","برزخ","البرزخ هو شقة من اليابسة تربط بيت كتلتين كبيرتين من الأرض وتحدها المياه من جانبين أيضا ً.."
"Jew (Jewish) Agence","الوكالة اليهودية","هي أصل دولة إسرائيل، ونشأت هذه الوكالة بميثاق عصبة الأمم، وتنظيمها في نطاق انتداب بريطانيا على فلسطين لسنوات طويلة بعد الحرب العالمية الأولى، وساعدت الوكالة على توطين اليهود في فلسطين وعلى قيام دولة إسرائيل عام ١٩٤٨ م، وكانت حلقة اتصال بين صهيوني الداخل وا لعالم الخارجي، فكانت تجلب لهم التبرعات من كافة أنحاء العالم، ومازالت تمارس دورها العالمي لخدمة اليهود والصهاينة."
"Joint Ventures","المشروعات المشتركة","هي المشروعات التي تتم بين الشركات الوطنية وبين شريك أجنبي في المجالات الاقتصادية أو الخدمية، وعادة مايقوم الشريك الأجنبي بتقديم دراسات الجدوى وإدارة المشروع بعد إنشائه، ويمكنه أن يساهم في رأس المال أيضا ً وفي عملية الإنشاءات ذاتها."
"Kidnapping & Ransom (K&R)","الاختطاف والفدية","هو أسلوب يق وم به الإرهابيون المتخصصون في اختطاف فرد أو مجموعة من الأفراد والمساومة عليهم من أجل إطلاق سراحهم مقابل الحصول على مبالغ مالية كبيرة أو التهديد بقتل الرهائن إذا لم يتم تنفيذ مطالب الخاطفين، وتلجأ الجماعات الإرهابية لهذا الأسلوب لتمويل أنشطتها الإرهابية، وقد يكون الاختطاف بقصد الفدية عندما يكون موجها لطفل أو ابن أحد الأثرياء وتقوم بالعملية إحدى العصابات المتخصصة في هذا الأمر."
"Kio Min Tang","كيومنتانج","لفظ يطلق على حزب الشعب الوطني الصيني بعد إعلان الجمهورية.    حرف اللام"
"Kneecapping","تعذيب","عملية التعذيب تتم بواسطة السلطة الأمنية للمجرمين والإرهابيين المقبوض عليهم وكذلك للمعتقلين من الساسة وأعداء النظام وتتم بوسائل غير قا نونية وتتنافى مع حقوق الإنسان، وتتم من أجل إجبارهؤلاء على الاعتراف بجرائمهم والإشارة لأعوانهم، وتتم عملية التعذيب بوسائل تمتهن الكرامة الإنسانية مثل الكي بالنيران واللسعات الكهربائية والعقاب البدني والاعتداء الجنسي والماء البارد في الشتاء وعدم النوم والإها نة اللفظية الخادشة للكرامة والتهديد بالاعتداء على الزوجة والأبناء والآباء وخلاف ذلك من أساليب."
"Knowledge Bases","قواعد المعرفة","وهي المعرفة المتضمنة في النصوص بصورة دقيقة باستخدام أساليب هندسة المعرفة وتتم في صورة قواعد، رياضية أو منطقية أو على هيئة شبكات دلالية Semantic Nets أو مخططات مفاهيمية Conceptual Graphs."
"Kokuryukai","جمعية نهر آمون","أنظر: جمعية التنين الأسود"
"Kondratieff","كوندراتيف","هي عملية نمو الاقتصاد العالمي في شكل دورات متعاقبة، وسميت بهذا الاسم لأن العالم الروسي كوندراتيف هو الذي تحدث عنها وتنسب إليه اليوم خمسون دورة كاملة،لها ودورات كوندراتيف تتألف من مرحلتين واحدة للانتعاش الاقتصادي وأخري للركود الاقتصادي في العالم."
"Ksassebaum Amendement","تعديل كاسيبوم","وهو تعديل في مساهمة الولايات المتحدة في ميزانية الأمم المتحدة، أقره الكونجرس الأمريكي عام ١٩٨٥ م، ويقضي بالتزام الحكومة الأمريكية بدفع ٢٠ % فقط من حصتها في ميزانية الأمم المتحدة والوكالات المتخصصةالتي لا تأخذ بنظام التصويت الترجيحي في مواعيدها المقررة، أما باقي الحصة فتجمد في مخصصات وزارة الخارجية ولا يصرح بدفعها إلا للمنظمة الدولية التيت ُقدم على إصلاحات مالية وإدارية توافق عليها الولايات المتحدة."
"Kulak","الكولاك","وهي جماعات قاومت التغييرات التي حاول الاتحاد السوفيتي احداثها في الثلاثينات حينما قاوموا سياسة زراعية بصورة جماعية."
"Labour Movement","الحركة العمالية","وهي اتحادات ونقابات العمال في كل مكان، وقد تتحول إلى حزب سياسي مثل حزب العمال البريطاني، وهي تؤيد الديمقراطية ولا تعترف بالأساليب النضالية Militancy التي تتبعها الحركات الشيوعية."
"Labour Party","حزب العمال","وهو أحد الأحزاب الرئيسية في بريطانيا ويتبادل السلطة مع حزب المحافظين، ويدعو للتحول العقلاني والانتقال بالطبقات جميعها إلى الاشتراكية، واتصف الحزب بالمرونة Faexibility والتسامح Tolerance واستعادة الحيوية Resilience."
"Laissez Faire","الباب المفتوح)) سياسة (","هي سياسة دعا إليها الاقتصادي آدم سميث في كتابه) ثروات الأمم سنة ١٧٧٦ (م وهي دعوة للتجارة الحرة كأساس للاقتصاديات الكلاسيكية."
"Laissez Faire... Laissez Passez","دعه يعمل دعه يمر","شعار الاقتصاديين والسياسيين الكلاسيك، وهو شعار يدور حول الحرية الاقتصادية، وأطلق كصرخة مدوية ضد أي وجه من وجوه التدخل الحكومي، والحرية هنا تشمل حرية التجارة الداخلية والخارجية وحرية العمل وحرية التعاقد وحرية مزاولة أي نشاط اقتصادي."
"Lake","بحيرة","مسطح مائي كبير تحيط به اليابسة من كل جانب، وقد تكون مياهها عزبة أو مملحة، وقد ترتبط بالبحار بواسطة بوغاز."
"Land Reform / The Agrarians","الإصالإص لاح الزراعي","هو تعديل وتطوير النظام الزراعي في بلد ما، مثل تعديل الملكية أو النظام أو الإنتاج الزراعي، وتطوير المجتمعات الزراعية، وتفتيت الملكيات الكبيرة وإعادة توزيع هذه الأراضي على المزارعين، ومن هذه الدعوات دعوة أنصار الأقليمية الأمريكية الذين دافعوا عن حياة الجنوب الأمريكي ضد التصنيع والتقدم في كتابهم الكلاسيكي) سأتخذ موقعي (الصادر عام ١٩٣٠ م، وقوانين وقرارات الإصلاح الزراعي في مصر عام ١٩٥٢ م عقب ثورة ٢٣ يوليو."
"Landlocked Country","بلد حبيس","البلد الحبيس هي البلاد الداخلية التي لاتطل على البحار أو المحيطات ولا شاطيء لها وتحيط بها بلدان أخري من كل الجهات."
"Large Scale Investments","الاستثمارات الكبرى","هي الاستثمارات في المشروعات العملاقة التي تعتبر مشروعات أساسية سواء أكانت مشروعات اقتصادية كالمجمعات الصناعية للحديد والصلب والألومنيوم وغيرها، أو كانت مشروعات خدمية عملاقة كالماء والصرف الصحي والكهرباء والتي تحتاج، عادة، إلى تمويلات مالية وسلعية ضخمة لتنفيذها."
"Latency","الكِمون","هي عملية من عمليات النظام الاجتماعي،، وتعني تدعيم النمط، وتحقق صيانة واستمرار لأنماط التنظيم الاجتماعي."
"Latin America","أمريكا اللاتينية","أمر يكا اللاتينية هي ذلك الجزء من نصف الكرة الغربي الواقع جنوب الولايات المتحدة ويشمل المكسيك وأمريكا الوسطى وجزر الهند الغربية وأمريكا الجنوبية حيث توجد اللغات الرسمية الآتية: الأسبانية والبرتغالية والفرنسية وهي لغات لاتينية أصلية."
"Laws","القوانين","القوانين ظواهر اجتماعية واضحة بذاتها وذلك من خلال ما تمارسه على أعضاء المجتمع من قهر وإلزام اجتماعي وما تعكسه من قيم اجتماعية محورية في الجماعة الاجتماعية."
"Learning","التعلم","هو مفهوم يعبر عن اكتساب مهارات أو معلومات أو خبرات دون الدخول في المؤسسات التعليمية الرسمية،أي دون الالتحاق بالتعليم النظامي الرسمي، فهو عبارة عن تراكم في الخبرات الحياتية، فهو أسلوب من أساليب التلقي عبر الحياة. وهناك التعليم Education و التعليم من أهم وسائط التنشئة السياسية، فعن طريقه يكتسب الطفل القيم والسلوكيات والولاء للوطن بالإضافة إلى المعرفة، ويستخدم التعليم في غرس عقيدة سياسية Political Doctrination عند الأبناء، ويتم التعليم عن طريق المناهج Syllabuses والأنشطة ودور المعلم والنظام التعليمي ذاته. وهناك تعليم إلزامي Compulsory Education و هو التعليم الذي يلتزم كل مواطن في بلد ما بالحصول عليه طبقا للقانون أو الدستور ومن يخالف توقع عليه الغرامات الم الية المناسبة أي الحد الأدنى من التعليم الذي يجب أن يحصل عليه كل مواطن، وفي مصر تكون المرحلة الإبتدائية والمرحلة الإعدادية بمثابة التعليم الإلزامي لكل المصريين."
"Legal Authority","السلطة القانونية","و هي السلطة التي تقوم على مجموعة عامة مجردة من القواعد القانونية،وهذه القواعد تحدد بوضوح الواجبات والمسئول يات لكل من الحاكم والمحكوم."
"Legitimacy","الشرعية","وهي تصرف الأفراد والمؤسسات السياسية والاجتماعية في المجتمع في إطار القواعد التي حددتها السلطات العامة، أي القواعد ذات الصفة العامة والإلزامية. وهناك شرعية خارجية Extra-Legal و هي الشرعية المستمدة من خارج نطاق الأقليم، مثل اعتر اف المنظمات الدولية أو القوى الكبرى أو بعض محاور العمل الدولي، أو قوات الاحتلال) وهي الشرعية بالقوة العسكرية (وهذا المجال من الشرعية يظل محل شك حتى يتم الاعتراف من قبل الشعب ثم الاعتراف في إطار الإقليم، ومن أمثلة الشرعية الخارجية الشرعية الدولية للصين الوط نية قبل استعادة الصين الشعبية لهذه الشرعية والشرعية الدولية لإسرائيل وغيرها..."
"Levels Of Political Activity","مستويات النشاط السياسي","النشاط السياسي يحدث في مستويات مختلفة داخل المجتمع، من الأسرة والحوار) الأفراد هم قوام هذا المستوى وهو أقل مستويات السياسة (ويليه مستوى السياسة المحلية ثم المستوى الوطني ثم المستوى القومي ثم المستوى الإقليمي وأخيرا ً المستوى الدولي."
"Liberal","الاتجاهات الليبرالية","وهي الاتجاهات التي تدعو إلى تدعيم المشاركة في السلطة عن طريق الاشتراك في الانتخابات والمشاركة الإيجابية في كل المناسبات المختلفة، وتأكيد أولوية الحرية في المجتمع على ما عداها من قيم."
"Liberal Democracy","الديمقراطية الليبرالية","و هي الديمقراطيات التي تقوم على الانتخاب المباشر للنواب ولرئيس مجلس الوزراء وللرئيس من قبل الشعب في مجتمعات تكون فيها الحرية السياسية والاقتصادية هي القيمة العليا، وهي مرتبطة بالنظام الرأسمالي الاقتصادي، وتخفي الحكم الحقيقي للأقلية الرأسمالية."
"Liberalisim","الليبرالية","الليبرالية هي التحررية أو المذهب الفردي، وهي إطار سياسي يصف الحياة السياسية ونظام الحكم في الدول ذات الاقتصاد الصناعي Industrialized Economics الرأسمالية وتسود فيها الحرية كقيمة والتي تأخذ بالمبادى،عليا وتؤكد الحرية الفردية وتقوم على المنافسة الحرة من أجل تحقيق الصالح العام عن طريق الصالح الخاص الفردي."
"Liberty","الحرية","والحرية هي إتاحة الفرصة لجميع الآراء للتعبير عن نفسها، ولها عدة مجالات منها حرية التعبير وحرية الممارسة السياسية وحرية الرأي وتشكيل الأحزاب والحرية الاقتصادية والسياسية وحرية المعتقدات، وغيرها، ولكن المفهوم السائد للحرية أن تفعل ما تشاء بشرط ألا تضر حرية الآخرين."
"Lobbies","لوبي","أنظر جماعات الضغط / واللوبي جماعة ضغط ليس لها إلا مصلحة سي اسية بحتة، وتمارس عادة في الدول الأجنبية لتحقيق مصالح الدولة الأم لأعضاء هذه الجماعات."
"Lobbying","مناورات الأروقة","وهي المناورات التمهيدية التي تقصد التأثير في أعضاء اله يئة التشريعية أو أصحاب صناعة القرار، وذلك عن طريق الاتصال الشخصي المباشر أو الدعاية، وذلك لضمان قبول أو رفض بعض القوانين أو القرارات في مرحلة الإعداد أو الصدور أو التنفيذ."
"Lobbyists","لوبيات","اللوبيات ماهي إلا منظمات الضغط المجتمعي والتي تعمل لصالح أعضائها فقط دون مصالح بقية المجتمع، وكذلك حك ومات الولايات) كما في الولايات المتحدة الأمريكية التي تعمل لصالح مواطنيها على مستوى صناعة السياسة الاتحادية Federal Policy-Making Process ، وتمارس ضغوطا ً متزايدة على صناعة القرار، ومن ذلك ظهور لوبي حكومي داخلي Intergovernmetal Lobby في نهاية حقبة الستينات داخل الولايات المتحدة قام بدور مهم في نظام توز يع العائدات العامة GRS ، وظهر بعد ذلك المنظمات السبعة الكبار Big Seven الذين شكلوا لوبي كبير في أمريكا."
"Logistics","لوجيستي","كلمة لوجيستي أو لوجيستيك تستعمل حديثا عند طلب دولة من دولة أخري تقديم دعم أو تسهيلات لجنودها أثناء المعارك الحربية، وهذا الدعم يكون هام شي دون تدخل في المعارك، أي يكون على شكل تقديم خدمات ومساعدات، وكلمة لوجيستي تعني علم نقل وإطعام وإيواء الجنود في ميدان القتال."
"Loss Of Control","فقدان السيطرة","هو وصف لحالة التبعية للدول الكبري وخصوصا ً في المجال التكنولوجي أو الصناعي، والتي تعني حالة فقد السيطرة على القرارات الرئيسية التي يتم التعاقد عليها وخصوصا ً فيما يتعلق بتوليد وتطويع وتطبيق واستيراد ونشر المعارف التقنية."
"Luddites","اللوطيدس","وهي جماعات بريط انية في القرن التاسع عشر والتي قامت بتحطيم المكائن الجديدة تعبيرا ُ عن عدم الرغبة في تبديل الأيدي العاملة بالماكينات.    حرف الميم"
"Lumpers & Splitters","الربط والحل)) أهلأهل (","هي مصطلحات تدل على تصنيف طريف للمشتغلين بالسياسة وعلم التاريخ أعلنها جاديس عام ١٩٨٢ م، فأهل الربط يضفون النظام والترابط على الماضي، أما أهل الحل يركزون على نقاط الخلاف والتناقض."
"Lutheran Church","الكنيسة البروتستنتية","و هي كنيسة جديدة في العالم المسيحي، أسسها المصلح الديني مارتن لوثر الألماني الذي ع اش في الفترة من ١٤٨٣-١٥٤٦ م، وأتباع هذا المذهب أغلبهم في انجلترا."
"Mac World","عالم ماك","هو مفهوم يعبر عن سيطرة أمريكا على العالم ووصفها بسيدة العالم بسبب قدرتها الكبيرة، فالمفهوم الجديد للقدرة يعلو فوق قدرات وسائل الإعلام والاتص ال والذكاء، وعالم ماك تعني بدقة سيطرة الاحتكارات الإمريكية ومؤسساتها المختلفة على العالم."
"Macluhanism","الماكلوهاتية","وهي النظرية التي وضعها ماكلوهن Macluhan والتي ترى أن وسائل الإعلام لايمكن فصلها عن تكنولوجيا الإعلام لأن طبيعة وسائل الإعلام التي يتصل بها الناس تشكل المجتمعات أكثر مما يشكلها مضمون وسائل الاتصال، ويري أيضا ً أن التاريخ الإنساني يتكون من أربعة مراحل: المرحلة الشفوية، مرحلة كتابة النسخ، مرحلة الطباعة، مرحلة وسائل الإعلام الإلكتروني، فالمضمون عند ماكلوهن لايمكن النظر إليه مستقلا ً عن التكنولوجيا."
"Macro-Studies","الدراسات الكبرى","وهي الدراسات في الاجتماع السياسي التي تتناول التغيير من خلال الت ركيز على: تأثير التحديث في النظم النيابية، وأهمية النظم السياسية المختلفة فيما يتعلق بتفسير أنماط التنمية القومية."
"Magna Charta","الماجنا كارتا","هو العهد الأعظم الذي منحه الملك اإنجليزي جون عام ١٢١٥ م، والتي منحت الحريات للإنجليز، ونقل الإنجليز هذه الحريات من خلال هذه الوثيقة الهامة للعالم أجمع، وتضم الوثيقة مختلف الحريات الشخصية والاجتماعية من حق التصويت والتعبير والحق في الحرية ذاتها لكل الانجليز في كل مكان."
"Magul / Moghul","مغولي","وهو هندي مسلم من أصل منغولي أو تركي أو فارسي، وهم جماعة من البشر أغاروا على العالم الإسلاميو استطاعوا الوصول لبغداد حاضرة العالم الإسلامي ودمروها ولكن قطز وبيبرس هزموهم في عين جالوت فارتدوا على أعقابهم، يسمون أيضا التتار."
"Mainland","اليابسة","اليابسة لفظ يطلق على الأرض الأم أو الأرض التي تكون مكان معيشة البشر."
"Majority Government","حكومة أغلبية","وهي الحكومة التي تفوز بأغلبية مقاعد البرلمان ٥٠) % +١ على الأقل من عدد النواب المنتخبين (في انتخابات،حرة فمثلا ً شكل حزب العمل البريطاني أول حكومة أغلبية بعد الحرب العالمية الثانية لحصوله على هذه النسبة بعد الحرب."
"Manifest","الوظائف الظاهرة","وهي الآثار المباشرة التي يتوقع الأفراد حدو ثها من النظام السياسي. وهناك الوظائف الكامنة Latent وهي النتائج العرضية لعمل النظام السياسي."
"Manifestations","المظاهرات","المظاهرات هي نوع من التعبير السياسي عن الغضب أو التأييد، فيخرج الجمهور صوب الشارع ليعبر عن موقفه، ويتظاهر الجمهور من أجل أهداف سياسية أو اجتماعية أو اقتصادية أو عالمية كمظاهرات الاحتجاج على العولمة أوالاحتجاج على موضوع ما أوللتعبير عن مطالب معينة. والمظاهرات صورة من صور الاجتماع قد تكون سلمية وبيضاء وقد تتسم بالعنف والدم، ومعناها سياسيا ً الصخب، وهي أعمال تتسم بالاحتجاج وقد يتطور هذا الاحتجاج للعنف والدماء وتتحول إلى انتفاضات وثورات."
"Marshall (Plan )","مارشال)) برنامج (","مارشال كان وزيرا ً في حكومة الولايات المتحدة بعد الحرب العالمية الثانية، وقد نادى بضرورة وضع الولايات المتحدة كجمهورية كبري للعال م الجديد، لبرنامج انعاش ومساعدة لعالم ما بعد الحرب العالمية الثانية يعيد إليها انتعاشها الاقتصادي حتى يمكن الاستقرار السياسي، وقد نفذ برنامج مارشال وأصبح يحتذى به في الأزمات الكبرى في العالم."
"Marxism","الماركسية","وهي حركة تعود إلى كارل ماركس الداعية الأول لها والداعي إلى نظرية الطبقة Class Theory ، فالطبقة هي أهم وحدة يمكن من خلالها فهم السياسة، وأن المجتمع الرأسمالي يقوم على البرجوازية، بينما يقوم المجتمع الاشتراكي على طبقة البروليتاريا Proletariat ، والنظرية الماركسية منظومة من الآراء الفلسفية والاقتصادية والا جتماعية والسياسية التي تشكل رؤية متكاملة للعالم، وتقوم أساسا ً على التفسير المادي للتاريخ، ومكونات الماركسية المترابطة عضويا ً فهي: المادية الجدلية والمادية التاريخية والاقتصاد السياسي والشيوعية العلمية وإقامة ديكتاتورية البروليتاريا التي تهدف إلى تصفية اس تغلال الإنسان لأخيه الإنسان."
"Mas Media","الوسائط الإعلامية الجماهيرية","الوسائط الإعلامية والإتصالية الجماهيرية هي الوسائط المتاحة حاليا من فضائيات وتل فزيونات وإعلام جماهيري واسع النطاق عبرالحدود يؤصل لمفهوم القرية الكونية والعولمة."
"Mass","جمهرة","أنظر: حشد وهي مجموعة كبيرة من الناس من مختلف الطبقات الاجتماعية يتجمهرون في مكان ما، ويختلف أفراد الجمهرة في مراكزهم ومهنتهم وثقافتهم وثرواتهم، وقد لا تجتمع الجماهير Unassembled Masses كجمهور العاطلين أو الأجانب أو الطلبة... الخ، وقد تجتمع الجماهير Assembled Masses كجمهور المشاهدين وجمهور المسافرين"
"Mass Customization","وسائط إعلامية حسب طلب الجماهير","هو تعبير لماس يحدثه التلفزيون التفاعلي في عصر ما بعد الوسائط الإعلامية الجماهيرية Mas Media حيث سيتحكم المشاهدون في برامجه م الخاصة وسيكون في مقدورهم تعديل جدول مواعيد البرامج كي يتلائم مع مواعيدهم وأذواقهم الشخصية."
"Mass Movement","الحركة الجماهيرية","وهي أي سلوك تلقائي يحدث على نطاق واسع من قبل عدد كبير من الأفراد نحو هدف مشترك بدون تخطيط أو تنسيق، كالهجرات الجماهيرية والاضطرابات الدينية والسياسية التي تحظى بتأييد تلقائي من الجماهير."
"Mass Participation","المشاركة الجماهيرية","أنظر: المشاركة السياسية أنظر المشاركة السياسية. هي نوع من المشاركة العامة السياسية أو الاجتماعية الواسعة النطاق"
"Mass Political Movements","الحركات السياسية الجماهيرية","وهي الحركات السياسية التي تنامت في القرن التاسع عشر ومثلت تطورا ً في الديمقراطية الليبرالية وأخذ بعض مفكريها يشكك في عناصر هذه النظرية الليبرالية من الرغبة Desirability والإمكانية Possibility وأكدوا أن الرغبة في أن يكون الحكم في يد نخبة محددة من الجماعة Rule By Ellite Groups."
"Mass Society","مجتمع جماهيري","وهو المجتمع الذي تسود بين أعضائه درجة عالية من العزلة والاستقلالية الاجتماعية، والذي يتم فيه عمليات تبادل واسعة بين السلطة والجماهير."
"Material Benefits","المنافع المادية","وهي المنافع التي تعود على ال عاملين في السياسة والحياة العامة من جراء نفوذهم، ولذلك اهتمت التنشئة السياسية الحديثة إلى التأكيد على أن عمل هؤلاء هو تطوعي وتكريس الجهد الجماعي ولا يهدف لمنافع مادية إطلاقا ً."
"Materialism","المادية","تطلق على تأسيس الفكر السياسي وعلى المادية وعلى حاجات الإنسان، وبمقتضاها تصبح المادة والروح ممتزجين، ويسعى المرء للحصول على المنفعة في سبيل نشاطه ورفع روحه، والمذهب المادي والمنطق المادي، بحسب البعض، هو الذي يحرك التاريخ الذي يتطور حسب حاجات البشرية، ويطلق على عصر العولمة الذي نعيش فيه عصر سيادة الماديات على الروحانيات وعلى القيم والأخلاقيات وعلى كل ماعداها من قيم وحاجات. وهناك المادية الفردية Individualistic Materialism وهي الحقيقة التي تسيطر على الاقتصاد الأمريكي، لأنه اقتصاد رأسمالي يقوم علي المادية الفردية، أي تحقيق أكبر منفعة اقتصادية للفرد المواطن ويرتكز على حكومة مقيدة لا تستطيع الاعتداء على الحقوق الفردية أو التجاوز عليها إلا في أضيق الحدود."
"Mc-Carthism","الماكارثية","وهي حركة من حركات الأحزاب اليمينية اهتمت بتناول الضغوط والمشكلات."
"Media Pirates","قراصنة الوسائط الإعلامية","هم الذين يحصلون على البرامج عن طريق نسخها وبالتالي تسويقها بشكل غير قانوني وبدون الحصول على التراخيص اللا،زمة وتبلغ هذه العمليات غير الشرعية مستوى المتحصل من إيرادات نتيجة بيع هذه البرامج."
"Media-Ethics","أخلاقيات الإعلام","و هي أخلاقيات مستحدثة تعني بالكشف عن الحقائق بكل وضوح ودون النظر للأغراض الشخصية، وعدم الكشف عن مصدر الخبر إلا بموافقته، وعدم استغلال حوادث معينة في الإثارة الصحفية، وكذلك عدم الإضرار بمصالح الغير وعدم التدخل في الخصوصيات وعدم تهديد حرية الإنسان، وعدم التعرض لقيم المجتمع وعاداته ومكتسباته من أجل تحقيق نصر إعلامي زائف، وتسمى ميثاق الشرف الإعلامي أو الصحفي."
"Mediation","الوساطة","الوساطة مبدأ حميد في حياتنا المعاصرة، فهي تعنى المساعي الحم يدة لتجنب الحرب، ويعنى بها عموما ً شخص ثالث في التزاع بين طرفين وبموافقتهما لاقتراح حل بفض المنازعات بينهما، ويعنى المصطلح أيضا ً الدراسة الموسعة للمساعي الحميدة، ويسبق التحكيم الذي يكون اجباريا ً عكس الوساطة الاختيارية."
"Medieval Times / Mediaevalism","العصور الوسطى","وهي فترة تاريخية تمتد أكثر من ألف عام، وتعبر عن العصر الذي يتلو الأزمنة القديمة، وتنتهي سياسيا ً بالثورة الفرنسية، وعلميا ً باختراع البخار، وسادت فيها الاعتقادات الخرافية وسيطرة الكنيسة في الغرب، أما في الشرق فكانت هناك نهضة علمية وفكرية كبيرة مثلت الأسس التي بنيت عليها الحضارة الغربية المعاصرة، ويقصد عادة بالمصطلح الميل لما يتصل بنظم أعمال العصور الوسطى أو لكل مايستمر من البقاء في المجتمع من تراث العصور الوسطى."
"Megalomania","جنون العظمة","وهي ظاهرة تصيب بعض الزعماء والعلماء والمفكرين من جراء شهرتهم، فيتخبطون بإص دار قرارات غير مدروسة وتصرفات وسلوكيات متعالية على أقرانهم أو من حولهم."
"Men Genocide","إبادة الجنس البشري","المعنى محاولة إبادة جنس معين في وقت معين، والمعنى يعني قتل البشر دون أي حساب، والمصطلح اللاتيني معناه) الجنس يقتل (ومن أمثلة الإبادة الجماعية ماحدث في مذلبح دير ياسين بفلسطين عام ١٩٤٨ التي قتل فيها ٢٥٤ رجلا وإمرأة وطفلا ً ومذبحة خان يونس عام ١٩٥٦ وقتل فيها ٢٧٥ شخصا ً ومذبحة كفر قاسم والتي قتل فيها ٤٧ شخصا عام ١٩٥٦ م ومذبحة تل الزعتر عام ١٩٧٦ م وقتل فيها ٢٠٠ شخص ومذبحة صابرا وشاتيلا في عام ١٩٨٢ م والتي قتل فيها ٤٠٠٠ ضحية."
"Menials","العبيد","يمثلون أدني الطبقات الاجتماعية في التاريخ، وهم لا يصلحون لعمل يفيد العقيدة الدينية القائمة على تقديم الفداء والقرابين وهم مكرهون على حياة العبودية والرق تحت هيمنة الطبقات الأخري، والعبيد غير موجودين في عالمنا المعاصر الذي ألغى الرق منذ بداية القرن العشرين، ومع تنفيذ المعاهدة الدولية لحقوق الإنسان التي ألغت الرق تماما ً أصبح هؤلاء العبيد أحرارا ً ومواطنين عاديين لهم الحقوق وعليهم الواجبات."
"Mentalist","النظرة الذهنية","مصطلح يعني أن الأفكار أو الصور أو المخطوطات هي علة ما يقع من أفعال، وتعنىف عالية الفكر في ذاته مستقبلا ً، ويمكن التمييز بينها وبين النظرة العقلانية التي تعتمد منهج التفكير العلمي والمنطقي."
"Merchantilism","المذهب التجاري / أنظر المركانتيليي","المذهب المركانتيلي / أنظر المركانتيلي"
"Michigan School","مدرسة ميتشيجن","وهي مدرسة هامة في التحليل السياسي انبثقت عن نظرية السلوك الانتخابي وشكلت أساسا ً لدراسة السلوك الانتخابي البريطاني من عام ١٩٦٤ م ١٩٧٠ م."
"Middle Levels Of Power","المستويات الوسطى للقوة","وهي المستويات التي يظهر فيها تفاعل جماعي للمصالح المتنافسة، وهذه المنافسة تحدث في إطار القرارات التي اتخذتها نخبة القوة Power Elite."
"Military Juntas","الأنظمة العسكرية","وهي الأنظمة السياسية التي تحكم في أعقاب الانقلابات العسكرية بواسطة الجيش أو البوليس، وتسعى للاستمرار في السلطة وتفرض القيود على المشاركة السياسية وترفع شعار ات الوحدة الوطنية وعدم أهمية الأحزاب والوطن أولا ً وقوانين الطواريء وغيرها."
"Missionaries","المبشرون","المبشرون هم دعاة يدعون للدين المسيحي، وبدأ نشاطهم في آسيا وامتد في مختلف أنحاء العالم، ويستغلون الكوارث والفيضانات والمحن والمعان اة ويقدمون المعونة باسم المسيح، وكان المبشرون من أعمدة توطيد الاستعمار في أفريقيا."
"Modern Customs","التقاليد الحديثة","وهي السلوكيات والتصرفات والممارس ات التي تظهر في العصر الحالي ويقلدها الأطفال من خلال مشاهدتهم لها والتي تعبر عن خصائص المجتمع الحديث مثل زي كرة القدمو القبعة الأمريكية وسلوكيات ميكي ماوس وغيرها من السلوكيات."
"Modernism","الحداثة","وهو مصطلح استخدم لوصف ظواهر عديدة في عصور مختلفةو، هو اتجاه عام في الغرب شمل معظم الآداب والفنون، فالحداثة حركة تعمل على حماية عنصر الجمال الشكلي ضد التهديد الذي توجهه العناصر المذهبية الفكرية والاجتماعية والسياسية."
"Modernization","التحديث","ويقصد به الانتقال من المجتمع القديم التقليدي Traditional Society إلى مجتم ع التكنولوجيا الحديثة أو ما يطلق عليه المجتمع الحديث Modern Society ، كما أن التحديث ليس مجرد القدرة على استخدام ما ينتجه الآخرون وإنما هو قدرة المجتمع ككل على التجدد Renewal أي هي التجديد في حياته دون انقطاع حضاري في تاريخه، والتحديث هو عملية تعديل البيئة الاجتماعية والرؤية المعرفية والأخلاقية والبنائية للمجتمع بحيث يصبح العقل هو مصدر المعرفة ويصاحبها نمو الديمقراطية وانتشار التعليم وتزايد تكيف المرء مع القيم."
"Modernization","العصرنة أو المعاصرة","العصرنة أ والمعاصرة مفهوم يعني التقدم الاجتماعي والاقتصادي لجميع القوميات لتناسب روح وفلسفة وعلوم العصر الذي تعيشه، ولابد من التوافق بين الأصالة والمعاصرة."
"Monopoly","احتكار","نظام اقتصادي قائم على الاستئثار بسلعة أو أكثر، وله أثره السياسي الكبير، وعصر العلولمة يشجع على الاحتكار حيث السيادة للأقوى اقتصاديا والموت للأضعف."
"Moral Dilemmas","المعضلات الأخلاقية","وهي القيم أو القضايا الأخلاقية التي تمس ما يسود في المجتمع من مباديء ومثاليات وتقاليد وأعراف، ومن المعضلات الأخلاقية: العقاب الملكية أو الأحقية القانون الحياة الأدوار والجوانب المؤثرة وجدانيا ً الجوانب والأدوار المؤثرة للسلطة انتهاك آداب السلوك واللياقة العدالة الحقيقة أو الصدق الجنس."
"Multi-Media","الوسائط المتعددة","وهي وسائط متعددة على صعيد تكنولوجيا المعلومات تمثل أرضا ً خصبة لدراسة العلاقة بين اللغة وفنون الشكل والموسيقي وكيف تمتزج هذه الأنساق الرمزية مع بعضها البعض وأثر هذا الامتزاج في المتلقى، إنها وسائط علمية تكنولوجية لعصر المعلومات."
"Multi-Media","مالتي ميديا","أنظر: الوسائط المتعددة"
"Multilateral Aid","المساعدات الخارجية المشتركة","هو قيام دولتين أو أكثر بالاتفاق أو التعاهد لتقديم مساعدات مالية أو عينية لدولة أو أكثر من دولة، من تقديم القروض والمنح والخدمات أو المواد الغذائية أو الزراعية أو الخامات أو الخدمات المختلفة، وهي يفترض فيها الجماعية بعكس المساعدات الثنائية Bilateral التي تقدم فيها دولة قروض سهلة) أي بفوائد مخفضة وفترة سماح وتسديد طويل الأجل (، وهبات Grants صغيرة وغيرها من المساعدات بطريقة مباشرة من الدولة للدولة."
"Multinational","الشركات متعددة الجنسية","وهي الشركات العملاقة في عالم اليوم والتي تعمل في أكثر من دولة من دول العالم، والتي تتعدى ميزانياتها المليارات من الدولارات، والتي تحتكر بعض جوانب الانتاج العالمي وخصوصا التكنولوجيا المتقدمة والكمبيوتر والأجهزة الاليكترونية المتقدمة، وقد يطلق عليها الشركات عبر القومية Transnation ، ولها نفوذ سياسي هائل في عالم اليوم على الحكومات والشعوب وعلى السياسة العالمية في كافة المجالات."
"Multipolae System","نظام تعدد القوى","هو نظام دولي توجد به أكثر من قوتين رئيسيتين في النظام الدولي تلعب قرارتها دورا ً مؤثرا ً في مسار الحياة السياسية الدولية بشكل عام."
"Muslim Brotherhood","الإخوان المسلمين","جماعة أنشأها الشيخ حسن البنا عام ١٩٢٩ م في مصر وانتشرت بسرعة في مختلف أنحاء مصر وحلتها الثورة عام ١٩٥٤ م، ومازالت موجودة حتى الآن في العديد من البلدان العربية ولها دور سياسي هام في مصر حاليا ً رغم أنها جماعة محظورة."
"Mutual Veto","الفيتو) الاعتراض ((المتبادل","وهو حق لحماية حقوق الأقلية في الديمقراطيات الطائفية، وهو حق الاعتراض الذي يثير في نفس الوقت خطر طغيان الأقلية، ولكن الفيتو المتبادل يعطى لسائر المجموعات الم مثلة في الائتلاف. ٠"
"N E P A D","نيباد",") مؤتمر تنمية أفريقيا (وهي قمة الشراكة الجديدة لتنمية أفريقيا، والتي أُعلنت خلال القمة الأفريقية الفرنسية التي عقدت في باريس يوم ٩ فبراير ٢٠٠٢ م، والتي نقلها الرئيس الفرنسي إلى اجتماع قمة دول الثماني الصناعية الكبرى في كندا خلال يونيو ٢٠٠٢ م، ويعني مفهوم الشركة الجديدة للتنمية الأفريقية في جوهره المشاركة بين الدول الأفريقية وبعضها البعض وتعاونها من أجل النهوض بقارتهم وأن تكون لقطاعات التكنولوجيا الجديدة والمعلومات والاتصالات والسلام والإدارة الجيدة والاستثمار الأجنبي الأولوية في التنمية."
"Narmalization","التطبيع","التطبيع هو علاقة سوية طبيعية وبندية كاملة بين طرفين، ومعروف عن المصطلح على النطاق الدولي بأنه علاقات دبلوماسية كاملة سياسيا واقتصاديا وشعبيا بين دولتين، ولكن المصطلح استخدم ويستخدم في الشرق الأوسط على التطبيع العربي لعلاقاته الدبلوسية مع إسرائيل نتيجة توقيع اتفاقيات سلام، بينما تعلن إسرائيل أن التطبيع السياسي والاقتصادي بينها وبين الدول العربية هو الشرط الرئيسي لتحقيق السلام في الشرق الأو. سط"
"Nation","الأمة","الأمة تعبر عن شعب معين يرتبط برابطة عرقية معينة ويشترك أفرادة في ماضي وتراث مشترك وآمال واحد ويتحدثون لغة واحدة وقد يدينون بدين واحد ويجمعهم مصير واحد، وقد تكون الدولة مكونة من أكثر من أمة، وقد تنتشر الأمة على أكثر من دولة."
"Nation-state","الدولة القومية","و الدولة القومية ما هي إلا تلك الدولة التي تجمع شتات شعبها وعناصرها العرقية في نظام سياسي واحد وقوي، ولا مانع من وجود ع ناصر عرقية أخري في هذه الدولة."
"Nation-State System","النظام الدولي الأُممي","وهو النظام الدولى العالمي الذي تسمو فيه بعض الأجهزة على الدولة القومية، مثل الكنيسة في الماضي ومجلس الأمن حاليا ً وغير ذلك، فالمجتمع العالمي يتوحد بشكل متواصل."
"National Association For The Advancement Of Colored People (NNAACP)","الرابطة الوطنية لتقدم الملونين","هي رابطة أسسها ديبوا عام ١٩١٠ كامتداد لحركة نياجرا Niagara Movement التي أسسها أيضا عام ١٩٠٥ م في الولايات المتحدة مبديا اهتمامه بالوحدة الأفريقية عن طريق الاهتمام بالمشكلة العنصرية في أمريكا، ويدعو برنامج الرابطة إلى حرية الكلام والنقد وإلغاء جميع الفوارق الطائفية على أساس اللون والعنصر فحسب ومنع احتكار أي طبقة أو عنصر، والإيمان بكرامة العمل."
"National Character","الشخصية القومية","مصطلح يشير إلى الأسس الثابتة والملامح النفسية والثقافية التي تجمع بين أفراد الأمة وتميزه م عن غيرهم."
"National Character","الطابع القومي للشخصية","وهو مصطلح يعبر عن سمات وملامح الشخصية التي ترجع إلى عضوية الفرد في قومية معينة، أو هي تلك النمط من الخصائص السلوكية التي تميز أبناء أمة أو قومية معينة عن أبناء الأمم أو القوميات الأخرى."
"National Home","وطن قومي","الوطن القومي هو مصطلح يقصد به ما تبناه صك الانتداب البريطاني على فلسطين بالمساعدة على إنشاء وطن قومي لليهود في فلسطين طبقا ً لوعد بلفور وبالتالي تحوله ذا الوعد إلى سياسة جماعية في ظل عصبة الأمم مما أضفي عليه شرعية دولية."
"National Integration","التكامل القومي","هو مستوى الولاء القومي حيث ينسى الفرد كل الخلافات الفردية ولا يفكر إلا في الوطن والتكتل خلف إرادة واحدة، وهو أهم مستويات الرابطة السياسية."
"National Minorities","الأقليات القومية","هي مجموعات عرقية تختلف عن الأغلبية في المجتمع، ولكنها تنخرط في القوى السياسية المركبة التي تعمل على المستوى القومي."
"National Salvation","الإنقاذ الوطني","مصطلح يشير إلى مجموعة الوسائل التي تتبعها الدولة للمحافظة على الروح الوطنية والكيان الوطني للشعب ووقايته من الأخطار، ويستخدم رجال السياسة هذا الم صطلح عند الأزمات وعندما تتعرض الدولة للخطر، فيبادر الزعيم بإنقاذها، ومباديء الإنقاذ الوطني فيها خلاص للدولة واستقرار وسلام لها."
"National Security Council (NSC )","مجلس الأمن الوطنى","هو مجلس للحماية الوطنية، أي المعلومات والأنظمة الخاصة بتأمين الوطن ضد أي ته ديد خارجي أو داخلي، وموجود في كل الدول تحت مسميات عديدة، لأنه يمثل جهاز الاستخبارات الوطني، ويسمى في بعض الدول مجلس الدفاع الوطني."
"National Spirit","الروح القومية","هي الروح والانتماء التي تربط أبناء جنس أو عشيرة أو أمة واحدة تجمعها رابطة الدم ووحدة اللغة والدين المشترك والتقاليد المشتركة."
"National-Building","بناء الأمة","بناء الأمة في الدول الجديدة أساسه خلق إحساس عام بالهوية القومية، وشعور غالبية الأفراد بالانتماء للأمة وللنظام السياسي القومي. وهناك بناء الدولة State- Building و هي عملية إقامة المؤسسات والهياكل السياسية للدولة وأدائها لوظائفها بفاعلية، وأساسن جاح عملية بناء الدولة يكمن في توسيع نطاق مزاولة الحقوق وأداء الواجبات العامة وطرح النظرة المحلية الضيقة جانبا ً."
"Nationalism","قومية","يشير مصطلح القومية) الذي انتشر خلال العقدين الماضيين (إلى انتماء جماعة بشرية واحدة لوطن واحد شريطة أن يجمعها تاريخ مشترك ولغة واحدة وثقافة مشتركة في أرض الوطن والشعور بالمصير والأهداف والمسؤوليات المشتركة لجميع المواطنين، والقومية عبارة عن شعب Ethnos وشعور متبادل بين الأفراد يحعلهم متأثرين في عواطفهم وسلوكهم بفكرة الولاء والانتماء لأرض معينة، ولديهم شعور بالجماعية Togetherness وقيمة هذه الجماعة وفضائلها، وقد يؤدي هذا إلى الغلو في التطرف في الوطنية Chauvinism وكذلك الخوف من الأجانب والغرباء Xenophobia ولكن الشعور القومي يوحد الجماعة للدفاع عن مصالحها ومستقبلها."
"Nationality Movements","حركة الجنسيات","و هي الحركات القومية التي قامت أصلا ً في أوربا خلال القرنين الثامن عشر والتاسع عشر لتكوين الدولة وفرض اتجاهات الأمة على الدولة، وتحولت لتفرض الدولة اتجاهاتها التوسعية على الأمة وهي مرحلة القومية Nationalism ، والتحول قضي تماما على مبدأ الجنسية Principle Of Nationality في العالم."
"Nationalization","التأميم","وهو إعادة المنشآت الاقتصادية بقوة القانون إلى سيطرة الدولة وإدارتها، أي تح ويل الملكية الخاصة للمصانع والمنشآت إلى ملكية عامة للدولة بموجب قانون خاص بذلك."
"Nationhood","فكرة الأمة","الأمة هي حقيقة ملموسة ولكن يصعب تعريفها بشكل عام، ولكنها تمثل في الأساس جماعة أثينية أو عرقية ترتبط بمشاعر وروابط تاريخية ولغوية وأقليمية تميزها عن أولئك الذين يحيطون بها من الخارج وتعبيرها السياسي القومية Nationalism."
"Nations League","عصبة الأمم","هي أول منظمة دولية مفتوحة تقام في العالم بعد انتهاء الحرب العالمية الأولى، لمحاولة إيجاد السلم والأمن في العالم، ولكنها لم تنجح في ذلك وانتهت بعد قيام الحرب العالمية الثانية عام ١٩٣٩ م، وكان مقرها في جنيف. الال"
"NATO","الناتو","وهو حلف شمال الأطلنطي الذي تشترك في عضويته الدول الأوربية والولايات المتحدة، وهو حلف سياسي وعسكري ويؤثر بشدة في السياسة الدولية."
"NATO","حلف الناتو","أنظر: حلف شمال الأطلنطي"
"Navel Blockade","حصار بحري","وهو منع وصول المؤن والذخائر إلى مواني الأعداء عن طريق البحر في وقت الحرب بواسطة القوة البحرية المسلحة،وهناك حصار بحري يطبق وقت السلم في حالة الأزمات أو الترهيب أو الردع،وقد يكون الحصار بقرار دولي من مجلس الأمن فيأخذ الشرعية الدولية،وقد يكون عمل فردي من دولة ضد أخري."
"Nazism","النازية","كلمة نازي مأخوذة من العبارة الألمانية)NSDAP(أي National Sozialistishe Dentsche Arbeiter Partei أي الإشتراكية القومية الألمانية، وهي حركة عرقية شمولية قادها هتلر وهيمنت على مقاليد الحكم في ألمانيا وعلى المجتمع الألماني بأسره، والحركة النازية حركة سياسية وفكرية ظهرت بعد الحرب العالمية الأولى، والسمة الأساسية للنازية هي علمانيتها الشاملة وواحديتها المادية الصارمة وأكدت التفوق العرقي للشعب الألماني على كل شعوب أوروبا وشعوب العالم وأنكروا الطبيعة البشرية."
"Negotiated Order","النظام التفاوضي","وهو نموذج للسلطات المعقدة ويعلن أن موضوعات التفاعل الاجتماعي تنطوي على مشكلات متعددة والغموض والصراعات والتوترات، وأن الأسلوب المشترك هو الحل الأمثل لتحقيق التوافق والتكيف من خلال عملية المساومة والتفاوض والاتفاق."
"Negotiations","مفاوضات","ويقصد بها سلسلة تبادل آراء وأفكار وسلسلة اتصالات رسمية بين مندوبين حكوميين لحل مشكلة بين دولتين أو أكثر وإقرار وضع سلام واستقرار وتعاون بينها أو لعقد تنظيم سياسي بينها لتبادل الاحتياجات والمنافع وللحيلولة دون وقوع المنازعات."
"Neighbourhood Councils","مجالس جوار","وهي مجالس موجودة في بريطانيا، تغطي كافة المدن، ويتم التحاور فيه بين الأفراد حول سبل تخصيص الموارد لمجالات الإسكان والمدارس والطرق والنقلا.. لخ... بالإضافة إلى دورها التمثيلي وليس التنفيذي."
"New Atlantis","أطلانطا الجديدة","هي يوتوبيا وضعها الفليسوف بيكون، وهي ضمن أعماله التي يعبر فيها عن مثالية لأنه لم يسعى لتقسيم الفقر بل كان يسعي لخلق الوفرة."
"New Frontier","الحد الجديد","مصطلح من ضمن مصطلحات وصف الاشتراكية الأفريقية، ومعها مصطلحات أخري مثل الحرية الجديدة والحد الجديد والنظام الجديد New Deal والنظام العادل Fair & Deal نادى بها هاريس وفورد ممثل كتائب السلام الخاصة بأفريقيا."
"New Frontier","الميدان الجديد","هو اتجاه ظهر في عهد جون كيندي وقوي كاتجاه وشعار أسطوري في الولايات المتحدة عام ١٩٦١ م."
"New Nations","الدول الج ديدة","و هي الدول التي حصلت على استقلالها حديثا ً وتحاول الجمع بين النظم المختلفة) الاشتراكية والليبرالية (اقتصاديا وسياسيا من خلال الحزب الواحد والاشتراكية الديمقراطية."
"New Temporist","الحركة الجديدة نح والاعتدال","وهي حركة جديدة في الولايات المتحدة تدعو لعودة النزعة الأخلاقية ووصفها ديفيد واجنر أحد علماء النفس الأمريكيين، بأنها حركة تستدف كبح الشهوات والسلوكيات بين الأفراد والمجتمع وإقامة نزعة أخلاقية سليمة تتوقف عليها صحة وسلامة بنيان الأ. مة"
"New – Thomism","نيوتومزم","هي مفهوم القومية الجديدة، أي محاولة تكييف سلطة الكنيسة الكاثوليكية وفق الأوضاع الحديثة، حيث كان لهذه الكنيسة سلطة كبيرة وما زالت محتفظة بالشكل الذي أورده القديس توما الأكويني في بعض البلاد القومية.    حرف الهاء"
"Nobel (Alfred)","نوبل","هو كيماوي سويدي ومن أثرياء العالم بين رجال الصناعة بالسويد واشتهر باختراعه للديناميت الحديث، وجمع من اختراعه أموالا ً طائلة، وتكفيرا ً عن ذنبه ضد البشرية أسس بأمواله جوائز نوبل في الأدب والعلم والسلام وتشجيعه بين العالم، وبدأت الجوائز في نهاية القرن التاسع عشر ومستمرة حتى الآن."
"Noems & Ideals","ثلعادات وم ثل عادات وم","هي السلوكيات الاجتماعية والسياسية التي تنتقل من جيل إلى جيل ولا نستطيع تغييرها بسهولة والتي ترسخ في وجدان المجتمع وي عمل النظام السياسي على التشبث بها ونقلها للأجيال الجديدة."
"Nomination","الترشيح","وهي العملية التي من خلالها تتقدم فئة من الشعب للانتخابات العامة من أجل إقناع جمهور الناخبين باختيارهم لتمثيلهم في المجالس النيابية المختلفة، وحسب القوانين الانتخابية في بلد المرشح، فقد يتقدموا بأنفسهم أو عن طريق الأحزاب والقوائم."
"Non-Aligned & Positive Neutrality","عدم الانحياز والحياد الإيجابي","هي حركة دولية بدأت عام ١٩٦١ م بالقاهرة عندما وضع المؤتمر التحضيري أول مفهوم لعدم الانحياز، وإن كانت قد بدأت فعليا في مؤتمر باندونج في إبريل ١٩٥٥ م بزعامة عبد الناصر وتيتو ونهرو، وعقدت أول قمة في يوغسلافيا في سبتمبر ١٩٦١ م وحضرها ٢٥ دولة ووصلت العضوية لنحو ٧٦ دولة عام ١٩٧٣ م والآن فقدت الحركة قياداتها التاريخية والمناخ العالمي الذي ظهرت فيه من الصراع الدولي بين المعسكرين الشرقي والغربي، فقلت أهميتها الدولية رغم انعقاد مؤتمرها الأخير في ماليزيا عام ٢٠٠٣ م بحضور نحو ١٢٠ دولة عضو في الحركة التي تعنى الوقوف على الحياد بين القوي الدولية المتصارعة وعدم الانحياز إلى أي كتلة من أجل تحقيق النمو والاستقرار."
"Non-Central","لا مركزية","مفهوم يقصد به إعطاء الفروع سلطات المركز الرئيسي، أي نقل السلطات إلى الفروع والمحليات وعدم تركيز كل السلطات في العواصم والمراكز الرئيسية. أنظر / المركزية"
"Non-Entanglement","سياسة العزلة","هي سياسةأمريكية بعزلة الولايات المتحدة الأمريكية عن الشئون الأوربية، وهي السياسة التي نادى بها جورج واشنطون وجيفرسون منذ استقلال الولايات المتحدة وحتى عام ١٩١٦ م، اعتمادا ً على أن البلاد تعيش في طمأنينة وسلام دون خوف من غزو أو عدوان خارجي اعتمادا ً على الموقع الجغرافي وهذا ما عزز سياسة العزلة والابتعاد الأمريكية."
"Non-Liberal","غير ليبرالي","هو مفهوم سياسي لما يسود العالم الثاني في التصنيف التقليدي لدول العالم، أي الدول ذات الاقتصاد الصناعي والتي تأخذ بالمبادىء الاشتراكية، وكذلك دول العالم الثالث.    حرف الفاء"
"Non-Violence","عدم العنف والدفاع السلبي","هي سياسة المهاتما غاندي، وهي سياسة تعني أن يقف الشعب ضد المستعمر موقف عدم تعاون وبطريقة سلبية ولا يلجا إلى العنف في المقاومة."
"Normal Channels","القنوات العادية","القنوات العادية هي المحددات المختلفة والطرق التقليدية للجماعات والتنظيمات والأحزاب السياسية التي تمارس فيها نشاط ها السياسي داخل الديمقراطيات الليبرالية."
"Norms","القواعد","هي الأسس والقوانين والدستور والعرف والعادات والتقاليد وغيرها، والتي يعنى منها أساسا ً الغرض من السياسة وغاياتها."
"Norms","المعايير","أنظر: القواعد أنظر القواعد وهي أحد عناصر البناء الاجتماعي، وتضع لنا قواعد محددة ومخصوصة للفعل الاجتماعي، وتترجم القيم الاجتما عية إلى حالات ملموسة. ومنها: المعايير الاجتماعية Social Norms وهي ما يقبله المجتمع من قواعد وعادات واتجاهات وقيم وغير ذلك من محددات، وتعتبر هذه المعايير الاجتماعية بمثابة أطر يرجع إليها الفرد كي تكون مرشدا ً لما ينبغي أن يكون سلوكه عليه"
"North Atlantic Treaty Organization","منظمة معاهدة حلف شمال الأطلنطي","(NATO)/ أنظر الناتو أنظر الناتو"
"Nouveaux Philosophes","الفلاسفة الجدد","وهو مصطلح يطلق على بعض الفلاسفة الذين تبنوا الموقف اليميني التقليدي المعرف من الماركسية والمتمثل في أن أي محاولة لبناء الاشتراكية ستقود تلقائيا ً إلى إقامة نظام تسلطي وإنشاء معسكرات اعتقال وأن هذا الأمر متأصل في الماركسية ذاتها."
"Nuclear Deterrence","الردع النووي","هو أسلوب من أساليب العلاقات الدولية برز مع تطور الأسلحة الحرارية والنووية وأنظمة عملها والتعامل معها،أي أنها سياسة امتلاك السلاح النووي لاستخدامه لردع الطرف الآخر وإجباره على عدم استخدام سلاحه النووي، وذلك بالتهديد بإلحاق أكبر أذى وخسارة به عن طريق السلاح النووي."
"O.C.D.E","منظمة التعاون والتنمية الاقتصادية","منظمة التعاون والتنمية الاقتصادية هي منظمة تجمع بين الدول الرأسمالية الكبري السبع أو الثمان حاليا ً، وهي مجموعة الدول المتقدمة تكنولوجيا وتضم الولايات المتحدة وبريطانيا وفرنسا وإيطاليا وألمانيا وكندا واليابان ومعهم حاليا روسيا الاتحادية، وتجتمع للدفاع عن مصالحها الاقتصادية أساسا ً."
"OAPEC","أوابك","وهي منظمة الدول العربية المصدرة للنفط وتجمع كل الدول العربية ال منتجة للبترول."
"Oasis","الواحة","الواحة هي المكان الذي يصلح للزراعة والسكنى وسط الصحراء، فهي أي منخفض من الأرض الصالحة للزراعة في منطقة صحراوية، ومن أشهر الواحات في مصر: سيوه والداخلة والخارجة والفرافرة والبحرية وباريس."
"Objective Responsibility","المسئولية الموضوعية","وهي مرحلة للحكم الأخلاقي على الأشياء وتظهر لدي الطفل في سن السابعة ويحكم الأطفال خلالها على خطورة الفعل على أساس الأضرار المادية أو النتائج العيانية لهم."
"Office For The Co-Ordination Of Humaniterian Affairs(OCHA)","مكتب تنسيق الشئون الإنسانية","هذا المكتب هو أ حد المكاتب الفنية التابعة للأمم المتحدة والخاصة بالمساعدات الإنسانية العاجلة."
"Official Government Policy","سياسة رسمية حكومية","وهي السياسة المعلنة من جانب الحكومة القائمة وفقا ً للقانون الأساسي أو الدستور ويوافق عليها البرلمان المنتخب من الشعب."
"Official Propaganda","الدعاية الرسمية","و هي الإعلام الرسمي للدولة والذي تسعي الدول من خلاله إلى ترسيخ بعض المفاهيم في نفوس المواطنين والرد على الدعايات المضادة والتأكيد على الشرعية، وتأكيد ال ذات في نفوس المواطنين Self-Fulfilling Assertion ، والدعاية الرسمية عالبا ً ما تكون دعاية سياسية Political Prop. وهي الدعاية التي تعمل على التأثير على آراء ومعتقدات الجماهير لجعلها تأخذ اتجاها ً معينا ً نحو الموضوعات السياسية."
"Operations","العمليات","وهي مجموعة مخرجات ومدخلات النظام من اختيار لتصفية مطالب أفراد المجتمع وتنظيم أولويات الاستجابة لهذه المطالب."
"Opinion","الرأي","وهو وجهة نظر أو حكم أو تقييم يكونه الفرد عن موضوع ما، أو هو الاعتقاد الذي تكون فيه أسباب الإيجاب أقوى من أسباب النفي، أما الظن Suspect فهو معرفة أدني من اليقين ويحتمل الشك، وإذا كان الرأي يمثل ما يزيد عن نصف الجماعة يسمى رأي الأغلبية Majority Opinion وإذا كان يعبر عما يقل عن نصف الجماعة يسمى رأي الأقلية Minority Opinion."
"Opinion Leader","قائد الرأي","القائد هو الذي يمتاز بالنفوذ والتأثير الشخصي في الجماعة التي ينتمي إليها، ويؤثر فيها."
"Organization Of American States (OAS)","منظمة الدول الأمريكية","وتضم مختلف الدول الأمريكية، وهي من أقدم المنظمات الدولية الأقليمية، وتقودها الولايات المتحدة الأمريكية، ولها أجهزة متخصصة."
"Organization Of Arab Petroleum Exporting Countries (OAPEC) / أنظر","منظمة الدول العربية المصدرة للبترول","أنظر أوابك"
"Organization Of The Islamic Conference (OIC)","منظمة المؤتمر الإسلامي","هي منظمة إسلامية تضم كل الدول الإسلامية وعددها ٧٧ دولة، وتهتم بالتنسيق بين الدول الإسلامية، ولها عدة مستويات أعلاها مؤتمر القمة الإسلامي، ومقرها مدينة جده السعودية، وبها لجان متخصصة مثل لجنة القدس."
"Organization Of The Petroleum Exporting Countries (OPEC )","منظمة الدول المصدرة للبترول","/ / أنظر أوبكأوبك"
"Organization Public","الجمهور المنظم","وهو يتكون من الفئات ذات التنظيم الاجتماعي والرسمي والذي يمكن قياسه كالكنائس والمساجد والهيئات والنقابات والجماعات المنظمة،والذي يمكن التأثير عليه بسهولة وتكوين اتجاهات مؤيدة بدلا من الجمهور غير المنظم ذو الا تجاهات غير المتعاونة والمتطرفة."
"Organized Interest","المصالح المنظمة","هي المصالح التي ترعاها جماعات شرعية في المجتمع والتي لها علاقة قانونية متبادلة مع الدولة، وتستطيع التأثير في السياسة العامة بالتشكيل والتغيير."
"Orthodoxy","الأرثوذوكسية","كلمة أصلها أغريقي Orthodoxos وتعني القديم، وهي حاليا عقيدة مسيحية منتشرة في الشرق، وتعنى العقيدة الأرثوذوكسية العقيدة الصائبة أو السديدة، وهي المعنية بالهدى والرشاد، وبدأت هذه العقيدة في بلاد اليونان وانتشرت بمصر والشرق كله، وتختلف في الكنيسة والتقاليد عن العقائد المسيحية الأخرى./ أنظر الكاثوليكية والبروتستانت."
"Orthodoxy","التراثية","أنظر: العقيدة السليمةأ والصحيحة"
"Outputs","المخرجات","مفهوم يتعلق بارتباط النظام بالبيئة، ويمثل استجابة النظام للمطالب الفعلية أو المتوقعة، أي السياسات والقرارات التي تتعلق بالتوزيع السلطوي للموارد، والمخرجات عادة: مخرجات إيجابية Positive ، مخرجات رمزية Symbolic مخرجات سلبية Negative."
"Overdetermination","الحتمية المفرطة","وهو مصطلح يعني أن الكثير يجري هناك، بمعنى أن القوى الفاعلة في التاريخ لا تعمل بمفردها، إذ قد يؤدي عدد كبير من القوى الاجتماعية إلى انتاج حدث واحد، والمصطلح يعني تضافر القوى أو تشابكها لتؤدي إلى أثر محدد."
"P L O / Palestine Liberation Organization","منظمة التحرير الفلسطينية","وهي تجمع منظمات ال مقاومة الفلسطينية وعلى رأسها منظمة فتح، وأعلنت في الستينات وما زالت تحمل نضال الشعب الفلسطيني ضد الأطماع الصهيونية ومعه حركة حماس والجهاد الإسلامي، ويرأسها أبو عمار ياسر عرفات حتى الآن. منظمة التربية والعلوم والثقافة التابعة للأمم المتحدة للأمم المتحدة United Nations Eductional, Scientific And Culture Organization (NESCO)"
"Pact","ميثاق أو عهد","ويقصد به وثيقة إنشاء تنظيم دولي، ويعني به اتفاق موسع لإنهاء حالة من القلق وعدم الاستقرار وتحديد قواعد معينة في مسار السياسة الدولية كميثاق عصية الأ مم أو الأمم المتحدة."
"Palestine","فلسطين","فلسطين بلد مقدس، سميت بهذا الاسم نظرا ً لمعيشة الفلسطينيين بها في القرن الثاني عشر قبل الميلاد، وتسمى أيضا أرض كنعان، وذكرت في التوراة ياسم الأرض المقدسة، وبها بيت لحم مهد السيد المسيح والمسجد الأقصى الذي أُسري بسيدنا محمد صلى االله عليه وسلم إليه، وهي تحتل المنطقة الواقعة جنوب شرقي البحر المتوسط في غرب آسيا، ويحدها من الشرق نهر الأردن والبحر الميت ومن الشمال الشرقي سوريا ومن الشمال لبنان ومن الجنوب الغربي شبه جزيرة سيناء بمصر والجزء الجنوبي من البلاد هو صحراء النقب وهو عبارة عن مثلث تلامس رأسه خليج العقبة، وعاصمتها القدس المدينة المقدسة، وتتكون الدولة الفلسطينية حاليا ً طبقا ً لاتفاقيات أوسلو بمنح الفلسطينيين حكما ً ذاتيا، قطاع غزة Gaza Strip وهو شريط على ساحل البحر المتوسط يمتد شمال ش به جزيرة سيناء ومساحته تبلغ ٣٦٣ ٢كم وعدد سكانه نحو المليون وربع المليون نسمة، والضقة الغربية لنهر الأردن West Bank وهي هضية تقع غربي البحر الميت ونهر الأردن، تحدها الأردن شرقا وإسرائيل في الشمال والغرب والجنوب، ومساحتها ٥٨٧٩ ٢كم وعدد سكانها حوالي ٢ مليون نسمة، وتسمى الحكومة الفلسطينية السلطة الوطنية الفلسطينية وبها رئيس السلطة المنتخب من قبل الشعب الفلسطيني ورئيس الوزراء المنتخب من قبل المجلس الوطني الفلسطيني، وفلسطين حاليا ً محتلة منذ عام ١٩٤٨ وبعض أجزائها أحتل عام ١٩٦٧ م من قبل إسرائيل."
"Palestine National Authority (PNA)","السلطة الوطنية الفلسطينية","أنظر: فلسطين"
"Pan German League","الجامعة الجرمانية","وتكونت في ألمانيا عام ١٨٩١ م في مدينة برلين، وكانت تدعو إلى ضرورة توحيد الشعوب التي تنتمي للجنس الألماني في أوربا وهي النمسا وبوهيميا والمجر وسويسرا ولوكسمبورج وأجزاء من هولندا والدانمرك وبلجيكا، كما دعت للتوسع الاستعماري في صورته التقليدية خ ارج أوربا في أراضي لم تدخل بعد في نطاق الامبراطوريات الاستعمارية القائمة."
"Pan-African Connnngress Movement","حركة مؤتمر الجامعة الأفريقية","و هي حركة أفريقية كان هدفها إقامة رابطة بين الدول الأفريقية في العقد الرابع من القرن العشرين وتزعمتها حركة ديبوا مع منظمة بادمور، وهذه الحركة دعت لحق تقرير المصير واستقلال الشعوب الأفريقية والعناصر الأخرى الخاضعة للوصاية، وتفرع عن الحركة اتحاد الجامعة الأفريقية Pan-African Federation وهو القسم البريطاني من الحركة، وعقدت عدة مؤتمرات لتنفيذ الحركة في أعوام ١٩١٩، ١٩٢١، ١٩٢٣، ١٩٢٧ في نيويورك ولم تنجح في إعلان الجامعة الأفريقية."
"Pan-Asiatic Association","جمعية الوحدة الآسيوية","جمعية الوحدة الآسيوية هي جمعية أسسها الكونت أوكوما Okuma وكان من أبرز رجال السياسةفي ذلك العصر، وكان هدفها بسط نفوذ اليابان على الدول الآسيوية."
"Paradigm","نهج عام","هو النضج العام لأي فرع من فروع العلم بحيث يتبناه غيره من العلوم فيصبح ذات صبغة عامة في الممارسة، مما يعني إمكانية تعميمه."
"Parish Councils","مجالس الأبرشيات","وهي مجالس موجودة في بريطانيا، تغطي كافة المناطق الريفية، ويتم التحاور فيه بين الأفراد حول سبل تخصيص الموارد لمجالات الإسكان والمدارس والطرق والنقل... الخ.."
"Parliamentary Government","الحكم البرلماني","وهو صورة من النظم الديمقراطية الحديثة، والتي يحكم فيها البرلمان بواسطة اختيار زعيم الأغلبية كرئيس مجلس الوزراء الذي ينتخب الشعب حزبه ويمنحه ثقته في الانتخابات البرلمانية، مثل بريطانيا وألمانيا وإسرائيل."
"Parliamentary Groups","الجماعة أو الهيئة البرلمانية","وهي جماعة مصالح في البرلمان ذات عدد وافر من الأعضاء ومشاركة برلمانية متناسقة وفق أهداف معينة، مثل الجماعة البرلمانية لحزب من الأحزاب أو المستقلين. الجماعيةية"
"Participation","التأييد والرضا الشعبي","هو مشاركة دون التأييد الكامل أو الرفض المطلق، أي أن ما يحدث من الحاكم يعنى المجتمع أو الاهتمام الظاهر به."
"Particular Fact","الحقيقة الخاصة) التخصيصية (","وهي مصطلح يقصد به إلصاق صفة معينة ثابتة على شخص معين في وقت معين، من واقع وظيفته أو مهنته أو سلوكه وتصرفاته السياسية والاجتماعية."
"Party","الحزب","كان قديما يعني الفرقة، أي رأي مخالف للتقاليد السياسية، أي الا ختلاف أو المعارضة أو قسم من المجتمع ينفصل عن المجتمع في بعض تصوراته السياسية، وهو حاليا أي تنظيم سياسي يسعي للسلطة كي يحقق مبادئه السياسية، في إطار منظومة الديمقراطية، لأن الديمقراطية في أبسط صورها تعني تعدد الأحزاب، فالحزب هو أداة لتنظيم الممارسة السياسية والمشاركة بين الطبقات الحاكمة والطبقات المحكومة."
"Party Bias","التحيز الحزبي","التحيز الحزبي مصطلح يقصد به أن يسود الانتماء الاحزبي على كافة الانتماءات الأخرى، وقد يتهم رؤساء الوزراء الحزبيين بهذا الاتهام في أوائل فترات استلامهم لمهامهم."
"Party Govt","الحكومة الحزبية","وهي حكومة يشكلها حزب معين حاز على أغلبية الناخبين وأغلبية مقاعد البرلمان، وتسعى لتنفيذ برنامج الحزب السياسي والاقتصادى والاجتماعي."
"Party Of People","حزب الشعب","أنظر: الحزب الشيوعي لفظ أطلق على الحزب الشيوعي في الاتحاد السوفيتي السابق لأن الناس كانوا ممثلين في أجهزة الحكومة من خلال مجالس السوفيت. وهناك الحزب الشيوعي السوفيتي (CPSU) Communist Party Of The Soviet Union وهو التنظيم السياسي الوحيد المعترف به في الاتحاد السوفيتي سابقا ً، والذي يقود البلاد من أجل تطبيق النظام الشيوعي، وهو القناة الرسمية الوحيدة للنفوذ في الدولة"
"Pastiche","الباستيش","وهو مصطلح يعنى المحاكاة بقصد السخرية حيث يكون ما نحصل عليه هو نسخة منسوخة عن أخرى."
"Pastiche","المحاكاة بقصد السخرية","أنظر: الباستيش"
"Patents","برابرا ءات اختراع","هي الرخص التي يحصل عليها المخترع أو المكتشف أو المبتكر الذي استطاع أن يضيف جديدا ً في مجال انتاجه، وله ضمانات عالمية حاليا ً في عصر العولمة لحماية اختراعه دوليا في حقوق الملكية الفكرية التي تضمنتها اتفاقيات الجات، ويضاف إلى تلك البراءات العلامات التجارية Trade Marks والتي تكون لها نفس الحماية."
"Paternalism Liberal","الأبوية الليبرالية","الأبوية الليبرالية مصطلح سياسي يطلق على النظام الأمريكي الذي يدعو لليب رالية تحررية في القمة) أي لفئة المتميزين الذين يحتلون مواقعهم بين نصف النظام الاجتماعي المتميز (وهدفها تنمية قدرات المواطنين الأكثر التصاقا ً بالماديات من الروحانيات."
"Patrimonialism","النزعة الوراثية","وهي نموذج حدده فيبر للسلطة التقليدية يقوم على الإدارة الوراثية Patrimonial Government وهي تعني استمرار النظا م العائلي الذي يعيشه الحاكم، أي أن العلاقات بين الحكام والمحكومين تقوم على السلطة الأبوية والاعتماد المطلق."
"Patriotism","الوطنية","الوطنية هي شعور يتكون عند الفرد بارتباطه بشعب أو جماعة معينة والولاء لنظام هذا الشعب، فالوطنية هي الشعور العاطفي للفرد بارتباطه ببيئة معينة، والوطنية في كافة مظاهرها عبارة عن الدافع الذي يؤدي إلى تماسك الأفراد وتوحدهم وولائهم للوطن وتقاليده وقيمه والدفاع عنه بالغالي والنفيس."
"Peace","السلام","السلام ما هو إلا حالة من الأمن والاستقرار والتفاهم تسود العالم أو منطقة منهو، التنمية والتقدم لا يتحققان إلا من خلال السلام العالمي، والتخطيط للسلام يمكن أن يحدد المفهوم الدقيق للسلام، ولا بد أن تستفيد الإنسانية كلها منه بوصفه قيمة مطلقة، وهو الذي يمنع اندلاع الحروب ويحقق الإفادة الفعلية للبشرية من التقدم العلمي والتكنولوجي."
"Peace Keeping","حفظ السلام","ويقصد به عمليات الأمم المتحدة في الميدان التي يتم من خلالها نشر أفراد عسكريين أو شرطة مدنيين تابعين للأمم المتحدة بهدف حفظ السلام وتوسيع إم كانات منع تجدد النزاع."
"Peace Making","صنع السلام","هو العمل الرامي إلى التوفيق بين الأطراف المتنازعة عن طريق الوسائل السلمية مثل التي ينص عليها الفصل السادس من ميثاق الأمم المتحدة، ومن ذلك إنشاء وحدات لفرض السلام Peace Enforcement Units مسلحة تسليحا أثقل من قوات حفظ السلام، وتوضع بصفة دائمة تحت طلب مجلس الأمن."
"Peninusla","شبه جزيرة","يطلق لفظ شبه جزيرة على كل كتلة من اليابسة تحيط بها المياه من ثلاث جهات وتتصل باليابسة من الجهة الرابعة، مثل شبه جزيرة سيناء وشبه الجزيرة العربية وشبه جزيرة الهند الخ..."
"Penitos","بنتيوس","هو أسلوب جديد انتهجته إيطا ليا ونجحت من خلاله في كسر شوكة المنظمة الإرهابية الألوية الحمراء وغيرها من الجماعات الإرهابية، وهو أسلوب يسمى أسلوب مكافئة الإرهابيين الذين تعاونوا مع السلطات بعد القبض عليهم وذلك بمعاملتهم معاملة حسنة وتخفيف العقوبات عليهم، وهو أسلوب إغراء وغواية الإرهابي. ين"
"People","الشعب","هم مجموعة من الأفراد تتميز عن باقي الأفراد بميزة أو أكثر مثل الإقامة في منطقة معينة أو السلالة أو المهنة أو العقيدة، ويشكلون أساسا ً لقيام كيان سياسي واحد وهو الدولة."
"Peoples Administration","إدارة الشعب","وه ومصطلح يعني أن هناك تزايدا ً ملموسا ً في أعداد الجماهير المشاركة في الإدارة وسيطرة الناس على البيروقراطية وتغييرها وتبديلها من قبل الناس أنفسهم، كما حدث في الإدارة السوفيتية من قبل."
"Peoples Will","إرادة الشعب","مصطلح يطلق على الديمقراطية الحقيقية، أي أن تأتي الحكومة عبر انتخابات حرة يعطيها الشعب صوته، وذلك عن طريق التصويت الحر من جانب أفراد الشعب في الانتخابات لاختيار ممثليهم وحكومتهم."
"People’s Identity","هوية الشعب","هي الشعور القومي والانتماء الفعلي لأمة من الأمم أو لشعب من الشعوب."
"Perceptions / Spiritual","معتقدات","هي ما نعتنقه من أفكار وما نؤمن به من آراء في مختلف المجالات، وهي تظهر في نظرتنا للأمور، وقد تكون المعتقدات دينية غيبية فتكون الديانات وهي أقوى المعتقدات، والمعتقد سلوك اجتماعي أقوي وأرسخ من السلوك والعادات والقيم."
"Perestroika","البرسترويكا","هي عملية إعادة الهيكلة والبناء) في الاتحاد السوفيتي السابق (التي تبناها في الثمانينات الرئيس السوفيتي جورباتشوف، وبالتحديد في عام ١٩٨٦ م، وهي تعني محاولة إدخال إصلاحات اقتصادية وإصلاحات سياسية واسعة في الاتحاد السوفيتي وهو ما عجل بنهاية الاتحاد السوفيتي وتفككه عام ١٩٩١ م."
"Performance Evaluation","تقييم الأداء","تقييم الأداء عملية سياسية وإدارية واسعة، يجب أن تكون مصحو بة لأي مسئولية كانت، وهي جزء متمم لأي عملية إدارية علمية أو سياسية في مختلف النشاطات داخل الجماعة."
"Periodizaton Of History","التحقيب","هو مصطلح يعنى تقسيم التاريخ أو الفترات الزمنية إلى قب متميزة ح لكل حقبة طابع يميزها عما سواها، وقد تسمى عصور أو عهود أو فترات زمنية مميزة كل واحدة لها سماتها الخاصة تاريخيا ً واجتماعيا ً وعلميا ً وعقائديا ً.."
"Peripheral Areas","مناطق الأطراف","توجد في الاقتصاد العالمي، والدول في هذه المناطق إما أن تكون خاضعة لحكم استعماري أو تكون من الضعف بحيث لا تحقق درجة يعتد بها من الاستقلال."
"Personality Cult","عبادة الفرد","عبادة الفرد مصطلح يقصد به الإعجاب الشديد بشخص مشهور خصوصا ً إذا كان زعيما ً سياسيا ً."
"Persuasion","الإقناع","وهو العملية التي يحاول فيها شخص أو وسيلة إعلامية بإقناع شخص أو مجموعة من الأشخاص بتقبل رأيا أو فكرا ً أو أن يؤدي عملا ً معينا ً، ولكل شخس أو وسيلة إعلامية قدرة معينة على الإقناع، وتظهر ع مليات الإقناع أكثر أيام الانتخابات لاستقطاب الأصوات."
"Petah Tikvah","باب الأمل","وهو اسم أطلقه اليهود على أول مستوطنتين أقامهما يهودس بيافا وأس القدس في قرية ملب موها بتاح تيكفا، وأطلقوا عليهما لقب: أم المستوطنات، لأنها كانت الأولى من نوعها في إنشاء مستوطنات يهودية رسمية في فلسطين، حيث أنشئت عام ١٨٧٨ م، وأصبحت إقامة المستوطنات، منذ ذلك الحين، سمة أساسية من سمات اليهود في أرض فلسطين، حيث يقيمون المستوطنات في كل مكان لتوكيد وجودهم."
"Phalangists","المليشيات","هي جماعات مسلحة تنظم دفاعا ً عن مبدأ أو عقيدة سياسية أو دينية، أو للدفاع عن مصالح معينة، ومن أمثلتها مليشيات حزب االله في جنوب لبنان والمليشيات المارونية Maronite Military في لبنان."
"Physical Force","القوة المادية","وهي أحد ركائز السلطة) مع التأييد الجماهيري والتبرير الأخلاقي (، وتتمثل في الجيش والبوليس وأمن الدولة وتنفيذ الأحكام والقرارات وأحكام الط وارئ وخلافة من عناصر القوة المادية ٠"
"Physiocracie","الفيزيوقراطية","هو مبدأ يق وم على حرية التعامل وظهر في النصف الثاني من القرن السابع عشر وبلغ ذروته في القرن الثامن عشر وأكد المذهب على حقوق الفرد وخاصة حق الملكية وجعلوا شعارهم حرية التعامل وحرية التعاقد، وأكد الفيزيوقراطيين أن الأرض هي مصدر الثروة وليست المعادن واعتبروا التجارة والصناعة نشا طا ً غير منتج."
"Planned Socialist Society","المجتمع الاشتراكي المخطط","هو المجتمع الذي تصبو إليه الاشتراكية، ويتم تنفيذه من خلال التخطيط الاقتصادي قصير ومتوسط وطويل الأجل،ولكن يصاحبه عادة مشاكل مثل الانتاج المتدني وإنخفاض الإنتا جية وعدم القدرةعلى توفير الموارد الضرورية واللازمة في الأزمنة المحددة."
"Planning","التخطيط","التخطيط هو الإعداد المسبق للشيء وتنفيذ هذا الإعداد وفقا للأهداف والاستراتيجيات الموضوعة، ويكون التنفيذ من خلال مراحل تنفيذية وزمنية، ومن أشكاله الخطط الخمسية والعشرية والسنوية التي تنفذها الحكومات للنمو والتقدم، وهناك أنواع من التخطيط."
"Platt Amendement","تعديلات بلات","وهي تعديلات وافق عليها الكونجرس الأمريكي عام ١٩٠٢ م، لنقل السلطة في كوبا إلى حكومة مدنية وأدمجت هذه التعديلات في دستور كوبا الجديد، وهذه التعديلات تجعل كوبا محمية أمريكية، ومنها امتناع كوبا عن ابرام معاهدات مع دولة أجنبية من شأنها المساس باستقلالها وعدم عقد قروض لا تتناسب مع قدراتها وحق الولايات المتحدة في التدخل المباشر حماية لاستقلال كوبا، وحقها في إقامة قواعد عسكرية وبح رية في كوبا ومن أهمها قاعدة جوانتنامو Guantanamo التي تسيطر على خليج المكسيك والتي اتخذتها الحكومة الأمريكية كمعتقل لمقاتلي طالبان والقاعدة الذين يتم القبض عليهم في أفغانستان."
"Pluralism","التعددية","وهي النظرية التي تدور حولها الليبرالية الحديثة، وهي وجود أكثر من حركة أو حزب سياسي في النظام السياسي الواحد، ويتنافس الجميع من أجل الوصول للسلطة، والتعددية تعني بأن كل كيان في الوجود يتكون من أجزاء مستقلة ولكل جزء جوهره المتميز والخاص، والتعددية هي أساس وجوهر الدولة القومية الحديثة Modern Nation-State التي يوجد بها برلمان يعمل بصورة متماسكة ومستمرة Cohernt & Consistent وبها أبنية اجتماعية واقتصادية معقدة Socio-Economic Structures ومواقف وسط حقيقية Genuine Compromise بين الجماعات وتهدف التعددية أخيرا ً إلى خلق التوازن والاستقرار Equilibrium & Stability."
"Pogrome","بوجروم) السخط ضد اليهود (","البوجروم أو السخط ضد اليهود يعني النظام الموجه ضد اليهود في أحيائهم لإب راز كراهية الشعب والحكومة لهم، وانتشر البوجروم في جنوب روسيا وفي أغلب الدول الأوربية، واتسم بقتل اليهود بطريقة معينة في ألمانيا وبولندا وغيرها."
"Polarization","استقطاب","وهي سياسة يقصد بها جذب بعض الفئات لتأييد وجهة النظر الرسمية بتقديم بعض المغريات والامتيازات لهم من سياسة الاستقطاب التي تمارسها انجلترا في الجزء الأيرلندي من المملكة المتحدة."
"Policy Ineffectiveness Theorm","عدمعدم فاعلية السياسة","هو مفهوم يعني أن توقعات الأفراد وتكيف سلوكهم إزاء التغييرات المختلفة في المجتمع تضع قيودا ً على فاعلية السياسة الكلية، وهناك مثال اقتصادي على عدم الفاعلية للسياسات وهو أن ينصرف تأثير السياسات إلىالمستوى العامل لاسعار دون التأثير في الأسعار التي تظل كما هي بعيدة عن السيطرة وذلك في ظروف توافر المعلومات والحرية الاقتصادية والمنافسة الكاملة مما يؤدي لحدوث تضخم وطلب العمال زيادة الأجور مما يؤدي لقيام رجال الأعمال برفع أسعار منتجاتهم الخ من تأثيرات، وبالتالي لا تنجح السياسة في تحقيق أهدافها لأنها ستؤدي إلى زيادة سريعة في الأسعار والأجور والتكاليف، مما يجعلها عديمة الفاعلية في هذا الأمر."
"Policy-Initation","المبادرة السياسية","هو مصطلح يقصد به هيمنة الرئيس أو الحاكم على العملية السياسية في دولته والتدخل المتزايد في شئون المجتمع."
"Policy-Making Process","عملية صنع القرار","و هي كيفية وآلية اتخاذ السياسات والقوانين والقرارات في المجتمعات المختلفة وكيفية تنفيذها، بما في ذلك المشاركين في صنع القرارات ومن هم الأكثر قوة في ذلك."
"Political","السياسة","مفهوم السياسة له تعريفات كثيرة، فهو طريقة يمكننا من خلالها أن نفهم وننظم شئوننا الاجتماعية، وهي الوسائل التي يست طيع من خلالها بعض الأفراد والجماعات السيطرة على الوضع أكثر من الآخرين، وهو مفهوم نستخدمه كجزء من النماذج والأطر الذهنية التي نفسر من خلالها أو نحاول أن نفهم العالم من حولنا. ومن مصطلحات السياسة: سياسة الاحتواء Containment Policy وهي سياسةاتبعتها الولايات المتحدة في أواخر الأربعينات وفي عهد وزير الخارجية الأمريكي هنري كيسنجر والذي يرى بضرورة احتواء أي خلاف بالتفاوض وتقريب وجهات النظر مه التهديد باستخدام القوة وليس الاستخدام الفعلي لها. وهناك سياسة الترابط Linkage Politics وهي سياسة يتم ممارسة النفوذ فيهال يس في ميادين عسكرية فقط وإنما في ميادين العمل والتجارة، ووجود قنوات وإضافية للتفاعل بين الجميع، ولا سيما في مجال التجارة ونقل التكنولوجيا، وتترابط وتتشابك المصالح في ممارسة هذه السياسة، وأدت هذه السياسات إلى ظهور المجتمع العالمي المترابط Interconnected World Society."
"Political & Information Planning","التخطيط السياسي والإعلامي","وهي عملية مدروسة ومقررة مسبقا ً بوضع خطط للتنمية بواسطة الخبراء وتوفير الاعتمادات لتنفيذها، ويرتكز التخطيط على الم علومات والبحوث التي تمهد الطريق من أجل الوصول للأهداف التي تتحدد على ضوء الواقع، فالتخطيط هو المنهج أو الاستراتيجية التي تتبع لبلوغ الأهداف، وتترجم الخطة العامة إلى برامج تنفيذية زمنية وقطاعية، والتخطيط السياسي والإعلامي أساسه مخاطبة الرأي العام وتحفيز الم واطنين للمشاركة السياسية."
"Political Activity","النشاط السياسي","،هي كل حركة سياسية ديناميكية داخل المجتمعات فالنش اط السياسي يتم بين أجهزة محددة تعترف لها البيئة الاجتماعية بأنها تملك حقا ً مقبولا ً بالتصرف وفقا ً لقواعد محددة."
"Political Behaviour","السلوك السياسي","هو مدخل جديد من مداخل علم السياسة، بدأ بإحياء الاهتمام السيكولوجي في الدراسات السياسية، وهو يتناول ممارسة الناس السياسية والاتجاهات والمعاني والقيم خلف التنظيمات السياسية والقانونية القائمة."
"Political Centralization","المركزية السياسية","تعني تركز أنظمة الإدارة والحكومة وجباية الضرائب في العاصمة أو بين يدي طبقة الحكام أو النخبة الحاكمة."
"Political Change","التغير السياسي","وهو تغير يصاحب مفهوم الثورة التي تصاحب ميلاد كل مرحلة جديدة في الحياة السياسية،وهو كل تغير كيفي أو نوعي أو عميق بشرط أن يكون حاسم النتائج."
"Political Communication","الاتصال السياسي","ويشير المصطلح إلى التدفق المستمر للمعلومات فيما بين وحدات النظام السياسي وبينه وبين النظم الأخرى داخل وخارج المجت مع حتى يمكن الوفاء بأغلب المطالب، وتتم من خلال وسائل الإعلام والأحزاب وجماعات المصلحة والبيروقراطية وقادة الرأي، وتتكون عملية الاتصال من: نظام الاستقبال Reception System ، الرسائل Messages ، نظام الذاكرة Memory ، نظام القيم Value System ، الاستدعاء Recall نظام التنفيذ Effectors ، التغذية الاسترجاعية Feedback ، تغذية عك سية إيجابية Positive Feedback ، تغذية عكسية سلبية Negative Feedback ، تغذية عكسية تستتبع تغيير الهدف الأصلي Goal-changing Feedback."
"Political Corruption أو أوPolitical Squalor","الفساد السياسي","الفساد السياسي هو أي انحراف في السلطة أو المنظمات السياسية أو أي حماية غير قانونية تقوم بها بعض مؤسسات السلطة السياسية للمؤسسات الاجتماعية الأخرى، ومن أهم أشكال الفساد الرشوة والمحسوبية والتزوير في الانتخابات وغير ذلك."
"Political Culpable","الإدانة السياسية","وهو مصطلح يشير إلى إدانة الرجل السياسي أوالبرلماني أي تجريمه سياسيا ً ومجتمعيا ومحاكمته بتهم عديدة، وقد دان عضوا ً بالبرلمان أو وزيرا ً سياسيا ً يكون هذا الم، ويتبع في محاكمته طرقا ً خاصة، ويتعين رفع الحصانة البرلمانية عن عضو البرلمان حتى يمكن تقديمه للمحاكمة أو حتى استجوابه أمام القضاء."
"Political Culture","الثقافة السياسية","هي جزء من الثقافة العامة للمجتمع، وتنحصر في القيم والاتجاهات والسلوكيات والمعارف السياسية، فهي نظام من القيم والمعتقدات يرتبط بأفراد مجتمع معين يتعرضون لخبرات تنشئة مختلفة إلى حد ما، ولابد أن تنطوي الثقافة السياسية لأي مجتمع على قدر من التجانس، وتشتمل أي ثقافة سياسية على عدد من الثقافات الفرعية."
"Political Culture Approach","منهج الثقافة السياسية","وهو منهج لدراسة النظام السياسي، انطلاقا من أن النظرة الشاملة للنظام السياسي لابد وأن تأخذ بعين الاعتبار بيئته الثقافية التي تؤثر على أدائه، لأن سلوك الأفراد داخل المؤسسات قد يتحدد بقيمهم واتجاهاتهم السياسية، كما تتأثر مطالب الأفراد وأساليب تعبيرهم عنها بالثقافة السياسية السائدة، وكذلك يرتبط التغيير السياسي بالثقافة أوثق الارتباط لأن الثقافة قد تكون دافعة للتغيير أو عائقا ً في سبيله."
"Political Development","التنمية السياسية","هي عمليات التغير السياسي التي تشهدها الدول النامية أو المجتمعات الانتقالية، والتي أهم ما يميزها هو أنها لاتزال ترتبط بالقيادة الكاريزمية وتسيطر على نظمها السياسية السلطة التقليدية، والتنمية السياسية ترجع إلى قوى عديدة في المجتمع من التعليم والتصنيع والحضرية والتكنولوجيا وتطور وسائل الاتصال والأحزاب، فالتنمية السياسية ماهي إلا طريق لتحقيق الديمقراطية الكاملة."
"Political Devices","وسائل سياسية","هي مجموعة من الأدوات تستخدمها النظم السياسية المختلفة لتحقيق أهداف منها التفضيلات للمصالح الحاكمة والوضع العامل القوي للحكومة، ومن هذه الوسائل الاستفتاء والانتخابات والاجراءات البرلمانية والسياسات الحزبية والاجتماعات والمؤتمرات الشعبية والمفاوضات مع النقابات ومع الأجانب."
"Political Economy","الاقتصاد السياسي","يعبر هذا المصطلح عن الربط بين السياسة والاقتصاد، لأن المجتمع ما هو إلا حاجات وأنظمة، وبالتالي لابد من تدخل الد ولة في الاقتصاد عن طريق التخطيط والتوجيه والملكية العامة. وهناك اقتصاد عالمي World Economy وهو مصطلح توصف به الأنظمة التي يحكمها الاقتصاد ولا يوجد فيها نظام سياسي واحد، وحجم الاقتصاد العالمي يرتبط وظيفيا ً بحالة التكنولوجيا وبإمكانيات النقل والاتصال داخل حد،وده وحدود الاقتصاد العالمي دائما ً مرنة، ومن العناصر الأساسية للاقتصاد العالمي المعاصر: السوق العالمية الواحدة والنظام المتعدد الأطراف والمنظومة الثلاثية."
"Political Envy And Despair","الحقد واليأس السياسي","هما من الظواهر السياسية للجماعات المتطرفة أيا ً كانت، وتنصب على الفرد والمجتمع وأصحاب الثروات والمنجزات الجماعية، وتصل لحد التخريب والغوغاء وتفقد مصداقيتها لدى الجماهير بسرعة فائقة."
"Political Feelings","أحاسيس ومشاعر سياسية","هي مجموعة اجتماعية سياسية تتكون من العادات والتقاليد والقيم السياسية واللغة والعلاقات المختلفة التي تسود في شعب معين وتكون هناك حساسية شدي دة إزاء المساس،بها وتوضع سياسات الدول عادة طبقا ً لهذه المشاعر والأحاسيس."
"Political Feelings","مشاعر سياسية","أنظر: أحاسيس ومشا عر سياسية"
"Political Focal Institutional","تنظيم سياسي واحد","هناك دول تعتمد في حياتها السياسية على تنظيم سياسي واحد يجمع كل أبناء الدولة باختلاف اتجاهاتهم وميولهم للعمل على التكاتف القومي وعدم الانقسام، وتسمى هذه الدول سياسة الحزب الواحد بديلا ً عن تعدد الأحزاب،أو المجتمعات التي ترتكز على تنظيم واحد Focal Institutional Societies ، مثل المجتمعات الشيوعية التي تعتمد على الحزب الشيوعي كتنظيم سياسي واحد، ومثل مصر في مرحلة التحول الاشتراكي التي أقامت الاتحاد الاشتراكي كتنظيم سياسي واحد قبل التحول للأحزاب عام ١٩٧٨ م وغيرها من البلاد."
"Political Geography / Geopolitics","الجغرافيا السياسية)) الجيوبولوتيكا (","الجغرافيا السياسية أو الجيوبول وتيكا مصطلح مشهور له معنيان متكاملان: أولهما الممارسة السياسية لبلد ما، كما حدد من خلال سماتها الجغرافية ومواردها البشرية، وثانيهما العلم الذي يبحث ذلك، فهي ببساطة تدرس أثر العوامل الجغرافية والاقتصادية والديموغرافية السكانية على سياسة الدولة، فهو باختصار شديد علم يختص بدراسة قوة الدولة وعلاقاتها المكانية Power And Space Relations."
"Political Idea","الفكرة السياسية","هي أي مبادئ أو محددات فلسفية أو اجتماعية أو أيدلوجية تدخلف ي إطار المفاهيم السياسية، فهي مجرد مفاهيم يرددها بعض الناس."
"Political Indoxication","التسميم السياسي","ويقصد به حقن المجتمع بقيم جديدة دخيلة على التقاليد القومية بحيث تؤ دي إلى تشتيت الحركة السياسية."
"Political Inspiration","الإلهام السياسي","الإلهام الس ياسي مصطلح يعبر عن الزعامة السياسية،و هو تعبير مرادف للحكم المطلق الذي يتبني الأفكار السياسية عن طريق الحق الإلهي أو الإيمان بالغيبات وأن ما يفعله الحاكم ما هو إلا إلهام من الرب وليس هناك حق لأحد من المواطنين التفكير فيه، وهو عكس العقلانية."
"Political Leadership","الزعامة السياسية","وهي وصف لشخصية فذة في مجال الحكم والعلاقات الدولية والسياسة، يتصف به شخص أو أكثر يقودون آخرين من الأتباع، وتتوقف الزعامة قبول الأتباع بوحي إرادته م الحرة لدور الزعماء. وهناك الزعيم الرمزي Symbolic Leader و هم رؤساء الدول والأفراد الذين يعتبرون رمزا ً للدولة، ويعملون على استقرار الحكم فيها ويحبهم الرأي العام، ويستطيعون، بحكم مناصبهم، تمثيل الدولة خارجيا والتعبير عن إرادة الأمة وتطلعاتها، فهم رمز البلد وصورتها. وهناك زعيم الدعوة أو الإثارة Agitator Leader و هو الزعيم الذي يتبنى عادة إحدى القضايا الهامة فيقوم بحملات سياسية وإعلامية مكثفة للدفاع عنها، وله قدرة فائقة على الإقناع ودعايته تكون مؤثرة للغاية. وهناك الزعيم الفكري Intellectual Leader وهو القائد الذي يسيطر على الأفكار ويتمتع عادة برؤية واسعة ويضع خطط لمستقبل الجماعة، وقد يوصف الزعيم الفكري بأنه مثالي وحالم وأفلاطوني."
"Political Life","حياة سياسية","هي المناخ السياسي السائد داخل مجتمع من المجتمع ات، بمعني مواجهة الجماعات والتنظيمات والأحزاب والأفراد بعضهم لبعض من أجل الفوز ببعض النفوذ أو المناصب أو الأصوات، بشرط أن يتم ذلك في ضوء القواعد العامة في المجتمع.    حرف الخاء"
"Political Market Place","سوق السياسة","هي نموذج اقتصادي للسياسة، يعلن أن السياسة هي سوق يكون فيه الناخبون Voters عبارة عن مستهلكين Consumers يشترون المنتجات على شكل سياسات Policies من المنتجين المتنافسين Competing Producers وهم السياسيون في الأ حزاب."
"Political Mobilization","التعبئة السياسية","هي عملية شحذ طاقات المجتمع نحو التحول Transformation والتغيير في النظم الاجتماعية بوسائل ثورية متطورة."
"Political Movements","حركات سياسية","وهي الجماعات المنظمة التي تتحرك سياسيا ً من أجل هدف أو مصلحة معبرة عن اتجاهات أعضائها، وتهدف للتغيير والإصلاح، وقد تعبر عنها الأحزاب السياسية."
"Political Myths","أساطير سياسية","وهي تعني بتفسير مقبول لماضي الأمة السياسي وحاضرها كذلك، والتي تعمل كمفتاح للفهم وثيق الصلة بالإطار التحليلي للتفسير السياسي،أي أنها جزء من التاريخ السياسي."
"Political Participation","المشاركة السياسية","هي درجة اهتمام المواطن بأمور السياسة وصنع القرار، فكلما زادت المشاركة السياسية من جانب المواطنين كلما زادت قوة القرار السياسي، وأبسط صور المشاركة هو التصويت) أي ممارسة الحق في إبداء الرأي في الانتخابات (، كما أن المشاركة واتساعها تقلل صورة العنف في هذه المجتمعات التي تتوسع فيها ال مشاركة."
"Political Parties","الأحزاب السياسية","هي التنظيمات السياسية التي يكون هدفها الوصول إلى مقاليد الحكم عبر صناديق الانتخابات، ولها برامج سياسية معينة ومعروفة. وهناك الأحزاب الواحدة ذات الحشد الجماهيري Single Parties Mass-Based أنظر / الحزب الواحد، وهي الأحزاب التي تحتوي علي درجة سياسية عالية في الدول النامية وتحتوي على درجة أكبر مما هو في ديمقراطية الأحزاب من الحرية والتنافس. وهناك أحزاب اشتراكية Socialist Parties وهي الأحزاب التي تحكم البلاد الاشتراكية أو التي تتنافس للوصول للحكم في البلاد الرأسمالية على بعض المباديء الاشتراكية، وتشتهر بالدعوة للثورة الطبقية Class Revolution أي ثورة البروليتاريا."
"Political Philosophy Approach","المدخل الفلسفي) المنطقي ((السياسي","وهو مدخل تأملي وم عياري Speculative & Normative وهو يبحث في كيفية توضيح المفاهيم كالحرية والعدالة والديمقراطية وتحقيقها عمليا ً، فهو يدرس أهمية العقلنة Rationalization والتفسير الذي يبرر السياسة ويجعلها ذات معنى بالنسبة لأولئك الذين ينغمسون فيها."
"Political Power","القوة السياسية","و هي القوة التي تكتسبها الأحزاب أو الجماعات أو المنظمات أو الأفراد في ميدان العمل السياسي أو الفكر السياسي بمقتضى القانون أو الدستور أو الو اقع السياسي من خلال صناديق الانتخابات أو النجاح السياسي على مختلف الأصعدة والمستويات السياسية."
"Political Prisoners","سجناء سياسيين","هم فئة المقبوض عليهم بسبب نشاطهم السياسي أو الحزبي أو الفكري، أو المدافعين عن حقوقهم أو مبادئهم، طبقا ً لقوانين استثنائية أو قوانين طوارئ أو خاصة، فإنهم لا يعتبرون مجرمين عاديين."
"Political Reality","الواقع السياسي","هو خبرتنا المباشرة وملاحظاتنا للنسق السياسي وطريقة عمله وتفاعلاته على المستويات المختلفة."
"Political Reconciliation","المصالحة السياسية","هي الهدف الرئيسي للأنظمة الديمقراطية للمحافظة علىحد كاف من الرضا العام في الأفكار والعمل وتجانس كاف لدعم الواقع الراهن والكفاح فقط من أجل الإبقاء على حالة التوازن الاجتماعي الموجود Social Equilibrium."
"Political Reform","الإصلاح السياسي","الإصلاح السياسي ما هو إلا مفهوم يعن ي خلق الإداة الفعالة للقيام بإصلاح، أي الأداة الحاكمة التي تعرف كيف تقود ومتى وكيف تفرض الاحترام وحدود هذا الاحترام؟."
"Political Relationship","الرابطة السياسية","هي في أبسط معانيها العلاقة بين الحاكم والمحكوم، فالمفهوم العام هو أن هناك انفصام بين الحاكم والمحكوم، فلكي يصل المحكوم للحاكم عليه أن يجتاز مجموعة من العقبات التي تسمح له من خلال وسيط بخطاب الحاكم، فالرابطة السياسية تتنوع طبقا ً للطبقة التي تتكون منها المواطن، فهي بالنسبة لرجل الشارع في حكم العدم وللطبقات الوسطى موضع تساؤل وللطبقات العليا مباشرة."
"Political Representation","التمثيل السياسي","هو أداة ضرورية من أدوات المشاركة السياسية والمشاركة في عملية صنع القرار، ويعني تمثيل الشعب بعدد من النواب بحسب الكثافة السكانية، ونظام التمثيل Representation System لا ينطبق على الملوك الآلهة God-Kings. ولكن قد يملك هؤلاء ولا يحك مون ويحكم نواب الشعب أو ممثليهم في أغلب البلاد."
"Political Rulers","الحكام السياسيون","وهم الفئة التي تتحكم في مسيرة النظام السياسي، وهم يحكمون لصالح النظام واستمراره والدفاع عنه في ضوء مصالحه وأهدافه."
"Political Science Approach","المدخل العلمي السياسي","وهو مدخل يري وجوب تحليل السياسة كميا ً واستقرائيا ً Quantitative & Inductive تماما ً كما يحدث في العلوم الطبيعية، ويحث على ضرورة فصل التحليل السياسي وتحريره من القيم باستخدام أدوات كمية Quantitative Tools ومناهج العلوم الطبيعية التي أصبحت ميسرة جدا ً نتيجة للتطور السريع للحاسبات الإلكترونية Computers."
"Political Settlement","التسوية السياسية","التس وية السياسية هي التوفيق بين مواقف أطراف الصراع كليا ً أو جزئيا ً طبقا ً لميزان القوى لحظة التوفيق هذه، فالتسوية السياسية بين طرفين أو دولتين، تعني ببساطة أن النزاع قد يسوى Settled وذلك عندما تقبل الأطراف المتنازعة سلما ً أو قصرا ً حلا ً تم التوصل إليه وتتوقف هذه الأطراف عن تقديم وجهات النظر المتعارضة."
"Political Socialization","التنشئة السياسية","ونعني بالتنشئة عملية نقل ثقافة المجتمع عبر الأجيال عن طريق وسائط متعددة منها الأسرة والمدرسة والإ علام ودور العبادة والأحزاب والجيش وجماعات الرفاق وغيرهم."
"Political Sociology","اجتماع سياسي","وهو علم يبحث في الظواهر الاجتماعية والثقافية في العالم المعاصر والتي لها محتوى سياسي واضح، حيث يكتسب المنظور السوسيولوجي مزيدا ً من الآفاق السياسية، حيث أن البعد السياسي أو المنظور السياسي لقضايا التنمية يمثل مطلبا ً هاما ً للفهم والتفسير وللعمل التطبيقي، وهو علم يحاول أن يربط بين المتغيرات المفسرة للسياسة والاجتماع معا ً وهو هجين من المعرفة المتداخلة بين العلوم Interdisciplinary Hyprid."
"Political Solution","حل سياسي","هو القضاء على المشاكل قبل تفجرها في صورة نزاع أو صراع دون استخدام القوة فعليا، عن طريق المفاوضات والاتفاقات والحلول الوسط التي ترضي الأطراف المتنازعة."
"Political Succession","التتابع السياسي","وهو مصطلح يعني أن النخب والصفوات التي تمثل معتقدات وخلفيات متباينة سواء أكانت دينية أو أثنية أو قبلية أو أيدلوجية وكذلك الآراء المختلفة حول المرغوبية ومستوي التطور الصناعي كلها عوامل تتتابع وتتداخل في إحداث الإيقاع السياسي للدولة."
"Political Theory","النظرية السياسية","وهي مجال من مجالات علم السياسة بل هو أوسع ميادين علم السياسة بما يتضمنه من عمليات التعريف والتعميم والتصنيف وصياغة المصطلحات التي يدور حولها التفكير السياسي، واكتشاف طبيعة المجتمع السياسي ووظائفه وأغراضه، حيث ينصب الاهتما م على دراسة الأساس الفلسفي والفكري للسياسة ودراسة الظواهر السياسية العامة دراسة متعمقة، وهي ببساطة وجهة النظر في الحكم، فهي الفكرة التي توجه الحياة السياسية لشعب معين، وقد تكون مستوحاة من ثقافته وتاريخه وحضارته."
"Political Tradition","التقاليد السياسية","التقاليد السياسية يمكن فهمها بأنها الطرق المقبولة للسلوك السياسي في إطار العمل السياسي، وهي ما تتوارثه الأمة في سمات النظام والعمل السياسي وترتبط بالتاريخ."
"Politicking","التسييس","وهو عملية إلصاق السياسة بموضوعات غير سياسية،أو تحويل موضوعات مختلفة إلى موضوعات سياسية، وتتم هذه العملية عبر الحدود الرسمية للدول، باستثمار الأفراد لعلاقاتهم القوية مع جهات خارجية لتحقيق نفوذ سياسي داخلي، ويطلق علي ذلك لفظ السياسة بين المجتمعات Transsocietal Politics ، وكذلك البعد السياسي لنقابات العمل ومنظمات التجارة والرياضة والنقابات والنوادي وغيرها."
"Politics Is The Art Of Compromise","فن التسوية","وهو السبيل للتعامل مع المشكلات والمعضلات والمسائل السياسية التي تحتاج لحلول، ويعني التفاعل على أساس التفاوض والتفاهم، والمساومة المستمرة التي تتطلبها السياسة باستمرار، فالتسوية تبدو ضرورية في صياغة المسائل السياسية وتعريفها وتحديد البدائل المتاحة واختيار ومناقشة الحلول وتعبئة الموارد وتقويم المشكلات."
"Poor-Devil Syndrome","الشيطان الفقير","وهو مصطلح يطلق على السلوك الإرهابي وظاهرة التعاطف مع الفكر المتطرف والسلوك الإرهابي والرفض للحكومة والتشكك في جديتها للإصلاح الاجتماعي والاقتصادي والسياسي، ويصفه البعض بأنه مرض اجتماعي تعيشه بعض المجتمعات المتطرفة خاصة التي تتسم بالفقر الكبير ومع ذلك تعتقد أنها مصلحة للعالم أجمع."
"Pop- Popular","شعبي","وهو مصطلح يشير إلى كل الثقافة والفنون الشعبية التي تشيع بين جماهير العامة وتستخدم في الاحتفالات والتجمعات والشعائر الوطنية، وهي جزء من الثقافة للبلد."
"Population Density","كثافة سكانية","الكثافة السكانية يمكن حسابها بأنها متوسط عدد السكان في الميل المربع أو الكيلومتر المربع بقسمة عدد السكان على مساحة المنطقة أو الدولة."
"Positivism","الوضعية","هي مدرسة في الفلسفة السياسية وعلم الاجتماع، واشتقت من الاعتقاد بأن المعرفة الوافية لا تتحقق إلا باستخدام الأسلوب العلمي في البحث عن الحقيقة من خلل الملاحظة وإخضاع النظريات للتجربة، أي نشر الروح العلمية في البحث."
"Post Conflict Peace Building","بناء السلم بعد انتهاء الصراعات","ويقصد به مجموعة من الإجراءات والترتيبات التي يتعين على الأمم المتحدة أن تقوم بها لد عم الجهود الرامية إلى تثبيت التسوية وضمان عدم النكوص أو الارتداد بعد انتهاء الصراعات المسلحة أو الأزمات الدولية، فهو بنية جديدة ينبغي أن ينظر إليه كنظير للدبلوماسية الوقائية التي تسعى لتفادي انهيار الظروف السلمية."
"Power / Force","القوة","وهي النفوذ المتحكم في السلطة أو الحكم، وإذا اكتسب صفة الشرعية أصبح سلطة، وقد تكون القوة سياسية أو عسكرية أو اقتصادية، ويعرفها البعض بأنها القدرة على حمل الآخرين على أن يفعلوا ما نريدهم أن يقوموا به، على افتراض أن هذا مختلف بطريقة ما عما يرغبون هم بعمله، وذ لك باستخدام التهديد وباستخدام العقوبات إذا لزم الأمر."
"Power Is Decision-making","قوة صنع القرار","فمن أهم تعريفات علم القوة في علم السياسة، لأن القرار هو اختيار محكوم مقيد Sanctioned Choice أي اختيار يحمل معه مجموعة من التحريمات Deprivations ضد من يحاول أن يهزأ به، وهذا الرأي لعالم السياسة الأمريكي هارولد لا سويل."
"Powerlessness","مشاعر انعدام القوة","وهي مشاعر تنتشر بين العمال في المجتمعات الرأسمالية لفقدهم سيطرتهم على العملية الإنتاجية وحلول قوة الآلات محل قدرة العمال على الابتكار والتجديد."
"Pragmatism","البرجماتية","هي مدرسة أثرت تأثيرا ً كبيرا ً في الدراسات السياسية الأمريكية، وهي تمثل محاولة لتجنب الدراسات الفقهية والشكلية والنظامية التي تركز على العوامل الخارجية في الحياة السياسية،وهي تدعو للواقعية السياسية من خلال الربط بين الأفكار النفعية والنظريات الفلسفية."
"Pre-Emptive First Strike","الضربة) الأولى(الوقائية","الضربة الوقائية هي القدرة على توجيه الضربة الأولى التي تجعل من يستطيع تنفيذها أن يكسب الحرب غالبا ً، لأنها تستطيع تدمير القوة المضادة قبل قيام الحرب وإجبار العدو على الاستسلام، وتستطيع الدول إتقاء هذه الضربة وتجنبها، بوضع القذائف Missiles في مخازن آمنة وعميقة Deep Silos أو وضعها في غواصات."
"Predictive Function","الوظيفة التنبؤية","فمن وظائف النماذج، فبعد جمع المعلومات وتشخيص العلاقات الهامة لابد أن يساعد النموذج المحلل على الاستنتاج والتنبؤ بأحداث مستق بلية."
"Prejudice","التحيز والتعصب","هين وع من الانحياز الفكري أو الطبقي تجاه مجموعة معينة من أفراد المجتمع السياسي اتجاه لدى الأغلبية تجاه الأقليات في المجتمع، وهو اتجاه انفعالي في الغالب."
"Prejudice","التعصب","أنظر: تحيز"
"Presistence Of Aggregates","استمرار المجتمع","هو الاتجاه نحو مقاومة الت غيير في العلاقات بين الأشياء والأفكار، ويتضمن المعتقدات السابقة التقليدية التي تمثل الأساس غير العقلي للنظام الاجتماعي استمرار النظام System-Persistence وهو مفهوم أو مصطلح يؤكد على أهمية المحافظة على الاستقرار والوضع القائم للنظام السياسي."
"Press Freedom","حرية الصحافة","هي حرية الصحف والصحفيين بالجهر بالأراء والأفكار، ولا يحرم شحص من التعبير عن مكنون رأيه، والصحافة حرة في نشر الأراء في إط ار القانون والنظام، والرقابة محظورة على الصحف إلا إذا كان ذلك في الأمور الطارئة لوقاية النظام الاجتماعي."
"Press Moral code","الشرف الصحفي","هو ميثاق يتعهد من خلاله رجال الصحافة والإعلام بتزويد الجمهور بالأنباء الصحيحة والتحقق من صحة المعلومات التي يحصلون عليها والإخلاص للمصلحة العامة وتجنب السعي وراء منفعتهم الخاصة والحفاظ على أمانة المهنة وكرامتها والاحتفاظ بسرية المصادر التي يستقون منها الأنباء."
"Pressures","ضغوط","وهي التفاعلات من الجماعات المخت لفة داخل النظام وخارجه والتي تعبر عن التفاعل داخل المجتمع."
"Pressures Counter","ضغوط مضادة","وتعبر عن رد فعل الجماعات المختلفة لسياسة معينة أو لضغوط جماعة أو جماعات أخرى. الضفة الغربية"
"Prestige","الهيبة","وهي المكانة السلطوية والاجتماعية والسياسية للفرد أو للأسرة أو للجماعة داخل المجتمع، وهي مفهوم اجتماعي قد يعادل الشرعية في المجتمعات التقليدية ٠"
"Preventive Diplomacy","الدبلوماسية الوقائية","وهي تعني الإجراءات أو الترتيبات التي يتعين اتخاذها لمنع نش وب النزاعات أصلا ً، أو منع تصاعدها وتحولها إلى صراعات مسلحة، أو ووقف انتشارها إلى أطراف أخرى والعمل على حصرها في حدود أطرافها الأصلية، وتتطلب هذه الدبلوماسية الوقائية: تدابير لبناء الثقة، وتقصي الحقائق، والإنذار المبكر، والنشر الوقائي للقوات، وإنشاء منا طق منزوعة السلاح، فهي لاتعني استبعاد استخدام الأداة العسكرية تماما ً ولكن يمكن اللجوء لنشر قوات دولية لأغراض وقائية بالنسبة للأزمات الداخلية أو الأزمات الدولية."
"Prime Force","القوة الكبرى","وهو مصطلح أعلنه المفكر سنايدر، وأكد فيه أن القومية هي القوة الكبري في العصر الحديث والمحرك الأول لأحداثه التاريخية، لأنها أثرت وما زالت تؤثر في العالم كله، وبخاصة في الدول النامية، تأثيرا ً عميقا ً لايمكن أن نحدد مداه."
"Privacy Rights","الخصوصية)) الحرمة الشخصية","وهي حقوق مكتسبة وتعني حق الفرد في الاحتفاظ بجانب من حياته وأفكاره وانفعالاته وأنشطته في مجال الحرمات الشخصية لنفسه أو لمن يختارهم من أعضاء أسرته وأصدقائه ويتجه إلى عدم انتهاك الحرمات الشخصية."
"Problematic","الإشكالية","هي عملية انفتاح مجموعة من المفاهيم التيت ُشكل قوام أي نظرية، وهذه النظرية تسا عدنا على فهم العالم وتعمل على تمكيننا من إثارة التساؤلات انطلاقا ً من مفهوماتها،أي تمكننا من طرح المشكلات، فهي تفند كافة جوانب الموضوع من وجهة نظر طارح المشكلة، ويطلق عليها منظومة الأفكار أو المنظومة الفكرية التي تقوم بذاتها."
"Problematic","المنظومة الفكرية","أنظر: الإشكالية"
"Process","العملية","وهي فكرة سياسية مستمدة من الفلسفة البرجماتية، وتعلن أن كافة جوانب السلوك الإنساني مثل الوعي والفكرة والذاتية والتفاعل والتجمعت تسم بأنها في حالة حركة مستمرة ودينامية دائمة، فالعملية ماهي إلا الحركة الدائمة وليس مجرد التوازن أو الاستقرار النسبي."
"Progress","التقدم","التقدم هو الهدف السياسي والاقتصادي والاجتماعي لجميع المجتمعات المعاصرة، فلا نمو ولا تنمية بدون تقدم، وهو نقيض التخلف، ولذلك تسعى إليه الدول النامية خصوصا ً للإفلات من فخ التخلف وتحقيق الانطلاق عبر الصناعة والزراعة والإنتاج، وكذا النمو السياسي عن طريق تحقيق الديمقراطية."
"Proletariat","البروليتاريا","البروليتاريا هي الطبقة العمالية المنتجة التي لاتملك نصيبا ً من الثروة ولا تتمتع بأي ضمانات في الحياة وتعاني من الفقر نتيجة الاستغلال الرأسمالي لها."
"Promulgation","التصديق","التصديقه وعملية النشر الرسمي للقوانين لتصبح سارية المفعول، وتبدأ باعتماد رئيس الدولة على القانون خلال مدة معينة من عرضه عليه يحددها الدستور ثم ينشر في الجريدة الرسمية ليكون ساري المفعول وليمكن تنفيذه وطاعة الشعب،له والتصديق على المعاهدات والاتفاقيات الدولية يكون من المجلس النيابي المنتخب أو المختار من قبل الشعب، والتصديق أحد الخطوات الهامة لاصدار القوانين وإقرار المعاهدات والاتفاقيات والبروتوكولات الدولية وتنفيذها، فهو جزء رئيسي من التشريع."
"Propaganda","الدعاية","وتعني التأثير على آراء ومعتقدات الجماهير لتأخذ اتجاها ً معينا ً نحو نظام أو مذهب بصورة إيجابية أو سلبية، كما تحاول تهيئة نفسيات الأفراد لقبول وجهات النظر التي تدعو لها وقد تلجأ في ذلك لتشويه الحقائق وتحريفها، وتتعدد صور الدعاية بتعدد أغراضها، فقد تكون سياسية أو اجتماعية أو ثقافية أو دينية، وهناك الدعاية السوداء Black Propaganda وهي التي تقوم على إخفاء غرض الداعية وجعلها مقنعة أو مستترة أو سوداء، والدعاية ال مضادة Counter Prop. وهي التي تقومز بها دولة لمقاومة دعاية دولة أخري."
"Proportionality","التناسب","التناسب م صطلح سياسي يقصد به توزيع وظائف الجه از الإداري والموارد المالية على مختلف قطاعات المجتمع حسب وزنها العددي، ومن شأن التوزيع النسبي التخفيف من أعباء النظام السياسي وإبعاد المشاكل عن عملية صنع القرار."
"Prospect / Expectations","توقعات مستقبلية","هي التبنؤات السياسية والاقتصادية والاجتماعية، والت على التاريخ وفعات تكون عما سيحدث في المستقبل بناء والواقع الحالي، وهذه التوقعات هي أساس وجوهر السياسة لأنها تبدأ من حيث ينتهي التاريخ."
"Protectionism","الحمائية","هي نزعة وطنية تتنامي في البلدان النامية، وتعني حماية الإنتاج الوطني من المنافسة غير المتكافئة للمن تج الأجنبي الرخيص، وذلك بفرض رسوم جمركية عالية على السلع المستوردة من الخارج، وقد قلصت اتفاقية الجات من تطبيق الحمائية على المنتجات الوطنية في ظل السوق الاقتصادية العالمية الجديدة."
"Protestant","البروتستانت","حركة دينية نشأت نتيجة الحركة الإصلاحية لمارتن لوثر، ويطلق الاسم بمعناه الواسع على الذين لا ينتمون للكنيسة الكاثوليكية الرو مانية أو إلى أي كنيسة شرقية، وهي عقيدة مسيحية متحررة في الأمور الدينية والدنيوية وفي التسامح الديني وإعطاء الفرد حرية التقدير والحكم على الأمور، وعصب البروتستانتينية مسئولية الفرد تجاه االله وحده وليس تجاه الكنيسة، وأن الخلاص يتم عن طريق النعمة الإلهية فقط."
"Protesters","احتجاجيين","الاحتجاجيون هم فئة من المتطرفين الذين يكونون على غير مباديء غالبية الجمهور أو الشعب، والذين يثيرون، في نفس الوقت، الزوابع والاضطرابات دوما داخل المجتمع."
"Provisional Irish Republican Army(IRA)","منظمة الجيش الجمهوري الأيرلندي المؤالمؤ قت","وهي منظمة نشأت في أوساط الجمهوريين في أيرلندا الشمالية) الكاثوليك (وله جناح عسكري قوي نفذ العديد من الهجمات ضد المصالح الإنجليزية، وبدأ السلام بتفكيك الجناح العسكرى للمنظمة والتفاوض السياسي من أجل منح أيرلندا الشم الية المزيد من سلطات الحكم الذاتي والتفويض السياسي."
"Psychological Warfare / Sicological Warfare","الحرب النفسية","يقصد بها استخدام الدعاية والوسائل النفسية) السيكولوجية (الأخرى للتأثير في معنويات العدو واتجاهاته لخلق الإنشقاق والتذمر بينص فوفه، والحرب النفسية هي كل محاولة من جانب الخصم للقضاء على التماسك القومي والثقة في القيادة السياسية للطرف الآخر، فالحرب النفسية تتجه للخصم وهي أداة من أدوات التعامل الدولي وتتجه لتحطيم الثقة والتماسك القومي."
"Public Interest","المصلحة العامة","هي أحد أهم وظائف الدولة الحديثة، والتي تتمثل في حمايتها للمصلحة العامة في الداخل والخارج، وأيضا قيامها بالدور التنموي الحديث الذي يتمثل في قيام الدولة بدور المنظم الاقتصادي Enterpreneur."
"Public Opinion","الرأي العام","وهو وجهات النظر والشعور السائد بين جمهور معين في وقت معين إزاء موقف أو مشكلة من المشكلات، وجماعة الرأي العام أو الجمهور مشترك المصالح Public هو عدد كبير من الأفراد يشتركون عن إدراك في وحدة المصالح ولذلك يتولد لديهم شعور بالوحدة وتحقيق الذات، وهناك رأي عام موجود بالفعل Public Opinion, Actual وهو الرأي الذي يحدث نتيجة بعض الأحداث، وهناك الرأي العام المنقاد أو المنساق Conducted Public Opinion وهو الرأي الذي تمثله الأكثرية الساحقة من جمهور الأميين ولا يحاولون التفكير في كل ما يرسل لهم من دعاية، بعكس الرأي العام المثقف Cultured وهم يتأثرون بالدعاية ولكنهم قد يؤثرون فيها."
"Public Relations","العلاقات العامة","وتقوم العلاقات العامة بعملية الإتصال بين المنظمات والجمهور وتشرح وتفسر كل منهما للآخر، وحتى يمكن لهذه المنظمات أن تنجح في كسب ثقة الجمهور وفهمه وتأييده، وهي أساسية في تيسير مهمة عمل الهيئات والمنظمات المختلفة."
"Public Squalor","الفساد الحكومي","وهو الفساد والمخالفات والقضايا التي تظهر في الإدارات الحكومية المختلفة مثل الرشوة والمحسوبية وتعطيل العمل والإتاوات وغيرها."
"Publicity","العلانية","العلانية هي قيمة أساسية من قيم العلم ومحدد أساسي من محدداته، كما أن العلانية في الاتفاقيات والمعاهدات والمفاوضات تؤدى للشفافية، على الرغم من الضغوط التي تقع على أطراف التفاوض من قبل الرأي العام في حالة العلانية، وهي قيمة أساسية في الحياة السياسية، لأن العكس هو السرية وهي مرفوضة في الحياة السياسية لأنها تثير الشبهات."
"Purported Workings Of Political Institutions","فحوى أعمال المؤسسات السياسية","فحوى فحص أعمال المؤسسات السياسية مبدأ ومدخل من المداخل العلمية السياسية، والذي يبحث في تحليل أعمال ونشاط المؤسسات السياسية من أجل فهم السيا سة والنشاط السياسي."
"Qualified Elitism","النخبوية المؤهلة","أنظر: الصفوة هم الفئة من النخب التي تكون أكثر دقة وأكثر مرغوبية من قبل الجماهير وتكون هذه الصفوة المؤهلة موجودة بوفرة في الديمقراطيات الليبرالية"
"Quasi Group","شبه جماعة","لفظ شبه جماعة يطلق على مجموعة من السكان بدون بناء تنظيمي وغير منظمة كالتجمعات الفجائية والحشود والتجمهرات والبدو، وقد تكون هذه المجموعات عرقية ولكنها غير منظمة وغير قادرة على التأثير السيا سي وبناء أمة أو دولة."
"Questionnaire","استبيان","وهو وسيلة هامة لجمع البيانات قوامها الاعتماد على مجموعة من الأسئلة تطرح بأي وسيلة على مجموعة من الأفراد ليجيب عليها الأفراد، ثم يتولى الباحث تحليلها واستشفاف ما بها من بيانات، ويمكن الاتصال المباشر بين الباحث والأفراد أو ينشر الاستبيان بالصحف أو يرسل بالبر،يد وتكون البيانات عادة سرية ولا يجوز استخدامها إلا في البحث العلمي."
"Racconigi","معاهدة راكونيجي","هي معاهدة بين روسيا وإيطاليا وقعت في أكتوبر ١٩٠٨ م وتنص على مساندة روسيا للادعاءات الإيطالية في شمال أفريقيا وخاصة في ليبيا مقابل مساندة إيطاليا للإدعاءات الروسية بحقها في منطقة المضايق التركية. وهناك معاهدة كلايتون بلوير Clayton-Bulwer وهي معاهدة بين الولايات المتحدة وبريطانيا وقعت عام ١٨٥٠ م بشأن النظام القانوني لقناة بنما البحرية التي تربط بين المحيط الأطلسي والمحيط الهادي، كما ضمنت حياد القناة وعدم استعمار أي جزء من أفريقيا الوسطى، وألغتها معاهدة هاي بونسفوت. وهناك معاهدة هاي بونسفوت Hay-Pauncefote و هي معاهدة دولية بين بريطانيا والولايات المتحدة وقعت عام ١٩٠١ م انهت معاهدة كلايتون بلوير، بشأن قناة بنما، وأكدت حياد القناة ولكنها نصت على حق الولايات المتحدة في الإشراف على هذه القناة البحرية وإدارتها والدفاع عنها بما في ذلك حق إقامة التحصينات واتخاذ كافة التدابير لحمايتها. وهناك معاهدة هاي هران Hay-Herran و هي معاهدة دولية بين الولايات المتحدة الأمريكية وكولومبيا في يناير ١٩٠٣ م، وحصلت الولايات المتحدة خلالها على امتياز تأجير منطقة برزخ بنما بعرض ستة أميال بحرية لحفر قناة بنما فيها لمدة ٩٩ عاما ً، ولما رفض برلمان كولومبيا التصديق على المعاهدة شجعت أمريكا بنما على الاستقلال، وبالفعل أعلنت استقلالها في نوفمبر من نفس العام وأبرمت م عها الولايات المتحدة معاهدة هاي بونوفاريلا Hay-Bunu Varilla التي نصت على حق الولايات المتحدة في امتلاك وتحصين قناة بنما للأبد."
"Race Consiousness","الوعي السلا لي","و هو التعصب السلالي أو العنصري، وتعود أساسا ً إلى لون البشرة التي هي أساس المشكلات العنصرية في عالم اليوم والوعي السلالي هو نظرة شعب من الشعوب في سماتهم القومية والشخصية والتفاخر بهذه السمات والصفات /. أنظر التفرقة العنصرية."
"Race Relations","العلاقات العرقية","هي علاقات مشكلة الأقليات، أي أنها العلاقات التي تظهر فيها بوضوح قضية العنصر Race Problem ، ويتخذها البعض شكلا ً من أشكال التعددية داخل المجتمعات المعاصرة."
"Racialism","العنصرية","أنظر: العرقية التفرقة العنصرية"
"Racism","العرقيةة","العرقية هي الاعتقاد بأن العرق هو العامل الأكثر فعالية في تكوين السمات والمواهب البشرية وأن الفروق العرقية تولد امتيازا ً فطريا ً عند عرق بعينه، ولم تظهر العرقية بمعناها المتعصب إلا في القرن التاسع عشر مع انتشار الاستعمار بمعناه الحديث، وبدأ التمييز بين العرق الأبيض والعرق الأسود والأصفر، وبدأ الحديث عن الأشكال العرقية المتميزة عما سواها مثل النازية والصهيونية والبيض الخ..."
"Radical","الراديكالي","يطلق لفظ راديكالي على كل من ينادي بالتغيير الأساسي."
"Radical Change","التغير السريع","وهو التغير الذي يحدثه النظام للحفاظ على توازنه واستمراره، أو التطورات المختلفة على الساحة العالمية والبيئية والتي لا يستطيع النظام أن يستوعبها فينهار بسرعة."
"Rational Choice Theory","نظرية الاختيار العقلاني","وهي نظرية إجتماعية تعلن أن أنسب موضوع لعلم الاجتماع هو دراسة الفعل الاجتماعي، وهي تشترك في علم السياسة بجزء من نظرية الم باريات بالاختيار العقلاني السليم للمخرج بدلا من التصادم الذي يطيح بطرفي النزاع، وتسمي كذلك نظرية التبادل Exchange Theory."
"Rationalization","العقلنة","العقلنة مصطلح يعني تحكيم العقل في كل شيء،أي التفكير المسبق بالعقل وليس بالعاطفة في الأفكار والممارسات المعروضة، ومنهاب الطبع البرامج السياسية المختلفة، لاختيار إحداها، ومن هذه العقلنة مسألة عقلنة القانون Retionalisation Of Law أي اخضاع العقل وتحكيمه قبل تطبيق القواعد القانونية الجامدة."
"Realism","الواقعية","وهي النظرة السائدة للسياسة الدولية أو العلاقات التي تقوم بين الدول Inter-State Politics وتشدد هذه الواقعية على الطبيعة التصادمية للسياسة الدولية وتصف هذه السياسة بالإضطراب والتنافس."
"Reason Ableness","الحصافة","هي صواب التفكير، أي القدرة على فهم الآخرين والتحرك بنجاح داخل وسط اجتماعي يتزايد تعقدا ً باضطراد."
"Reasoned Conclusions","نتائج دقيقة ومقنعة","هي النتائج التي يصل إليها المحلل السياسي بعد أن يفهم المشكلة ويحللها ويقوم بتقييمها في النهاية للوصول إلى هذه النتائج."
"Rechtsstaat","دولة الحقوق","و هو مفهوم ألماني للدولة تم وضعه على يد عدد من الفقهاء السياسيين من أمثال جللنيك وجنايست في النصف الثاني من القرن التاسع عشر وتفرد به المضمون السياسي الاجتماعي للقومية الألمانية، ويقوم المفهوم على فكرة الاعتراف للفرد المواطن بحقوق معينة يحددها ويضمنها القانون ولا تستطيع الدولة بحكم طبيعتها القانونية وبوصفها تنظيما ً قانونيا ً إلا احترام هذه الحقوق."
"Reconciliation System","النظام التوفيقي","تشير النظم التوفيقية إلى إحدى صور الديمقراطية، لأن الديمقراطية نظام حكم توفيقي ولكن النظم التوفيقية ليست بالضرورة نظ م ديمقراطية."
"Recruitment Political","التجنيد السياسي","يقصد بالتجنيد إسناد أدوار سياسية للأفراد وإكسابهم الخبرات والمهارات اللازمة لمزاولة هذه الأدوار."
"Referendum","استفتاء","هو صورة هامة من صور الرجوع للشعب في المسائل الهامة لأمن الوطن ومستقبله وتعديل الدستور، وفيه تطرح المسائل بشكل مباشر على الناخبين ليعلنوا موافقتهم أو رفضهم لهذا الأمر، ويرتبط حق الاستفتاء عادة بحق الانتخاب العام وحق الاستدعاء Right Of Recall وكلها أساليب ديمقراطية لمعرفة رأي الشعب."
"Reformist","الإصلاحية)) الاتجاهات (","وهي اتجاهات للاصلاح داخل المجتمع إما بالعودة للجذور وإحياء الثقافات االقديمة أو التمرد على المحافظة واتباع أساليب جديدة في مختلف المجالات."
"Regional Commissions","اللجان الإقليمية","وهي مجموعة من اللجان التي تتناول موضوعات إقليمية وتتبع الأمم المتحدة، وهدفها تدعيم العلاقات الاقتصادية والتكامل بين دول المنطقة وتقديم المساعدات الخاصة بالتنمية الاقتصادية والاجتماعية لهذه المناطق، ومن هذه اللجان: اللجنة الاقتصادية لأفريقيا، ومقرها أديس أبابا بأثيوبيا، والجنة الاقتصادية والاجتماعية لآسيا والمحيط الهندي ومقرها بانكوك بتايلاند، واللجنة الاقتصادية لأوروبا ومقرها جنيف بسويسرا، واللجنة الاقت صادية والاجتماعية لغرب آسيا ومقرها المؤقت عمان بالأردن، واللجنة الاقتصادية لأمريكا اللاتينية والكاريبي ومقرها سنتياجو بشيلي."
"Regional Represention","التوزيع الأقليمي","التوزيع الإقليمي مصطلح يعنى التوزيع الأقليمي للعضوية في المنظمات الدولية وخاصة مجلس الأمن على مختلف القارات والأقاليم لتحقيق نوع من التوازن العالمي في مقاعد هذه المنظ مات الدولية، فمجلس الأمن مثلا تكون عملية توزيع العضوية غير الدائمة منذ عام ١٩٦٢ م بمنح قارتي آسيا وأفريقيا خمسة مقاعد ومقعدين لكل من أوريا الغربية وأمريكا اللاتينية ومقعد لشرق أوربا، وبهذا أصبح التوزيع الجغرافي في مجلس الأمن يعني التوزيع الأقليمي Geographical Distribution Came To Meam Regional Represention."
"Regulative Law","القانون التنظيمي","بما هوقِرالقانون التنظيمي هو القانون الذي ي كائن في ال حياة اليومية من علاقات ويقوم بتنظيم هذه العلاقات الموجودة بالفعل في المجتمع، بينما القانون التكويني Constitutive Law حدث شيئا ً فيكون القانون الذي ي لم يكن موجودا ً من قبل."
"Relenist","الناقد السياسي","وهو المناقشل ما يقدم من حجج بقصد تقبل أو رفض لوجهة نظر معينة، ويدخل في نفس الوظيفة المحلل الإعلامي أو الصحفي."
"Religion Factor","الدين","عامل الدين أو العقيدة أحد الروابط التي تجمع الشعوب والأمم وتساعد على تحقيق تماسكهم ال وطني بالمعتقد الديني، وفي بعض الدول كالولايات المتحدة ليس هناك دين راسخ Established Religion وهناك حرية للأديان تكفلها لائحة الحقوق Bill Of Rights."
"Renaissance","عهد النهضة","هو عصر النهضة الناتج عن الثقافة الغربية والمرتبط ارتباطا ً وثيقا ً بالمادية العلمية، ويبدأ هذا العهد عادة منذ القرن الثامن عشر وحتى القرن العشرين."
"Rendezvous","ملتقى","الملتقي هو المكان الذي يسهل للدبلوماسيين ورجال السياسة القيام بمهامهم وواجباتهم الرسمية وتبادل الآراء والمناقشة العامة للمشاكل الدولية بشكل غير رسمي، ومجلس الأمن يعتبر ملتقي قبل أن يكون حلقة أو مجلس Forum لتق ديم وجهات النظر الرسمية للدول."
"Reports","التقارير","التقارير هي عرض رسمى للحقائق أو بحث عن موضوع معين، فهي محاولة لترجمة الملاحظة للواقع المادي في عبارات مركزة ومنسقة ومكتوبة، والتقرير ليس هدفا ً في حد ذاته، بل هو وسيلة الإدارة للمراقبة والتنسيق واتخاذ القرار. ات"
"Repressive Measures","الإجراءات القمعية","وهي الاجراءات العنيفة التي تتخذها الحكومة ضد الخارجين عن النظام والقانون،وهذه الإجراءات لايمكن تبريرها زمنا طويلا ً وتتم في أضيق الحدود وتتميز بالسرعة والسرية."
"Res Nullius","أرض لا صاحب لها","وهي الأراضي التي كان يستولي عليها الاستعمار بعد انسحاب مصر أو زنجبار منها وانحسار نفوذهما عنها حيث أنهما كانا في الربع الأخير من القرن التاسع عشر يسيطران على أغلب القارة الأفريقية، وكان الاستعمار يدعي هذا الادعاء علي تلك الأراضي لإحكام سيطرته عليها."
"Revisionism","المذاهب التعديلية للشيوعية","هي المواقف الوسط في الفكر الاشتراكي الشيوعي والتي تدعو لاستثمار الامكانات المتاحة في السياسة الأوربية الغربية للوصول للحكم ونشر المباديء الشيوعية."
"Revolution","الثورة","الثورة مصطلح يقصد به التحول الجذري في التكوينات الاجتماعية والسياسية والنظام العام وفي العلاقات والخبرات المتبادلة بين الناس، وقد يقصد به التغير الدائري الذي يكشف عن أنماط جديدة، والثورة مصطلح يقصد به الآن مقاومة نظام الملكية ذاته، وليس مجرد التمرد والعصيان، وهناك الثورة الجماهيلرية والثورة الشعبية والثورة الطبقية."
"Right To Privacy","الحق في الخصوصية","من أهم الحقوق لإنسان القرن العشرين وهو الحق في أن يكون لكل فرد الحق في حياته الخاصة المحاطة بالسرية وعدم التدخل في هذه الحياة واقتحامها طالما لا تتعدى على القانون والنظام العام ولا تمس حرية الآخرين."
"Right To Vote","حق التصويت","هو أبسط أشكال الممارسة السياسية للشعب، وأول الحقوق السياسية للمواطن في العصر الحديث، وتعني منح حق أبداء الرأي في القضايا المختلفة للجميع دون تمييز."
"Rigidity","الت ّزمت","التزمت مفهوم يشير إلى التقوقع في نماذج ثابتة صعبة التغيير، أو التمسك بالتقاليد والعادات الموروثة دون تغيير، وأيضا ً الدفاع القوي عن مبدأ معين دون تفكير."
"Risorgimento","النهضة الإيطالية","هي دعوة من رجال الفكر الوطني الإيطالي التي تزعم مدرستها دانونزيو وكوراديني في أوائل القرن العشرين، والتي رفضت فكرة إيطاليا الصغرى Italietta ونادت باعتبار التوسع الخارجي واجبا ً قوميا ً لبلوغ النهضة الإيطالية وبلوغ الشعب الإيطالي مصاف الشعوب الكبرى، وتوسعت إيطاليا بالفعل في أفريقيا والبلقان."
"Road Map","خريطة الطريق","خريطة الطريق هي أحدث المشروعات المقدمة لحل المشكلة الفلسطينية عام ٢٠٠٣ م، لإنهاء الصراع الفلسطيني الإسرائيلي، وتقوم هذه الخطة التي قدمتها واشنطن وقبلها طرفي النزاع: الفلسطينيين والإسرائيليين، على عدة خطوات منها: انسحاب القوات الإسرائيلية من المدن الفلسطينية ووقف الاستيطان الإسرائيلي ونقل السلطات المدنية للفلسطينيين ثم إعلان الدولة الفلسطينية عام ٢٠٠٥ م، مقابل نزع سلاح الفصائل الفلسطينية وإنهاء الإنتفاضة الفلسطينية ووقف العمليات ضد إسرائيل، ولم ينجح تطبيق خريطة الطريق بسبب عدم التزام إسرائيل بتعهداتها وقيامها ببناء الجدار الفاصل بين الأراضي الفلسطينية والمدن الإسرائيلية ومواصلة تصفيتها للكوادر الفلسطينية رغم بدء انسحابها من بعض المدن الفلسطينية."
"Roman Catholicism","كاثوليكية رومانية","و هي الك نيسة الرئيسية في عالم المسيحية، ويرأس كنيستها بابا الفاتيكان، وتضم أغلب المؤمنين بالمسيحية، وهي تمثل المحافظين المسيحيين."
"Romance Languages","اللغات اللاتينية","هي اللغات المنحدرة من اللغة اللاتينية مثل الفرنسية والأسبانية والبرتغالية، وتتحدث بها أغلب الشعوب الأوربية والأمريكية."
"Round Table Conference","مؤتمر المائدة المستديرة","مفاوضات الدائرة المستديرة هي المفاوضات التي يقصد إجراؤها على أساس المساواة التامة بين ممثلي الأطراف المعنية، فيجلس الجميع حول مائدة مستديرة تحاشيا لوضع رئيس للجلسة أو للمؤتمر وتجنبا ً لتقدم شخص على آخر من حيث الاعتبار أو المكانة."
"Royal And Diplomatic Protection Group","المجموعة الملكية لحماية الدبلوماسيين","المجموعة الملكية لحماية الدبلوماسيين هي مجموعة تابعة لشرطة لندن ذات مهام خاصة لحماية الدبلوماسيين الأجانب من أية أعمال إرهابية، وحمايتهم من الأحداث الطارئة التي قد يتعرضون لها، وهي نموذج أمني للوقاية من أحداث اختطاف الد بلوماسيين Diplomapping."
"Rule Adjudication","التقاضي بموجب القاعدة","ويعني إصدار أحكام ملزمة وباتة في المنازعات بين الأفراد بعضهم البعض أو بينهم وبين الإدارة، استنادا ً إلى القواعد القانونية المعمول بها داخل الدولة."
"Rule By The People","حكم الشعب","حكم الشعب نفسه بنفسه ولنفسه هو أهم تعريفات الديمقراطية في ال فقه السياسي والنموذج الأكثر انتشارا ً لمفهوم الديمقراطية."
"Rule Making","صنع القاعدة","وهي عملية وضع السياسات واتخاذ القرارات المختلفة داخل الدولة، وتشترك فيها السلطتين ال تنفيذية والتشريعية."
"Ruling Class","طبقة حاكمة","وهي الطبقة أو الصفوة أو النخبة التي تمارس الحكم في كافة المجتمعات، وقوتها ترجع إلى الطبيعة التنظيمية العالية التي تميزها. وهناك طبقة متوسطة Middle Class وهي غالبا ً طبقة المثقفين والموظفين في المجتمعات المختلفة،أي أعضاء الإدارة الحكومية، ولهم دور هام في مساندة النظام وإكسابه الشرعية. وهناك الطبقة المحكومة Rulled Class وهي أغلبية الشعب من كافة الفئات، وهي أغلبية محكومة، وتتميز بأنها غير منظمة. وهناك الطبقة المهيمنة Hegemonic Class وهي الطبقة التي تسيطر على الحكم وعلى القيادة وعلى مؤسسات اتخاذ القرار في دولة ما، مثل طبقة البرولي تاريا في المجتمعات الاشتراكية والطبقة البرجوازية في المجتمعات الرأسمالية، ولها القدرة على السيطرة على الأمور لخدمة مصالحها."
"Rumours","الشائعات","وهي أفكار خاصة يعمل رجال الدعاية على أن يؤمن بها الناس، كما يعمل أن ينقلها كل شخص إلى آخرين حتى تذاع وتنتشر بين جميع الجماهير، وقد يطلقها أفراد أو جماعات للتعبير عن مكنون معين أو لتوصيل رسالة معينة للقادة أو للتأثير على صناع القرار أو لتشويه عمل معين أو للإثارة الجماهيرية، وقد تكون لها قدر من الحقيقة."
"Russification","الترويسية","وهي سياسة فرض الروسية كلغة وكقيم على جمهوريات الاتحاد السوفيتي السابق، وذلك لصهر القوميات الصغيرة وخفض القومية Denationalization عند الباقين، وشهدت عملية الترويس مقاومة شديدة ولم تنجح خصوصا ً بعد وفاة ستالين."
"S A D C","الساداك ٍ ٍِ ِ","هي الجماعة التنموية للجنوب الأفريقي، والتي تأسست عام ١٩٩٤ م، وتتكون من ١٤ دولة من دول الجنوب الأفريقي، وتعد الجماعة امتدادا ً لمؤتمر تنسيق التنمية لدول الجنوب الأفريقي SADCC الذي تأسس في يوليو ١٩٧٩... م ويضم الساداك دول: بتسوانا، ليسوتو، مالاوي، موريشيوس، موزمبيق، ناميبيا، جنوب أفريقيا، سوازيلاند، تنزانيا، زامبيا، زيمبابوي، الكونغو الديمقراطية وسيشل."
"SAARC","رابطة دول جنوب آسيا للتعاون الأقليمي","أنظر: مجموعة دول جنوب شرقي آسيا"
"Salt ٢","سالت ٢","وهي إتفاقية موقعة بين الاتحاد السوفيتي والولايات المتحدة الأمريكية عام ١٩٧٩ م، وهي الاتفاقية الثنائية للحد من الأسلحة الاستراتيجية."
"Saluting Of The Flag","تحية العلم","هي أهم صور الانتماء والولاء للوطن، وتحقيق الهوية في نفوس الشعب، لأن ال علم رمز هام من رموز الوطن وتحيته واجبة ودليل على الاستعداد للتضحية والفداء من أجله، ولذلك تحرص المجتمعات المختلفة على تحية العلم في الصباح في المؤسسات التعليمية وفي المناسبات القومية المختلفة وأثناء الزيارات والمباريات والمنافسات."
"Samites","الساميون","الساميون ينسبون إلى سام بن نوح، وهم من القدماء: الأكاديون والبابليون والأشوريون والفنيقيون، ومن المحدثين العرب والإسرائيليون."
"Second Strike Weapons","الضربة الثانية)) الرد الانتقامي (","ضربة الرد الانتقامي تعتبر الرد الانتقامي الحتمي على الضربة الوقائية ويكون من الأسلحة المخزونة أو الاحتياطية، ويكون عنيفا ً ويكبد أصحاب الضربة الأولى خسائر فادحة."
"Sectional Interests","المصالح والاهتمامات الأقليمية","وهي الأمور التي تهم الجماعة في الأقليم الذي تعيش فيه، وقد تكون هذه الأمور سياسية أو اقتصادية أو اجتماعية، وتكون غالبا ً المصالح متبادلة."
"Sectionalism","التعصب الإقليمي","هو تعبير في اللغة السياسية الأمريكية يعرف بالأقليمية أو التعصب الأقليمي، ويقصد بها أن السبب الجوهري لل حرب الأهلية الأمريكية ١٨٦١-١٨٦٥ م لم يكن المسألة الأخلاقية في الرق ذاته Slavery Per Se وإنما تكمن في إمكانية امتداد العبودية إلى الأقاليم الجديدة في الغرب بعد أن أصبحت أعضاء في الاتحاد الأمريكي."
"Secularism","الدني وية","مصطلح يقصد به عدم المبالاة بالدين أو الاعتبارات الدينية، وهو مصطلح قريب من مصطلح العلمانية."
"Secularism","العلمانية","العلمانية عد الدولة واستقلاله  مصطلح يعنيبا عن العقيدة ولا تقوم وفقا ً لمبادئ دينية، لأن الدولة مخلوق إنساني خلقته الأغراض الإنسانية وهي التي تعمل على استمراره، وفي اللاتينة يعنى المصطلح العالم أو الدنيا، واستخدم المصطلح من قبل مفكري عصر التنوير بمعنى المصادرة الشرعية لممتلكات الكنيسة لصالح الدولة... ويمكن وضع مفهوم العلمانية من خلال تعريفها بأنها هي) العقيدة التي تذهب إلى أن الأخلاق لابد من أن تكون لمصالح البشر في هذه الحياة الدنيا واستبعاد كل الاعتبارات الأخرى المستمدة من الإيمان بالإله أو الحياة الآخرة (فهي ببساطة فصل الدين عن الدولة فصلا ً تاما ً."
"Segregation","اضطهاد","هي سلوك عام أو خاص تجاه الأقليات أو طبقات أو فئات في المجتمع، وهذا السلوك ناتج عن التمييز والمحاباة."
"Segregation","تفرقة","أنظر: اضطهاد"
"Self- Sufficiency","اكتفاء ذاتي","الاكتفاء الذاتي هو مفهوم يقصد به قيام الأفراد والجماعات في مجتمع ما وفي وقت ما بتغطية أغلب احتياجاتهم ومتطلباتهم ذاتيا ً دون الاعتماد على الآخرين، وذلك عن طريق التصنيع أو ال زراعة أو الانتاج المحلي دون الاستيراد من الخارج، والاكتفاء الذاتي قيمة في حد ذاتها يسعى إليها الجميع، وأكثر الشعوب في المقدرة على الاكتفاء الذاتي هي: اليابان ثم الهند ثم النرويج فالولايات المتحدة ثم الصين."
"Self-Determination","تقرير المصير","تقرير المصير من أهم الحق وق التي تبنتها الأمم المتحدة لقيام مختلف الجماعات والشعوب بتقرير مستقبلها بنفسها من خلال إبداء الرأي حول الاستقلال عن الاحتلال من عدمه، والذي منح أغلب الشعوب المحتله الاستقلال الذي كانت تسعى إليه."
"Self-Percepetion Theory","نظرية إدراك الذات","وهي نظرية قدمتها بيم Bem عام ١٩٦٧، م وتعلن هذه النظرية أن العديد من اتجاهاتنا تقوم على أساس إدراكنا لسلوكنا والظروف التي يحدث في ظلها هذا السلوك، ومؤدى هذه النظرية أن الاتجاه الذي يعبر عنه الأشخاص هو عبارة عن ظاهرة تتمثل في عدم التفكير بعناية أو الإعداد المسبق، وتحدث عملية إدراك الذات عندما تكون الاتجاهات التي يتبناها الفرد مبهمة أو غامضة Ambiguous أو عندما لايكون لدى الأشخاص اتجاهات سابقة محددة تماما ً عن موضوع معين."
"Self-Regulating & Persisting","منظم ذاتيا ً ومستمر","هي رؤية للحياة السياسية مستوحاة من النموذج السلوكي المشتق والمست مد من البيئة الغنية والمستقرة كالبيئة الأمريكية في الخمسينات."
"Senscent Convervatism","المحافظة الهرمة","وهو مصطلح يطلق على ظاهرة تأييد المسنين لحزب المحافظين في بريطانيا، وتدل على نزعة متميزة لدى الفرد للإ بقاء على اتجاهات وعادات كسبها مع مرور الزمن إلى تحول في الولاء نحو حزب المحافظين."
"Separation Of Power","الفصل بين السلطات","وهو مبدأ من مباديء الديمقراطية، أي أن لكل سلطة من سلطات الدولة استقلالا ً متميزا ً، ولا تتدخل سلطة في عمل السلطات الأخرى، وهومبدأ سياسي لضمان عدم اعتداء سلطة على أخرى وعدم طغيان سلطة علة سلطة أخرى، ورقابة السلطات لبعضها البعض، وهذه السلطات هي: التنفيذية والتشريعية والقضائية."
"Separatist Movements","حركات انفصالية","وهي الحركات التي تظهر في الدول متعددة القوميات أو الفيدرالية بسبب الشعور بالاضطهاد والتي ترغب في حكم وطني وتحاول تكوين سلطة تسعى للاستقلال عن الدولة الأم، وقد تلجأ الحركات في نضالها للعنف والإرهاب."
"Serological Traits","فصائل الدم","ينتمي كل البشر إلى أربع فصائل دم Blood Group يرمز إليها بالحروف التالية: فصيلة AB وفصيلة A وينتمى إلي كل منها ٢٠ % من سكان العالم، وفصيلة O وفصيلة B التي ينتمي إلي كل منها ٣٠ %من سكان العالم."
"Servicing The Political System","خدمة النظام السياسي","هو مصطلح يعبر عن أهم وظائف وسائل الإعلام المجتمعية، لأن وظائف الإعلام تخدم النظام السياسي بطرق كثيرة ومختلفة بعضها مباشر وبعضها غير مباشر، ففي المجتمعات الكبيرة والمركبة مثل المجتمع الأمريكي لايستطيع القادة الاتصال بالناس بدون استخدام وسائل الإعلام،فوسائل الإعلام تعتبر حيوية في نشر المعلومات من الحكومة إلى كل المواطنين، ويستخدم القادة وسائل الإعلام في مخاطبة الحكومات والشعوب الأخرى وفي شرح السياسات المختلفة، وتتم عملية خدمة النظام السياسي عبر وسائل الإعلام من خلال أربع وظائف أساسية هي: تسهيل التماسك السياسي، وتفسير المجتمعل نفسه، وخدمة النظام الاقتصادى، ودمج السكان الجدد في المجتمع."
"Seven Sisters","الإخوات السبع","هي منظمة دولية لها دور سياسي، وهي منظمة تسيطر على سوق النفط الدولي وتقف في موقع حاسم للوساطة بين دول الأوبك المنتجةل لنفط وبين الدول المستهلكة وهي أوروبا واليابان والولايات المتحدة."
"Simple Majorities","أغلبية بسيطة","وهو مصطلح يعنى أن التصويت (مع) أكثر من التصويت) (ضد مع إغفال االغياب، أي أن تكون نتيجة التصويت ٥٠ + %صوت واحد على الأقل من عدد الحاضرين."
"Simulation","المحاكاة","وهو منهج حديث يدخل بعلم السياسة مرحلة الدراسات التجريبية وإنشاء المعامل السياسيبة وخصوصا ً في مجالات دراسة الرأي العام والتصويت في الانتخابات العامة وفي المنظمات والتنظيمات السياسية، ويسمى منهج التشبه."
"Single Party","الحزب الواحد","الحزب الواحد هو مسمى يطلق تعبيرا ً عن وجود تنظيم سياسي واحد داخل الدولة، مثل الحزب الواحد في الدول حديثة الاستقلال، ولا يسمح بتعدد الأحزاب السياسية حين وجود الحزب الواحد."
"Slavery","الرق","هي العبودية، أي تجريد الإنسان من كافة حقوقه، وجعله سل عة تباع وتشترى وتورث، ولقد ألغي الرق رسميا في العالم كله بمقتضي اتفاقية حقوق الإنسان ١٩٤٨ م."
"Slippability","قابلية التحول","هي القدرة على تخيل بدائل لما هو ماثل أمام أعيننا، فا لقدرة على التحول تكون نوعا ً من المعارف التي تشحذ خيالنا وتغنيه وتحفز قدرتنا على تبني أفكار جديدة عالية الإمكانات عن الطبائع البشرية، وهي قدرة ديناميكية تتطلب استعدادا ً نفسيا ً وسلوكيا ً."
"Slogan","شعار","وهو عبارة مختصرة سهلة التردد تعبر عن فكرة ثابتة أو قيمة أو هدف، وتهدف عادة للإقناع بحيث تؤثر على الرأي العام بدون مناقشة، وتستعمل في الموضوعات الوطنية وفي الدعاية أيضا ً، ولكنها سهلة الرسوخ في ذهن الجماهير."
"Social Security","الضمان الاجتماعي","هو وسيلة الدول الرأسمالية في إحداث نوع من التكافل الاجتماعي أو توفير الحد الأدني من الحياة الكريمة لذوي الاحتياجات الخاصة من الفقراء والمعاقين والمتعطلين عن العمل والمسنون والعجزة وأسرهم، ويستخدم الضمان الاجتماعي لإحداث التوازن الاجتماعي بين مختلف فئات المجتمع في أغلب المجتمعات."
"Social Stratification","التدرج الاجتماعي","وهو مفهوم قد يطلق عليه البناء الطبقي، فالط بقة Class هي الأساس فيه، ويعبر عن الرقي والتنقل بين الطبقات في المجتمع حسب العمل والإنتاج والإنجاز من طبقة العمال وحتى الطبقة الوسطى والنخبة الحاكمة، وكل طبقة بها نسق متدرج."
"Socialism","الاشتراكية","هي نظام اجتماعي اقتصادي يقوم على الملكية العامة لوسائل الإنتاج، وقد تكون هذه الملكية العامة للدولة أو ملكية تعاونية جماعية، وتؤدي الاشتراكية للقضاء على الطبقات المستغلة واستغلال الإنسان لأخيه الإن سان والتعاون بين العمال وعدم وجود اضهاد اجتماعي وعدم وجود تناقض بين الريف والحضر. وهناك مصطلح: اشتراكية ديمقراطية Social Democratic و هي نموذج يخالف الاشتراكية الثورية، أي قيام البعد الاشتراكي في الحكم بجافي الديمقراطية، وهي حركة عالمية تزعمتها ألمانيا ومصر في أواخر السبعينات من القرن الماضي، وتحاول الحركة تحقيق الفكر الاشتراكي اقتصاديا بأسلوب ديمقراطي، والتأثير على الحكومات المحافظة Conservative Government."
"Socialist Countries","الدول الاش تراكية","و هي دول تتخذ المنهج الاشتراكي أساس للحكم، من هيمنة البروليتاريا على الحياة السياسية واتخاذ أسلوب التخطيط وتدخل الدولة في الحياة الاقتصادية لخدمة مصالح الطبقات وإزالة الفوارق بين الطبقات وغيرها من المفاهيم الاشتراكية."
"Sociogram","السوسيوجرام","السوسيوجرام عبارة عن خريطة للجماعة تستخدم فيها رموز ملائمة وتشير إلى الاختيارات السلبية والإيجابية لأعضاء الجماعة، ويتيح السوسيوجرام تجميع الذرات الاجتماعية باعتبارها تمثل شكل المجموع الكلي للعلاقات التي تحيط بكل فرد."
"Sociological Raductionism","الرد السوسيولوجي","هي نظرية طبقية لعلم الاجتماع السياسي تتجاهل الكثير من العوامل الثقافية والنظامية."
"Sociology Of International Relation","اجتماع العلاقات الدولية","هو علم بدأ في النمو والظهور في العقد السابع من القرن العشرين ويعتبر اقتراب سوسيولوجي لدراسة العلاقات السياسية الدولية، أي يقوم بتحليل العلاقات التبادلية بين الظواهر الاجتماعية والعلاقات الدولية المعاصرة."
"Sociology Of Politics","اجتماع السياسة","اجتماع السياسة فرع من فروع علم الاجتماع، ويبحث هذا الفرع في الواقع الأمبريقي من حيث أدواته ومناهجه، ويتناول بعض الموضوعات السياسية من منظور علم الاجت ماع، أي هو تصغير سوسيولوجي للسياسة Sociological Reduction Of Politics."
"Soft Terrorists","مصطلح الإرهابيين الرقاق","و هم الإرهابيون الذين يقومون بأعمال تع تبر أقل خطرا ً في منظومة الإرهاب، مثل التهديد بالابتزاز وتلويث المنتجات والمظاهرات والإعاقة من كمائن تنصب للقوافل التي تحمل صواريخ نووية وتحطيم النوافذ وغير ذلك من أساليب احتجاجية عنيفة."
"Solidarity","الحركة النقابية المستقلة)) تضامن (","وهي حركة المعروفة باسم) تضامن (المستقلة في بولندا والتي حققت انتصارات كبيرة على الحزب الشيوعي البولندي ودخلت الحزب الشيوعي بعد ذلك بمطالب لتحقيق ديمقراطية أكبر داخله Intra-Party Democracy. وهناك حركة النهضة Renaissance وهي حركة تاريخية ظهرت في الفترة بين عامي ١٤٠٠ ١٦٠٠، م وازدهرت أساسا ً في إيطاليا، وانطوت على إعادة الزيف الفكري الذي تضمنته الكتابات والتعاليم والنماذج الكلاسيكية، وبالتالي رفض أفكار وسلطات العصور الوسطى مثل السلطة المطلقة للبابا."
"Sources Credibility","مصداقية المصادر","وهي عملية تصديق مصدر المعلومات ول، ها أهمية كبيرة، إذ يتأثر الاتصال بدلالات عن نوايا القائم بالاتصال وخبرته وجدارته بالثقة، والمصادر الموثوق منها تكون عادة لها تأثير كبير في نفس القائم بالاتصال والمرسل له."
"Sovereign Rights","حقوق سيادة","هي حقوق تفرضها سيادة الدولة على مياهها الأقليمية وعلى سائر أرضها، بحيث تخضع تلك المياه والأراضي لولايتها خضوعا ً تاما ً، وتكون السيادة هنا سيادة إقليمية لأنها تعبر عن ممارسة الدولة لسلطة مطلقة على إقليمها."
"Sovereignty","السيادة","و هو مصطلح يتم التعبير من خلاله عن قوة الدولة بوصفها المسئولة عن صنع القوانين وتنفيذها، وهي الطريق الشرعي للعلاقة بين الدولة والحاجات الأساسية للأفراد، وكذلك فرض سيطرة الدولة سياسيا ً واقتصاديا على المجتمع، وتعني أن الدولة تمارس اس تقلالها الكامل Complete Independence وترفض أن تعلو عليها أي سلطة وهي التي تعطي الدولة أهلية الدولة الكاملة Full Statehood."
"Special Majority","أغلبية خاصة","الأغلبية الخاصة هي الأغلبية التي تتطلبها القوا نين الهامة التي تمس الوطن مثل تعديل الدستور أو قواعد الحكم، مثل أغلبية الثلثين أو أغلبية الثلاث أرباع في التعديلات الدستورية."
"Spiral Of Silence","دوامة الصمت","هي أحد أهم النظريات الحديثة التي تدل على قوة وسائل الإعلام في تكوين الرأي العام، لأنها تهتم برصد أثر وسائل الإعلام عل ى المجتمع، وتؤكد هذه النظرية على أن: كل الأفراد لهم آراء، وأن الخوف من العزلة يجعل الأفراد لايعلنون عن آرائهم، ويقوم كل فرد باستطلاع رأي سريع لمعرفة صدى رأيه عند الآخرين، ووسائل الإعلام من المصادر الرئيسية لنشر المعلومات وعرض الآراء، وتميل وسائل الإعلام للا حتكار والتحيز في عرض الآراء، ويدرك بعض الأفراد والجماعات أنهم مختلفين عن رأي الأغلبية مما يجعلهم يغيرون ظاهريا من آرائهم أو يؤثرون الصمت تجنبا للضغوط الاجتماعية."
"Stability System","استقرارالنظام","هو مصطلح للتعبير عن قدرة النظام على الاستمرار فترة طويلة وعدم وجود تغيير اجتماعي لفترة طو يلة، ويكون النظام السياسي باقيا في حالة مقبولة من التوازن Stable Equilibrium لفترة طويلة، والاستقرار هو الهدف الأساسي لصنع القرار."
"Standardization","النمطية","هي نقيض التفرد، وتتطلب تسهيل عملية الإنتاج بما ينطوي على زيادة درجة تقسيم العمل أو التخصص وميكنة الإنتاج وتقسيم العمل، فهي صورة هامة من صور عمليات الإنتاج والاستهلاك، ويقصد بها إحلال الإنتاج الكبير أو الواسع) النمطي (محل الإنتاج المتفرد، مما يؤدي إلى استهلاك متميز جماهيري تدفع الهوية من أجله ثمنا ً باهظا ً."
"Standing Committees","اللجان الدائمة","وهي اللجان الدائمة بالأمم المتحدة وأهم:ها لجنة البرنامج والتنسيق، ولجنة الموارد الطبيعية، ولجنة المنظمات غير الحكومية والمفاوضات مع الوكالات الحكومية الدولية، ولجنة الشركات متعددة الجنسية، ولجنة المستوطنات البشرية."
"State Conferral","تبادل الآراء","أنظر: تشاور Consultation من أهم وظائف الإعلام في المجتمع المعاصر، ولابد من توافر وسائل للتشاور وتبادل الآراء والأفكار والقضايا، من أجل إضفاء الشرعية على أوضاع المجتمع"
"State Machinery","جهاز الدولة","وهي آلة الدولة والتي تحقق أهدافها، وهي أجهزة متعددة مثل الجيش والبوليس والبيروقراطية ورجال القانون والسلطات المختلفة."
"State of Emergency","حالة طواريء","هي حالة قلق شديد أو اضطرابات غير متوقعة في دولة ما مما يجعل الدولة تقوم بإعلان حالة الطواريء لحفظ الأمن أو فرض الأحكام العسكرية بصفة مؤقتة. أنظر الأحكام العرفية"
"State Of Siege","أحكام عرفية","هو نظام استثنائي تلجأ إليه الدول في حالة الأزمات الطارئة والحروب الكبيرة واختلال الأمن والنظام وت، قرر فيه حالة الطواريء ومنع التجول حتى يزول الخطر عن البلاد، وتمنح فيه السلطة التنفيذية سلطات واسعة لمعالجة آثار الأحداث حتى يعود الأمن والاستقرار للبلد، وغالبا ً ما يقرر حاكم الدولة هذه الأحكام العرفية."
"State Of The Vatican City","الفاتيكان","اسمها الرسمي دولة مدينة الفاتيكان، تقع في مدينة روما عاصمة إيطاليا، مساحتها أقل من نصف كم) ٢ حوالي ١٠٥ أفدنة (وسكانها نحو ٨٦٠ من أصحاب النيافة والقساوسة والرهبان والحراس، واللغة الرسمية اللاتينية والديانة الكاثوليكية الرومانية، ويحكمها البابا ويملك كل السلطات التشريعية والتنفيذية والقضائية، وتعتبر أصغر دولة م ستقلة في العالم، وتقع على تل الفاتيكان على الضفة اليمنى من نهر بر داخل روماالت َّي."
"State Terrorism","إرهاب الدولة","و هو ذلك الإرهاب الذي تقوده دولة من خلال مجموعة من الأعمال والسياسات الحكومية والتي تستهدف نشر الرعب بين المواطنين في الداخل والخارج وصولا ً إلى تأمين خضوعهم لرغبات الحكومة، وتقوم الدولة من خلالها بالاغتيالات والهيمنة والسيطرة بواسطة القوة المسلحة والاعتقال والاختطاف وغيرها من الوسائل الغير مشروعة التي تهدف لترويع الآمنين وإجبارهم على الهجرة أوالاستسلام."
"statuo","المكانةة","المكانة مصطلح هام لأنه مفهوم يقوم على التمايز بين الأفراد والجماعات داخل المجتمع على أساس الهيبة والتقدير الاجتماعي الذي يتحقق من خلال العضوية في المجتمع."
"Status Que","المحافظة على الوضع القائم","وهي الصورة الاستاتيكية للمجتمع، حينما يصبح المجتمع غير ديناميكي ويحافظ على استقراره من خلال استمرار الأوضاع القائمة دون تغيير."
"Status Quo","الوضع الراهن","الوضع الراهن هو الموقف الحالي أو آخر التطورات في النظام أو السياسية المعينة، والذي من خلاله تنطلق دعوات الإصلاح والتطوير."
"Stimson Theory","نظرية ستيمسون","نظرية ستيمسون نظرية أمريكية شهيرة أعلنتها الولايات المتحدة في عام ١٩٣٢ م وأكدت فيها عدم اعترافها بأي وضع أو معاهدة أو اتفاقية يمكن أن تحدث بالقوة أو تحت التهديد باستخدام القوة."
"Stimulating Theory","نظرية الاستثارة","وتعرف بنظرية الحافز وتدرس مجال تأثير العنف الذي تقدمه وسائل الإعلام، ولذلك تسمى نظرية المزاج العدواني Aggressive Cue ، وتفترض النظرية أن التعرض لحا فز أو مثير عدواني من شأنه أن يزيد من الإثارة السيكولوجية للفرد، وهذه الإثارة يمكن أن تزيد من احتمالات قيام الفرد بسلوك عدواني."
"Stimulus","المثيرات","هي مجموعة من المتغيرات الحسية كالحب أو الكراهية أو العقلية كالتصديق أو التكذيب والتأييد أو الرفض،أو النفسية التي تخاطب الشعور، أي أنها كل ما من شأنه أن يحدث تغييرا ً في الكائن الحي."
"Strain","التوتر","هي عملية مصاحبة للتغير البنائي، والتي تسمى التوتر البنائي Structural Strain وهي حالة يعجز فيها المجتمع على مواجهة المطالب المفروضة على بناءاته وعمليا ته القائمة، وحينما تشتد التوترات تنقلب إلى صراعات بين التجمعات الموجودة في المجتمع، وقد تؤدي التوترات إلى انقسام في المجتمع إلى جماعتين أو أكثر."
"Strait","مضيق","مسطح مائي ضيق يربط بين مسطحين مائيين كبيرين، مثل مضيق جبل طارق بين البحر المتوسط والمحيط الأطلن طي ومضيق باب المندب بين البحر الأحمر والمحيط الهندي."
"Strategy","استراتيجية","الاستراتيجية مصطلح استراتيجي وسياسيو،هي مجموعة من الأهداف والغايات طويلة المدي والتي يبتغيها المجتمع أو الفرد، وهي تطلق أحيانا ً على الغايات Objectives ذات الطبيعة الأساسية، وعلى الأهداف Tragets المحددة، وقد تركز الاستراتيجية على أحداهما أو كلاهما، وهي ترسم أساليب الحركة في شكل متعاقب الحلقات أو المراحل وذلك وفقا للمرامي العامة Goals على مستوى الدولة، وتشمل الوسائل الرئيسية لبلوغ الغايات، وتم ضمن تكامل تنظيمي مجتمعي، وقد تعني فن القيادة في الحرب الشاملة على مستوى الدولة، ومن الناحية السياسية أيضا تعني تحديد الأهداف وتحديد القوة الضاربة وتحديد الاتجاه الرئي سي للحركة."
"Structural – Functional- Theory","النظرية البنائية الوظيفية","وهي نظرية في النظم السياسية رائدها هو عالم الاجتماع الأمريكي بارسونز الذي وضع إطارا ً وظيفيا ً لدراسة المجتمع البشري، من منطلق أن أي جزء من المجتمع يمكن فهمه في سياق الكل فحسب، وهذا الكل هو بمثابة نسق أو نظام، ويمكن النظر للمجتمع بوصفه نسقا ً من المتغيرات المتداخلة والمتساندة وظيفيا ً."
"Structuralism","البنيوية / الهيكلية","هي حركة فكرية متكاملة سياسيا ً واجتماعيا ً تميزت بالبحث عن الأبنية العميقة للظواهر الاجتماعية التي تدرسها،واكتشاف تلك الأبنية مع أو من الأبنية السطحية لتك الظواهر."
"Structure","بناء","مصطلح يشير إلى الإطار الأساسي أو الشكل الخارجي لأي بنية طبيعية أو صناعية، فمهمة الباحث الأساسية بناء وتركيب العمل وليس اكتشافه فقط، وهذا هو جوهر البنائية."
"Ststes Having No Sea Coast","الدول الحبيسة","والتيت ُسمى الدول الداخلية أو الم غلقة، أي التي ليس لها شواطيء أو سواحل على البحار أو المحيطات الدولية، وقد أعطاها القانون الدولي حق المرور والوصول بحرية إلى البحر Free Access The Sea وذلك عبر أقاليم الدول الحاجزة بينها وبين أقرب البحار وتسمى الدولة الحاجزة دولة المرور العابر) الترانزيت (Costal Transit State ويشمل هذ المرور العابر مرور الأشخاص والبضائع ووسائل النقل عبر أقليم تلك الدولة."
"Subgovernments","الحكومات الفرعية","وهي الحكومات التي تدخل في إطار الدول الفيدرالية، وتعبر عن الثقافات الفرعية الموجودة بالدولة، وقد تمثل كل السلطات ماعدا الخارجية والدفاع، ويديرها منتخبون من الساسة الم حليين الذين يتمتعون بدراية كبيرة Knowledgeable Policy Watchers وتعمل على رعاية المصالح العامة Public Intersts لجمهور هذه المنطقة الفرعية."
"Subjective Perspective","منظور ذاتي","المنظ ور الذاتي هو نوع من التحليل المستخدم في تحليل عناصر الواقع الاجتماعي سواء تعلقت بالمجتمع أو بالنظم أو بالجماعات أو الأدوار أو القوة أو القيم أو المعايير."
"Subsistance Level","مستوى الكفاف","هو أقل مستوى يمكن أن يعيش فيه المواطن وقد حددته الأمم المتحدة بنحو ٣٠٠ دولار سنويا ً للفرد، ويتضح مستوى دخل الفرد من قسمة مجمل الناتج القومي G N P وهو Gross National Producation على عدد السكان."
"Substantive Rights","الحقوق المادية","ٍوهي الحقوق التي تمنحها الأنظمة الاشتراكية بتساو وتفوق عما تقدمه الرأسمالية للمواطنين ومن أمثلة هذه الحقوق: حق العمل Right To A Job وحق السكن المناسب والعناية الصحية الكاملة Proper Health Care والحد الأدني من الأجر، وغيرها من الحقوق بغض النظر عن الوضع المادي للمواطن."
"Suez Canal","قناة السويس","هي قناة حفرتها سواعد المصريين تربط بين البحر المتوسط والبحر الأحمر، وعمل في حفرها نحو ١٢٠ ألف مصري، وافتتحت عام ١٨٩٦ م، وتم توقيع اتفا قية القسطنكينية التي تنظم العمل بالقناة، وتم تأميمها عام ١٩٥٦ م لتصبح قناة مصرية مفتوحة أمام الملاحة العالمية."
"Suggestion Scheme","نظام المقترحات","وهو النظام الذي يهيء الفرصة للعاملين بإحدى المؤسسات للتقدم باقتراحاتهم لتحسين ظروف العمل وطرق زيادة الانتاج وتحسينه وتخفيض التكاليف، ويتم تشكيل لجنة عادة لفحص المقترحات."
"Support","المساندة","وهي الحد الأدنى من الولاء والمساندة من المواطنين، والتي يحتاجها النظام السياسي للبعد عن الأخطار."
"Supports","دعامات النظام","وتمثل أحد جوانب مدخلات النظام، وهي قد تكون إيجابية أو سلبية مثل تسديد الضرائب والمشاركة في التصويت والامتثال للقوانين والقرارات، أي هي أي عملية دعم وطاعة وترسيخ للنظام من التكامل والسلطة والتنظيمات به."
"Supreme Court","المحكمة العليا","وهي المحكمة الأم التي تراقب مدي دستورية القوانين) أي اتساقها مع الدستور (وهي موجودة في أغلب الدول وتسمى في مصر المحكمة الدستورية العليا."
"Supreme Soviet Of USSR","مجلس السوفييت الأعلى","وهو مجلس التشريع والرقابة في الاتحاد السوفيتي السابق، ويتكون من مجلسين: مجلس الاتحاد Council Of Union ومجلس القوميات Council Of Nationalities ويضم كل منهما ٧٥٠ نائبا ً ينتخبون لمدة خمسة أعوام."
"Sustainable Development","التنمية المستدامة","هي ذلك النوع من التنمية الذي يأخذ في اعتباره الت وازنات والأنساق والبيئة ويحافظ على البيئة الإنسانية نظيفة وقادرة على تجديد مواردها، وفي الوقت نفسه يؤدي إلى تحسن مستوى معيشة الفرد والمجتمع."
"Symbiotic Relationship","علاقات التعايش التكافلي","أنظر: الطبقات المنفصلة"
"Symbolism","الرمزية","هي حركة أدبية تنكر على الواقعيين والطبيعيين إيمانهم بالعقل الواعي والظواهر الخارجية للو اقع والطبيعة، وترى أن الحقيقة إنما تكمن في أعماق الأشياء وفي العقل الباطن، وأن التعبير عنها ينبغي أن يكون من خلال الرمز والإيحاء والتلميح، لأنها عوامل مثيرة للمعاني في ذهن القاريء والمستمع والمشاهد."
"Syndicate","النقابة","النقابة هي تجمع مهني لأعضاء طائفة واحدة في تنظيم رسمي واحد، قد يكون عمالي وقد يكون فئوي أو مهني، وهو تجمع يدافع عن حقوق أعضائه في المجتمع ويوفر لهم الحماية المهنية ويمثلهم في التنظيمات الرسمية، وأصبحت النقابات الآن من أشهر رموز التنشئة السياسية والاجتماعية ومن ضمن القوى الضاغطة التي تؤثر على الحكومات ولها نشاط سياسي بارز في كل المجتمعات في العالم المعاصر."
"System","النسق","هو أية مجموعة من المتغيرات نختارها للوصف أو التفسير، ويفترض المفهوم وجود علاقات متبادلة بين مكوناته الداخلية والبيئة الخارجية. ومنها: النسق الاجتماعي Social System وهو النسق هو النظام السائد في المجتمع والذي يتضمن عمليات الإنتاج والنظام الطبقي المرتكز على العملية الإنتاجية والعلاقات الاقتصادية والدين والسياسة والفلسفة والقانون. ومنها: النسق الثقافي Culture System وهو النظام السائد للفكر والأدب، والذي يتضمن الرموز والمثاليات وتواصل الأجيال. ومنها: نسق الشخصية Personality System وهو نظام ينطوي على الحاجات والميول والدافعية الفردية. ٠"
"System Capabilities","قدرات النظام","قدرات النظام مصطلح يثير العديد من الاستفهامات حول اتجاهات التقييم، لأنه هذه القدرات تتعلق بأداء وسلوك النظام السياسي، أي تسجيل لأداء النظام ومدى تغير هذا الأداء إلى الأفضل أو الأسوأ، وهذه القدرات هي: القدرة الاستخراجية القدرة التنظيمية القدرة التوزيعية القدرة الرمزية القدرة الاستجابية القدرة على التعلم."
"System Maintenance & Adaptation Functions","وظائف التكيف والاستمرار للنظام السياسي","وهي جانب وظيفي يدور حول التنشئة والتجنيد السياسي من أجل خلق التأييد للنظام والولاء والانتماء له."
"System Theory","نظرية النظم","وهي نظرية تعتبر مفهوم النظام وحدة التحليل الرئيسية، وعرفت النظام System بأنه مجموعة من العناصر المتفاعلة والمترابطة وأن أي ظاهرة يمكن مع الجتها كنظام أي ككل مركب من عدة أجزاء يرتبط كل منها بغيره ويؤثر فيه ويتأثر به، وهناك اصطلاحات للنظرية منها: بقاء النظام System-Maintenance و تحقيق الأهداف Goal- Attainment و التكيف Adaptation و حدود النظام Boundaries و قرارات النظام Order و النظام الفرعي Sub- System."
"Systematic Discrimination","تفرقة عنصرية منظمة","و هي الاضطهاد العنصري التي تتم في بلد واحد على نطاق واسع بشكل رسمي أوغير رسمي،مثل معاناة غير البيض Non-Whites من الهنود الأمريكيين والأفارقة السود والمهاجرون من المكسيك وآسيا لأمريكا خلال فترة من الفترات."
"Systemic","المستوى النظامي)) النسقي (","من أهم مستويات التحليل السياسي، ويعني طريقة أداء وعمل النسق ككل بدلا من الاقتصار على مجرد تحليل أنماط التفاعل بين عناصره ومكوناته الجزئية."
"Tabula Rasa","التابيولا رازا","التابيولا رازا مصطلح يطلق على المجتمعات التي لم يكن سكانها مبعثرين مشتتين قبل أن تندمج في إطار الحكم الأوروبي مثل الب رازيل وأورجواي والأرجنتين. الخ..."
"Taoism","التاوية","أنظر: الكونفوشيوسية Confucianism"
"Taxes","الضرائب","وهي عبارة عن مستحقات للدولة يتم تحصيلها من المواطنين داخل الدولة في مجالات محددة قانونيا ح) سب ظروف كل دولة (وهي تصاعدية على الدخل والأرباح، وتستخدم الحصيلة في إنشاء المرافق العامة في الدولة من طرق وكباري وصرف صحي ومستشفيات ومؤسسات التعليم المجاني وخلافه."
"Taylorisation","التيلورية","وهو مصطلح سياسي يقوم على توزيع العمل الآلي لتوفير النفقات وزيادة الانتاج.    حرف ال ثاءثاء"
"Technical Rationality","العقلانية الفنية","سمة المجتمعات الصناعية الحديثة، وتنطوي عليها أشكال التنظيم الاجتماعي والسياسي للرأسمالية، حيث أن أغلبية المثقفين فيها هم فئة الفنيين."
"Technicality","التقنية","التقنية هي التكنولوجيا بالفهوم المتعارف عليه عالميا،أي ببساطة شديدة العلم التطبيقي في مختلف نواحي العلوم، وتعنى استخدام الآلة الحديثة في الانتاج الواسع نتيجة التقدم العلمي وتطبيق هذا التقدم في كل نواحي الحي،اة في الانتاج والتوزيع، وفي تفهم النواحي السياسية للجماعات وفي إدارة المشروعات، فهي تعني ببساطة سرعة التقدم على أساس الرقي الفني في الانتاج الزراعي والصناعي."
"Technocrate","التكنوقراطية","التكنوقراطية مفهوم منتشر في عالمنا المعاصر، يعني سياسيا ً إنشاء حكومة من الفنيين المتخصصين في الهندسة والصناعة وإدارة شئون البلاد على أساس التنظيم العلمي والفني في شتى فروع الانتاج والتوزيع والاستهلاك والتنمية، ورجال التكنوقراط متخصصون في المعرفة ويسخرون هذه المعرفة في توجيه السياسة والنهوض بالوطن ومجابهة الأخطار، ويتلقون تدريبا ً إداريا ً خاصا ً ويباشرون ثورة إدارية باستخدام النواحي السياسية الفنية بعيدا ً عن الانتماء الحزبي الضيق ولا يتغيرون مع تغير الحكومات."
"Terms Of Reference","الشروط المتبادلة","هي التزامات بين طرفين في أي تعاقد تضفي واجبات وحقوق لكل من الطرفين المتعاقدين، وتنطبق على المعا هدات االدولية ثنائية الأطراف ففي كافة المجالات الدولية، حيث تكون الالتزامات متبادلة طبقا ً لما تم الاتفاق عليه، وتتخذ صورة المعاملة بالمثل في العلاقات السياسية والاقتصادية الدولية."
"Territorial State","الدولة الإقليمية","وهي التي نشأت هذه الدول في القرنين الخامس عشر والسادس عشر، وكانت الدولة الإقليمية هي الإطار المادي لكل التطلعات القومية التي تلت هذه الفترة الزمنية"
"Terrorism","إرهاب","وهو ممارسة الأعمال العنيفة ضد مصالح الغير سواء أكانت فردية أو جماعية، أو التطرف يمينا ً أو يسارا ً عن مبدأ أساسي في حياة البشر فالإرهاب يعلن أن مبدأه) أكل الحوم وسفك الدم اء سيان Meat Is Murder(، ولا تندرج أعمال المقاومة المشروعة ضد المحتل الغاصب في بند الإرهاب لأنه دفاع شرعي وقانوني عن النفس، وكذا السعي لتحرير الأراضي من المستعمر لا تدخل في نطاق الإرهاب بل تدخل في نطاق الحق الشرعي في تقرير المصير الذي تدعو إليه الأمم المت. حدة وهناك أنواع عديدة ومسميات كثيرة للإرهاب، فهناك ما يسمى: الإرهاب الثوري Revolutionary Terrorism ، وهو قد ينتج عن الإرهاب الفكري وقد يخلقه ذلك الإرهاب، وهو يهدف إلى إحداث تغيرات أساسية وجذرية في توزيع السلطة والمكانة والثروة في المجتمع، مما قد يخلق حربا ً أهلية، وقد يخلق عنفا ً سياسيا ً واسع النطاق."
"The African Union","الاتحاد الأفريقي","أنشأ الاتحاد الأفريقي خلال مؤتمر القمة الأفريقي الاستثنائي الذي عقد بمدينة سرت الليبية خلال الفترة من ٨- ٩ سبتمبر ١٩٩٩ م، وصدر عنه إعلان سرت والذي أعلن إنشاء الاتحاد الأفريقي طبقا ً لأهداف ميثاق منظمة الوحدة الأفريقية، وتم اعتماد القانون التأسيس للاتحاد في ١١ يوليو ٢٠٠٠ م في مؤتمر قمة أفريقيا بلومي، وبعد تصديق ثلثي أعضاء منظمة الوحدة الأفريقية ٣٦) دولة (عقدت أول قمة للاتحاد الأفريقي في مدينة ديربان بجنوب أفريقيا في يوليو ٢٠٠١ م."
"The Authoritarian Personality","الشخصية التسلطية","وهي الشخصية التي تتخذ من القهر والتسلط أسلوبا ً لها في التعامل مع الآخرين، حيث ترتبط السمات الشخصية بالاتجاهات الاجتماعية والسياسية."
"The Balkan League","الجامعة البلقانية","و تسمى العصبة البلقانية، وهي عبارة عن سلسلة معاهدات تحالفية بين دول البلقان مثل صربيا وبلغاريا وألبانيا والبوسنة والهرسك للدفاع المشترك ضد أطماع الإمبراطورية النمساوية المجرية وأطماع تركيا فيها، وتمت خلال الفترة من ١٩٠٨ م وحتى ١٩١٢ م، وكانت هذه الجامعة البلقانية مهتمة بالتعاون والتضامن فيما بين دول البلقان."
"The Baruch Plan","خطخطة باروخ","وهي خطة أمريكية في مجال استخدام الطاقة النووية سلميا ً وتقترح إقامة سلطة دولية لتنمية الطاقة النووية تسيطرعلى كل مراحل انتاج واستخدام هذه الطاقة،من خلال نظام فعال للرقابة والعقوبات حتى يستحيل انتاج أي سلاح نووي جديد ومن الممكن تدمير المخزون فيصبح العالم خاليا ً من السلاح النووي،وهذا ماحدث من إنشاء الوكالة الدولية للطاقة الذرية."
"The Big Entente","الوفاق الكبير","هو اتفاق تم بين الدول الأوربية مثل فرنسا وانجلترا وروسيا من نا حية وبين اليابان من ناحية أخرى تم علم ١٩٠٧ م، وأكد على امتداد عزلة ألمانيا إلى خارج القارة الأوربية."
"The Bourgeois Revolution","الثورة البرجوازية","ارتبطت بنشأة المجتمع الأوربي الجديد، بعد الانفصال القانوني والاجتماعي عن الأرستقراطية، وبالتالي القضاء على الأرستقراطية والدولة التي تمثلها، حتى تقام الرأسمالية، فالمصطلح يشير إلى الصراع الطويل داخل المجتمعات الغربية."
"The Cabinet","مجلس الوزراء","وهو رأس السلطة التنفيذية في الديمقراطيات البرلمانية ويرأسه رئيس مجلس الوزراء وله اختصاصات تنفيذية كثيرة منها إعداد الميزانيات والخطط والاتفاقيات ومشروعات القوانين، ويكون مسئولا ً مسئولية تضامنية أمام المجلس النيابي."
"The Cinderella Complex","عقعق دة سندريلا","وهي عقدة حديثة كانت أول من كتبت عنها كولت دارولنج Colette Dowling عام ١٩٨٢ م، والتي تحدثت عن شخصية المرأة وسعيها للاستقلال مؤكدة أن عقدة سندريلا ماهي إلا خوف المرأة من الحياة المستقلة Women,s Hidden Fear Of Independence."
"The City State","دولة المدينة","والتي تعبر عن الدولة التي نشأت تاريخيا في مدينة واحدة وأشهرها المدن اليونانية القديمة بفلاسفتها العظام مثل أفلاطون وأرسطو وسقراط."
"The Crisis Manager","مدير الأزمة","أي أزمة تستدعي أن يكون هناك مديرا ً يديرهاوي، جب أن يتوافر في مدير الأزمة مايلي: أن يملك معلومات كافية عن قدرات الطرف الآخر عسكريا ً، وأن يملك القدرة على رؤية البدائل المتاحة بطريقة أفضل."
"The Geneva Protocol","بروتوكول جنيف","وضعته الجمعية العامة لعصبة الأمم عام ١٩٢٤ م لفض المنازعات بالطرق السلمية، م هذا البروتوكول حرب  ولقد حر العدوان واعتبرها جريمة دولية، وأقام تنظيما ً خاصا ً لتسوية المنازعات بين الدول الأعضاء في المنظمة بالطرق السلمية فألزم هذه الدول بقبول اختصاص المحكمة الدائمة للعدل الدولي لتسوية بعض المنازعات."
"The Global System","النظام العال مي","هو شكل دولي في السياسة العالمية، قد يتخذ شكل حكومة عالمية تتفق جميع الدول على إنشائها وتتمتع بجميع السلطات التي كانت تتمتع بها الحكومات والدول قبل انشائها، أو أن تقوم دولة عظمى بالسيطرة على العالم ككل."
"The High Seas","أعالي البحار","لفظ يطلق على المياه الدولية وله تسميات متعددة مثل البحار العالية والبحار العامة والبحار ال مفتوحة والبحار الدولية، وأعالي البحار هي كل أجزاء البحار والمحيطات التي لاتدخل في البحر الأقليمي أو في المياه الداخلية لدولة من الدول والتي يكون لكل الدول الحق في استعمالها على قدم المساواة."
"The Islamic League","الجامعة الإسلامية","هي رابطة جديدة للعالم الإسلامي دعي إليها العديد من المفكرين منهم جمال الدين الأفغاني ومحمد عبده من خلال منبرهم مجلة العروة الوثقى، وأعلنوا أنه طالما تفكك العالم الإسلامي بعد تفكك وانهيار الإمبراطورية العثمانية، وأصبح دولا صغيرة فيمكن جمعهم من خلال رابطة الدين الإسلامي في الجامعة الإسلامية."
"The Israelis Of Africa","إسرائيل أفريقيا","إسرائيل أفريقيا مصطلح أطلقته حكومة روديسيا البيضاء على نفسها، حيث كانت تعتقد أنها محاطة بالأفارقة المسلحين، كما أن إسرائيل محاطة بالعرب وقواتهم المسلحة، ولذلك أيدت روديسيا البيضاء إسرائيل عام ١٩٦٧ م وأمدتها بالسلاح والتقنية."
"The Locarno Pact","ميثاق لوكارنو","أعلن عام ١٩٢٥ ووقعت معه سبع معاهدات لتسوية مشاكل الحدود بين فرنسا وألمانيا وبلجيكا وبريطانيا وإيطاليا وبولندا وتشيكوسلوفاكيا، واعتبرها البعض بمثابة الخط الفاصل بين سنوات السلام وسنوات الحرب وأتاح هذا الميثاق وهذه المعاهدات إنضمام ألمانيا لعصبة الأمم بعد أن كان ينظر إليها أنها دولة خارجة على القانون الدولي."
"The Lords Of The Global Village","لوردات القرية الكونية","هو مصطلح بريطاني أطلقه الكاتب باجديكيان في عام ١٩٨٨ م على وضع سيطرة مردوخ وماكسويل وستيفنز على ٥٧ % من مجموع التوزيع اليومي والأسبوعي للصحف البريطانية وامتلكوا ثلاثة أرباع الصحف الوطنية التي تباع في بريطانيا، وتعبير عن انتشار الإمبراطوريات الإعلامية التي تسيطر على الإعلام العالمي في عصر العولمة."
"The Medium Is The Message","الأداة هي نفسها الرسالة","مصطلح) الأداة هي نفسها الرسالة (من مصطلحات ال عصر ال حديث يعني أن التكنولوجيا يمكن أن تتحول بكل سهولة من أداة لخدمة الإنسان إلى أداة لقهر هذا الإنسان، لأن طبيعة التكنولوجيا المستخدمة تؤثر تأثيرا ً حاسما ً في طبيعة العمل الذي تستخدم لتحقيقه."
"The New Science Of Political","علم جديد السياسة","وهو اسم مؤلف شهير للعالم آريك فيوجلين، ويحاول فيه المؤلف أن يعيد صياغة مسائل علم السياسة في ضوء الجهود التي بذلها فلاسفة الإغريق والمسيحية القدامى."
"The Process Of Government","عملية الحكومة","وهي دراسة كلاسيكية كتبها آرثر بنتلي عام ١٩٠٨، ذهب فيها إلى أنه من الضروري على المتخصصين الأكادي ميين في المجال السياسي ملاحظة الجماعات السياسية سواء كانت صغيرة أم كبيرة، من أجل اكتشاف العمليات السياسية."
"The Right To Be Free","الحق في الحرية","هو أحد الحقوق الأساسية، أن يعيش الإنسان حرا ً وآمنا عل ى نفسه وماله ووطنه، والحق في الحرية يقصد به تحرر الإنسان من أي استعباد يقع عليه وأنه ليس لأحد حق التحكم في الآخرين والسيادة عليهم Pet Of Sandor ، وهو حق لكل فرد ومشروط بعدم الإضرار بالآخرين في ضوء القوانين والأعراف الخاصة بكل مجتمع."
"The Security Council","مجلس الأمن","هو الأداة الرئيسية والفعالة في الأمم المتحدة ولديه القدرة على الاجتماع السريع لمعالجة المسائل التي تهدد السلم والأمن الدوليين حيث أن صيانة السلم والأمن الدولي وظيفته الأولى، ويتكون من ١٥ عضوا بينهم ٥ أعضاء دائمين و ١٠ أعضاء ينتخبون كل عامين ويمثلون القارات المختلفة، وللأعضاء الدائمين حق الاعتراض على أي قرار ويسمى حق الفيتو وبالتالي لا يصدر أي قرار من مجلس الأمن إلا بموافقة الأعضاء الدائمين أو على الأقل عدم اعتراضهم، ويعمل مجلس الأمن ويتصرف بالنيابة عن كل أعضاء الأمم المتحدة."
"The Soft State","دولة رخوة","دولة رخوة مصطلح أطلقه جنار ميردال في أواخر الستينات من القرن العشرين للإشارة إلى استعداد معظم الحكومات في الدول النامية للفساد وتجاهل حكم القانون ولتغليب مصالح أفرادها الخاصة على المصلحة الع امة، فالدولة الرخوة دولة تفكك ولا تبني وإنما تترك البناء لغيرها، وهي تسلم أهلها للأجنبي ليفعل بهم ما يشاء."
"The State","الدولة","هي الشكل السياسي للمجتمعات، وهي السلطة التي تنظم العلاقات الاجتماعية وتصوغ القوانين وتنفذها، وتقوم الدولة على نوع من الاتفاق أو الإجماع أو العلاقات المحددة بين الحاكم والمحكوم، ولها أركان هي: الشعب والأرض والسيادة والاعتراف الدولي"
"The World Bank","البنك الدولي","البنك الدولي هو مؤسسة اقتصادية عالمية للنشاط الدولي فوق أممية، تختص بمتابعة النشاط التنموي في العالم ومساعدة الدول المختلفة لتجاوز أزماتها في مجالات التنمية المختلفة، ومقر البنك واشنطن بالولايات المتحدة وأنشيء عام ١٩٤٤. م"
"The Zionism Is A Form Of Racism And Racial Discrimination","الصهيونية شكل من أشكال العن صريةصرية","هذا الإعلان صدر كتوصية في الدورة ال ٣٠ للجمعية العامة للأمم المتحدة في ١٥ أكتوبر ١٩٧٥ تحت عنوان: Elimination Of All Forms Of Racial Discrimination ويعتبر هذا القرار أول قرار في تاريخ الأمم المت حدة يدين السياسة التي أقيمت إسرائيل عليها، بالرغم من أن الأمم المتحدة ألغت هذه التوصية عام ١٩٩٦ م بضغط من الولايات المتحدة.    حرف الضاد"
"Theocracy","ثيوقراطية","هي الحكومة الدينية التي سادت في القرون الوسطى في أوربا، فهي النظام السياسي الذي يستند على التفويض الإلهي الخارج عن إرادة البشر حيث يتولى السلطة رجال الدين أو تتبع السلطة الدنيوية السلطة الروحية.    حرف الجيم"
"Theories","النظريات","جوهر النظرية هو تفسير الظاهرة السياسية Political Phenomenon ، بينما لا تقوم النماذج سوى بالكشف والإيحاء للعلاقات السياسية والو سائل المفيدة التي يمكن أن يستخدمها الباحث في دراسته أو بحوثه. أنظر نموذج / بناء النماذج."
"Theorust","المنظر السياسي","وهم الفليسوف أو القائد للفكر السياسي، وهو من المتخصصين في علم السياسة عموما ً أو النظرية السياسية خصوصا ً."
"Third Dimension Of Power","البعد الثالث للقوة","وهو مصطلح أطلقه لوك عام ١٩٧٤ م لتوضيح أن صناعة القرار هي البعد الثالث لقوة باعتباره سلطة Control."
"Third Force","القوة الثالثة","وهو مصطلح يطلق على البوليس الفرنسي خاصة، وعلى الشرطة عموما ً."
"Third – Worldist","العالم ثالثيون","وهي تسمية تطلق على أصحاب المدرسة الراديكالية قي التبعية نظرا ً لتركيزهم على البعد الجغرافي في كافة الأحداث والتغييرات السياسية والاقتصادية العالمية."
"Third-World","العالم الثالث","يقصد بالعالم الثالث مجموعة البلدان والدول التي لا تنتمي للعالم الأول) الدول الرأسمالية (ولا للعالم الثاني) الدول الشيوعية والاشتراكية (وقد تسمى دول الجنوب أو الدول النامية أوغير النامية Undeveloped الدول المتخلفة Underdeveloped ، أو مجموعة ال ٧٧، وأغلبية دول هذا العالم الثالث هي بلاد فقيرة في متوسط نصيب الفرد من الدخل القومي والإمكانيات الصناعية والتكنولوجية. وأغلبها خضعت لاحت لال عسكري أو لشكل آخر من أشكال السيطرة السياسية، وينتج المواد الزراعية والمواد الأولية، وتوصف بأنها الأقل نموا ً Least Developed والأكثر تأثرا ً Most Seriously Affected."
"To The Victor, The Spoils","الغنائم للمنتصر","هو شعار أمريكي يخص الحزب الذي يتسلم الحكم والذي يقوم بمكافأة مؤيديه وأتباعه بالمناصب الحكومية. وهذا الشعار انتشر في كثير من النظم السياسية."
"Tool Of New – Colonialism","أداة الاستعمار الجديد","أداة الاستعمار الجديد هو مصطلح سياسي، كان أول من أطلقه مؤتمر القمة الأفريقي الذي عقد بالدار البيضاء بالمغرب عام ١٩٦١ م، حيث ندد في قرارته بإسرائيل باعتبارها تمثل أداة الاستعمار الجديد ليس في الشرق الأوسط وحده ولكن في كل العالم الثالث من أفريقيا وآسيا وكذلك اعتبار المشكلة الفلسطينية مشكلة أفريقية أيضا ً."
"Torah / Old Testament","التوراة)) العهد القديم (","تسمى التوراه أو العهد القديم، وهي كتاب سماوي أنزل على سيدنا موس ى عليه السلام، وفيه حكم االله لليهود ومن بعدهم المسيحيين، وأخبر فيه عن نزول سيدنا محمد عليه الصلاة والسلام وعن القرآن الكريم، وترجم عن العبرية في القرنين الثامن والتاسع الميلادي، وهناك التلمود وهي التعاليم التي وضعت لليهود لممارسة حياتهم اليومية وتحديد أسلوب تعاملهم مع الشعوب، ويتكون التلمود من خمسة وثلاثين جزءا في خمسة وثلاثين مجلدا ً، والتلمود عبارة عن المشناة وهي تفسير الشريعة الشفوية، والجمارة هي شرح للمشناة، ويتضمن التلمود مجموعة من الأفكار التي تكرس مبدأ الاستقلال والتفرد والحقد على الشعوب والإعلاء من ش أن اليهود كشعب االله المختار."
"Tories","توري","الاسم الق ديم لحزب المحافظين البريطاني، والاسم الشعبى لأقوى الأحزاب البريطانية، وحزب المحافظين كان يطلق عليه الحزب المتمسك بسياسة الامبراطورية إلى أقصى حدودها الثورية قبل تغيير اسمه لحزب المحافظين، ويقابله حزب الهويج، ويطلق علي المتطورين وهو يساعد الطبقات العاملة ويدافع عن حقوقها، وتغير اسمه حاليا ً لحزب العمال."
"Totalitarianism","التوتاليتارية","مصطلح يعبر عن النزعة الأفلاطونية التي تعلن أن) السلطان الكلي يكون للدولة (، من خلال نظام قانوني شديد صارم وغير مرن، وهو عكس الفوضوية."
"Totaliterianism","الشمولية","هو نمط مثالي من أنماط علم الاجتماع السياسي نادى به كثير من العلماء والك ُتاب الأوربيين والأمريكيين، ويتطلب وجود عقيدة سياسية رسمية ومتطورة واحدة في المجتمع ووجود حزب سياسي واحد محتكر للقوة السياسية في المجتمع ويعمل هذا الحزب على تطبيق العقيدة السياسية وتنشئة المجتمع على أساسها ووجود خط سياسي فاصل بين القادة وغير القادة ويمكن عبوره ذا الخط بشروط عقائدية وقيام النظام السياسي على أساس التعبئة السياسية الدائمة من أجل تحقيق الأهداف الدائمة للعقيدة السياسية، ويطلف لفظ شمولي على أي نظام سياسي ينفذ سياسة الحزب الواحد والعقيدة الواحدة."
"Totemism","الطوطمية","مصطلح مرتبط بالشمولية Totalitarianism ، ويتوسط بين إلحاق الضرر Torts والشمولية، وتوصف به بعض المجتمعات ذات الاتجاه الشمولي./ أنظر الشمولية."
"Towards Colonial Freedom","نحو تحرير المستعمرات","من أهم كتب الزعيم الغاني كوامي نكروما الذي نشره عام ١٩٤٢ م وتحمل آراؤه التي دافع عنها وعمل على تنفيذها ونفذ الكثير منها قبل مماته، والتي يطلب فيه تعاون كامل من كل الهيئات الحكومية وتكاتف من كل أبناء الشعوب للت خلص من الاستعمار."
"Tract","منشور","وهو نشرة تطبع وتوزع لنشر دعاية أو دعاية مضادة سواء أكانت سياسية أو اجتماعية أو دينية أو أيدلوجية أو حتى تجارية."
"Traditional Authority","السلطة التقليدية","وهي السلطة التي تنهض على إيمان راسخ في التقاليد المستمرة وفي شرعية الأوضاع والمراكز المستمرة وتخضع لتأثير حكم المعتقدات والعادات بدلا ً من القوانين، ويعتمد الحكم على المكانة الموروثة بدلا ً من الصفات والكفاءات، ويكون الحكم شخصي."
"Traditional Power Politics","سياسة القوة التقليدية","وهي السياسة التي كانت تسود النظام العالمي في الخمسينات والتي هيمنت عليها الحرب الأيدلوجية الباردة، والتي كانت تعتمد على القوة كأساس في العلاقات الدولية وكأساس للمكانة الدولية. وهناك السياسة المحلية Local Politics و هي إحدى مستويات النشاط السياسي،وهو المستوى الأدني الذي يتقرر فيه من يحصل على ماذا ومتى وكيف؟،أي أنها إعطاء جزء من النشاط السياسي للجماعات المحلية."
"Traditionalist Movements","المحافظة على التقاليد","هي حركات قومية في بعض البلدان الخارجة من الاستعمار أو المقاومة له، حيث تبدأ للحفاظ على هويتها في التأكيد على طابعها المميز وتقاليدها المتفردة وتراثها العريق، من أجل شحذ همم أبنائها لمواصلة العمل والجهاد للارتقاء بواقع الأمة."
"Tranist","حق العبور","هو حق كفله القانون الدولي للأفراد عبر الدول سواء بريا أو بحريا أو جويا، أما قانون البحار الدولي فقد كفل هذا الحق للدول المغلقة أو الدول الداخلية التي ليس لها منفذ على البحار، فمنحها القانون حق العبور في أقاليم الدول التي تفصل بينها وبين البحر."
"Translation","ترجمة","الترجمة هي عملية نقل الكلام بنصه ومعناه من لغة إلى أخرى، وقد تكون الترجمة حرفية Loose أو بتص رف Literal ، وهناك الترجمة بالحاسبات الصغيرة التي تتم عبر الحاسبات الإلكترونية وتسمى الترجمة الآلية Mechanical Or Machine Translation."
"Transmission Of Presence","نقل الحضور","هي عملية الاشتراك في المؤتمرات عن بعد أو أن يتحاضر مع الآخرين في جدلهم وسمرهم دون أن يجتمعوا في مكان واحد عن طريق استخدام الوسائل التكنولوجية الحديثة من الفيديو كونفرانس والهاتف والإنترنت وخلافه."
"Transnation","عبر الدول","وهي المنظمات التي تشترك في عضويتها الدول، أي التي تكون الدول عض وا ً وحيدا فيه بعيدا عن المنظمات فوق الدول، ومتعددة الجنسيات."
"Treaty Of Mutual Assistance","مشروع معاهدة المساعدة المتبادلة","مشروع معاهدة دولية وافقت عليه عصبة الأمم في عام ١٩٢٣ م معلنة أن الحرب العدوانية جريمة دولية، ونبذ الدول الأعضاء للحرب كوسيلة غير مشروعة في علاقاتها الدولية، وحاولت المعاهدة الر بط بين الأمن ونزع السلاح، وفشلت هذه المعاهدة لاعتراض بريطانيا على بعض بنودها."
"Triple Entente","الوفاق الثلاثي","هو اتفاق تم بين بريطانيا وفرنسا وروسيا لاقتسام بعض م ناطق العالم، وخصوصا ً في إيران، وتسوية الخلافات التي نشأت عن التنافس الاستعماري، وكذلك تكوين كتلة سياسية وعسكرية مناهضة لألمانيا، وتم هذا الاتفاق في ٣١ أغسطس ١٩٠٧ م."
"TRIPS Trade Related Aspects Of Intelectual Property Right","التريبس","اتفاقية التريبس اختصار للاتفاقية الجوانب التجارية لحقوق الملكية الفكرية، وهي إحدى اتفاقيات الجات التي تعتبر الات فاقية العامة للتجارة بين الدول في العصر الحالي.."
"Tropics","المنطقة الحارة أو الاستوائية","تقع المنطقة الاستوائية بين مدار السرطان خط ٥،٢٣ شمالا ً ومدار الجدى خط ٥،٢٣ جنوبا ً، وهي منطقة شديدة الحرارة والأمطار ولها بيئتها النباتية المتميزة."
"Truce / Armistice","الهدنة","هي اتفاق بمقتضاه توقف العمليات الحربية لفترة مع استمرار حالة الحرب قائمة، وهي فترة للراحة وليست عملية سلام، ووفقا للقانون الدولي فإن الهدنة Truce تعني الإجراء الذي بمقتضاه ينعقد مؤتمر للتفاوض بين الأعداء، بينما الهدنة Armistice تعني اتفاقا ً فعليا ً لوقف العمليات الحربية، ونظمت اتفاقيات لاهاي عام ١٨٩٩، ١٩٠٧ هذه المسألة تحت عنوان: أعلام الهدنة Flags Of Truce ، فالهدنة تفرض إلزاما ً إيجابيا بقبول رسمى لتسوية سلمية قادمة وخطوة نحو الغاء الحرب أو استبعادها وخطوة أولية لمعاهدة سلام وحجر الزاوية للتوصل للسلام."
"Turning Points","نقاط التحول","هي مراحل التحول في المجتمعات المختلفة سياسيا ً واقتصاديا ً واجتماعيا ً، وهي تتم في أوقات تكون عصيبة في تاريخ المجتمعات، وتنت قل خلالها من مرحلة إلى مرحلة أخرى."
"Tutelage","وصاية","الوصاية هي عملية إشراف دولة أو جهاز على دولة أخرى أو جهاز آخر حتى يبلغ رشده ويستكمل نموه ويصبح قادرا ً على حكم نفسه بنفسه، وكان مجلس الوصاية من أهم أجهزة الأمم المتحدة عند إنشائها وساهم في استقلال عدد كبير من الدول في مختلف أنحاء العالم."
"U. N. Effectiyeness","فعالية المنظمة الدولية","المقصود بفاعلية المنظمة الدولية هو أن ما تتخذه المنظمة الدولية أو أي من هيئاتها من قرارات وأفعال، يكون له أثر فعال في تسوية المشكلة التي تتناولها المنظمة، أو في عمل المنظمة من أجل تحقيق الأهداف المنشأة من أجلها."
"UN Institut For Disarmament Research (UNIDIR )","معهد الأمم المتحدة لأبحاث نزع السلاح","وهو معهد دولي تابع للأمم المتحدة يقوم بإجراء أبحاث مستقلة حول قضايا نزع السلاح ويمول من ميزانية الأمم المتحدة ومن التبرعات الإجبارية."
"UNCTAD United Nations Conffference On Trade And Development","مؤتمر الأمم المتحدة بشأن التجا رة والتنمية","أُقيم هذا المؤتمر بناء على قرار الجمعية العامة للأمم المتحدة في ١٩ ديسمبر ١٩٦١ م، لبحث مشكلات التجارة العالمية، حيث عقد لأول مرة في جنيف عام ١٩٦٤ م، وتحول لجهاز دائم يجتمع بانتظام كل ثلاث سنوات، وشهد المؤتمر الأول ولادة مجموعة ال ٧٧ وهي المجموعة التي ترمز إلى تكتل العالم الثالث على أساس اقتصادي وليس سياسي في مواجهة الدول المتقدمة، وركز المؤتمر على بلورة المباديء التي يجب أن تسير عليها الدول في معاملاتها التجارية وعلى مبدأ عدم التمي يز في المعاملات التجارية."
"Under-Information","شح المعلومات","وهي مشكلة ندرة المعلومات وقلتها في الماضي، والتي وفرها الطريق السريع للمعلومات وشبكات الكمبيوتر وأصبحت في الوقت الحاضر إفراط المعلومات Over- Information."
"Underground Press","الصحافة السرية","وهي صحافة لا تعلن عن مصدرها ولا تبوح باسم الجهة التي تمولها وتعمل على إشاعة البلبلة وحرب الأعصاب والتشكيك والتحريض على التمرد. وهناك الصحافة الصفراء Yellow Journalism وهي من أنواع الصحف، والتي تؤكد على الموضوع ات الفاحشة والمكشوفة والمثيرة، وهناك صحافة الإثارة الإخبارية Journalism Sensational وهي صحف تعيش على الرأي العام اليومي، فهي تتلقف الأحداث اليومية الهامة وتجعل منها العناوين الضخمة لجذب انتباه القراء وإثارة اهتمامهم."
"UNDP United Nations Development Programe","برنامج الأمم المتحدة للتنمية","تم إنشاء هذا البرنامج عام ١٩٦٥ م ضمن أنشطة الأمم المتحدة، عن طريق دمج البرنامج الموسع للمعونة الف نية مع الصندوق الخاص، ولا يمول المشروعات بالكامل وإنما تساهم الدول النامية بجزء في إقامة المشروعات على أرضها."
"UNEF","قوات الطواريء الدولية","قوات الطواريء الدولية هي قوات تشكلت بموجب قرار الجمعية العامة للأمم المتحدة ١٠٠٠ في ٥ نوفمبر ١٩٥٦ م بتشكيل قوات طواريء دولية للإشراف على تنفيذ قرار وقف إطلاق النار في منطقة قناة السويس ومرا قبة تنفيذ القوات البريطانية الفرنسية الإسرائيلية لانسحابها من الأراضي المصرية وسيناء، وكانت هذه أول مرة يتم تشكيل قوات دولية عسكرية، وبلغ قوامها ٦٠٧٣ جنديا، وتم سحب هذه القوات أثناء أزمة ١٩٦٧ م، وتوالت عملية تشكيل قوات طواريء دولية في مناطق مختلفة في العالم، ومنها قوات الطواريء الثانية UNFE ٢ في سيناء، والتي شكلت عقب حرب ١٩٧٣ م وبلغ مجموع هذه القوات ٦٩٧٣ فردا ً وأنهت مهمتها بعد توقيع اتفاقية السلام المصرية الإسرائيلية عام ١٩٧٩ م.."
"Unemployment","البطالة","البطالة هي التوقف عن العمل أو عدم ممارسة العمل أصلا ً لظروف الركود أو الكساد بصرف النظر عن القدرة أو عدم القدرة على العمل، ولكن التحديد الدقيق لمفهوم البطالة لابد أن يكون صاحبها عاطلا ً عن العمل وأن يكون قادرا ً عليه وأن يبحث عن فرصة العمل في مست وى الأجر السائد فلا يجدها، ولها أنوع عديدة."
"UNEP United Nations Environment Programme","برنامج الأمم المتحدة للبيئة","وهو برنامج تابع للجمعية العامة للأمم اىلمتحدة، أنشيء كنتيجة لمؤتمر الأمم المتحدة حول بيئة الإنسان الذي عقد في استوكهولم عام ١٩٧٢ م، ومقر البرنامج الرئيسي في نيروبي العاصمة الكينية."
"Unequal Treaties","معاهدات غير متكافئة","وهي المعاهدات التي توقع بين طرف قوي وطرف ضعيف، أو عقب الهزيمة العسكرية لإحدي الدول مع الدولة أو الدول المنتصرة، فهي معاهدات تفرض على الطرف الضعيف وتقلل من سيادته واس تقلاله، وتفرض عليه امتيازات لرعايا الدول المنتصرة."
"UNHCR United Nations High Commissioner For Refugees","مفوضية الأمم المتحدة لشئون اللاجئين","وهي إحدي هيئات الأمم المتحدة التي تعمل لغوث اللاجئين في أنحاء العالم بسبب الحروب أو الكوارث أو الاضطهاد، وترعي المفوضية أكثر من من اثني عشر مليون لاجيء في بداية الثمانينات من القرن الماضي من مختلف أنحاء العالم فيما عدا الشرق الأوسط الذي ترعى لاجئيه وكالة الأمم المتحدة لغوث وتشغيل اللاجئين الفلسطينيين، وأنشئت هذه المفوضية عام ١٩٥١ م وحلت محل المنظمة الدولية للاجئين IRO."
"Unifisation","التوحيد","أنظر: التنميط أنظر التنميط"
"Uniformalisation","التنميط","لفظ يطلق علىاستغلال ثورة وشبكة الاتصالات العالمية الجبارة وهيكلها الاقتصادي الانتاجي بعماده المتمثل في شبكات نقل المعلومات والسلع وتحريك رؤوس الأموال ونقل مفهوم الدي مقراطية لنشر الثقافة الأمريكية فقط والتوزيع الإجباري لأنماط الثقافة الأمريكية على العالم أجمع، وذلك من أجل التوحيد Unifisation العالمي للثقافة والانتاج والاقتصاد والسياسة بالمفهوم الأمريكي."
"Unionist Domination","هيمنة اتحادية","وهو مصطلح يطلق على السياسات التي تتبعها أكبر وأقوى الأطراف في اتحاد فيدرالي ضد الأطراف الأخري بقصد فرض النفوذ بالقوة، من خلال فرض السيطرة الفعلية في أجهزة الاتحاد، كما حدث في يوغسلافيا من جانب الصرب وفي تشكيسلوفاكيا والاتحاد السوفيتي من ج انب الروس... وغبرها.    حرف الواو"
"Unionization","نقابات العمال","هي الاتحادات العمالية التي تعمل على الدفاع عن مصالح العمال ضد مصالح وأطماع أرباب الأعمال، وهي التي تنظم المطالب العمالية من رفع الأجور والحصول على الحقوق المختلفة وتنظم الاضرابات والتوقف عن العمل وغير ذلك من الوسائل لحماية العم ال وحقوقهم."
"United Nation, Conference On Human Environment (UNCHE)","مؤتمر الأمم المتحدة حول بيئة الإنسان","وهو أول مؤتمر دولي حول البيئة عقد في استوكهولم عام ١٩٧٢ م، ومثل بداية الاهتمام العالمي بالبيئة والتراث الطبيعي للبشرية، وترتب على انعقاد المؤتمر إنشاء برنامج الأمم المتحدة للبيئة."
"United Nations","الأمم المتحدة","هي المنظمة الدولية الحاكمة) فوق أممية (في عالم اليوم، أُنشئت عام ١٩٤٥ طبقا ً لاتفاقية سان فرانسيسكو وبدأت نشاطها على المستوى الدولي في بداية عام ١٩٤٦ م، وتضم الآن نحو مائتي عضو بعد انضمام سويسرا الدولة المحايدة، ومقرها نيويورك ولها مقر أوربي في جنيف، ومن أ جهزتها الرئيسية الجمعية العامة ومجلس الأمن ومحمكة العدل الدولية في لاهاي وغيرها من التنظيمات الدولية."
"United Nations Childern,s Fund (UNICEF)","صندوق الطفولة التابع للأمم المتحدة","وهو هيئة دولية تختص بشئون الطفولة ورعايتها في مختلف أنحاء العالم."
"United Nations Conference On International Organization","مؤتمر الأمم المتحدة للتنظيم الدولي","وهو المؤتمر التأسيس للأمم المتحدة الذي عقد في مدينة سان فرانسيسكو الأمريكيةعام ١٩٤٥، م والذي أسفر عن قيام المنظمة الدولية) الأمم المتحدة (بنظامها الحالي بعد انقسامات ومناقشات متعددة."
"United Nations High Commissioner For Human Right (UNHCHR )","مفوض سام لحقوق الإنسان بالأمم المتحدة","قامت الجمعية العامة للأم م المتحدة بتعيين مفوض سام لحقوق الإنسان بناء على قرارها رقم ١٤١ لعام ١٩٩٣ م، وهذا المفوض السام يعتبر المسئول عن وضع سياسات متماسكة ودعم التنسيق في ميدان حقوق الإنسان وتعزيز قدرة الأمم المتحدة على الإسهام بشكل أكبر في توفير الحماية قدر الإمكان والتأكد من احت رام هذه الحقوق."
"United NationsChildern,s Fund (UNICEF)","يونيسيف / أنظر صندوق الطفولة التابع للأمم المتحدة","الخاتمة هذا القاموس السياسي الميسر تم بحمد االله ورعايته ليكون خدمة ثقافية للكبير قبل الصغير وللرجال قبل الأطفال والشباب، وللمرأة قبل الرجل، وللعامة قبل المتخصصين، وللقادمين على الاختبارات السياسية والدبلوماسية وكذا المقدمين على المق ابلات الشفوية التي تحتاج إلى غزارة في خل بالمعانيالمعلومات مع التبسيط غير الم... ولكن.. إذا كان هناك نقص في معلومة أو في هدف، فإنك ستجد سلسلة مقبلة تتمة لهذا الموضوع الهام مثل: موسوعة الدول والبلدان وهي موسوعة جغرافية سياسية شاملة تعرفنا بالبلدان والدول والمصطلحات الدولية والمنظمات في الوضع الحالي الذي نعيش خلاله في عالمنا المعاصر.. الموسوعة الاقتصادية والاجتماعية.. لتتم بعض المصطلحات الضرورية في حياتنا المعاصرة، لأن السياسة والاقتصاد والاجتماع تشابكوا في العالم المعاصر بدرجة كبيرة للغاية ولا يمكن الف صل بينهم بسهولة... موسوعة مصطلحات حقوق الإنسان، التي تقدم لأول مرة في عالمنا العربي والتي من خلالها نتعرف على حقوقنا وواجباتنا، حيث أن حقوق الإنسان أصبحت سمة العصر.. نأمل أن نكون قد أوفينا لرغبات الكثير من الشباب والنساء في تقديم هذه الموسوعة الشاملة ال ميسرة، وباالله التوفيق... المؤلف / قويسنا ٢٠٠٥ م المراجع: ١. أحمد زكي بدوي، معجم مصطلحات الإعلام، القاهرة، دار الكتاب المصري / اللبناني، ١٩٨٥ م. ٢. إريك موريس وآلان هو، الإرهاب والتهديد بالرد عليه، ترجمة أحمد حمدي محمود، القاهرة، مكتبة الأسرة، الهيئة المصرية ال عامة للكتاب، الأعمال الفكرية، ٢٠٠١ م. ٣. بيتر تيلور وكولن فلنت، الجغرافيا السياسية لعالمنا المعاصر، ترجمة عبد السلام رضوان وإسحق عبيد، الكويت، المجلس الوطني للثقافة والفنون والآداب، سلسلة عالم المعرفة، رقم ٢٨٢ / يونيو ٢٠٠٢ م. ٤. بيتر غيل وجيفري بونتون: مقدمة في عل م السياسة، ترجمة محمد مصالحة، عمان، منشورات الجامعة الأردنية، عمادة البحث العلمي، ٩١ /١، ١٩٩١ ٠م ٥. جلال أمين، العولمة، القاهرة، دار المعارف، سلسلة اقرأ، العدد ٦٣٦، ١٩٩٨ م. ٦. حسن نافعة، الأمم المتحدة في نصف قرن: دراسة في تطور النظام الدولي منذ عام ١٩٤٥ م، الكويت، المجلس الوطنى للثقافة والفنون والآداب، سلسلة عالم المعرفة، رقم ٢٠٢ / أكتوبر ١٩٩٥ م. ٧. حسين شريف: الولايات المتحدة من الاستقلال والعزلة إلى سيادة العالم، ج ٥، تحديات القرن الحادي والعشرين للسيادة وانعكاسات الإرهاب الدولي على الولايات المتحدة، القاهرة، الهيئة المصرية العامة للكتاب، ٢٠٠١ م. ٨. سعيد نجيدة، العولمة وحرية الإعلام، القاهرة، ظافر للطباعة، ٢٠٠٠ م. ٩. فرانك كيلش، ثورة الأنفوميديا: الوسائط المعلوماتية وكيف تغير عالمنا وحياتك، ترجمة حسام الدين زكريا، الكويت، المجلس الوطني للثقافة والفنون والآداب، سلسلة عالم المع،رفة رقم ٢٥٣، يناير ٢٠٠٠ م.. ١٠ كمال المنوفي: نظريات النظم السياسية، الكويت، وكالة المطبوعات،١ ط، ١٩٨٥ ٠م. ١١ محمد عتريس، معجم بلدان العالم: جغرافي، سياسي، اقتصادي، تاريخي، القاهرة، الدار الثقافية للنشر، ٢٠٠٢ م.. ١٢ مصطفى عبد الغني، معجم مصطلحات التاريخ العربي الحديث والمعاصر، القاهرة، الهيئة المصرية العامة للكتاب، ٢٠٠٣ م."
"United States Of Amerca","الولايات المتحدة الأمريكية","هي أقوى دول العالم قاطبة، وتقع في وسط أمريكا الشمالية، وتتكون من خمسين ولاية ذات استقلال ذا تي كما نص على ذلك دستور الدولة الاتحادية الصادر عام ١٧٨٧ م وعاصمتها واشنطن D C وبها منظمة الأمم المتحدة بنيويورك، وتلعب دورا ً محوريا ً في مشاكل واقتصاد وسياسة العالم المعاصر منذ الحرب العالمية الثانية وحتى الآن، مساحتها تبلغ ٩٣٧٢٥٧١،٢كم وعدد سكانها حوالي ٢٧٥ مليون نسمة، وعملتها الدولار الأمريكي، وهي دولة ذات نظام رئاسي ديمقراطي يحكمها رئيس الجمهورية ومجلسا الكونجرس النواب والشيوخ، ويحد الولايات المتحدة المحيط الأطلنطي شرقا والمحيط الهادي غربا ً ومن الشمال كندا ومن الجنوب خليج المكسيك ودولة المكسيك، مع ملاحظة أن هذه الحدود لعدد ٤٨ ولاية فقط، أما الولاية ال ٤٩ فهي ألاسكا فتقع في الشمال الغربي لقارة أمريكا الشمالية شمال كندا، والولاية الخمسون هي هاواي وهي عبارة عن عدة جزر تقع وسط المحيط العادي على بعد حوالي ٣٥٠٠ كم غربي كاليفورنيا، ومن أهم أنهار أمريكا هدسون وديلاور وبوتوماك وأوهيو وتنيسي والمسيسبي وميسوري وإلينوي وأركنساس وكولومبيا ورد ووسكونس وأيوا وغيرها وبها سلسلة جبال الأبلاش وجبال روكي والبحيرات العظمي، وواستقلت الولايات المتحدة عام ١٧٧٦ م."
"Uniting For Peace Resolution","قرار الاتحاد من أجل السلام","هو قرار اتخذته الجمعية العامة للأمم المتحدة في ٣ نوفمبر ١٩٥٠ م وأقرته بأغلبية ٥١ صوت ضد ٥ أصوات فقط ويشير إلى حق الجمعية العامة، في حالة فشل مجلس الأمن في تحمل مسئولياته بسبب عدم تحقق الإ جماع بين الدول الخمس دائمة العضوية، أن تنظر في كل المسائل التي تشكل تهديدا ً للسلم أو خرقا ً له أو في حالة وقوع عدوان، واقتراح ما تراه من توصيات بشأنها بما في ذلك التوصية باستخدام القوة المسلحة، وهذا القرار كانت وراءه الولايات المتحدة الأمريكية وذلك من أجل تحاشي استخدام الاتحاد السوفيتي لحق الفيتو بكثرة للدفاع عن مصالحه في مواجهة التكتل الأمريكي ضده ونجحت في إصداره"
"UNRR","وكالة الأمم المتحدة للغوث والتأهيل","أُنشئت عام ١٩٤٣، حيث أقامتها ثلاث وأرب عون دولة، وتسيطر الولايات المتحدة عليها، وهدفها منح المعونة الغذائية لضحايا الحرب، وكانت المعونة مشروطة بألا تستخدم كسلاح سياسي وألا يجري التمييز لأسباب عنصرية أو دينية أو سياسية، ورغم ذلك كانت الاعتبارات السياسية تسيطر على عمل هذه الوكالة."
"UNRWA Relief And Works Agency For Plestine Refuges In The Near East","وكالة غوث وتشغيل اللاجئين الفلسطينيين","هي وكالة دولية أنشأتها الأمم المتحدة عام ١٩٤٩ وبدأت نشاطها عام ١٩٥٠ م كهيئة مؤقتة لمساعدة اللاجئين الذين فقدوا ديارهم في حرب ١٩٤٨ م، وقدمت خدمات جليلة للشعب الفلسطيني في مجالات التعليم والتدريب المهني والصحة وخدمات الإغاثة وما زالت تمارس نشاطها حتى الآن، وتطورت أنشطتها حتى بلغت ميزانيتها مع بد اية التسعينات من القرن الماضي نحو ٢٥٠ مليون دولار سنويا ً."
"Utopia","يوتوبيا","هي المثاليات السياسية أو النظريات التيت هدف إلى إبراز وتمجيد الحالة الطبيعية الفطرية للبشر."
"Valley Of The Kings","وادي الملوك","هو وادي يقع في الشمال من قمة الجبل الغربي لمدينة طيبة) الأقصر (يبدأ بواديان ثم يلتقيان بعد ذلك، ويضم ٦١ قبرا ً لملوك حكموا مصر من تحوتمس الأول إلى رمسيس الحادي عشر، وقلب ال وادي أطلق عليه مكان الحقيقة. وهناك وادي الملكات Valley Of The Queens والذي أطلق عليه الأقدمون مكان الجمال، وهو الموضع النسائي من وادي الملوك."
"Valley Of The Queens","واوا دي الملكات","أنظر: وادي الملوك"
"Value","القيمة","هي قدر الشيء وما يساويه وثمنه ماديا ً كان الشيء أو معنويا ً، وتتحدد قيمة الشيء على أساس ندرته وما يحققه من نفع أو سعادة أو ما بذل فيه من عمل، وهي قد تكون المثل العليا والأفكار التي لها وزن في المجتمع.    حرف الكاف"
"Values","القيم","هي أولى عناصر البناء الاجتماعي، وتمثل الصفات والمثاليات المرغوب فيها للفعل الاجتماعي الذي يطمح الناس إليها ويتطلعون لها. وهناك القيم الروحية Spiritual Faith و هي أهم العناصر الإنسانية التي يجب أن تعمل في توافق وتكامل وتناسق، وهذه العناصر هي القيم الروحية والإرادة الذهنية Mental Will والطاقة الحيوانية Animal Energy ، والقيم الروحية هي المعتقدات الغيبية التي يعتقدها الإنسان من ديانات وعقائد، وهي التي تضفي على حياته البهجة والسرور نتيجة الاعتقاد بالسعادة في الدنيا والآخرة. وهناك القيم الشخصية Personal Values وهي القيم ال تي تتركز بين مجموعة من الأفراد في مهنة واحدة أو مجموعة عرقية أو أقلية في المجتمع، ولا تنتشر بين كافة الشعب والجماهير."
"Virtual Community","المجتمع الإفتراضي","اسم كتاب هام من تأليف هوارد راينجولد Howard Rheingold وهو بعنوان: المجتمع الافتراضي... الحياة في ظل التقدم الاليكتروني Virtual Community: Homesteading On Electronic Frontier ويعلن الكتاب أن ما يحتاجه الناس هو إيجاد فرصة لتكوين علاقات مع جيرانهم المتواجدين في أماكن نائية من القرية العالمية، ولو عبر الشبكات الاليكترونية."
"Vital Interest","المصالح الحيوية","المصالح الحيوية هي التي توجب اخضاع منطقة بحرية فيما وراء البحر الأقليمي لدولة ما لسيادة هذه الدولة، إذ تقضي اعتبارات المحافظة على الثروة القومية للدولة والمحافظة على سلامتها وأمنها مباشرة الدولة لسيادتها على هذه المنطقة."
"Voluntarism","الطوعية","وهي فكرة تجعلنا نتصور أن الإنسان فاعلا ً باستمرار، باعتباره كائنا ً إيجابيا ً وليس سلبيا ً، فهو ليس مجرد مستجيب لدوافع بيولوجية أو مطالب اجتماعية، ولكنه يخلق المعاني ويبادر بأنماط للفعل والسلوك ويفسر المواقف ويسيطر على المجال الذي يعيش فيه.    حرف ال اءاءظ"
"Voluntry Associations","المنظمات الطوعية","وهي المنظمات التي تعمل عن طريق العمل التطوعي الفئوي أو الاج تماعي، مثل النقابات والجمعيات الأهلية، وهي تشارك في السلطة من أجل استقرار النظام السياسي الديمقراطي، وهي تساهم في الحد من الصراع الاجتماعي داخل المجتمع ٠"
"Voting","تصويت","وهو حق لكل مواطن أن يبدي رأيه لاختيار ممثليه في الانتخاباتس واء أكانت برلمانية لاختيار نواب الشعب أو محلية أو نقابية، وتكون نتيجة التصويت اختيار الممثلين بدقة ليعبروا عن إرادة الشعب في كافة المجالس المنتخبة، ويعطى المتخلفون عن الانتخابات شهادات التغيب Absence Certificates ، ومكان التصويت هو حجرة الاقتراع Voting Booth. وهناك التصويت التفويضي Proxy Voting وهو تفويض شخص للتصويت بدلا من آخر أو بدلا من عائلته، وهو أسلوب غير قانوني ولكنه شائع في الانتخابات الروسية. وهناك التصويت المرجح Weighted Voting وهو التصويت الذي يعطي لكل عضو وزن نسبي نظير قوة مساهمته في المنظمة أو بحسب أسهمه فيها، مثل التصويت في كل من البنك الدولي وصندوق النقد الذي يمنح كل دولة عضو وزنا ً يتناسب مع حجم إسهامها في رأس المال، مما جعل السيطرة على عملية صنع القرار فيهما يؤول إلى الدول الغنية الرأسمالية الكبرى في ظل غياب الدول الاشتراكية والشيوعية عن الانضما م لهما."
"Voting Behavior","السلوك الانتخابي","وهو عملية التصو يت والاتجاهات المختلفة أثنائها، وهو وسيلة لتقرير الاتفاق العام والحفاظ عليه في المجتمعات الديمقراطية."
"Voting Research","أبحاث الانتخابات والتصويت","ويقصد بها اكتشاف متغيرات التأثير أو المعارضة المتعلقة بالموقف الانتخابي داخل مجتمع معين، ويقصد بها التأثير على المواطنين لدفعهم للمشاركة السياسية ولو من خلال استخدام حق التصويت في الانتخابات."
"Wall Street","وول استريت","هو شارع المال في الولايات المتحدة الأمريكية وبه البورصة الأمريكية والبنوك العملاقة."
"War","الحرب","وهي حالة قيام صراع أو صدام عسكري بين قوتين أو دولتين أو جماعتين باستخدام أي نوع من أنواع الأسلحة سواء أكانت تقليدية أم متطورة أو نووية، وهناك عبارة شهيرة تقول عن العلاقة الكلاسيكية بين الغايات السياسية والوسائل العسكرية: War Is The Continuation Of Politics By Other Means ، أي أن القوة تستخدم بصورة عقلانية كوسيلة محدودة لتحقيق أهداف السياسة الخارجية للدولة، وهناك عبارة شهيرة في جميع الحروب التي تمت في العالم بأن هذه الحرب ستكون خاتمة لجميع الحروب A War To End All Wars ولا يحدث ذلك أبدا ً لأن أى حروب تخلف من ورائها حروب أخرى، وهناك حروبا ً تدعي أنها من أجل الديمقراطية أو للد فاع عن الديمقراطية A War For Democracy وهي حجة أو قناع أيدلوجي للقيام بالحرب يخفي حقيقة أسباب الحرب."
"War Crimes","جرائم الحرب","وهي تعنى محاكمة بعض قادة الأعداء عقب انهزامهم في الحروب لقيامهم بالتجاوز أثناء الحرب، من قتل وتمثيل بالأسري وعدم احترام آدمية المحارب، وبدأت هذه العملية رسميا ً عقب الحرب العالمية الأولى عندما وجه الحلفاء اتهامات لبعض قادة امبراطوريات الوسط وعسكرها بانتهاك قوانين الحرب وحاكمتهم في محكمة نورمبرج ومحكمة طوكيو بعد الحرب العالمية الثانية التي حاكمت كبار القادة النازيين واليابانيين والفاشيست، وقنن العالم اليوم معاهدةا من عام دولية لمحاكمة مجرمي الحرب بدء ٢٠٠١ م."
"WARSOWN Part","حلف وارسو","هو حلف أطلق عليه حلف كارسوفيا أبرم عام ١٩٥٥ م بين دول الكتلة الشرقية) الشيوعية (وأطلق عليه معاهدة تبادل المساعدات بين دول شرق أوروبا، ووقعت معاهدة الحلف في هولندا، ويقصد منع هج وم الغرب على الدول الشرقية والدفاع عنها، وانحل الحزب في أواخر الثمانينات من القرن الماضي، وأصبح أغلب أعضاؤه أعضاء الآن في حلف الناتو."
"Washington D.C","واشنطن دي سي","هي عاصمة الولايات المتحدة وسميت واشنطن على اسم الزعيم جورج واشنطن الذي انتخب كأول رئ يس للولايات المتحدة في عام ١٧٨٩ م، وتتميز بأنها خططت منذ بداية انشائها لتكون عاصمة للبلاد، وتقع في دائرة ولاية كولومبيا District Of Columbia وأضيفت للأسم سي دي للتفرقة بينها وبين ولاية واشنطن، والعاصمة تقع في شرق البلاد جنوب نيويورك."
"Westercen","الغرب سياسيا ً","الغرب مصطلح منتشر في عصر العولمة، ويعني به اتجاه الفكر والتسلط الغربي على الشرق وعلى العالم، والسيطرة فكرية وصناعية واجتماعية وسياسية، بل ودينية أيضا ً، فهي نشر النموذج الغربي في الحياة السياسية والاجتماعية على العالم أجمع."
"Westercentrism","التمركز الحضاري الغربي حول الذات","وهو يعني الغربنة أي الدفاع عن حق الغرب في حماية انتاجهم الفكري والتقني وعدم استخدامه في العالم إلا في أضيق الحدود، وهذا التمركز يكون من خلال بعدين: انتهازية الغرب لخدمة مصالحهم وإبقاء هيمنة الغرب على مجتمعات العالم الثالث، واستخدام أدوات ومناهج البحث الشائعة في العلوم الاجتماعية الغربية والاصرار على تعميم هذه المناهج في دول العالم الثالث."
"Westercentrism","الغربنة","أنظر: التمركز الحضاري الغربي حول الذات والغربنة هي اتخاذ الأسلوب الغربي في المعيشة والحياة والنظ م والاقتصاد والسياسة والحكم لشعوب غير غربية في العالم، أي نشر المفاهيم الغربية) الرأسمالية والديمقراطية (في مختلف بقاع العالم"
"Western Sahara","الصحراء الغربية","هي منطقة متنازع عليها بين جبهة البوليساريو التي أعلنت من جانب واحد إقامة دولة عليها أسمتها الجمهورية الديمقراطية العربية الصحراوية المستقلة) در ص SADR (، وبين المغرب التي تدير شئون البلاد، وتجري الأمم المتحدة محاولات لإقامة استفتاء تقرير مصير يختار الشعب الصحراوي من خلاله الاستقلال أو الاستمرار كجزء من المغرب."
"Westernization","التغريب","هو مصطلح يقصد به استخدام ونقل أو تقليد الأسلوب الغربي) أوربا الغربية (في بعض أو كل المجالات من حيث الشكل أو المضمون، وسيادة النموذج الثقافي الغربي على ما ع داه من نماذج ثقافية معاصرة، ويلاحظ أن خصائص التغريب أو الفرنجة هي: التحضر والتعليم والمشاركة في وسائل الاتصال والمشاركة السياسية."
"Westminster","ويست مينستر","هو مقر الحكم في بريطانيا أي مقر مجلس الوزراء البريطاني.    حرف الياء"
"White Book","الكتاب الأبيض","كتاب تصدره وزارة الخارجية في مناسبة سياسية معينة أو في حالة إبرام معاهدة أو إنهاء نزاع أو عقب الحروب، ويتضمن الوثائق والاتفاقيات الخاصة بتلك المناسبة."
"Whole Government","الحكومة كلها","و هو أعلى مستوى يمكن أن يؤثر على صنع القرار والذي يمكن أن نقول فيه أن كذا وكذا قد قرر شيئا ً ما Decided Any Thing ” So-and-so “ It Is Possible To say ، ويصدر عنه أقوى القرارات التي تسمى القرارات الحكومية Government Decisions."
"Will","إرادة","وهو أحد تعريفات علاقات القوة، فالسلطة تعني فرض إرادة الآخرين علينا، كما أنها تفترض الخضوع. وهناك: الإرادة العامة The Public Will وهي إرادة الدولة ممثلة في الشعب، وتتضح تلك الإرادة من خلال صناديق الانتخابات وكذلك الاستفتاءات، ويمكن استكشافها من خلال استطلاعات وقياسات الرأي العام التي تعتبر تعبيرا ً عن صوت الشعب The Voice Of The People."
"World Conditions","الظروف العالمية","هي التغييرات الكبيرة التي تحدث في العالم، وخصوصا ً التطورات التي حدثت في المجال السياسي والاجتماعي والسياسي في القرنين الماضيين."
"World Health Organization (WHO )","منظمة الصحة العالمية","هي منظمة دولية متخصصة مقرها جنيف، وتهتم بالأوضاع الصحية في مختلف دول العالم، ولها العديد من المكاتب الأقليمية في العالم، ولها نشاط دولي ملحوظ في مقاومة الأوبئة والأمراض السارية في العالم."
"World Trade Organization (WTO )","منظمة التجارة العالمية","هي المنظمة العالمية التي تتحمل عبء تحرير التجارة العالمية بين الدول المختلفة، وتشرف على تنفيذ اتفاقيات الجات."
"Year Book","كتاب سنوي","وهو كتاب أو نشرة تنشر مرة واحدة في السنة وتتضمن تسجيلا ً للحوادث والإحصائيات والمعلومات والبيانات تتعلق بموضوع، ما وأهم أشكاله الكتاب السنوي عن بلد أو دولة من الدول ويتضمن كافة البيانات والانجازات التي حققتها الدولة خلال عام."
"Zoinism","الصهيونية","هي حركة اليهود القومية وكان هدفها إقامة دولة يهودية في الأراضي المقدسة كموطن للشعب اليهودي، وعقد أو مؤتمر صهيوني في مدينة بازل السويسرية في عام ١٨٩٧ م بقيادة أبو الصهبونية السياسية تيودور هرتزل، والصهيونية تستند في عمل ها إلى اعتبار اليهود مادة بشرية يمكن نقلها واستخدامها وتوظيفها لتحقيق أغراض سياسية، وهي تقوم على ممارسة إمبريالية عنيفة لإبادة السكان الأصليين أو طردهم من أرضهم لتحقيق الحلم الصهيوني بإقامة دولة دينية إسرائيلية في الأرض المقدسة."
"Zone","منطقة)) أو دائرة نفوذ (","ويعني بها منطقة معينة ذات مساحة كبيرة من الأرض، تضعها دولة من الدول تحت سيطرتها الفعلية سواء باتفاق خاص بينها وبين الدولة أو بالقسر والقوة والاحتلال، ويكون صاحب النفوذ إحدى الدول الكبرى غالبا ً، وقد تكون تلك المنطقة بحرية أو برية."
