"English Term","Arabic Term"
"(institution) supranational order","نظام عالمي يتعدى الحدود القومية"
"(patronage) by someone or something","تحت إشراف (أو برعاية) فلان"
"(political movement established in Europe after the second World War and known for its policy aiming at marking the current systems by the faschist principle as glorifying the State, the race and the democratic resistance)","حركة سياسية نشأت في أوروبا بعد الحرب العالمية الثانية اتسمت بسياسات تهدف إلى تطعيم الأنظمة القائمة بالمبادئ، الفاشية السياسية كتمجيد الوطن والعرق ومقاومة الديمقراطية."
"(separating) the president who has resigned","الرئيس الخارج (المستقبل)"
"(USA will place nuclear missiles on the German territory)","ستقوم الولايات المتحدة الأمريكية بنصب صواريخ نووية جديدة على الأرض (الأراضي) الألمانية"
"(voter) nomination right","حق الترشيح"
"(world)the waged war on par-ties","الأحزاب (الأطراف) المتحاربة (المقاتلة)"
"a banquet is given for the guest's honor","ستقام مأدبة عشاء على شرف الضيف الكبير"
"a close meeting exclusion","في جلسة سري"
"a common lot connects us","يربطنا مصير مشترك"
"a decision made with majority of voices","يتخذ قراراً بأكثرية الأصوات"
"a demonstration prohibition","منع التظاهر"
"a party prohibition","ألغى (منع) الحزب"
"a royal decree was issued","صَدْر مَرْسُوم مَلَكِي (إِرَادَة مَلَكِيَة)"
"a smashing election victory","نصر انتخابي ساحق"
"a State including people with different roots, languages and customs and who doesn't have the state unity as was the case in Austria and Hungaria","(هي دولة أو بلد يكون فيه أكثر من فئة ذات أصول ولغات وعادات مختلفة ولا تشعر بالوحدة بالأهمية كما لو كان الحال سابقاً في النمسا وهنجاريا)"
"abandonment of sovereignty","التخلي عن السيادة"
"abandonment","إهمال، تقصير، إغفال، تهاون"
"ABC arms, abbreviation for the Atomic, Bacteriological, Chemical arms","مصطلح يطلق على السلاح النووي والجرثومي والكيماوي"
"ABC states: a noun given to the three following states: Argentine, Brazil, and Chile","اسم يطلق على الدول الثلاث: الأرجنتين والبرازيل وتشيلي"
"abdication document","وثيقة التنازل"
"abdication","تنازل، اعتزال، استقالة"
"abduction","خطف، ترحيل، تأجيل"
"abiding to international law","مُلزَم بالقانون الدولي"
"abiding to the international law duties","مُلزَم لواجبات القانون الدولي"
"abiding to the principles of the international law","مُلزَم لمبادئ القانون الدولي"
"able to change and move","قابل للنقل، يمكن التصرف به (صفة)"
"able to fight","قادر على القتال، أهل للقتال"
"abnegation clause","بند (فقرة) التنازل"
"abnegation policy","سياسة التنازل (الإستسلام)"
"abnegation","تنازل، ترك"
"abolition","إلغاء"
"abrogation front","جبهة الرفض"
"absence","انعدام"
"absolute authority","تفويض مطلق، صلاحية مطلقة"
"absolute majority","الأكثرية (الغالبية) المطلقة"
"absolute monopoly","إحتكار مطلق"
"absolute power","سُلْطَة مُطْلَقَة"
"absolute","مُطْلَق (صفة)"
"absolutism","استبداد، حكم مطلق"
"abstention","الامتناع عن التصويت"
"abuse (to) of one's rights","تعدي على الحق"
"abuse (to) of the office","استغل المنصب (الوظيفة)"
"abuse (to)","استغل، أساء استعمال، امتهن"
"abuse of the (governmental) authority","استغلال السلطة (الحكومية)"
"abuse of the right","إساءة استعمال الحق، التعسف في استعمال الحق"
"abuse of the use of the (administrative) authority","سوء استعمال الصلاحية الإدارية"
"abuse","سوء استعمال، تعسف، استغلال، امتهان"
"abusive measure","إجراء تعسفي"
"academy","مجمع، أكاديمية"
"accept (to) an agreement (with conditions)","عقد (اتفاقية) بالشروط والتحفظات"
"accept (to)","يرضى، يقبل، يُدْعَن"
"acceptance of an office","تولي المنصب (أو الوظيفة)"
"acceptance of guarantee","قبول الضمان"
"acceptance of the constitution","توافق (انسجام) مع الدُّسْتُور"
"acceptance","تولي، استلام، قبول"
"accepted negotiations","المفاوضات المقبلة (المنتظرة أو المتوقعة)"
"accepts the order with a majority of 6 voices","يقبل (الطلب) بأكثرية 6 أصوات"
"accession","تولي (ارتقاء، اعتلاء) العرش"
"acclamation","هتاف استحسان، تصفيق تأييد، الموافقة بالتركية"
"accommodation","مأوى، استضافة"
"accomplish (to)","أَنْجَزَ، أَتَمَّ، نَفَّذَ، أَجْرَى، أَكْمَلَ نَالَ، أَحْرَزَ"
"accord, agreement, harmony, coincidence","تَوَافَقَ، انْسِجَامَ، تَطَابُقَ، تَجَاوُبَ"
"according to faulty information","بناءً لمعلومات غير مؤكدة"
"according to tariff, adj.","حَسَبَ لِاتِّحَةِ الْأُجُورِ، طَبَقًا لِلِاتِّحَةِ الْأُجُورِ"
"according to the command","حَسَبَ الْأَمْرِ"
"according to the constitution","حسب الدستور"
"according to the diplomatic custom","وفق (حسب) العرف الدبلوماسي"
"accountant","مُحَاسِبَ"
"accredit (to) before the government","اعْتَمَدَ لَدَى الْحُكُومَةِ"
"accredit (to)","اعْتَمَدَ (سَفِيرًا لَدَى)"
"accreditation application","طَلَبَ الِاعْتِمَادَ"
"accreditation","الِاعْتِمَادَ"
"accumulation funds","صندوق التِّرَاكُمِ"
"accumulation","تَرَاكُمَ"
"achieve (to) independence","نَالَ (صَنَعَ) الِاسْتِقْلَالَ"
"achieve (to) victory","أَحْرَزَ انْتِصَارًا، انْتَصَرَ"
"achieve (to)","أَحْرَزَ، حَقَّقَ، أَصَابَ"
"achievement","مَكْسَبَ، انْتِصَارَ، إِنْجَازَ"
"acknowledge (to)","يَعْتَرِفُ بِـ، يَسْلَمُ بِـ، يَقْرُبُ"
"acknowledged","شَرْعِيٌّ، مُعْتَرَفٌ بِهِ (صِفَةً)"
"acknowledgement","اعْتِرَافَ، اسْتِحْسَانَ"
"acquisition nationality","اكتساب الجنسية"
"acquisition of land","الإستيلاء على الأرض"
"acquisition, possession","تلك، استملاك"
"act ( official)","عمل، فعل، إجراء (رسمي)"
"act","عمل، فعل"
"acting contract","مُعَاهَدَة صَالِحَة (سَارِيَة المُفْعُول)"
"acting member","عضو بالنيابة"
"acting of the contract","وَضْع مُعَاهَدَة"
"action, procedure","إجراء، تصرف"
"action","عمل، فعل"
"activation","تنشيط، تفعيل"
"active, efficient","فعال، تنشيط، مؤثر"
"activities, illegitimate","نشاط غير شرعي أو غير قانوني، (مهيّج أو تحريضي)"
"acts to stabilize security","إجراءات لتحقيق الإستقرار"
"actualities","أحداث حالية، أحداث الساعة، حاليات، الأخبار"
"actually, realistic","تحقيقية، بواقعية، بفعالية"
"ad-libitum","حسب المراد، كما يشاء"
"ad-verbum contract","نص (حرفي) للعقد"
"add (to) to the file","يُضع في الملف، يُضيف إلى الملف"
"add to the files","يضع أو يضيف إلى الملفات"
"addendum agreements","معاهدة (اتفاقية) إضافية (أو ملحقة)"
"addition, annex, addendum","إضافة، ملحق"
"addition","إضافة، علاوة، إلحاق، زيادة"
"additional agreement","اتفاقية فرعية (جانبية أو إضافية)"
"additional allocation","ميزانية إضافية (لاحقة)"
"additional approval","موافقة إضافية"
"additional clause","بند إضافي، فقرة إضافية"
"additional clause","فقرة إضافية"
"additional office","وظيفة إضافية"
"additional protocol","بروتوكول (محضر) إضافي"
"additional question","سؤال إضافي"
"additional request","طلب إضافي"
"additional seats","مقاعد إضافية"
"additional section","فقرة إضافية"
"additional, supplementary","إضافي، تكميلي (صفة)"
"address","عنوان"
"adherence to the parliament","تابعة المجلس النيابي (انتماء أو انتساب برلماني)"
"adherence treaty","معاهدة انضمام (الدخول إلى حلف)"
"adherence, membership demand","طلب العضوية (طلب انتساب)"
"adherence","انضمام، التحاق، انتساب"
"adhesion declaration, statement","إعلان الانضمام"
"adjacent state","بلد مجاور"
"adjoin (to)","يُتاح، يُحَدّ"
"adjourn (to) on uncertain time","أجل إلى زمن غير محدد"
"adjourn (to)","أرجاء، أجل"
"adjournment committee","لجنة اتخاذ القرارات، الهيئة المقررة"
"adjournment decision","قرار تأجيل أو إرجاء"
"adjournment proposition","طلب تأجيل أو إرجاء"
"adjournment","تأجيل، تأخير، إرجاء"
"adjustment","إحكام، تسوية، مطابقة"
"administration agreement","اتفاقية إدارية"
"administration autonomy","استقلال إداري"
"administration branch","فرع إداري"
"administration com- plaint","شكوى إدارية"
"administration committe","لجنة إدارية"
"administration control","رقابة (مراجعة) إدارية"
"administration dis- posal","تصرف إداري"
"administration field","مجال إداري"
"administration function","عمل إداري"
"administration hierarchy","الهرمية الإدارية، التسلسل الإداري"
"administration infra- structure","البنية التحتية الإدارية"
"administration personnel","الموظفين أو العاملين الإداريين"
"administration reform","إصلاح إداري"
"administration rules","تعليمات إدارية"
"administration sector","قطاع إداري"
"administration structure","البنية الإدارية"
"administration tasks","مهام (أعمال، وظائف) إدارية"
"administration unit","وحدة إدارية"
"administration work","العمل الإداري"
"administration, govern- ment","إدارة، حكومة"
"administration","مصلحة (دائرة) حكومية"
"administrative act, exe- cutive action","عمل (فعل) إداري"
"administrative agreement","اتفاقية إدارية"
"administrative body","جهاز إداري"
"administrative budget","ميزانية إدارية"
"administrative centrali- zation","المركزية"
"administrative compe- tence","كفاءات إدارية"
"administrative court of justice","المحكمة الإدارية العليا"
"administrative court","محكمة القضاء الإداري"
"administrative employee","مُوَظَّف إداري"
"administrative experience","خبرة (عمل) إدارية"
"administrative formalities","تعليمات إدارية، تشكيلات إدارية"
"administrative law","قانون إداري، القانون الذي ينظم عمل الإدارة"
"administrative legislation","التشريع الإداري"
"administrative matters","شؤون إدارية"
"administrative means","الطريق الإداري، الوسائل الإدارية"
"administrative procedure","إجراء إداري"
"administrative procedures","إجراءات إدارية"
"administrative service","مصلحة إدارية"
"administrative specialization","إختصاص إداري"
"administrative structure","التركيب الإداري، التنظيم الإداري"
"administrative work","العمل الإداري، التَّوْظُّف"
"administrative, executive instructions","تعليمات إدارية"
"administrative, executive","خاص بالإدارة"
"administrative","إداري"
"administrator, director","مدير"
"admiral","مشير، أميرال، أمير البحر"
"admiralty","إمارة البحر"
"admission demand","طلب القبول"
"adopt (to) a policy opposed to war","ينتهج سياسة مناهضة للحرب"
"adopt (to) a policy to resist the foreign rule","حارب (قاوم) ضد الحكم الأجنبي"
"adopt (to) a policy to strike the government","وجّه ضربة إلى الحكومة"
"adopt (to)","انتهج"
"adopt a law","أقرّ (اعتمد) قانوناً"
"adoption of a project in the federal council","إقرار (مشروع) في المجلس الإتحادي"
"adoption of credit","اعتماد القرض"
"advance (to)","تحرك، لحق بـ، تقدّم على، سبق، أخذ مكان"
"adventure","مغامرة"
"adversary","خصم، منافس، معارض، غريم"
"advice council","مجلس، مستشار"
"advice groups","الفرق الإستشارية، المجموعات الإستشارية"
"advice protocol","محضر المناقشة أو المشاورات"
"advice result","نتيجة المناقشة أو المشاورة"
"advice","مشاورة، مداولة، مشورة"
"adviser","مستشار، مُقرّر، خطيب"
"advisor, consultant","خبير إستشاري"
"advisor, consultant","مستشار"
"advisory commission","لجنة استشارية"
"advisory committee or board","هيئة إستشارية"
"advisory committee","هيئة المستشارية"
"advisory council","مجلس إستشاري"
"advisory function","وظيفة (مهمة) إستشارية"
"advisory meeting","اجتماع استشاري"
"aerial defense (defence)","الدفاع الجوي"
"aeronautics fleet","أسطول جوي، السلاح الجوي"
"aeronautics ministry","وزارة الطيران (وزارة الملاحة الجوية)"
"affair, issue","قضية، شأن"
"affiliate (to)","يضم، يدمج، يتصل بـ"
"affiliated (to)","تابع لـ"
"affiliated to the party","مُنتسب (متمم أو مُتضمم) إلى الحزب"
"affiliation to an organization","تبعية لمُنظمة، عضوية مُنظّمة"
"Afghanistan","أفغانستان"
"Africa","إفريقيا"
"afro-asiatic conference","المؤتمر الأفروآسيوي"
"afro-asiatic group","المجموعة الأفروآسيوية"
"afro-asiatic solidarity council","مجلس التضامن الأفرو آسيوي"
"afro-asiatic","الأفرو-آسيوي"
"after a while","بَعْدَ، عَقَبَ (في أعقاب)، عند نهاية الشهر"
"against antagonist","معادي، مناهض، معارض (صفة)"
"against, opposed","ضد، عكس"
"agency to represent the foreign policy","تمثيل السياسة الخارجية"
"agency","مفوضية، تمثيل"
"agenda (project for work)","مشروع جدول الأعمال"
"agenda of the cabinet","جدول أعمال مجلس الوزراء"
"agenda","جدول أعمال، مذكرة أعمال، أجندة، مفكرة"
"agent secret","رجل مخابرات، عميل سري، تجري"
"agent, spy","عميل، وكيل، (جاسوس)"
"agent","عميل، وكيل"
"aggravated situation","حالة متأزمة، وضع مخرج"
"aggravated","دقيق، متأزم، مشكوك به،"
"aggravation of the situation","تدهور الموقف"
"aggravation","تفاقم، تدهور"
"aggression policy","سياسة عدوانية"
"aggression war","حرب عدوانية"
"aggression","اعتداء، عدوان"
"aggressive action","عمل عدواني"
"aggressive intents","أغراض عدوانية"
"aggressive","عدواني، عدائي، تهجمي"
"aggressively","هجومي، عسكري (صفة)"
"aggressor","معتد، مهاجم"
"agitate (to)","حرض، آثار الفتن أو القلاقل"
"agitation, incitment","إثارة تحريض، هياج"
"agitator","محرض، مثير للفتن، مشاغب، مثير للقلاقل"
"agrarian reform","إصلاح زراعي"
"agree (to)","وافق، واءم، تجاوب، إتفق مع (على)"
"agreement (termination of the...)","إلغاء (فسخ) الإتفاق"
"agreement (to get the approval)","حصل على الموافقة (سفارة)"
"agreement against discrimination in the instruction nature","اتفاقية ضد التمييز في التعليم"
"agreement for prevention of war","معاهدات تحريم الحرب"
"agreement of the judicial cooperation","إتفاقية التعاون القضائي"
"agreement over acknowledgment and execution foreign awards","اتفاقية الاعتراف وتنفي الأحكام القضائية الأجنبية"
"agreement over right of the agreements","اتفاقية فيينا حول قانون المعاهدات"
"agreement over the organization for economic cooperation and development","اتفاقية منظمة التنمية والتعاون الاقتصادي"
"agreement to the settlement of investment disputes between states and people of other states","اتفاقية حول تسوية نزاعات الاستثمار بين الدول ورعايا دول أخرى"
"agreement, consent","وفاق، انسجام، تفاهم"
"agreement, treaty of Potsdam","معاهدة بوتسدام"
"agriculture ministry","وزارة الزراعة"
"agriculture, agrarian","الزراعة"
"agriculture","الزراعة، الإقتصاد الزراعي"
"aid","معونة، أمانة، مساعدة، إمداد"
"aide-Memoire","مذكرة (مفكرة) مساعدة"
"aim at","إستهدف، قصد، هدف إلى"
"air atmosphere","جو، هواء"
"air attaché","ملحق عسكري جوي"
"air attack or raid","غارة جوية، هجوم جوي"
"air base","قاعدة جوية"
"air basis","قاعدة جوية"
"air battle","معركة جوية"
"air command","قيادة السلاح الجوي"
"air country troop","فرقة جنود المظلات"
"air defence (against air attacks)","الدفاع الجوي (ضِدُّ الغارات الجوية)"
"air defence system","نظام دفاع جوي"
"air defence","الدفاع الجوي"
"air defense","مدفعية مضادة للطائرات، الدفاع الجوي"
"air defensive system","نظام دفاع جوي"
"air embargo","الخطر الجوي (خطر الغارات الجوية)"
"air fight","معركة جوية"
"air fired rocket","صاروخ مطلق (مقدوف) من الجو"
"air force base","قاعدة عسكرية جوية"
"air force officer m.","ضابط طيار"
"air force officer","ضابط طيار، ضابط في سلاح الطيران"
"air force","سلاح الطيران"
"air highness region","منطقة السيادة الجوية"
"air highness","السيادة الجوية"
"air incident","قضية اختراق المجال الجوي"
"air land rocket","صاروخ جو بحر"
"air manoeuvre","مناورة جوية"
"air navigation","الملاحة الجوية"
"air piracy","قرصنة جوية"
"air pirate","قرصان الجو"
"air pollution","تلوث (تلويث) الجو"
"air power","القوة الجوية"
"air raid protection bunkers","ملحاً (للحماية من الغارات)"
"air raid protection cellar","ملحاً، مخبأ (عادةً يكون تحت العمارات)"
"air raid protection siren","صفارة الإنذار"
"air raid protection","الحماية (الوقاية) الجوية"
"air raid warning","إنذار بغارة جوية"
"air raid","غارة جوية"
"air raid","غارة جوية، هجوم جوي"
"air reconnaissance","استكشاف (استطلاع) جوي"
"air reign","السيطرة الجوية"
"air resistance","مقاومة جوية، مقاومة طيران العدو"
"air rocket","صاروخ جو جو"
"air scouting","رحلة استكشاف (بالطائرة)"
"air superiority","التفوق العسكري الجوي"
"air supervision","مراقبة جوية، مراقبة الأجواء"
"air torpedo","طوربيد جوي (يقذف به من الجو)"
"air traffic m.","المواصلات الجوية، حركة الطائرات"
"air transport conventions","معاهدة النقل الجوي"
"air troops","القوات الجوية"
"air unit","وحدة السلاح الجوي"
"air war","حرب جوية"
"air warning","الإنذار بالغارات الجوية"
"air weapon","القوات الجوية (السلاح الجوي)"
"air weapon","سلاح الطيران"
"air","هواء"
"aircraft carrier","حاملة طائرات"
"airlift","جسر جوي"
"airplane carrier","حاملة طائرات"
"airport, air base","مطار، قاعدة جوية"
"airspace","مجال جوي"
"Akka","عكّا"
"alarm system","جهاز تحذير، آلة إنذار"
"alarming","إنذاري (صفة)"
"Albania","ألبانيا"
"alert","حالة التأهب (الإستعداد)"
"Alexandria","الإسكندرية"
"Algeria","الجزائر"
"all around the world","في كل البلاد (في جميع النواحي)"
"all of the efforts failed","فشلت جميع المساعي"
"all parties government","حكومة جميع الأحزاب (تتألف من جميع الأحزاب)، حكومة اتحاد وطني"
"alley","حليف"
"alliance for the advance","تحالف من أجل التقدم"
"alliance","تحالف، حلف، اتحاد"
"allied military forces","قوات الحلفاء"
"allied nations","أمة (دولة) شقيقة"
"allied parties","حزب شقيق، حزب توأم"
"allied, united government","حُكُومَةٌ مُتَحَالِفَةٌ (حَلِيفَةٌ)"
"allotment committee","لجنة التموين"
"allotment plan","خطة التموين"
"allotment right","قانون التموين"
"allotment, distribution","حصة، تموين، إفراز، حصة من المواد (الأموال)"
"allotment","توزيع، تموين"
"ally (to), to combine","تخالف، إلتلف (مع)"
"ally (to)","تحالف، اتحاد (مع)"
"ally","حليف"
"almost official","شبه رسمي (صفة)"
"alternative, substitute","بديل (إمكانية، خيار)"
"alternative","بالتناوب، بالتعاقب، بالتبادل"
"ambassador position, office","منصب سفير"
"ambassador's conference","مؤتمر السفراء"
"ambassador","سفير"
"ambassadors conference","مؤتمر السفراء"
"ambition","طموح، مطمح؛ مطامع، أطماع"
"ambush","كمين، شرك"
"amend (to)","عَدْل، غَيْر، حَوْر"
"amended law","قانون مُعَدَّل"
"amendment in the federal government","تعديل (في) الحكومة الاتحادية"
"amendment","تعديل، تصحيح (قانون ما)"
"America","أمريكا"
"amiability","حفاوة، لُطف"
"Amman (capital of Jordan)","عَمَّان (عاصمة الأردن)"
"ammunition","ذخيرة، عناد حربي، مؤونة"
"amnesty (on the political prisoners)","عَفْو (عن السجناء السياسيين)"
"amnesty international","لجنة العفو الدولية"
"amount of troops","قوة (حجم) القوات"
"analysis","تحليل"
"analytically, adj","تحليلي (صفة)"
"analyze (to)","يحلل"
"anarchism","الفوضوية (نظرية إلغاء الحكومات بأي شكل)"
"anarchist communism","شيوعية فوضوية"
"anarchist","فوضوي (الفوضويين)"
"anarchy in the production","فوضى في الإنتاج"
"anarchy, chaos","الفوضى، الإباحية"
"anchor (n)","نص، شرع (في القانون)"
"anchored in the constitution","حق منصوص عليه في الدستور"
"anchored in the law","منصوص في القانون"
"anchored","منصوص (صفة)"
"Angola","أُجُولاً"
"animosity","عداوة، بغضاء"
"Ankara","أنقرة"
"annex (to)","ضَمّ (إلى)"
"annex","مُلْحَق العقد، عقد إضافي"
"annexation","الضم، الإلحاق"
"annihilation arms","أسلحة الإبادة والفتك، أسلحة الدمار والخراب"
"annihilation war","حرب الإبادة"
"annihilation","ضَمّ الأرض (ألحاقها) إلى البلدية"
"anniversary","ذكرى سنوية (عيد أو يوم الطفل إلخ)"
"announce (to)","أعلن، نطق ب، أذاع، نشر، أصدر"
"announce an amnesty","أعلن العَفْو"
"announcement","إعلان، بلاغ، تصريح"
"annoying war","حَرْبُ الأَعْصَابِ"
"annual balance sheet","تسوية الحساب السنوية، موازنة سنوية"
"annual general meeting","إجتماع سنوي عام"
"annual statement report","تقرير سنوي"
"annual","سنوي"
"annul (to) the law","إلغاء قانون"
"annul (to) the parliamentary immunity","رفع الحصانة البرلمانية (عن أحد النواب)"
"annul (to) the private property","رفع الحظر (عن السفن الموجودة في المياه الإقليمية)"
"annul (to) the trade barriers","رفع القيود التجارية"
"annulation","تعطيل، إبطال"
"annulment of the federal parliament","إلغاء (نقض) مجلس النواب الاتحادي"
"annulment of the immunity","رفع الحصانة (عن فلان)"
"annulment of the martial laws","رفع الأحكام العرفية"
"annulment the embargo","رفع الحظر (عن السفن الموجودة في المياه الإقليمية)"
"annulment, lift","رفع، إلغاء، إزاحة، قضاء على إلغاء الملكية الخاصة"
"antagonism","تنافس، تناقض"
"antagonistically","تنافسي، تناقضي"
"anthrax","الجمرة الخبيثة"
"anti Lebanon mountains","سلسلة جبال لبنان الشرقية"
"anti-aircraft defense","الدفاع المضادّ للطائرات"
"anti-constitutional law","قانون مخالف للدستور"
"anti-democratic party","حزب مضاد (مناوئ) للديمقراطية"
"apodictically, crucially","قاطع، حازم، لاجدال في (صفة)"
"apostolic administrator","المدير الرسولي"
"apostolic-delegate","القاصد الرسولي، الموفد البابوي"
"apparatus of state","جهاز الدولة، أداة الحكم"
"appeal (to) on (somebody)","وجه النداء إلى (فلان)"
"appeal, call","نداء، دعوة، رجاء"
"appearance, confrontation","المثول، استقبال، مواجهة، مقابلة (رسمية)"
"appearance","مظهر، ظاهري"
"appease (to)","هدأ، سكن"
"appeasement policy","سياسة التهدئة"
"appeasement strategy","إستراتيجية التهدئة"
"appeasement, easiness","انفراج، تهدئة، تراخي (تخفيف حدة التوتر) تسكين"
"appeasement","تهدئة، تخفيف، تعديل"
"appliance, instrument (of the judgment)","جهاز، أداة (الحكم)"
"application of the violence","ممارسة العنف، استعمال القوة"
"application, use, practice","استعمال، تطبيق، انتهاج، ممارسة، استخدام"
"apply an aggressive policy","إنهاج سياسة عدوانية"
"apply for a vote demand for removal","تَقْدِيمُ طَلَبِ الِاقْتِرَاعِ عَلَى التَّنْحِيَةِ"
"apply for naturalization","طلب (منح) الجنسية"
"apply","إنهاج، استعمل، استخدم، طُبق، مارس"
"appoint (to)","عيّن، قلّد، وظّف، ولّى، استدعى، استحضر"
"appoint a candidate","يُعَيِّن مُرَشَّحًا"
"appoint somebody in an office","اعتمد تعيين (فلان) في منصب"
"appointment in the ministry cabinet","تعيين في الوزارة"
"apprehension (to observe something with...)","يراقب (الأمر) بقلق"
"apprehension, anxiety","قلق، همّ"
"approach between Eastern and Western camps","التقارب بين المعسكرين الشرقي والغربي"
"approach policy","سياسة التقارب"
"approach","تقارب"
"appropriate (to)","ضَمَّ"
"approval committee (in the USA – congress)","لجنة الاعتمادات (في الكونغرس الأمريكي)"
"approval of demand of the cabinet","التصديق على طلب من الوزارة"
"approval of the parliament","قبول (استحسان) البرلمان"
"approval of the parliamentary wing","القبول (الموافقة) بواسطة الجناح البرلماني"
"approval through the federal council","القبول (الموافقة) بواسطة المجلس الإتحادي"
"approval, adoption, acceptance","قبول، اعتماد، موافقة"
"approval, support","تأييد"
"approval","قبول، موافقة"
"approve (to) for the work agenda","تمسك بجدول الأعمال"
"approve (to) the budget","اعتمد الميزانية"
"approve (to) through acclamation","استحسن، قَبِلَ، وافق بواسطة الهتاف"
"approve (to) through shouting","التأييد بواسطة الهتاف"
"approve (to) with absolute majority","الموافقة بالأغلبية الساحقة"
"approve (to)","قَبِلَ، وافق على، صَدَّقَ على"
"approximation of laws","تقارب قضائي (قانوني)"
"Arab allied nations","الدول العربية الشقيقة"
"Arab gulf","الْخَلِيجُ الْعَرَبِيُّ"
"Arab league","الجامعة العربية، جامعة الدول العربية"
"Arab world","العالم العربي"
"Arab","عربي (ج العرب)"
"Arabia","(بلاد) العرب"
"Arabic countries","الأقطار العربية"
"Arabic desert","الصحراء العربية (الشرقية)"
"Arabic hood","عُرُوبَة"
"Arabic league","جامعة الدول العربية"
"Arabic nationalism","القومية العربية"
"Arabic peninsula","شبه الجزيرة العربية"
"Arabic Republic of Egypt","جمهورية مصر العربية"
"arabic socialism","اشتراكية عربية"
"Arabic","عربي (صفة)"
"arabisation","التعريب (جعله أو تحويله عربياً)"
"Aramco, = Arabic","أرامكو (شركة النفط العربية الأمريكية)"
"arbitral clause","بند (شرط) التحكيم"
"arbitrary","تعسفي (صفة)، طوعي"
"arbitration agreement","اتفاقية (معاهدة) التحكيم"
"arbitration committee","لجنة التحكيم"
"arbitration discussion","محادثات التسوية (التحكيم)"
"arbitration","اتفاقية"
"arbitrational procedures","إجراء تحكيمي"
"archive","أرشيف، دائرة المحفوظات"
"area of responsibility","مجال (دائرة) العمل"
"area, land, region","أرض منطقة، إقليم، مقاطعة، حقل، ميدان، مجال"
"Argentina","الأرجنتين"
"argue (to)","حاج، ناقش، جادل"
"argument, proof","حجة، دليل، أدلة، برهان"
"argument","بمبادلة، محاورة، مناقشة"
"aristocracy, hereditary upper classes of people in a country, the nobility","أرستقراطية، نظام حكومي تظهر فيه طبقة خاصة من النبلاء والأغنياء فتستأثر لنفسها بحكم البلاد والسيطرة على مقدراتها دون الطبقات الأخرى"
"aristocrat","أرستقراطي (صفة)"
"arm (to)","سلح، أعد، جهز، هيأ"
"Armada","أسطول حربي"
"armament (the atomic, nuclear...)","التسلّح النووي، التسلّح الذري"
"armament race","سباق تسلّح"
"armament, ammunition","تسلّح، أسلحة، تسلّح، عتاد"
"armament","تسليح"
"armed conflict","نزاع مسلح"
"armed forces","القوات المسلحة"
"armed intervention","تدخل مسلح"
"armed neutrality","حياد مسلح"
"armed","مسلّح (صفة)"
"armistice, truce","هدنة"
"arms agreements","اتفاقية (معاهدة) التسلّح"
"arms budget","ميزانية التسلّح"
"arms control agreements","معاهدة مراقبة التسلّح"
"arms control politics","سياسة مراقبة التسلّح"
"arms control system","نظام مراقبة التسلّح"
"arms efforts","مساعي (جهود) التسلّح"
"arms expenditures","نفقات التسلّح"
"arms industry","الصناعات الحربية"
"arms loads","أعباء التسلّح"
"arms politics","سياسة التسلّح"
"arms program","برنامج التسلّح"
"arms race","سباق التسلّح"
"arms racing","سباق التسلّح"
"arms reduction","خفض أو تخفيض التسلّح"
"arms restriction","الحد من التسلّح، تحديد التسلّح"
"arms status","مستوى التسلّح"
"arms stop","وقف (إيقاف) التسلّح"
"arms supervision","رقابة التسليح (الرقابة على التسلّح)"
"arms","خاص بالتسلّح"
"army command","قيادة الجيش"
"army commander","القائد العام للجيش"
"army equipment","معدات (احتياجات) الجيش"
"army parade","عرض عسكري"
"army","جيش"
"arrangement, settlement","تسوية، ترتيب، مصالحة، تنظيم، اتفاق، توفيق"
"arrest (to)","حبس، حجز"
"arrest wave","موجة اعتقالات"
"arrest","إلقاء القبض، توقيف، اعتقال"
"arrested person","المقبوض عليه"
"arrested","محبوس، محجوز (تحت الإقامة الجبرية)"
"arrogance","غطرسة، استكبار، تعالٍ، عنجهية، تعجرف، استعلائية"
"arrogantly","متكبر، متعجرف، متعاظم (صفة)"
"arsenal","ترسانة (حربية) مستودع الأسلحة"
"arsenals","مخزن الأسلحة"
"article","بند، مقالة، مقال"
"artillery projectile","قذيفة، طلقة مدفع"
"artillery weapon","سلاح المدفعية"
"artillery","مدفعية"
"Asia","آسيا"
"ask (to) (turn to) the UN","أدخل الأمم المتحدة"
"ask (to) the intervention of","أدخل، وَسَطَ"
"ask (to)","سأل"
"ask for a vote","طَلَبُ الِاقْتِرَاعِ عَلَى"
"asking for a ransom","طلب الفدية"
"asking for the crown","مطالبة بالعرش"
"aspect","ناحية، مَطْمَر"
"assassinate (to)","يقتل، يغتال"
"assassination attempt of the pope","يقوم بمحاولة اغتيال البابا"
"assassination attempt","محاولة اغتيال"
"assault, attack","جَوْر، سطوة، عسف، اعتداء"
"assault, offensive","اعتداء"
"assembly room","قاعة (حجرة) الاجتماع"
"assess (to)","فرض (ضريبة)، غَرَم"
"assessment-evaluation","تقدير، رأي، تصرف، حكم، حرية التصرف والاختيار"
"assessment","تقييم، تقدير"
"assign (to)","كَلَّف"
"assigned in the agenda","أدرج في الجدول اليومي"
"assignee","خَلَفَ شرعي"
"assist (to) somebody","أعان ساعد فلان"
"assistance, aid","عون، معونة، مساعدة، إعانة"
"assistant of the government","مناصر (مؤيد) للحكومة"
"assistant-agent","متعاون، عميل، مساعد"
"assistant","معاون، مساعد"
"associated country","بلد مشارك، (متحد مع أو منضم)"
"associated member","عضو مشترك"
"association, company, society","جمعية، شركة، هيئة، مجتمع"
"association, military troop, jetfighters troops","وحدة عسكرية، سرب طائرات، اتحاد، جمعية، نقابة، رابطة"
"association, organization, alliance, federation","عصبة، جماعة، منظمة، حلف، اتحاد"
"association","جمعية، رابطة"
"assumption of a proposal","قبول الطلب"
"assumption of the office","(الدخول إلى) استلام الوظيفة أو الوزارة إلخ..."
"assure (to)","أكد"
"asylum (ask for the political asylum)","طَلَبُ (التماس) اللجوء السياسي"
"asylum application","طلب اللجوء السياسي"
"asylum wish","طلب (رغبة) اللجوء"
"asylum","لجوء، ملجأ، مأوى"
"atlantic alliance nuclear force","القوات النووية للحلف الأطلسي"
"atlantic alliance","الحلف الأطلسي"
"Atlantic ocean","المحيط الأطلسي"
"Atlantic","الأطلسي (الخيط الأطلسي)"
"atom rocket arsenal","ترسانة (مستودع) الصواريخ النووية"
"atom","ذُرَّة"
"atomic (nuclear) defense system","دفاع ذري (نووي)"
"atomic age","عصر الذُرَّة"
"atomic ammunition","تسلُّح نووي"
"atomic armament control","مراقبة التسلح النووي"
"atomic arms racing","سباق تسلُّح نووي"
"atomic balance","التوازن الذري"
"atomic bomb","قنبلة ذُرَّة"
"atomic confrontation","بحاجة نووية (ذرية)"
"atomic energy department","دائرة (شؤون) الطاقة الذرية"
"atomic hit strike","ضربة نووية"
"atomic imbalance","اختلال التوازن الذري"
"atomic mass","الكتلة الذرية"
"atomic nucleus","نواة الذُرَّة"
"atomic power","قوة (سُلْطَة ذرية) نووية"
"atomic preventive para- chute","مَظَلَّة الوَفَايَة النُّوَوِيَّة"
"atomic researches","الأبحاث الذرية"
"atomic researches","تجارب ذرية"
"atomic shield","دِرْع (مَظَلَّة) نُوَوِي"
"atomic state (a state that possesses nuclear weapons)","دولة مالكة للطاقة الذرية (أو السلاح النووي)"
"atomic test","تجربة ذرية (ج تجارب ذرية)"
"atomic theory","نظرية الذُرَّة"
"atomic threat","الخطر الذري"
"atomic war","حَرْبٌ ذَرِيَّةٌ"
"atomic warhead","رأس نووي متفجر"
"atomic weapon arsenal","ترسانة (مخزن) السلاح النووي"
"atomic weapon free states","دَوْلَة غَيْر نَسْوِيَة (غير مالكة للسلاح النووي)"
"atomic weapon","سلاح نووي (ذري)"
"atomic weapons","أسلحة نووية"
"atomic, nuclear plans","مخططات نووية"
"atomic","ذري (صفة)"
"attacks made against the government","تَهْجِمَاتٌ (حَلَالَتْ ضِدَّ) عَلَى الْحُكُومَةِ"
"attenuation of tension","تخفيف التوترات"
"attitude-opinion","موقف، وجهة نظر، رأي"
"attitude-position","موقف، وقفة"
"attribute a big importance to...","علق أهمية كبرى على"
"attribute, give (an importance to )","يعلق (أهمية) على"
"attribute","يعلق"
"attribution of the independence","منح الإستقلال"
"attune decline","انخفاض عدد الأصوات"
"attune purchase","شراء الأصوات"
"auction","مُزايدة (المُزايدات)"
"audit privilege","حق التفتيش (الرقابة)"
"auditor","مراجع، مصحح، معيد النظر في...، مراقب"
"Australia","أستراليا"
"Austria","النمسا"
"Austrian","غساوي (صفة)"
"autarchy policy","سياسة الإستقلال الإقتصادي"
"autarchy","استقلال اقتصادي، إكتفاء ذاتي"
"authentic meeting","إجتماع عادي (للأعضاء أو دوري)"
"authentic member","عضو أصيل"
"authentic","أصيل، عادي (صفة)"
"authorisation","تصريح، إذن، رخصة"
"authoritarian, trannical","ذو سلطة (صفة)"
"authority abuse","إنتهاك السلطات (الصلاحيات)"
"authority crossing","يتجاوز الصلاحيات"
"authority infringement","تجاوز الصلاحيات (السلطات)"
"authority to negotiate","سلطة (صلاحية) المفاوضات"
"authority transfer","نقل السلطة (الصلاحيات)"
"authority, power","سلطة"
"authority, proxy, empowerment, delegacy, procreation","وكالة، سلطة، توكيل، تفويض"
"authority","سلطة الحكم، سلطة"
"autocracy","سلطة مطلقة"
"autocrat","حكم فردي (استبدادي، تعسفي)، حاكم فردي (مستبد مطلق)"
"autocratic","تعسفي، استبدادي، فردي (صفة)"
"autograph (to)","وقع، يضع إمضائه"
"automatic cannon","مدفع آلي سريع الطلقات"
"automatic gun","مسدس آلي"
"autonomous, independent","مستقل، ذاتي (صفة)"
"autonomy in collective bargaining","حرية اتفاقيات الأجور"
"autonomy, self-determination","استقلال ذاتي، حكم ذاتي"
"auxiliary agreement","معاهدة إضافية (تكميلية)"
"auxiliary law","قانون إضافي (معدل)"
"aviation agreements","معاهدة الملاحة الجوية"
"aviation","طيران"
"avoid (to)","تفادي، تجنب، تحاشي"
"avoidance","تجنب، تفادي"
"AWACS (E3 Airborne Warning and Control, System)","طائرة (أواكس) الاستطلاعية (المزودة بأحدث الرادارات الإلكترونية)"
"axiom","بديهية"
"axiomatic","بديهي (صفة)"
"axiomatics","عمل البديهيات"
"axis states","دول المحور"
"axis","محور"
"backing","تأييد، مناصرة، دعامة، سند، عون"
"backlog","مُتَخَلِّف (صفة)"
"backwardness","تَخَلُّف اقتصادي، تحت مستوى النماء الاقتصادي"
"bacteria","بكتيريا، جرثمة، جراثيم"
"bacteriological war","حرب جرثومية (بالسلاح الجرثومي)"
"bacteriological war","حَرْبٌ جَرْنُومِيَّةٌ"
"bacteriological weapons","أسلحة بكتريولوجية"
"bacteriological","بكتيري، جرثومي"
"Baghdad","بغداد"
"Bahrain","البحرين"
"balance between East and West","توازن القوى بين المعسكرين الشرقي والغربي"
"balance of forces","توازن (تعادل) القوى"
"balance of payments","موازنة المدفوعات"
"balance of supply and demand","تعادل بين العرض والطلب"
"balance policy","سياسة التوازن"
"balance","رصيد"
"balanced budget","مُوَازَنَة مُتَوَازَنَة"
"balfour-declaration","تصريح (وعد) بلفور"
"Balkans","البلقان"
"ballot paper","ورقة (بطاقة) الإقتراع"
"ballot-box","صندوق الإقتراع"
"ballots","قسيمة الإنتخاب ، ورقة الإنتخاب"
"banish (annul) (to) the exploitation","قضاء على الإستغلال"
"banish (to)","نفي، طُرْدٌ، إبعادٌ"
"banished","منفي"
"banishment place","منفي"
"banishment","نفي"
"bank authority","سلطة مصرفية،"
"bank monopoly","إحتكار مصرفي"
"bank reserves","إحتياطات المصارف"
"bank stock","رأس مال مصرفي / بنكي"
"bank","مصرف، بنك"
"bankruptcy","إفلاس، تفليسة"
"bankrupted goods","مال المفلح، أملاك المفلح (التي يُلقى عليها الحجز)"
"banquet","وليمة، مأدبة (عشاء)"
"barbarian","بربري، وحشي، همجي"
"barbarity","بربرية، وحشية، همجية"
"barbed wire","شبكة (موانع) من الأسلاك الشائكة"
"bargaining offer","عرض المفاوضات (عرض إجراء المفاوضات)"
"bargaining parties","رب العمل ونقابة العمال"
"bargaining","مفاوضات"
"barracks arrest","حظر مبارحة الثكنة"
"barracks quarter","منطقة (حي) الثكنات"
"barracks","ثكنة"
"barricade (to)","تُحصن، سد، تَترس"
"barricade","متراس"
"barrier, force","قوة، دعم، منع، حصن، عزز"
"barrier, obstacle","حاجز، عائق، سد، حد"
"barrier","حاجز، عائق، سد، حظر، منع، حصار"
"barters","مقايضة"
"base","مقر (دائم)"
"basic conditions","شروط أساسية (عامة)"
"basic engagement","إلتزامات أساسية"
"basic plan","خطة عامة"
"basic principles for socialist planning","المبادئ الأساسية للتخطيط الإشتراكي"
"basic principles","مبادئ أساسية"
"basic reform","إصلاح أساسي (جذري)"
"basic unit","وحدة أساسية"
"basic-fundamental rights","حقوق أساسية"
"basic","أساسي"
"basis","قاعدة، أساس (مُطلق)، عماد، ركن، مُطلق"
"Basra","البصرة"
"battalion","كتيبة، كتيبة (الجنود) المتطوعين"
"battle crowd","الوطيس"
"battle cruiser","بارحة"
"battle line","جبهة القتال"
"battle plan","خطة القتال (حربية)"
"battle system","نظام القتال"
"battle turmoils","معمعة (أتون) المعركة"
"battle, fight (meeting place)","معركة، موقعة، صدام"
"battle","معركة، موقعة"
"battlefield","ساحة القتال، ميدان"
"battlefield","ميدان المعركة (القتال)"
"battleship","بارجة، سفينة حربية"
"be to blame for","مَدِين (صفة)"
"beat the demonstration","داس التظاهرة (بالمصفحات)"
"beat","داس، ضرب، تَغَلُّبَ على"
"because of war","بسبب الحرب، نتيجة الحرب (صفة)"
"becomes known (to)","أعلن، أذاع، كشف، أشاع، صرّح"
"before the revolution","قبل الثورة (صفة)"
"beginning of war","نشوب (اندلاع) الحرب"
"Beirut (capital of Lebanon)","بيروت (عاصمة لبنان)"
"Belfast","بلفاست"
"Belgium","بلجيكا"
"belligerent party","الطرف (الجانب) المحارب"
"belligerent states","الدول المتحاربة"
"bend (to)","حنى، ركع، أذعن، خضع، رَضَّخَ"
"Benelux","بلجيكا وهولندا ولوكسمبورغ"
"Bengal","بنغال"
"Benghasi also Bengasi","بنغازي"
"Berlin blockade","حصار برلين"
"Berlin Treaty (treaty taking place between the USA, United Kingdom, Russia and France in 1972)","معاهدة برلين (تم الاتفاق عليها بين أمريكا وبريطانيا وروسيا وفرنسا في عام 1972)"
"Berlin wall (established by the GDR in order to prevent the escape the citizens to the west part of the country and fell in November 1989)","جِدَارٌ بَرْلِين (أَقَامَتِ الْمَانِيَا الدِّيمُقْرَاطِيَّةُ الشَّرْقِيَّةُ لِمَنْعِ الْهَجْرَةِ مِنْهَا إِلَى الْمَانِيَا الْعَرَبِيَّةِ وَسَقَطَ الْجِدَارُ فِي نُوْفَمِر (1989)"
"Berlin, (west)","برلين (الغربية)"
"besiege (to)","حاصر، أحاط"
"besieger","محاصر"
"Bethlehem","بيت لحم"
"betray (to) the connivance","خان الثقة (ثقة فلان)"
"betray (to) the country treacherous","خان (باع) البلد"
"betray (to)","خان، سلم للأعداء"
"betray (to)","خان، غدر ب"
"betrayal treason","خيانة وطنية، (خيانة الوطن)"
"betrayal","خيانة، غدر"
"bi-nationality system","(نظام) ازدواج الجنسية"
"bias","حزبية، إختياز، تحزب"
"biased","مُتَحَيِّز، مُنْحاز"
"bicameral system","نِظام مُجَلِّسي البرلمان"
"big coalition government","حُكُومَةُ الْإِتْلَافِ الْكَبِيرِ (الْإِتِّحَادُ أَوْ الْكَتْلَةُ)"
"big majority","أكثرية كبيرة"
"bilateral agreement","اتفاقية ثنائية"
"bilateral agreements","معاهدة ثنائية"
"bilateral contacts","اتصالات ثنائية"
"bilateral contract","عقد ثنائي"
"bilateral monopoly","إحتكار ثنائي"
"bilateral negotiations","مفاوضات ثنائية"
"bilateral","ثنائي، بين طرفين"
"binary chemical weapon (composed of 2 chemical elements mixed immediately before the explosion)","سلاح كيميائي ثنائي (يتألف من عنصرين كيميائيين يبرجان قبل التفجير بقليل)"
"binary NATO decision","قرار ثنائي لحلف الأطلسي"
"binary","ثنائي"
"binding (someone's) freedom","حصر (تقييد) الحرية"
"binding it agreements","معاهدة واجبة الإحترام"
"binding","ملزم، إلزامي (صفة)"
"black list ( including the nouns of suspected people)","القائمة السوداء (عليها أسماء المشبوهين وغير مرغوب بهم)"
"black market","السُّوق السُّودَاء"
"blame","ذَنْبٌ، خَطَأٌ، مسؤولية"
"bloc","كتلة مجتمعة"
"blockade","حصار"
"blood (prevention of the ...shedding)","منع سفك الدماء"
"blood shedding, spilling","سفك (إراقة، إسالة) الدماء، نزف الدماء"
"blood","دم"
"bloodbath, slaughter","حمام دم، مذبحة، مجزرة"
"bloodlessly revolution","ثورة بيضاء"
"bloodlessly","غير دموي"
"board of directors","مجلس إداري"
"board of trustees","مجلس المحافظين (الأمناء) المجلس الأعلى"
"body, corps","سلك، علاقات"
"Bolshevik, Russian communist (member in the communist Russian party)","بلشفي، شيوعي روسي (عضو في الحزب الشيوعي الروسي)"
"bolshevism","البلشفية (جماعة الأكثرية واللفظة من أصل روسي)"
"bolshevist","بلشفي، شيوعي"
"bolt (to)","أغلق، طوق"
"bomb airplane, aircraft","قاذفة قنابل"
"bomb","قنبلة، متفجرة، عبوة ناسفة"
"bombard (to)","ضرب (قذف) بالقنابل"
"bomber command","فريق (فرقة) القاذفات الجوية"
"bombing","الضرب بالقنابل، قصف"
"bond (credit) policy","سياسة القروض"
"bond, credit","قرض"
"bond, duty","إلتزام، واجب، ارتباط، فرض (فريضة)"
"Bonn (Capital of the FRG)","بنون (عاصمة جمهورية ألمانيا الاتحادية)"
"booth of a State or a company in the fair","مركز (منصة أو كشك) إحدى الدول أو الشركات في المعرض"
"booty","غنيمة الحرب"
"border (inviolability of the...)","حرمة (حصانة) الحدود"
"border agreement","إتفاقية حدود"
"border conflict","أزمة حدود"
"border correction","تعديل الحدود"
"border crisis","أزمة الحدود"
"border entry","مدخل الحدود"
"border guards","حراس الحدود، حراسة الحدود"
"border incident","حادثة حدود"
"border inhabitants","سكان الحدود"
"border police","شرطة الحدود"
"border protection","حماية الحدود"
"border traffic","حركة المرور في الحدود"
"border","حدود"
"borderland","منطقة الحدود"
"borderline","الحد (الخط) الفاصل"
"boss","مدير، قائد، زعيم، رئيس"
"bourgeois hood","البرجوازية الصغيرة"
"bourgeois","البرجوازي"
"bourgeoisie","البرجوازية (الطبقة الوسطى في المجتمع)"
"bourgeoisies","برجوازي صغير"
"box brother","أخ ماسوني (جماعة الإخوان الماسونيين)"
"box master","معلم (مرشد أو أستاذ) المحفل الماسوني"
"box","غرفة، محفل، صندوق"
"boycott (to impose...)","قاطع، فرض المقاطعة"
"boycott (to)","يقاطع"
"boycott threat","التهديد بالمقاطعة"
"boycott","مقاطعة"
"boycotted countries","بلدان المقاطعة (المدونة على اللائحة السوداء)"
"brainwashing","غسل دماغ"
"branch, department","دائرة، إقليم، فرع (للحزب)"
"branch","فرع (أو إقليم) الحزب، مكتب فرعي"
"bravery-courage","بسالة، شجاعة، استبسال"
"Brazil","البرازيل"
"breach (to)","خرق، فسخ، قطع"
"breach neutrality","يخرق الحياد، يتجاوز الحياد، يخرج عن الحياد"
"breach of close","كسر لغرض السرقة"
"breach of confidence","خرق الثقة، خيانة"
"breakdown","انهيار، تهدم، اندحار، انكسار"
"breaking down the regime","إسقاط (إطاحة) النظام"
"breaking international borders (air highness)","اختراق المجال الجوي، الاعتداء على السيادة الجوية"
"breaking the rule","مخالفة، تجاوز"
"breaking","تجاوز، تعد، خرق"
"breakthrough","تقدم، اختراق، ثقب، انفجار، خرق (خطوط العدو)"
"bribery of a public servant","رِشْوَة المُوَظَّف"
"brigade","لَوَاء"
"brightness, brilliance","إِشْعَاع، إِشْرَاق، تَأَلُّق"
"bring (to) forward","تَقْدِيم، تَسْلِيم"
"bring to power","يجلب (فلان) إلى السُلْطَة"
"British Commonwealth","رَابِطَة الشُّعُوب السَّرِيطَانِيَّة، الكُومِنُولث"
"British","بَرِيطَانِي"
"broadcast (to)","بَثّ (رَوْج، أَشَاع، نَشْر) الدِّعَايَة"
"brother-in-arms","أَخ (زَمِيل) السِّلَاح"
"brotherly people","شَعْب شَقِيق (مُتَأَخٍّ)"
"brotherly","شَقِيق، مُتَأَخٍّ"
"Brussels","بْرُوكْسِل"
"Bucharest","بُوخَارِسْت"
"Budapest","بُودَابِسْت"
"budget assessments","تَقْدِيرَات المُوَازَنَة"
"budget committee","لَجْنَة المُوَازَنَة (المُوَازَنَة)"
"budget control","مُرَاقَبَة المُوَازَنَة"
"budget credits","اِعتِمَادَات المُوَازَنَة"
"budget deficit","عجز في الموازنة"
"budget economy","اقتصاديات الموازنة"
"budget equilibrium","معادلة الموازنة (الموازنة)"
"budget excess","فائض في الموازنة"
"budget expenditures","مصروفات الموازنة"
"budget intervention","خطبة (كلمة) الموازنة (في البرلمان)"
"budget law","قانون الموازنة"
"budget policy","سياسة الموازنة"
"budget revenues","إيرادات الموازنة"
"budget","خُطَّة (مُخَطَّط) اِقتِصَادِيَّة"
"budgetary consultations","مباحثات (مشاورات) حول الموازنة"
"budgetary deficit","عجز بالموازنة"
"budgetary design","مشروع موازنة"
"budgetary excess","فائض (زيادة) الموازنة"
"budgetary law","قانون الموازنة"
"budgetary policy","سياسة الموازنة"
"budgetary propositions","إقتراحات الموازنة"
"budgetary report","تقرير الموازنة"
"budgetary restrictions","قيود الموازنة"
"buffer state","دولة عازلة، دولة فاصلة أو حاجزة (تقع بين دولتين كبيرتين عدويتين)"
"buffer zone","منطقة أمامية فاصلة (انظر المادة السابقة)"
"building bases more than the necessary","يستطيع فوق الضرورة، يضع قواعد أكثر من اللازم"
"Bulgaria","بلغاريا"
"bulletin","نشرة"
"bulwark","حصن، سد"
"bundestag budget","موازنة مجلس النواب الألماني الاتحادي"
"bundestag candidacy","الترشيح لانتخابات مجلس النواب الألماني الاتحادي"
"bundestag candidate","مرشح لانتخابات مجلس النواب الألماني الإتحادي"
"bundestag committees","لجان مجلس النواب الألماني الإتحادي"
"bundestag debate","مناقشة (في) مجلس النواب الألماني الإتحادي"
"bundestag decision","قرار مجلس النواب الألماني الإتحادي"
"bundestag elections","انتخابات مجلس النواب الألماني الإتحادي"
"bundestag indemnities law","قانون أجور (تعويضات) أعضاء مجلس النواب الألماني الإتحادي"
"bundestag indemnities","أجور (تعويضات) أعضاء مجلس النواب الألماني الإتحادي"
"bundestag majority","الأكثرية في مجلس النواب الألماني الإتحادي"
"bundestag member","عضو (في) مجلس النواب الألماني الإتحادي"
"bundestag minority","الأقلية في مجلس النواب الألماني الإتحادي"
"bundestag opposition","(حزب) المعارضة في مجلس النواب الألماني الإتحادي"
"bundestag parties","أحزاب مجلس النواب الألماني الإتحادي"
"bundestag period","الفترة التشريعية (دورة تشريعية) مدة مجلس النواب الألماني الإتحادي"
"bundestag plenary session","جلسة كاملة في مجلس النواب الألماني الإتحادي"
"bundestag president","رئيس مجلس النواب الألماني الإتحادي"
"bundestag-represen- tative","نائب في مجلس النواب الألماني الإتحادي"
"buoy","عوامة"
"burden","تقل، عبء"
"bureaucracy","البيروقراطية (سلطة أو حكم الموظفون)، الجهاز الإداري"
"bureaucrat","بيروقراطي، متمسك بالروتين والحرفيات، رجل المكاتب"
"bureaucratic","بيروقراطي (صفة)"
"buried","مخبأ، مدفون، مضمور تحت الأرض"
"Burundi republic","جمهورية بوروندي (سابقاً أورندي)"
"business consultants","خبير اقتصادي، محاسب قانوني"
"business","مشروع، شركة، مؤسسة"
"by arm force","بِقُوَّة السِّلاح"
"by laws","اللائحة الداخلية، النظام الداخلي"
"by virtue of his office","بحكم وظيفته"
"by-election, and following","انتخاب تكميلي، انتخاب جديد (أو بديل)"
"by-elections","انتخاب ثانوي (تكميلي)"
"cabin","مقصورة، محفل، لوح"
"cabinet (collective responsibility of the...)","المسؤولية الجماعية لمجلس الوزراء"
"cabinet admission","الدخول إلى الوزارة"
"cabinet advice","مشاورات وزارية"
"cabinet changes","تغييرات وزارية"
"cabinet committee","لجنة وزارية"
"cabinet composition","التشكيل الوزاري"
"cabinet crisis","أزمة وزارية"
"cabinet decision","قرار مجلس الوزراء"
"cabinet expansion","توسيع الوزارة"
"cabinet formation","تشكيل الوزارة، تأليف الحكومة"
"cabinet leadership","رئاسة مجلس الوزراء"
"cabinet majority","الأكثرية في الوزارة"
"cabinet member","عضو مجلس الوزراء"
"cabinet policy","سياسة وزارية، سياسة مجلس الوزراء"
"cabinet position","منصب وزاري"
"cabinet presentation","مشروع وزاري"
"cabinet reform","إصلاح (على شكل تعديل) وزاري"
"cabinet reshuffle","تعديل وزاري"
"cabinet resignation","إستقالة من الوزارة"
"cabinet seat","مقعد في المجلس الوزاري"
"cabinet session","جلسة مجلس الوزراء"
"cabinet structure","البناء الهيكلي لمجلس الوزراء"
"cabinet swearing-in","تأدية الوزراء القسم بين يدي الرئيس"
"cabinet system","نظام وزاري"
"cabinet unit","وحدة الوزارة، وحدة وزارية"
"cabinet vote","الإفراع (التصويت) في مجلس الوزراء"
"cabinet, glass","واجهة زجاجية"
"cabinet, government","مجلس الوزراء"
"cabinet, government","مَجْلِس الوُزَرَاء"
"cabinet","مجلس الوزراء، وزارة"
"cabinet","مَجْلِس الوُزَرَاء، وزارة"
"cadet","طالب بالكلية الحربية"
"cadre","إطار، كادر، سلك، موظف إداري"
"caesarism (kingdom, empire, Reich)","قيصرية، مملكة، إمبراطورية، الرايخ"
"Cairo","القاهرة"
"call (to)","طلب، دعا (طلب للخدمة)"
"call for a conference","الدعوة إلى عقد مؤتمر"
"call for a general strike","دعا لإضراب عام"
"call for a party meeting","الدعوة لمؤتمر الحزب"
"call on somebody","إستدعى (فلان)"
"call the parliament for an extraordinary meeting","دعوة البرلمان لجلسة خاصة"
"call to serve the flag, (for military service)","دعا إلى الخدمة العسكرية"
"call, proclamation","نداء، هتاف"
"call","نداء"
"calling for a meeting of the federal council","دعوة (لاجتماع) المجلس الإتحادي"
"calm down (to)","خفف حدة، لطف، هذا"
"Cambodia","كمبوديا"
"camouflage (to)","يُمَوَّة"
"camouflage act","مناورة تمويهية"
"camouflage","تمويه"
"camouflagic attack","هجوم تمويهي"
"camp","معسكر الجيش، معسكر، مخيم"
"campaign","غزوة، حرب، حملة"
"camping","عَسْكَرَةٌ (تنظيم هيئة أو سواها تنظيمًا عسكريًا)"
"Canada","كندا"
"Canadian","كندي (صفة)"
"cancel (to) temporarily work agenda","حذف من جدول الأعمال"
"cancel (to)","رَفْع، ألغى"
"cancel","إلغاء، إبطال، نقض (عَهْد)"
"canceled contract","عَقْد مُلْغِي"
"cancellation, annulment","إلغاء، إبطال، نقض، فسخ، رفع"
"cancelling of sanctions","رفع العُقُوبَات (إلغائها)"
"candidacy announcement","إعلان التَّرْشِيح"
"candidacy for","التَّرْشِيح لـ"
"candidacy","تَرْشِيح"
"candidate (for presidency)","مُرَشَّح الرئاسة، مُرَشَّح للرئاسة"
"candidate (to apply for the candidacy for the party leadership)","يرشح (نفسه) لرئاسة الحزب"
"candidate appointment","تعيين (تسمية) المُرَشَّحين"
"candidate for a cabinet seat","مُرَشَّح لمقعد في مجلس الوزراء"
"candidate for the party leadership","مُرَشَّح لرئاسة الحزب"
"candidate selection","إختيار المرشحين"
"candidate","مُرَشَّح (لِمَنْصِب)"
"cannon feed","حطب نار الحرب، علف الحرب"
"cannon fire","ضرب (إطلاق) نار المدافع"
"cannon run","ماسورة المدفع"
"cannon thunder","دوي المدافع"
"cannon","مدفع"
"cannonade","قصف بالمدفعية (مدفعي)"
"cannonball","طلقة مدفع"
"cannonball","قذيفة (قنبلة) مدفع"
"canton","محافظة، مديرية، إقليم، مقاطعة، ولاية، كانتون"
"capable minority","أقلية مؤهلة"
"capacity energy power","قدرة، طاقة، سعة"
"capacity of action","قدرة على التصرف"
"capacity to counter-attack","القدرة على رد الضربة"
"capacity to the first hit","القدرة على الضربة الأولى"
"capacity","قدرة"
"capital accumulation","تراكم رأس المال"
"capital export","تصدير رؤوس الأموال"
"capital flow","حركة رؤوس الأموال"
"capital formation","تكوين رأس المال"
"capital import country","بلد مصدر لرؤوس الأموال"
"capital investment policy","سياسة استثمار رؤوس الأموال"
"capital investment","استثمار (توظيف) رأس المال"
"capital","عاصمة"
"capitalist expenditure","إنفاق رأسمالي"
"capitalist property system","نظام الملكية الرأسمالية"
"capitalist property","ملكية رأسمالية"
"capitalistic accumulation","تراكم رأسمالي"
"capitalistic accumulation","تَرَاكُمَ رَأْسَالِي"
"capitalistic acquisition","تلك رأسمالي"
"capitalistic association","مجتمع رأسمالي"
"capitalistic country","بلدان رأسمالية"
"capitalistic economy","اقتصاد رأسمالي"
"capitalistic exploitation","استغلال رأسمالي"
"capitalistic layer","طبقة رأسمالية"
"capitalistic regime system","نظام رأسمالي"
"capitalistic reign","سيطرة رأسمالية"
"capitalistic society","مجتمع رأسمالي"
"capitalistic","رأسمالي (صفة)"
"capitalization circulation","تداول رأس المال"
"capitalization flow","تدفق رؤوس الأموال"
"capitalization growth","نمو رأس المال"
"capitalization increase","زيادة (قيمة) رأس المال"
"capitalization market policy","سياسة سوق رؤوس الأموال"
"capitalization market","سوق رؤوس الأموال"
"capitalization measures","معاملات رأسمالية"
"capitalization of the reserves","رسملة الإحتياطيات"
"capitalization productivity","إنتاجية رأس المال"
"capitalization protection agreements","مُعَاهَدَة حماية رؤوس الأموال"
"capitalization shortage","قلة رؤوس الأموال"
"capitalization structure","هيكل رأس المال"
"capitalization","رسملة، تحويل إلى رأس مال"
"capitalize (to)","رسل، حول إلى رأس مال، كدس المال"
"capitulate (to)","إِسْتَسْلَمَ، أَسْفَرَ (عن)"
"captain","قُبطَانُ السفينة"
"captivity","الأسر"
"capture","أُسْرٌ"
"card","بطاقة، تذكرة، خريطة"
"career","حرفة، مهنة، عمل"
"career","مهنة، طريق، سلك"
"carelessly","تقصير، إهمال، إغفال"
"carrier","حامل، ناقل"
"carry off (to)","خطف، ماطل، سوّف"
"cartel of petroleum","اتّحاد شركات البترول"
"cartel","اتّحاد المستحقين، كارتل، اتّحاد الشركات"
"Casablanca","الدار البيضاء"
"case of donations (is the political scandal caused by the German financial minister Graf Cont who was convicted accepting bribes which reached around ten million marks)","قضية التبرعات (هي فضيحة سياسية) كان سببها وزير المالية الألماني الاتّحادي جراف (كونت) فالديبير لامسدروف، الذي أدّين بتهمة قبض رشاوي تبلغ حوالي عشرة ملايين مارك غربي"
"casus belli","مدعاة الحرب، سبب الحرب"
"casus foederis","مدعاة المعونة، مدعاة الحلف (عمل يبرر تطبيق مخالفة)"
"cat and mouse policy","حركة الالتفاف، مناورة اللّف والدوران"
"catastrophe","كارثة، فاجعة، حادثة، مصيبة، نائبة، خراب شامل"
"catastrophic policy","سياسة عمياء، سياسة تؤدي إلى الخراب"
"catastrophic situation","وضع متدهور (موقف منهار)"
"catastrophic unemployment","بطالة فاحشة"
"catastrophic","مذهل، فاجع، إهاري، تدهوري (صفة)"
"categorical inquiry, qu- estion (upon the request of many representatives from the parliament)","السؤال الكبير، استجواب الحكومة (بناء على طلب يقدمه عدة نواب إلى البرلمان)"
"categories reconstitution","إعادة تشكيل (تصنيف) المجموعات أو الفئات"
"cause","سبب، علة، مدعاة"
"CDU, christian-democratic union-Germany","الاتحاد الديموقراطي المسيحي"
"cease (to)","أوقف، تخلى، انقطع عن، توقف عن"
"ceasefire (to)","أوقف إطلاق النار"
"ceasefire agreement","اتفاقية وقف إطلاق النار"
"ceasefire breach","خرق الهدنة"
"ceasefire commission","لجنة وقف إطلاق النار"
"ceasefire committee","لجنة الهدنة"
"ceasefire conditions","شروط الهدنة (وقف إطلاق النار)"
"ceasefire discussions","مباحثات وقف إطلاق النار"
"ceasefire line","خط وقف إطلاق النار"
"ceasefire observer","مراقب الهدنة أو وقف إطلاق النار"
"ceasefire offer","عرض هدنة أو وقف إطلاق النار"
"ceasefire resolution","قرار الهدنة أو وقف إطلاق النار"
"ceasefire treaty","معاهدة وقف إطلاق النار"
"ceasefire","هدنة، وقف إطلاق النار"
"cedar","أرزة (شجرة الأرز)"
"censor","مراقب، رقيب"
"censorship of the mail","الرِّقَابَة عَلَى البَرِيد"
"censorship","مُرَاقَبَة، رِقَابَة"
"census bureau","مَكْتَب الإِحْصَاءَات الإِتِّحَادِي"
"center for people education","مُعْهِد تَعْلِيم شَعْبِي"
"center of interest","بُؤْرَة الإِهْتِمَام"
"center of war","بُؤْرَة الحَرْب"
"center party","حِزْب المَرْكَز"
"center","بُؤْرَة، مُنْبَعِث، مُنْبِت، مُنْبِع"
"central administration","إِدَارَة مَرْكَزِيَة"
"Central Africa","وَسَط أَفْرِيقِيَا، أَفْرِيقِيَا الوُسْطَى"
"Central Asia","آسِيَا الوُسْطَى"
"central bank","بِنَك الإِصْدَار (البِنَك المَرْكَزِي)"
"central committee","لَجْنَة مَرْكَزِيَة"
"central council","مَجْلِس مَرْكَزِي"
"Central Europe","أُورُوبَا الوُسْطَى"
"central force, central authority","سُلْطَة مَرْكَزِيَة، قُوَّة مَرْكَزِيَة"
"central government","حُكُومَة مَرْكَزِيَة"
"central loan committee","اللَّجْنَة المَرْكَزِيَة لِلْقُرُوض (الإِعْتِمَادَات)"
"central planning","تخطيط إشتراكي"
"central service","مُصَلَّحَة مَرْكَزِيَة، إِدَارَة مَرْكَزِيَة"
"central state","دَوْلَة مَرْكَزِيَة"
"central topic","مَوْضُوع مِحْوَرِي، مَوْضُوع أَسَاسِي"
"central-administrative planning","تخطيط مركزي"
"central","مَرْكَزِي (صِفَة)"
"centralization","مَرْكَزَة"
"ceremonial","شِعَائِرِي، إِحْتِفَالِي، طَقْسِي. (صِفَة)"
"certification","تصديق، اعتماد"
"cessation of payment","وقف المدفوعات"
"Ceylon (Seri lanka)","سيلان (سريلانكا)"
"Chad","التشاد"
"chairman","رئيس (عريف) الاجتماع"
"challenge (to)","تحدى، استفز"
"challenge","تحد (ج تحديات)"
"chamber cabinet syndicate","غرفة، مجلس نواب، نقابة"
"chamber of commerce","غرفة التجارة، غرفة تجارية"
"chamber","غرفة"
"chamsber of commerce and industry","غرفة التجارة والصناعة"
"chancellery budget","ميزانية ديوان رئيس الحكومة"
"chancellery directors","كاتب، رئيس الديوان"
"chancellery","ديوان المستشار (رئيس الحكومة)، منصب المستشارية"
"chancellor candidacy","الترشيح لرئاسة الحكومة"
"chancellor candidate","مرشح لرئاسة الحكومة"
"chancellor democracy","ديمقراطية المستشار (رئيس الحكومة)"
"chancellor party","حزب رئيس الحكومة"
"chancellor","المستشار الألماني الاتحادي"
"chances of peace","فرص (إمكانية - إحتمال) السلام"
"chances of success","الأمل في النجاح"
"chances","فُرص"
"change (to)","تخطي، تجاهل، أغفل"
"change, transformation, alteration","تَحَوُّل، تَغْيِير، تَجْدِيد"
"change, transformation","تَحَوُّل، تَغْيِير، تَقَلُّب"
"change","ثورة، انقلاب"
"change","تعديل"
"changed contract","عقد أو مُعاهدة معدلة"
"changes (replacement) of government","تغيير (تبديل) حكومي"
"changes in foreign policy","تغيير الاتجاه في السياسة الخارجية"
"changing of the constitution","يعدل الدُّسْتُور"
"changing of the contract","تعديل (تغير) مُعاهدة"
"changing to Jew (of Jerusalem)","تَهُويد (القدس)"
"changing to the committee","إحالة على اللجنة"
"changing","تحويل، إحالة"
"chaos, anarchy","فوضى، سوء النظام، بلبلة"
"chaotic situation","حالة فوضى"
"chaotically","فوضوي (صفة)"
"chargé d'affaires","القائم بالأعمال"
"charge, fee","بَدَل مصاريف (أتعاب)"
"charter (magna charta)","الوثيقة العظمى، العهد الأعظم"
"charter of the atlantic alliance","ميثاق حلف الأطلسي"
"charter","ميثاق (وثيقة) دُسْتُورِيّ"
"chauvinism","الشوفينية (مغالاة في الوطنية) التعصب القومي، القومية المتطرفة"
"chauvinist","شوفيني، مغالي بالوطنية"
"check (to)","يراجع، يتحقق، يعيد النظر"
"chemical weapons","أسلحة كيميائية"
"chemical weapons","سلاح كيماوي"
"chicanery","مضايقة، عنت"
"chief of staff","مفتش، مراقب"
"chief of the military forces","رئيس أركان القوات الحربية"
"Chile","تشيلي"
"Chilean Republic","جمهورية تشيلي"
"China","الصين"
"christian social union, abbreviation CSU","الاتحاد الاشتراكي المسيحي"
"christian socialism","اشتراكية مسيحية"
"CIA, abbreviation for central intelligence agency","وكالة المخابرات المركزية"
"circle administration","إدارة الحزب (في المنطقة أو الحي السكني)"
"circle advice","المجلس البلدي، مجلس إدارة المنطقة"
"circle committee","لجنة محلية (أو إقليمية)"
"circle department administration","بلدية، دارة، دائرة"
"circle office","مجلس إدارة المركز، الإدارة الإقليمية، إدارة القضاء"
"circle","دائرة"
"circles close to the government","أوساط مقربة من الحكومة"
"circulating letters","خطاب دوري"
"circulation","تداول، دورة"
"circumstance","حال، سبب، ظرف"
"citizen duties","واجبات المواطن"
"citizen initiative","مبادرة (شعبية) من المواطنين"
"citizen office","مصلحة (دائرة) شؤون المواطنين"
"citizen right","حقوق المواطن"
"citizen","مواطن، تابع (الدولة)، رعية"
"citizens","أهل المدن"
"citizenship","مواطنة، تبعية، جنسية"
"city commander","قائد (المدينة)"
"city parliament","برلمان المدينة"
"city state","مدينة مستقلة إدارياً"
"city-dwellers","ساكن المدينة (ج سكان المدينة)"
"city","مدينة، بلد"
"civic unwritten law","حقوق مدنية (تتعلق بالجنسية)"
"civil aviation","الطيران المدني، الملاحة الجوية المدنية"
"civil court","محكمة مدنية"
"civil defence","الدفاع المدني، المقاومة المدنية (الشعبية)"
"civil defense","دفاع مدني"
"civil freedom","حُرِّيَّةٌ برجوازية"
"civil government","حكومة مدنية"
"civil law","القانون الخاص (القانون المدني)"
"civil law","القانون المدني"
"civil legislation","التشريع المدني"
"civil party","حزب برجوازي"
"civil procedure","قانون المرافعات المدنية"
"civil right","حق مدني"
"civil rights","الحقوق المدنية"
"civil servant","مُوظَّف مدني"
"civil servants","الموظفون"
"civil service","إدارة مدنية"
"civil war","حرب أهلية (داخلية)"
"civil war","حَرْبٌ أَهْلِيَّةٌ"
"civil, bourgeois, consciousness","وعي بورجوازي"
"civil","مدني، برجوازي (صفة)"
"civilian power","سُلْطَة مدنية"
"civilization, urbanization","حضارة، تَمَدُّن، مدنية"
"civilize (to)","مَدَّن، حَضْر"
"claim","إدعاء، قول، فرضية"
"class animosity (hate)","عداوة طبقية"
"class antagonism","عداوة (كراهية) طبقية"
"class conflict","صراع طبقي"
"class consciousness","الوعي الطبقي"
"class consciousness","وعي طبقي، الشعور بالطبقية"
"class difference","تمييز طبقي"
"class difference","فارق (اختلاف) الطبقة"
"class differences","فوارق طبقية"
"class struggle","صراع (نزاع) طبقي"
"class","طبقة، فئة"
"classes","خاص بالطبقات"
"classic ministries","الوزارات التقليدية"
"classic socialism","اشتراكية تقليدية، اشتراكية كلاسيكية"
"classification","تصنيف"
"classless association","مجتمع غير طبقي"
"classless society","مجتمع عديم الطبقات"
"classless","لاطبقي، عديم الطبقات"
"clause","شرط، بند، فقرة"
"clauses of the by laws","أحكام (بنود) النظام الداخلي"
"client","مُوَكِّل"
"cloak","ظلال، غطاء (استظلال)"
"close relationships","عَلاقات حميمة"
"closed session","جَلْسَة (اِجْتِمَاع) مُغْلَقَة، اِجْتِمَاع مُغْلَق (خَلْفَ الْأَبْوَابِ الْمُغْلَقَة)"
"closer advisors","أقرب المستشارين"
"club of Rome","نادي روما"
"club","جمعية، ناد، اتحاد"
"co-determination law","قانون اشتراك العمال في إدارة المصنع"
"co-determination","إشراك (اشتراك) العمال في الإدارة"
"coalition agreement","اتفاقية بين أحزاب التلاف"
"coalition cabinet","وزارة التلاف"
"coalition changes","تغيير (تبديل) التلاف"
"coalition compromise","حل وسط (تسوية) التلاف"
"coalition dispute","نزاع التلاف"
"coalition formation","تشكيل التلاف (أو الاتحاد)"
"coalition freedom","حرية (حق) الانضمام إلى الحلف (أو الاتحاد أو النقابة)"
"coalition government","حكومة التلاف"
"coalition negotiations","مفاوضات التلاف (ضمن الكتلة)"
"coalition partners","شركاء الحلف (أو التلاف)"
"coalition policy","سياسة التلاف"
"coalition tension","توتر بين أعضاء التلاف"
"coalition trade","الستجارة بين أحزاب التلاف (كتجارة المواشي)"
"coalition willingness","الاستعداد (الرغبة) للتلاف (أو الاتحاد)"
"coalition","تحالف، التلاف، تكتل، عصبة"
"coast area","منطقة ساحلية"
"coast artillery","مدفعية السواحل"
"coast guard","خفر السواحل، قوة السواحل"
"coast water","مياه الشواطئ، مياه ساحلية"
"coast zone","نطاق ساحلي"
"coast","ساحل، شاطئ"
"code of commerce","قانون التجارة"
"code","مدونة القوانين"
"code","قانون"
"codification","تقنين، تدوين القوانين"
"codified law","قانون مدوّن"
"coexistence","تعايش سلمي، تعايش"
"cohesion, coherence","تأشك، ترابط، ارتباط، تلاحم"
"cold war","حَرْبٌ بَارِدَةٌ"
"coldness in the relationships","فتور في العلاقات"
"collaborate (to)","يتعاون (يتعامل) مع"
"collaboration with the enemy","تعاون (تعامل) مع العدو"
"collaboration","تعاون"
"collaborator","عميل، متعاون (متعامل) مع العدو"
"collective (common) defence","دفاع مشترك، نظام جماعي للدفاع"
"collective bargaining agreement","اتفاقية لائحة الأجور"
"collective bargaining agreements","اتفاقية الأجور"
"collective convention","معاهدة جماعية"
"collective fault","الذنب المشترك، ذنب المجموع"
"collective guarantee","ضمان جماعي"
"collective leadership","قيادة جماعية"
"collective responsibility","مسؤولية مشتركة (جماعية)"
"collective security pact","اتفاقية أمن مشتركة"
"collective security","أمن جماعي (مشترك)"
"collective security","أمن جماعي"
"collective","جماعي، إجمالي، مشترك (صفة)"
"collectivism (the doctrine of government control of all production and distribution)","جماعية (مبدأ اشتراكي قائل بسيطرة الدولة أو الشعب على جميع وسائل الإنتاج والنشاطات الاقتصادية)"
"collectivization","تأميم، شيوع"
"collectivize (to)","أمم، أشاع، جعله مشاعاً"
"collide","تصادم، تناقض، تضارب، خالف"
"collision, fight","إصطدام، تصادم، مصادمة، معركة، إشتباك"
"collision","إصطدام، تعارك، تضارب"
"Colombia","كولومبيا"
"Colombo","كولومبو"
"colonel","عقيد، كولونيل"
"colonial country","بلد (أرض) مستعمر"
"colonial interests","مصالح استعمارية"
"colonial men","السادة المستعمرون"
"colonial ministers","وزيرة المستعمرات"
"colonial people","شعب مستعمر"
"colonial policy","سياسة إستعمارية"
"colonial power","دولة مستعمرة"
"colonial velvet","وزارة المستعمرات (في بريطانيا)"
"colonial","إستعماري (صفة)"
"colonialism","إستعمار"
"colonialist","مستوطن، مستعمر"
"colonization assistant-agents","أعوان الإستعمار"
"colonization","إستعمار، تعمير، إستثمار، إستيطان"
"colonize (to)","يستعمر، يستوطن (يحتل)"
"colonizer","مستعمر"
"colony","مستعمرة، جالية"
"color bars","حواجز عنصرية (عرقية)"
"column","رتل، طابور، صف، عامود"
"combined factories","إتحاد المصانع"
"combining committee","لجنة التوفيق"
"COMECON (council for mutual economic aid)","الكوميكون (مجلس التعاون الإقتصادي المتبادل)"
"coming elections","الانتخابات القادمة"
"command (to)","أمر، أعطى أمر، قاد"
"command distribution","توزيع الأوامر"
"command emergency","أمر (إعلان) حالة الطوارئ"
"command headquarters","مقر القيادة (مركز)"
"command reception","إستقبال (إستلام) الأوامر"
"command refusal","رفض تنفيذ الأوامر"
"command transmission","إرسال الأوامر"
"command, leadership","قيادة، أمر، فرقة"
"command","أمر"
"commandant doctor","رائد طبيب"
"commander in chief of the allies in Europe","القائد العام لقوات الحلفاء في أوروبا"
"commander-in-chief","القائد الأعلى (العام)"
"commander","قائد، حاكم"
"commando","فرقة"
"comment (to)","يُعلّق، يُشرح، يُعقّب، يُفسّر"
"comment","رأي، موقف، تصريح (إبداء ملاحظات)"
"commercial attaché","ملحق تجاري (سفارة)"
"commercial company","شركة تجارية"
"commercial court","محكمة تجارية"
"commercial interests","مصالح تجارية"
"commercial negotiations","مفاوضات (مباحثات) تجارية"
"commercial representation","تمثيل تجاري"
"commercial representative","ممثل (مندوب) تجاري"
"commercial restrictions","قيود تجارية"
"commercial war","حرب تجارية"
"commercial","تجاري (صفة)"
"commissariat","مفوضية"
"commission","لجنة"
"commissioner's department","مفوضية، مكتب المندوب (أو المفوض)، دائرة اختصاص"
"commissioner","عضو اللجنة"
"commit (to)","ألزم، فرض على"
"commitment period","فترة الحصار، فترة الإلتزام"
"committed (to be) or engaged to-respect","يراعي، يلتزم، يحافظ على"
"committed to an appointment","إلتزم بموعد"
"committee authorities","صلاحيات اللجنة"
"committee budget","لجنة الموازنة"
"committee for inner-German relationships","لجنة العلاقات الداخلية الألمانية"
"committee for nuclear issues","لجنة (شؤون) الطاقة الذرية"
"committee of the federal council","لجنة المجلس الاتحادي"
"committee of the reduction of the armament","لجنة تخفيض السلاح"
"committee on space research (COSPAR)","لجنة بحوث الفضاء"
"committee recommendations","توصيات اللجنة"
"committee report","تقرير اللجنة"
"committee work","عمل (أعمال) اللجنة"
"committee","خاص بالمجلس"
"committee","لجنة، محفل (محافل)"
"common action","تصرف مشترك، عمل مشترك"
"common commission for the ceasefire","لجنة الهدنة المشتركة"
"common decision","قرار مشترك"
"common European attitude","الموقف الأوروبي المشترك"
"common interests","مصالح مشتركة"
"common market","سُوق مُشْتَرَكَة"
"common meeting","اجتماع مشترك"
"common political line","خطّ سياسي مشترك"
"common popular pri- ciples","مبادئ شعبية عامة"
"common session","جَلْسَة (اِجْتِمَاع) مُشْتَرَكَة"
"common statement","بيان مشترك"
"communist association","مجتمع شيوعي"
"communist regime","نظام (حكم) شيوعي"
"communist socialism","اشتراكية شيوعية"
"community (Atlantic)","جماعة (الخيط) الأطلنطي"
"community of states","مجموعة دول"
"community of the atlantic alliance states","جماعة دول الخيط الأطلسي"
"community policy","سياسة الجماعة"
"company detachment brigade","سرية"
"company law","قانون الشركات"
"company leader","قائد السرية"
"company","شركة، مؤسسة، إدارة حصرية؛"
"comparison","صلح، مقارنة، مصالحة، تسوية"
"compatibility","توافق، إنسجام، تناسب"
"compatible","متوافق، موافق لـ، ملائم (صفة)"
"compensate (to)","عُوض عن"
"compensation (daily wage for the representative)","تعويض (أو أجر يومي للنائب)"
"compensation fund","صندوق العويضات (المعاوضة)"
"compensation fund","صندوق التعويضات"
"compensation of damages","تعويض (تسوية) الأعباء"
"compensation","تعويض، مكافأة، بدل"
"compete (to)","نافس، زاحم، ضارب"
"competence","صلاحية، اختصاص، مرجعية"
"competent authority","الجهة (الدائرة) المختصة، محكمة، درجة"
"competing political groups","الجماعات السياسية المتنافسة"
"competition policy","سياسة التنافس"
"competition, rivalry","منافسة، مسابقة، تنافس"
"competition","منافسة، مزاحمة"
"competitor","منافس، مضارب، مزاحم"
"complain, protest","اعتراض، انتقد"
"complaint","اعتراض، انتقاد"
"complaint","مطالبة، احتجاج، اعتراض، شكوى"
"complement-add","إكمال، إضافة، تكملة"
"completeness of the quorum","إكمال النصاب (القانوني)"
"completion of the atomic weapons race","إنهاء سباق التسلح الذري"
"completion, closing","إنهاء، اختتام"
"compliance","امتثال، استجابة، التزام، إتباع، تلبية"
"complication","صعوبة، تعقيد، مضاعفات"
"composition of the cabinet","تركيب (تشكيل) مجلس الوزراء"
"comprehensive war","حَرْبٌ شَامِلَةٌ"
"compromise clause","اتفاق التحكيم (الاحتكام)"
"compromise design","مشروع اتفاقية حل وسط"
"compromise formula","صيغة الحل"
"compromise policy","سياسة التسويات (أو الحلول)"
"compromise-ready","مستعد للمصالحة (أو على حل وسط)"
"compromise","خاص بحل وسط"
"compulsive law","قانون إلزامي"
"compulsory alliance","اتحاد إجباري"
"compulsory authorities","صلاحيات عسفية"
"compulsory loan","قرض إجباري"
"compulsory military service","تجنيد إجباري"
"compulsory recruiting, conscription, draft","تجنيد إجباري"
"compulsory stay","إقامة جبرية (إجبارية)"
"compulsory","إجباري"
"comrade","رفيق (في الحزب)"
"conceive (to)","خطّط، صمّم، عمل مشروعاً"
"concentrate (to)","جمع، ركز، حشد، كتف"
"concentration camp victim","ضحية معسكر الإعتقال"
"concentration camp","معتقل، معسكر الإعتقال"
"concentration of the political authority","حصر السلطة السياسية"
"concentration","تركيز، تجميع، تكثيف، حشد، تكيل"
"concentration","تَرَاكُمَ، تَرْكِيزَ"
"concept","تصميم، تخطيط، مشروع، مسودة"
"concern","مطلب، أمنية، همّ"
"concerning control","خاص بالمراقبة"
"concerning the Bundestag","خاص بمجلس النواب الألماني الاتحادي"
"concertation about the proposal","المشاورة حول الطلب"
"concession","امتياز، التزام، تنازل"
"conciliation commission","لجنة التوفيق"
"conciliation place","هيئة التوفيق (التحكيم)"
"conciliation way","(عن) طريق التحكيم (التسوية)"
"conciliation","توفيق، صلح، مصالحة"
"conclusion of an agreement","نتيجة اتفاق، نتيجة لاتفاق"
"conclusion wage settlement","عَقَدَ التَّفَاقِيَةُ أُجُور"
"conclusion","انعقاد"
"concordat","اتفاقية بابوية (مُعاهدة بين البابا ورئيس دولة أخرى)"
"concrete decisions","قرارات موضوعية"
"concrete facts","حقائق واقعية"
"concrete suggestions","اقتراحات ملموسة (مُحددة)"
"concrete","عيني، ملموس، محسوس، واقعي، مادي، مُحدد (صفة)"
"condemnation, sentence","استنكار، إدانة، حُكْم، شُحَب"
"condition for enlargement for the contract","شرط التمديد، بند التجديد"
"condition, related, situation","ظرف، حال، حالة، وضع، علاقة"
"condition","شرط"
"conditional capitulation, surrender","استسلام مشروط، استسلام مقيد"
"conditions of accession","شروط الانضمام أو الانتساب إلخ"
"conditions of peace","شروط السلام"
"conditions-restriction","شرط، تحديد، (ضوابط)"
"condole (to)","عَزَّى"
"condolences book","سِجِل (كتاب) التعزية"
"condolences","تَعزِيَة"
"condominium","حكم مشترك (ثنائي) إدارة ثنائية"
"confederacy","اتِّحاد دول، دول تعاهدية (متحالفة)"
"confederal","تحالفي (بين الحلفاء)"
"confederation","اتِّحاد فدرالي، اتِّحاد تعاهدي، ولايات متحالفة"
"conferees (also Pl.)","المشترك (عضو أو المشتركين) في المؤتمر"
"conference (disarmament)","مؤتمر نزع السلاح"
"conference adjournment","إرجاء المؤتمر"
"conference decision","قرار المؤتمر"
"conference duration","مدة (فترة) المؤتمر"
"conference hall","قاعة المؤتمر"
"conference of the secretaries of State of the NATO countries","مؤتمر وزراء خارجية دول حلف الناتو"
"conference on European Security","مؤتمر الأمن الأوروبي"
"conference on highest levels","مؤتمر على أعلى المستويات"
"conference on security and cooperation in Europe","مؤتمر الأمن والتعاون في أوروبا"
"conference paper","تقرير (عن) الجلسة"
"conference results","نتيجة (نتائج) المؤتمر"
"conference timetable","جدول أعمال المؤتمر"
"conference translator","مترجم المؤتمرات"
"conference","مؤتمر، اجتماع، مداولة، مباحثات"
"confessional conflict","صراع عقائدي"
"confidence","أمانة، ثقة، يقين"
"confidential, secret","سري (صفة)"
"confirm (to) work agenda","ثبت جدول الأعمال"
"confirmation, promise","تأكيد، وَعد (وُعود)"
"confirmation","إقرار، تأكيد"
"confirmed contract","مُعاهدة مصدقة (مؤتقة)"
"confirmed contract","مُعاهدة مصدقة"
"confiscate (to)","يصادر، يحجز"
"confiscated funds","الأموال المُصادرة (أو المستولى عليها)"
"confiscation","حجز، مصادرة، الاستيلاء على"
"conflict among the wings (of the parliament)","التنازع بين الأجنحة (في البرلمان)"
"conflict within the party","نزاع حزبي (داخل الحزب)"
"conflict","نزاع، خصام، شجار، حرب، تنازع، شقاق، معركة، قتال، صراع"
"conflictual zone","مستطقة حرام، منطقة مجردة من السلاح (أو متنازع عليها)"
"conformingly to","تلبية"
"confront (to)","واجه، جابه، قابل"
"confrontation policy","سياسة المجابهة"
"confrontation states","دول المواجهة (مثال: دول المواجهة مع إسرائيل)"
"confrontation, dialogue, argument, discussion, exchange of opinions","خلاف، حوار، جدل، صراع، نقاش، تبادل الآراء"
"confrontation","مواجهة، بحاجة، مقابلة"
"confrontations between camps","بحاجات بين المعسكرات (أو الكتل أو الجبهات)"
"Congo","الكونغو، الكونغو"
"congress hall","قاعة المؤتمرات"
"congress party in India","حزب المؤتمر (الهندي)"
"congress","مؤتمر، اجتماع، مجلس، كونغرس"
"congressman","عضو المؤتمر"
"connect (to)","يربط، يصل، وثق"
"connection ditch","خندق الاتصال"
"connection mission","لجنة الاتصال"
"connection officer","ضابط الاتصال"
"connection, neighboring zone","منطقة مجاورة (متاخمة)"
"connection, relation","علاقة، صلة، سياق"
"connection","ربط، اتصال"
"connective element","حلقة الاتصال، همزة الوصل"
"conquer (to)","فتح، اقتحم، غزا، استولى على"
"conquest","فتح، فتوح، غزوة"
"consciousness","وعي، يقظة، إدراك"
"conscription office","مكتب القرعة"
"consensual solution","حل انسجامي (مقبول من الطرفان)"
"consensual","وفاقي، انسجامي (صفة)"
"consensus of the nation","إجماع الأمة"
"consensus","إجماع، موافقة، اتفاق الآراء، موافقة عامة"
"consent of the federal council","قبول (موافقة، إجماع) المجلس الاتحادي"
"consent of the parliament","موافقة البرلمان"
"consent","إقبال، موافقة"
"consequence","عاقبة، نتيجة"
"consequences","نتائج، عواقب"
"conservation of peace","حفظ (صيانة) السلام"
"conservatism","المحافظين، مذهب المحافظة (مذهب مقاومة التجديد)"
"conservative bourgeoisie","برجوازية محافظة"
"conservative party","حزب المحافظة"
"conservative party","حزب محافظ"
"conservative","محافظ (صفة)"
"consider (to)","فكر في، تدبر"
"consider, respect (to)","احترام، اعتبار"
"consideration","اعتبار، نظر، تأمل"
"considered null and void","يُعتبر باطلاً (أو ملغى)"
"consolidate (to)","وثق، دعم، وطد، عزز، أحكم"
"consolidation of friendship and peace","توطيد الصداقة والسلام"
"consolidation of friendship","تعزيز الصداقة"
"consolidation of the friendship","توثيق الصداقة"
"consolidation of the ministry","ضم (دمج) الوزارات (مع بعضها البعض)"
"consolidation","توثيق، توطيد"
"conspiracy","مؤامرة، مكيدة، تواطؤ"
"conspiratorial","تآمري، تواطؤي، سري"
"conspire (to)","تآمر على، تواطأ"
"constable","رجل الشرطة، رجل الأمن"
"constituency","دائرة انتخابية"
"constituent authorities","سلطة مؤسسة"
"constituent meeting","مجلس تأسيسي"
"constituent","مؤلف، مؤسس، مكون (صفة)"
"constitute (to)","شكل، كوّن، ألف، أسس، أنشأ"
"constitution (guardians of the...)","حرّاس (حماة) الدُّسْتُور"
"constitution abuse","إساءة استعمال (أو تصرف) الدُّسْتُور"
"constitution act","إجراء دُسْتُوريّ"
"constitution addition","تعديل دُسْتُوريّ"
"constitution advice","مجلس دُسْتُوريّ"
"constitution articles","بند في الدُّسْتُور"
"constitution barriers","حواجز دُسْتُوريّة (الدُّسْتُور)"
"constitution break","خرق الدُّسْتُور"
"constitution complaint","دعوى دُسْتُوريّة"
"constitution conflict","نزاع دُسْتُوريّ"
"constitution control","الرقابة الدُّسْتُوريّة"
"constitution conventions","اتّفاقيات دُسْتُوريّة"
"constitution court","الحكمة الدُّسْتُوريّة"
"constitution crisis","أزمة دُسْتُوريّة"
"constitution custom","العرف الدُّسْتُوريّ"
"constitution debate","مناقشة دُسْتُوريّة"
"constitution design","مشروع دستور"
"constitution development","التطور الدُّسْتُوريّ"
"constitution dispute","نزاع دستوري"
"constitution document","وثيقة (مستند) دستورية"
"constitution emergency","حالة طوارئ دستورية"
"constitution facilities","المؤسسات الدستورية"
"constitution fidelity","الولاء الدستوري (احترام الدستور)"
"constitution gap","ثغرة (نقص) في الدستور"
"constitution givers","المشرع"
"constitution hardship","شكوى أمام المحكمة الدستورية"
"constitution history","تاريخ الدستور"
"constitution injury","خرق الدستور"
"constitution institution","مؤسسة دستورية"
"constitution interpretation","تفسير الدستور"
"constitution is like ink on paper","الدستور حبر على ورق"
"constitution jurisdiction","التشريع الدستوري"
"constitution law","القانون الدستوري"
"constitution legislators","مشرع الدستور"
"constitution norm","معيار دستوري"
"constitution order","نظام دستوري"
"constitution organ","جهاز (هيئة) دستوري"
"constitution practice","التطبيق الدستوري، تطبيق الدستور"
"constitution principle","أساس (مبدأ) دستوري"
"constitution problem","مشكلة دستورية"
"constitution procedures","إجراء دستوري"
"constitution protection office","مصلحة حماية الدستور"
"constitution protection","حماية الدستور"
"constitution question","مسألة دستورية"
"constitution reality","الواقعية الدستورية"
"constitution reform","إصلاح دستوري"
"constitution regulations","أحكام الدستور"
"constitution revision","تعديل الدستور"
"constitution rules","أنظمة (مقاييس، أصول، قواعد) دستورية"
"constitution state","دولة دستورية"
"constitution structures","الهيكل الدستوري"
"constitution text","نص الدستور"
"constitution-most upper organ","الجهاز الدستوري الأعلى"
"constitution","دستور، قانون أساسي، بنية، تركيب"
"constitutional acceptance","قبول (اتفاق) دستوري"
"constitutional authorities","سلطة دستورية"
"constitutional authority","السلطة التشريعية"
"constitutional authority","سلطة دستورية"
"constitutional barrier","الحدود الدستورية"
"constitutional change procedure","إجراء تعديل الدستور"
"constitutional change project","مشروع تعديل الدستور"
"constitutional change","تعديل الدستور"
"constitutional crisis","أزمة دستورية"
"constitutional expert","فقيه دستوري، خبير بالقانون الدستوري"
"constitutional fact","واقعية الدستور، الواقعية الدستورية"
"constitutional force","محول دستوري (بقوة الدستور)"
"constitutional function","مهام دستورية"
"constitutional government","حُكُومَةٌ دُسْتُورِيَّةٌ"
"constitutional law anchors","وارد (منصوص عليه) في القانون"
"constitutional law for relative elections","قانون الانتخاب النسبي"
"constitutional law-like regulation","تَسْوِيَة بواسطة الدستور الإتحادي (تَسْوِيَة دستورية إتحادية)"
"constitutional law-like","خاص بالدستور"
"constitutional law","القانون الدستوري"
"constitutional law","القضاء الدستوري"
"constitutional laws","الحقوق (السلطات) الدستورية"
"constitutional meeting","جمعية دستورية"
"constitutional monarchy","حقوق دستورية"
"constitutional oath","القسم (اليمين) على الدستور"
"constitutional oath","القَسَمُ الدِّسْتَوْرِيُّ"
"constitutional order","دستور (نظام) ديموقراطي"
"constitutional order","نِظَام دستوري"
"constitutional party","حزب دستوري"
"constitutional power","سُلْطَة دستورية"
"constitutional prerogatives","امتيازات دستورية"
"constitutional procedure","إجراء دستوري"
"constitutional regime","نظام دستوري"
"constitutional right","اجتماع تأسيسي، مجلس تأسيسي"
"constitutional rights for relative elections","دستورية"
"constitutional rights","قانون دستوري (حق دستوري)"
"constitutional rights","قانون عرفي (غير مدون)"
"constitutional","تأسيسي (صفة)"
"constitutionalism","مبادئ انتخابات التمثيل النسبي"
"constitutionalize (to)","النظام الدستوري"
"constitutionally","دسترة (يعطي الأمر صفة دستورية)"
"constitutionalness","ملك دستوري"
"constructive criticism","نقد بناء"
"constructive mistrust vote","إقتراع بناء على عدم الثقة"
"constructive suggestions","إقتراحات (مقترحات) بناء"
"constructive talks","محادثات بناءة"
"constructive","دستوري، مقرر في الدستور (صفة)"
"consul","قنصل"
"consular agent","وكيل قنصلي، نائب قنصلي"
"consular convention","إتفاقية قنصلية"
"consular court","محكمة قنصلية"
"consular delegation (agency)","مفوضية قنصلية"
"consular employee","موظف (مأمور) قنصلي"
"consular personnel staff","موظفين القنصلية، مساعدين القنصل"
"consular relationships","عَلاقات قنصلية"
"consular tasks","مهام قنصلية"
"consular","خاص بالقنصل والقنصلية"
"consulate","قنصلية"
"consultant","لقب مستشار"
"consumer association","نقابة المستهلكين"
"consumer bearings","توجيه المستهلك"
"consumer cooperative","جمعية تعاونية استهلاكية"
"consumer credit","قرض المستهلك"
"consumer demand","طلب المستهلك"
"consumer goods market","سوق بضائع الاستهلاك"
"consumer goods sector","قطاع البضائع الاستهلاكية"
"consumer goods","بضائع (سلع) استهلاكية"
"consumer group","مجموعة المستهلكين"
"consumer industry","صناعة بضائع الاستهلاك"
"consumer information center","مركز إرشاد المستهلكين"
"consumer interest maintenance","حماية (حفظ) مصالح المستهلكين"
"consumer interests","مصالح المستهلكين"
"consumer misleading","تضليل المستهلكين"
"consumer politics","سياسة المستهلك"
"consumer price","سعر الاستهلاك"
"consumer protection","حماية المستهلك"
"consumer survey","إستفتاء المستهلكين"
"consumer","مستهلك"
"consumption","استهلاك، مقطوعية"
"contact","اتصال، التماس"
"contain (to)","مراقبة، كبح، إيقاف، احتواء"
"containment policy","سياسة الاحتواء"
"contemplation of the political situation","نظرة تحليلية للوضع السياسي"
"contempt of the parliament","امتهان البرلمان"
"contempt","امتهان، إغفال، احتقار"
"content","مَضْمُون (مضامين)، محتوى، فحوى"
"contentment","قَنَاعَة، رِضَى، إِرْتِيَاح"
"contested elections","انتخابات مُطَعَّن بها"
"continent","قَارَة"
"continental reef","المُسَطَّح (رَصِيف) القَارِي"
"continental","قَارِي (صفة)"
"contingent","فِرْقَة، فُصَيْلَة، وَحْدَة (فِرْقَة جَيْش تَثْل بلادها)"
"continuance of the coalition","إِسْتِمْرَار الإِثْلاَف"
"continuance","إِسْتِمْرَار، دَوَام"
"continuity in the job","البَقَاء فِي الوَظِيفَة (المُنصَب)"
"continuity sustainability","إِسْتِمْرَارِيَّة، دَوَام، مُتَوَاصِلِيَّة"
"continuity, staying","إِسْتِمْرَار، بَقَاء"
"continuity","مُوَاصَلَة"
"continuous danger","الخَطَر المُستَمِرّ"
"continuous negotiations","مفاوضات متواصلة"
"continuously","مُستَمِرّ"
"contraband","بِضَائِع مَهْرَبَة"
"contract (canceling for the...validity)","إبطال فعالية مُعاهدة"
"contract (no expenditure","مُعَاهَدَة طويلة المدى"
"contract articles","مواد العقد (الاتفاقية)"
"contract authority","تفويض (صلاحية عقد) اتفاقية"
"contract between two countries","مُعاهدة بين حكومتين (أو بلدين)"
"contract cancellation, termination","إنهاء مُعاهدة"
"contract clause","بند بالمُعاهدة"
"contract convention","مُعاهدة، عقد"
"contract deadline","إنهاء مُعاهدة"
"contract debate","مناقشة حول المُعاهدة"
"contract duration","فترة العقد"
"contract effectiveness, validity","فعالية (سريان) العقد أو الاتفاقية"
"contract error","أخطأ في العقد"
"contract fidelity","إخلاص للمُعَاهَدَة"
"contract fulfillment","إيفاء (شروط) العقد"
"contract gap","ثغرة (نقص) بالعقد"
"contract implementation","تطبيق مُعاهدة (اتفاقية)"
"contract ineffectiveness","عدم فعالية المُعاهدة"
"contract invalidity","بطلان (صلاحية) العقد"
"contract language","لغة العقد"
"contract memorandum of association","وثيقة إقامة مُعاهدة"
"contract negotiations","مفاوضات (حول) المُعاهدة"
"contract object","موضوع العقد"
"contract opponent","معارض المُعاهدة"
"contract period","مدة (فترة) العقد"
"contract policy","سياسة التعاقد"
"contract power","صلاحية التعاقد"
"contract prolongation","تنديد المعاهدة"
"contract ratification","إبرام معاهدة أو اتفاقية"
"contract registration","تسجيل (تدوين) الاتفاقية أو العقد"
"contract regulation","تسوية العقد، ترتيب الأمور بالعقد"
"contract related to international laws","معاهدة خاضعة للقانون الدولي"
"contract renewal","تجديد العقد أو المعاهدة"
"contract reservations","تحفظات تجاه الاتفاقية"
"contract restricted to international law","معاهدة ملزمة بالقانون الدولي"
"contract revision","مراجعة العقد"
"contract signature","توقيع العقد أو الاتفاقية"
"contract signature","توقيع المعاهدة"
"contract termination","فسخ عقد"
"contract text ratification","توثيق (تسجيل أو مصادقة) نصّ العقد"
"contract that cannot be canceled","معاهدة غير قابلة للفسخ (أو للإبطال)"
"contract that has signing for the first name only","معاهدة تحمل توقيع (بالحروف الأولى من الاسم)"
"contract topic","موضوع معاهدة"
"contract validity","أهلية العقد"
"contract violation","خرق المعاهدة"
"contract working","تطبيق معاهدة"
"contract-brittle state","دَوْلَة نَاقِضَة (أو خارقة المُعَاهَدَة)"
"contract","تَعَاقُد"
"contract","معاهدة"
"contracting country","البلد المتعاقد"
"contracting government","حكومة متعاقدة"
"contracting parties","الأطراف المتعاقدة"
"contracting party","طرف (جهة) بالمُعَاهَدَة"
"contracting right","حق التعاقد"
"contracting state","الدولة العاقدة مُعَاهَدَة، دولة متعاقدة"
"contracting","مُتعاقد"
"contraction of the money market","إنكماش سوق العملة"
"contraction","تضيق، تقلص، إنكماش"
"contractors","طرف متعاقد، طرف في الإتفاقية"
"contractual acknowledgement","اعْتِرَافَ تَعَاقَدِي"
"contractual obligations","تعهدات (التزامات) بالعقد"
"contractual pledge (duty)","تعهد تعاقدي"
"contractual relationship","عقد، عهد، ارتباط (تعهد) تعاقدي"
"contractual","تعاقدي (صفة)"
"contractuel state","دُوَل مُتَعَاقَدَة"
"contradiction, opposition","إعتراض، تناقض، مُعارضة، تُضارِب"
"contradictory interests","مصالح متضاربة"
"contradictory interests","مصالح متعارضة"
"contradictory","متضارب، متعارض، مخالف (صفة)"
"contrary opinion","رأي معارض"
"contrary to rules and regulations","مخالف لنظام العمل"
"contravene (to)","خالف، نفى"
"contravene (to)","خرق (مخالفة) القانون"
"contribution fee","مساهمة، نصيب، (قيمة) الإشتراك"
"contribution to reduce the tension","المساهمة من أجل تخفيف حدة التوتر"
"contribution, aid","مساهمة، تبرع، إعانة"
"contribution","مساهمة، تبرع، إكتتاب"
"control commission","لجنة الرقابة (المراقبة)"
"control committee","هيئة التفتيش"
"control fellowship","متبوعية، إقطاعية، سيادة إيمية، هيمنة، سيطرة"
"control mission","إشراف، مهمة تفتيش أو مراقبة"
"control of power by the military forces","تولي القوات الحربية على السلطة"
"control power","سلطة الإشراف (المراقبة)"
"control reduction","تخفيف الرقابة"
"control system","نظام الضرائب (ضريبي)"
"control zone","منطقة مراقبة"
"control","رقابة، مراقبة، إشراف، تفتيش سلطة التصرف"
"controlled by the government","مَرَاقِبُ حُكُومِيّاً"
"controlled economy","اقتصاد مُوجَّه"
"controversy (party-political)","مناقشة (منازعة) حزبية سياسية"
"controversy discussion","مجادلة، مناقشة، مناظرة، خلاف"
"controversy, debate","مناظرة، مناقشة علمية"
"controversy","منازعة، قضية"
"convention","اتفاق، اتفاقية، معاهدة، عرف (تقاليد)"
"conventional amination","تسلح تقليدي"
"conventional armament","التسلّح (بالسلاح) التقليدي"
"conventional war","حَرْبٌ تَقْلِيدِيَّةٌ"
"conventional weapons","أسلحة تقليدية"
"conventional","تقليدي، اتفاقي"
"conversation","حديث، مكالمة، مخاطبة"
"conviction","لسان حال"
"convoy","قافلة بحرية (تحميها سفن حربية)"
"cool off (to)","لطف، هذا، خفف"
"cooling","تهدئة، تخفيف، برود، فتور"
"cooperation convention","اتفاقية تعاونية (تعاون)"
"cooperation, partnership","تعاون، اشتراك"
"cooperation","تعاون، تعاضد، تآزر"
"cooperative consumption association","جمعية تعاونية استهلاكية"
"cooperative property","ملكية تعاونية"
"cooperative","جمعية تعاونية"
"cooptation","اختبار (التُخَاب) جديد، التُخَاب تَكْمِيلِي، التُخَاب عضو جديد"
"coordinate","نسق، وفق، رتب، نظم"
"coordination committee","لجنة التنسيق"
"coordination","تنسيق، ترتيب، تنظيم، تناسق، توفيق، تطابق"
"coordinator","مُنَسِّق"
"Copenhagen","كوبنهاجن"
"copt","يختار عضو جديداً"
"Cordoba","قرطبة"
"cornerstone","حجر الأساس"
"corporal","عريف"
"corporate minutes","محضر الجلسة"
"corporation","هيئة، جمعية، نقابة، طائفة"
"corps of the army","فيلق، فرقة الجيش"
"corps","سلك، هيئة، فيلق، فرقة"
"correction","توضيح"
"correctness","صحة، حق، سلامة"
"correlation","ارتباط، صلة، علاقة (ارتباط) متبادلة"
"correspondent","مراسل، كاتب"
"corrupted","فاسد، مرتش (صفة)"
"corruptibility, bribery","رشوة، إرتشاء"
"corruption policy by wealth","سياسة استنزاف"
"corruption","فساد، إخلال، إرتشاء"
"cosmic rocket","صاروخ فضائي، صاروخ كوني"
"cosmopolitan","مسواطن عالمي (محب لجميع البلدان والشعوب)"
"cosmopolitan","مُواطِن عالمي"
"cosmopolitism","المواطنة العالمية"
"cost of production increase","ازدياد نفقات الإنتاج"
"Costa Rica","كوستاريكا، كستاريكا"
"costs of production","نفقات (تكاليف) الإنتاج"
"council decesion","قرار المجلس"
"council elections","انتخابات المجلس البلدي"
"council for defensive research","لجنة التخطيط الدفاعي"
"council member","عضو المجلس البلدي"
"council of state","مجلس الدولة (أيضاً كلقب يطلق على المستشار بمجلس الدولة)"
"council","مقر، مجلس"
"councillor","عضو المجلس"
"counsel","محام، مستشار قانوني، مساعدة قضائية"
"counter electronic procedures","إجراءات إلكترونية مضادة"
"counter government","حكومة مضادة"
"counter project","مشروع (مخطط) بديل"
"counter speech","خطاب مضاد، رد على الخطاب"
"counter strike elite","فرقة الإقتحام"
"counter strike","اقتحامي، هجومي (صفة)"
"counter visit","ردّ الزيارة، زيارة مقابلة"
"counter-current","تيار مضاد"
"counter-espionage","مقاومة الجاسوسية (التجسس على الجاسوسية)، جاسوسية مضادة"
"counter-favor","خدمة مقابلة"
"counter-movement","حركة عكسية (مضادة)"
"counter-offensive","هجوم مضاد (معاكس)"
"counter-order","أمر جديد (بدل القديم)"
"counter-political power","قوة سياسية مضادة"
"counter-power","قوة مضادة"
"counter-procedures","إجراءات مضادة"
"counter-propaganda","دعاية مضادة"
"counter-proposal","إقتراح مضاد (معاكس)"
"counter-revolution","ثورة مضادة"
"counter-revolutionary","معاد للثورة"
"counter-spying","جاسوسية معاكسة، مقاومة الجاسوسية (التجسس)"
"counter-statement","بيان مضاد"
"counter-vote","إقتراح مضاد (معارض)"
"counter","ضد، معاكس"
"counterattack","هجوم مضاد (معاكس)"
"counting, enumeration","تعداد، عدّ، إحصاء"
"countries behind the sea","دول وأقطار فيما وراء البحار"
"countries independence","استقلالية البلدان"
"countries which signed on the agreement","الدول الموقعة على المعاهدة"
"countries","بلاد، بلدان"
"country army","الجيش البري"
"country betrayal","خائن الوطن"
"country budget","ميزانية الدولة"
"country peace break","الإخلال بالأمن العام"
"country peace","الأمن (السلام) العام"
"country power","القوة (القوات) البرية"
"country state","أرض، بلد، دولة، أقليم، قطر، بر"
"country wealth","ثروة البلاد"
"country","وطن"
"coup d'Etat by the military force","إنقلاب بواسطة القوات الحربية"
"coup d'Etat","انقلاب (عسكري أو سياسي)"
"coup","انقلاب (قلب النظام)"
"courage, galantry","شجاعة، جرأة، جسارة"
"courage","شجاعة، جرأة"
"courier","رسول خاص، ساع (تحقيقه دبلوماسية) حامل حقيبة (المراسلات الدبلوماسية)"
"course changes","تغيير الاتجاه (السياسي)"
"course fall","هبوط (سريع) للأسعار"
"course indicators","لوحة (جدول) الأسعار"
"course of events","سير (مجرى) الأحداث"
"course of events","مجرى الأحداث"
"course of internal policy","اتجاه السياسة الخارجية"
"course of the negotiations","سير (تطور) المفاوضات"
"course orientation track","خط، اتجاه"
"course","سير، مجرى، تطور"
"court of appeal","محكمة الاستئناف"
"court of arbitration","هيئة التحكيم، حكمة التحكيم"
"court of conciliation","لجنة التحكيم (التوفيق)"
"court-martial","محكمة عسكرية"
"court","محكمة"
"coverage","تغطية"
"coverage","غطاء، تغطية"
"creation of a free gun area.","إيجاد (خلق) منطقة مجردة من السلاح"
"creation of a Palestinian state","إقامة دولة فلسطينية"
"creation","إيجاد، خلق، قيام"
"credentials, letter of credence","أوراق (كتاب) الاعتماد"
"credibility","مصداقية"
"credit agreement","اتفاقية تسليف"
"credit control","رقابة الاعتمادات"
"credit economy","نظام القروض المصرفية"
"credit expansion","توسع في القروض (التسليف)"
"credit inflation","تضخم الائتمان"
"credit instrument","أداة (مستندات) الائتمان"
"credit market, m.","سوق التسليف، سوق الائتمان"
"credit market","سُوق الإِثْنَان، سُوق القُرُوض"
"credit policy","سياسة الائتمان"
"credit restrictions","قيود على الإئتمان"
"credit volume","حجم التسليف (الإئتمان)"
"credit","قرض، سلفة، اعتماد، ائتمان"
"crimes against the humanity","جريمة في حق الإنسانية"
"crimes against the peace","جريمة في حق السلام"
"crimes","جريمة، جنائية"
"criminal action","حملة انتقام"
"criminal camps","معتقل، معسكر الإعتقال"
"criminal commissioner","مأمور جنائي"
"criminal court","المباحث الجنائية"
"criminal investigation police","الشُرطة الجنائية"
"criminal procedures","قضية جنائية"
"criminal","جنائي، خاص بالجنايات"
"criminalities","جنايات (أعمال جنائية)"
"crisis situation","حالة تأزم، وضع تأزمي"
"crisis threshold","عتبة (بداية) الأزمات"
"crisis zone","منطقة الأزمة (الصراع)"
"crisis","أزمة، شدة، محنة"
"critical point","نقطة حساسة (محرجة)"
"critical","حرج، عصيب، خطر، حساس (صفة)"
"criticism","نقد، انتقاد، تعقيب"
"criticize (to)","ينتقد، يعقب"
"critics","ناقد"
"cross (to)","يجتاز، يخرق، يتخطى، يخرق"
"crowd","حشد من الناس، تجمهر، تجمع أشخاص"
"crowds","حشود من الناس، تجمعات (بشرية) كبيرة"
"crown (to)","توج"
"crown prince","ولي العهد"
"crown prince","ولي العهد، وارث افتراضي"
"crown","تاج"
"crucial voice","صوت حاسم"
"crucial","قاطع، حازم، لا جدال فيه"
"CSR, abbreviation for Czechoslovakia","تشيكوسلوفاكيا"
"Cuba","كوبا"
"Cuban","كوبي (صفة)"
"Cubans","كوبي"
"cultural and educational policy","سياسة ثقافية (الثقافة)"
"culture agreement","إتفاقية ثقافية"
"culture attaches","ملحق ثقافي"
"culture autonomy","إستقلال ثقافي"
"culture centre","مركز ثقافي"
"culture committee","لجنة ثقافية"
"culture exchange","تبادل ثقافي"
"culture heritage","تراث ثقافي"
"culture house","نادي ثقافي، دار الثقافة"
"culture minister","وزير الثقافة"
"culture ministry","وزارة الثقافة"
"culture office","دائرة الشؤون الثقافية"
"culture state","دولة متمدنة"
"culture work","عمل ثقافي"
"culture","ثقافة، زراعة"
"cumulative right of vote","حق تصويت جماعي (هو نوع من التصويت يجعل للناخب عددا من الأصوات يساوي عدد المرشحين ويخوله إعطاء مجموع أصواته لمرشح واحد)"
"curfew","منع التجول، حظر التجول"
"currency devaluation","خفض (إنزال) قيمة النقد"
"currency reform","إصلاح نقدي"
"currency","عملة، نقد"
"current applied law","القانون الساري (المعمول به)"
"current circumstances","الظروف (الأوضاع) الحالية"
"currently","راهن، (حالي)"
"custody council","مجلس الوصاية"
"custody term","مدة السجن"
"custody","أمانة، وصاية"
"custom agreement","إتفاقية جُمرُكية"
"custom barriers","حاجز جمركي"
"custom formalities","إجراءات جمركية"
"custom general tariff and trade agreement","اتفاقية عامة للتجارة والجمارك"
"custom law","قاونو جمركي، قانون الجمارك"
"custom, tradition","عرف، عادة، تقليد"
"custom's tariff","تعريفة جمركية"
"custom","عادة، المألوف"
"customary judges","الحكم العرقي"
"customs agreements","اتفاقيات جمركية"
"customs council (in Brussels)","مجلس الجمارك (في بروكسل)"
"customs house","مصلحة الجمارك، الجمرك، إدارة الجمارك"
"customs policy","سياسة جمركية"
"customs union","اتحاد الجمارك"
"customs war","حرب جمركية"
"customs'tariff policy","سياسة التعريفات الجمركية"
"customs","جُمرُك"
"cut (to)","قطع، أنهى، أوقف"
"cut the diplomatic relationships.","قطع العلاقات الدبلوماسية"
"cut","قطع، إنهاء، وقف"
"Cyprus","قُبْرُص"
"czar, tsar, tzar","قيصر الروس"
"Czech Republic","جمهورية تشيكيا"
"Czech","تشيكي (صفة)"
"Czechoslovak Socialistic Republic","جمهورية تشيكوسلوفاكيا الاشتراكية (السابقة)"
"Czechoslovakia","تشيكوسلوفاكيا"
"détente agreement","معاهدة انفراج"
"détente contribution","مساهمة للإنفراج (تخفيف حدة التوتر)"
"Dahran","الظُّهْرَان"
"daily wage","أَجْرٌ يَوْمِيٌّ"
"daily worker","عَامِلٌ يَوْمِيٌّ (أَجْرٌ يَوْمِيٌّ)"
"damage","ضَرَرٌ، مُضَرَّةٌ، عَيْبٌ، مَسَاوِيءٌ"
"Damascus, (capital of Syria)","دِمَشْقٌ"
"danger center","مَرْكَزٌ (مَصْدَرٌ) الْخَطَرِ، بُورَةُ الْخَطَرِ"
"danger exposure","تَعْرِيضٌ لِلْخَطَرِ، إِخْلَالٌ، تَهْدِيدٌ، إِسَاءَةٌ"
"danger of a strike","خَطَرٌ الإِضْرَابُ"
"danger zone","مِنْطَقَةُ الْخَطَرِ"
"danger","خَطَرٌ"
"Dar-Al-Salaam","دَارُ السَّلَامِ"
"darkening danger","خَطَرُ التَّعْتِيمِ، احْتِمَالُ التَّوَاطُوعِ"
"darkening the information","تَعْتِيمُ الإِعْلَامِ (إِعْلَامِيٌّ)"
"darkening","تَعْتِيمٌ، إِطْفَاءُ الأَنْوَارِ"
"data protection act","قَانُونُ حِمَايَةِ الْمَعْلُومَاتِ"
"data storage","خَزْنُ الْمَعْلُومَاتِ"
"data","مَعْلُومَاتٌ، بَيَانَاتٌ، مَعْطِيَاتٌ"
"date insole","وَدَائِعُ مُحَدَّدَةِ الْمُدَّةِ"
"date trade","صفقة آجلة"
"date","مَوْعِدٌ، أَجَلٌ، مِيعَادٌ"
"dato, until...","حتى الآن، إلى يومنا هذا"
"Dawes plan","مشروع دوز (لحل مشكلة التعويضات الألمانية)"
"dawn of nationalism","اليقظة القومية"
"dawn","بعث، نهضة، يقظة"
"day command","أمر (أوامر أو بيان التعليمات) يومي"
"day events","حدث الساعة، الحدث اليومي"
"day of the revolution, anniversary","يوم الثورة"
"day report","تقرير يومي"
"day","خاص باليوم، يومي"
"DC, abbreviation for Diplomatic Corps","مُصْطَلَح يطلق على السلك الدبلوماسي"
"de-facto monopoly","إحتكار واقعي (فعلي)"
"dead end","مأزق، طريق مسدود"
"dead person convoy","جنازة (الميت)"
"deal","صفقة، تجرة"
"dealer","مفاوض، وسيط"
"dean","عميد (السلك الدبلوماسي)"
"death blow","الضربة القاضية"
"debatable point","نقطة الخلاف (الجدل)"
"debatable-questionable","قابل للمناقشة (أو للاعتراض)"
"debatable","متنازع فيه (صفة) خلافي"
"debate (to enter into the...)","دخل إلى المناقشة"
"debate (to), participate in the plenum","اشترك (تدخل) في المناقشة"
"debate about government politics","مُنَاقَشَةٌ حَوْلَ سِيَاسَةِ الْحُكُومَةِ"
"debate in the Bundestag","مناقشة في مجلس النواب"
"debate in the plenum","مناقشة في قاعة المجلس (أو في جلسة المجلس)"
"debate in the plenum","يناقش (يعالج أو يدرس) القضية في المجلس"
"debate on the domestic political affairs","مناقشة حول شؤون السياسة الداخلية"
"debate on the political foreign affairs","مناقشة (حول) الشؤون السياسية الخارجية"
"debate","نقاش، جدال"
"debris","أنقاض، أطلال، حطام، خراب"
"decadence","تدهور، انحطاط"
"decentralization","لا مركزية"
"decide (to), settle, resolve","بثّ، حُكْم، حَسَم"
"decide (to)","حدّد"
"deciding ballot","دورة ثانية في الانتخابات، اقتراع ثان"
"decision maker","صَاحِب (أَصْحَاب) القَرَار"
"decision of the federal government","قرار الحكومة الاتحادية"
"decision of the parliament","إقرار (اتخاذ قرار) في البرلمان"
"decision of the party meeting","قرار مؤتمر الحزب"
"decision-resolution","قَرَار"
"decision, recommendation","قرار، توصية"
"decision","قرار، عزم، الفصل في"
"decisive authority","صَلاَحِيَة (سُلْطَة) أَحَدُ القَرَار"
"decisive battle","المَعْرَكَة الحَاسِمَة، المَوْقِعَة الحَاسِمَة، المَعْرَكَة الفَاصِلَة"
"decisive moment","اللُّحْظَة الحَاسِمَة"
"decisive","حَاسِم، فَاصِل، مُهِمّ (صِفَة)"
"declaration before the parliament","بيان أمام البرلمان"
"declaration of an embargo","فَرْض الحَظَر (أَو الحَجَز)"
"declaration of economic sanctions","فَرْض عُقُوبَات اقْتِصَادِيَّة"
"declaration of independence","إعلان الاستقلال"
"declaration of invalidity","إِعْلاَن الفَسْخ أَو الإِبْطَال"
"declaration the state of emergency","أَعْلَنَ الأَحْكَام العَرَفِيَة"
"declaration","إِعْلاَن، إِيذَان، نَشْر، إِصْدَار"
"declare (to)","نَشْر، أَصْدَر، أَعْلَن"
"decline (to)","يَتَنَازَل، يَتَرَاجَع، يُدْعِن لـ"
"decline","نَقْص، هَبُوط، انْحِطَاط، كَسَاد، فُتُور،"
"declining policy","سِيَاسَة التَّرَاجُع (التَّنَازِل)"
"declining","تَنَازَل، رَضُوخ، تَرَاجَع"
"decrease (to)","أَنْقَص، قَلْل، خَفْض، خَفْف"
"decrease in the percentage of the participation in the voting","تَرَاجُعٌ (نِسْبَةٌ) الْمُشَارَكَةُ بِالتَّصَوُّيَةِ"
"decrease of the military power","تَخْفِيض (عَدَد وَعُدَّة) القُوَّات المُسَلَّحَة"
"decree of the federal government","مرسوم (قانون) الحكومة الاتحادية"
"decree","مَرْسُوم، أَمْر، قَرَار مَرْسُوم (ج مَرَاسِيم)، إِعْلاَن (ج إِعْلاَنَات)"
"deduction for taxes","الإعفاء من الضرائب"
"deed","وثيقة المعاهدة"
"deepening this cooperation","تعميق (تكثيف) التعاون"
"defamation","إهانة، قذف"
"defeat (to)","تغلب على، قهر، هزم"
"defeat in the election","نكسة (هزيمة) انتخابية"
"defeat the crises","تغلب على الأزمة"
"defeat","إنهزامية، تخاذل، هزيمة، نكسة"
"defeated in the parliamentary elections","هزم في انتخابات المجلس النيابي"
"defeatist","إنهزامي، تخاذلي (صفة)"
"defend (to)","دافع عن، قاوم، كافح"
"defend desperately (hardly)","دافع (عن شيء) دفاع المستميت"
"defense advice","مجلس الدفاع"
"defense agreements","معاهدة دفاعية"
"defense alliance","حلف دفاعي"
"defense area, military area","منطقة عسكرية، منطقة دفاع"
"defense arms","أسلحة دفاعية"
"defense belts","حزام دفاعي"
"defense budget","ميزانية عسكرية، ميزانية الدفاع"
"defense case","حالة دفاع"
"defense committee","لجنة الدفاع"
"defense committee","لجنة حربية برلمانية، لجنة الدفاع البرلمانية"
"defense concept","مشروع (مخطط) دفاعي"
"defense condition","حالة الدفاع"
"defense contribution","المساهمة في الدفاع"
"defense costs, usually pl.","نفقات (مصروفات) الدفاع"
"defense economy","اقتصاد الدفاع"
"defense expenditures","نفقات دفاعية"
"defense expenses shortening","تخفيض نفقات الدفاع"
"defense household","ميزانية الدفاع"
"defense line","خط الدفاع"
"defense loads","أعباء الدفاع"
"defense pact","حلف دفاعي"
"defense planning","تخطيط دفاعي"
"defense politics","سياسة دفاعية"
"defense requirements","مقتضيات (ضروريات) الدفاع"
"defense sovereignty","سيادة عسكرية"
"defense strategy","إستراتيجية دفاعية"
"defense strength","قوة دفاعية"
"defense system","نظام دفاع"
"defense war","حرب دفاعية"
"defense willingness","إستعداد للدفاع، إستعداد دفاعي"
"defense","دفاع، الوسائل الدفاعية، (محامي) الدفاع، سدّ"
"defensive alliance","تحالف دفاعي"
"defensive alliance","حلف دفاعي"
"defensive efforts","جهود دفاعية"
"defensive force","قوات دفاعية"
"defensive line","خط دفاعي"
"defensive regulations","تدابير (إجراءات) دفاعية"
"defensive rocket","صاروخ دفاعي"
"defensive strategy","إستراتيجية الدفاع (دفاعية)"
"defensive war","حرب دفاعية"
"defensive weapons","سلاح دفاعي"
"defensive","دفاعي (صفة)"
"deficit","نقص، عجز"
"definite elector","ناخب مُحدَّد، ناخبين مُحدَّدين"
"definition","تحديد مفهوم"
"deform","شوة"
"deformation","تشويه، إفساد"
"degradation","تجريد من الرتبة"
"degrade","جرّد من الرتبة"
"delay (to)","أطال، مدّ، جدد"
"delay policy","سياسة المماطلة"
"delay","تأجيل، تأخير، تسويف"
"delaying tactics","تكتيك التسويف والمماطلة، عرقلة (عرقلة الأعمال السياسية)"
"delegate (permanent)","عضو (مندوب) دائم"
"delegate (to)","التدبّ، أوفد (إلى)"
"delegate meeting","اجتماع الوفود (النواب)"
"delegate minister","وزير للمهام الخاصة (وزير مُنتدب)"
"delegate of the people, representative of the people","مندوب (نائب، ممثل، مفوض) الشعب"
"delegate somebody to the parliament","أَوْفَد مندوباً إلى البرلمان"
"delegate, appointee, agent","وكيل، مفوض، مبعوث"
"delegate","مندوب، عضو، وفد"
"delegation member","عضو الوفد (البعثة)"
"delegation president","رئيس البعثة"
"delegation speakers","الناطق باسم الوفد (البعثة)"
"delegation","انتداب، إيفاد"
"deliver (to)","سلم (جرمًا)"
"deliver a speech over radio and television","ألقى خطاباً في الإذاعة والتلفزيون"
"deliver the approval document","سُلِّم (منح) كتاب القبول"
"delivery agreement","اتفاقية تسليم المجرمين"
"delivery law","قانون التسليم (للمجرمين)"
"delivery refusal","رفض التسليم"
"delivery request","طلب التسليم"
"delivery","التسليم"
"demagogic","ديماغوجي، غوغائي (صفة)"
"demagogue","سياسي بلا ضمير، (دجال) ديماغوجي، غوغائي، محرض، مهيج، مثير للفتن والقلق"
"demagogy","الديماغوجية، الغوغائية"
"demand (to)","طلب، دعا، اقتضى (الموقف)"
"demand the government to...","وجد (قدم) مطالبة إلى الحكومة"
"demand-request","طلب، مطلب"
"demanding for governmental resign","يطلب استقالة الحُكُومَة"
"democratic association","مجتمع ديموقراطي"
"democratic dictatorship for workers and farmers","ديكتاتورية ديموقراطية للعمال والفلاحين"
"democratic elections","انتخابات ديمقراطية"
"democratic order","نِظَام ديموقراطي"
"democratic party","حزب ديمقراطي"
"democratic people's republic of Algeria","الجمهورية الديمقراطية الجزائرية"
"democratic regime","نظام ديمقراطي"
"democratic socialiste","الدِيوُفْرَاطِيَّة الإِشْتِرَاكِيَّة"
"democratic state","دُوَل ديموقراطية"
"democratic","دِيوُفْرَاطِي (صفة)"
"democratically elected parliament","برلمان منتخب ديمقراطياً"
"democratization movement","حَرَكَة نَشْر الدِيوُفْرَاطِيَّة"
"democratization of scientific research","وضع الأبحاث العلمية في متناول العامة"
"democratization policy","سِيَاسَة نَشْر الدِيوُفْرَاطِيَّة"
"democratization","إِنْتِشَار الدِيوُفْرَاطِيَّة"
"democratize (to)","طَبَق (نَشْر) الدِيوُفْرَاطِيَّة"
"demographic boom, explosion","إِنْفِجَار سُكَّانِي"
"demographic growth rate","نَسَبَةُ النُّمُوِّ السُّكَّانِي"
"demographic growth","النُّمُوُّ السُّكَّانِي"
"demographic planning","التَّخْطِيط السُّكَّانِي"
"demographic policy","السِّيَاسَةُ السُّكَّانِيَّة"
"demographic","سُكَّانِي"
"demography","عِلْمُ السُّكَّان، إِحْصَاءُ السُّكَّان"
"demolition of the diplomatic relationships","قطع العلاقات الدبلوماسية"
"demonstrate (to)","تَظَاهِر، خَرَج فِي مُظَاهَرَة"
"demonstratin right","حَق الْقِيَام (الإِشْتِرَاك) بِالْمُظَاهَرَة"
"demonstration (blazing)","مُظَاهَرَة صَاحِبَة"
"demonstration","مُظَاهَرَة، تَظَاهِرَة"
"demonstrator","مُتَظَاهِر"
"denationalization","إِعَادَة الْمَلَكِيَّة، إِلْغَاءُ التَّأْمِيم، إِعَادَة الصِّنَاعَة الْمُؤَمَّمَة إِلَى الْقِطَاع الْخَاص"
"denationalize (to)","يعيد الملكية الخاصة، يلغي التأميم"
"denaturalize (to)","يحرم من الجنسية"
"denial","نفي، تكذيب"
"Denmark","الدانمارك"
"deny (to)","نفي، كذب"
"department boss","رئيس الإدارة، رئيس الإدارة الوزارية"
"department distribution","توزيع الوزارات (المناصب الوزارية)"
"department head","رئيس القلم"
"department leadership","إدارة الوزارة"
"department minister","الوزير المختص"
"department of economic affairs","مصلحة التموين، دائرة الشؤون الاقتصادية"
"department of the interior","وزارة الداخلية"
"department or ministry of commerce","وزارة التجارة"
"department particularism","خصوصية الإدارة"
"department politics","سياسة الوزارة"
"department tasks","مهام وزارية (إدارية)"
"department, ministry of labor","وزارة العمل"
"department","قلم (الدائرة)"
"departmental plan","مشروع وزاري"
"departure permission","تصريح بالسفر (إلى خارج البلاد)"
"departure","الخروج، السفر"
"dependence relationship","علاقة التبعية"
"deployment of UN troops in south Lebanon","وضع قوات تابعة للأمم المتحدة في جنوب لبنان"
"deployment","تشكيل، عرض، استعراض (عسكري)، نصب، إقامة، وضع"
"deportation, exile","طرد، إبعاد، نفي"
"deposit of ratification document","إيداع وثائق التصديق"
"depression of prices","هبوط الأسعار"
"depression","هُبوط، كساد"
"deprivation from civil rights","التجريد من الحقوق المدنية"
"deprivation from the citizenship","نزع الجنسية"
"deprivation nationality","تجريد من الجنسية، نزع المواطنة"
"deprivation of civil rights","الحرمان من الحقوق المدنية"
"deprivation of rights","تجريد من الصفة أو الحقوق القومية"
"deprivation of the nationality denaturalization","الحرمان من الجنسية"
"deprivation of the voting right","نَزْعُ حَقِّ الِانْتِخَابِ"
"deprivation","حرمان، تجريد، نزع"
"deprive (to deprive from the right)","حرم، جرد، نزع (حرمه من حقه)"
"deprive (to...the parliament of its powers)","نزع السلطة البرلمانية"
"deprive (to) of rights","نزع حقاً، حرم من الحق"
"deprive right of vote","يتزع حق التصويت (أي يحرمه من ممارسة حقه السياسي بالتصويت)"
"deputyship","بالنيابة، نيابة بالوكالة (صفة)"
"desarmament status","حالة نزع السلاح"
"descendants","نسل، سلالة، ذرية"
"descent","هبوط (نزول)"
"despot","مستبد، جائر، طاغية"
"despotic action","عمل تعسفي"
"despotic judgment","حكم تعسفي"
"despotic regime","نِظام تعسفي"
"despotic rule","حُكم استبدادي"
"despotic-tyrant","مستبد، جبار، مسيطر، مُستبد (صفة)"
"despotic","استبدادي (صفة)"
"despotism","عسف، (سوء استعمال السلطة)"
"dessident","مُشتَق"
"destiny of the people","مصير الشعب"
"destiny","مصير، قدر"
"destitute (to)","عزل، فصل، سرح، طرد، أفرج عن"
"destitute (to)","نزع، جرد من الحكم"
"destitution","تجريد من الحكم (الإبعاد عن الحكم)"
"destroyer","مُدمِّرة"
"destroys (to)","أبساد، أهلك، اجتاح، قضى على، سحق، أعدم"
"destruction power","قوة التدمير"
"destruction","نسف، تدمير، هدم، تخريب"
"destructive actions","أعمال (نشاطات) هدامة"
"destructive acts","أعمال تخريبية، نشاط هَدَّام"
"destructive criticism","نقد هدام"
"destructive criticism","نقد هَدَّام"
"destructive, devastating","تخريبي، هَدَّام (صفة)"
"destructive","هَدَّام، تخريبي (صفة)"
"detached lands","الأراضي المسلوخة"
"detail","إسهاب"
"detained","معتقل"
"detective","بوليس سري"
"detention center","سجن، معتقل"
"detention nationality","الاحتفاظ بالجنسية"
"detention","الأسر"
"deterioration of the relationships","تدهور العلاقات"
"deterioration of the situation","تدهور الحالة"
"deterioration","سوء، فساد، تدهور"
"determination","حزم، إصرار"
"determine (to)","عين، حدد، وقت"
"deterrence policy","سياسة الردع"
"deterrence strategy","استراتيجية الردع"
"deterrence","ردع"
"detonation strength","قوة الانفجار"
"detonation","انفجار، فرقة"
"devaluation","تخفيض سعر العملة"
"devastation","خراب، دمار، تخريب، تدمير، تلف"
"developing country","بلد نام"
"development (economic)","تَطَوُّرُ اقتصادي"
"development degree or level","درجة التطوُّر"
"development law","قانون التطوُّر"
"development level","مستوى التطوُّر"
"development of the social and economic infrastructure","تطور الهيكل الأساسي الإقتصادي والإجتماعي"
"development process","عملية التطوُّر"
"development program","برنامج الإنماء (إنمائي)"
"development tendency","ميل التطوُّر"
"development-evolution","تطور، نمو، تنمية"
"developmental aid","مساعدة إنمائية"
"developmental credit","قرض إنمائي"
"devotion","امتثال، خضوع، ولاء، إخلاص، استسلام"
"dialectic","دياليكيك، ديالكتيكية، جدل (علم أو أصول تحقيق الآراء والبحوث وتبين الحقائق بالجدل والتحليل المنطقي)"
"dialectical materialism","المادية الجدلية"
"dialectical movement","حركة دياليكنيكية"
"dialectical","جَدَلِي (صفة)"
"dialectician","جَدَلِي، عَالِمٌ بالمَادِيَّة الجَدَلِيَّة"
"dialogue","حِوَارٌ"
"dictated peace","سلام مملى (مفروض)"
"dictation","إملاء، تلقين"
"dictator State","دولة مستبدة"
"dictator","استبدادي، مطلق"
"dictatorial authority","سلطة دكتاتورية"
"dictatorial regime","نظام (حكم) ديكتاتوري"
"dictatorial state","دُوَل دكتاتورية (مستبدة)"
"dictatorship force","الحكم الفردي، سيطرة ديكاتورية (فردية مطلقة)"
"dictatorship","قيصرية، حكم مطلق، استبداد"
"difference conflicts","شقاق، خلاف، (نزاع)"
"difference of opinion","اختلاف الرأي، خلاف في الرأي، خلاف"
"difference","فرق، فارق، اختلاف، تفاوت"
"different opinion","رأي مخالف (مغاير)"
"different opinions","آراء مختلفة"
"difficult times","أوقات عصيبة"
"dignity of the parliament","كرامة البرلمان"
"dilemma","ورطة، مأزق، موقف حرج، معضلة"
"dimension","بعد (أبعاد) جانب، حجم، أهمية"
"diminutions","تخاذل"
"diplomacy","دبلوماسية (سلك دبلوماسي)"
"diplomat","دبلوماسي"
"diplomatic acknowledgement","اعْتِرَافَ دبلوماسي"
"diplomatic circles","الأوساط الدبلوماسية"
"diplomatic corps","السلك الدبلوماسي"
"diplomatic corps","سلك دبلوماسي"
"diplomatic custom","غرف دبلوماسي"
"diplomatic delegation (agency)","ممثلية (مفوضية) دبلوماسية"
"diplomatic delegation","تمثيل دبلوماسي"
"diplomatic exonerations (liberations)","إعفاءات دبلوماسية"
"diplomatic formalities, custom","العُرف الدبلوماسي، الشكليات الدبلوماسية"
"diplomatic immunity","المناعة الدبلوماسية"
"diplomatic immunity","حصانة دبلوماسية"
"diplomatic initiative","مبادرة دبلوماسية"
"diplomatic language","لغة دبلوماسية"
"diplomatic meeting","مقابلة (اجتماع) دبلوماسي"
"diplomatic notice","مُذكّرة دبلوماسية"
"diplomatic offensive campaign","حملة دبلوماسية مضادة"
"diplomatic prerogatives","امتيازات دبلوماسية"
"diplomatic pressure","الضغط الدبلوماسي"
"diplomatic relationships","العلاقات الدبلوماسية"
"diplomatic relationships","علاقات دبلوماسية"
"diplomatic representatives","مندوب (مثل) دبلوماسي"
"diplomatic service","سلك دبلوماسي، العمل الدبلوماسي"
"diplomatic status","صفة دبلوماسية"
"diplomatic step","(خطوة) محاولة، مسعى، إجراء دبلوماسي"
"diplomatic steps","خطوات دبلوماسية"
"diplomatic tradition","تقاليد دبلوماسية"
"diplomatic ways","بالطرق (الوسائل) الدبلوماسية"
"diplomatic","دبلوماسي (صفة)"
"direct candidate","مرشح مباشر (لانتخابات مجلس النواب)"
"direct elections","انتخابات مباشرة"
"direct negotiations","مفاوضات مباشرة"
"direct","مباشر"
"director of the protocols","مدير التشريفات، رئيس المراسيم"
"disapproval of the party","رفض (إستياء، ضد) الجناح البرلماني"
"disarmament (general and complete)","نزع سلاح عام و كامل"
"disarmament agreement, (treaty)","اتِّفاق (معاهدة) نَزْعُ السِّلَاحِ"
"disarmament commission","لجنة نزع السلاح"
"disarmament commission","لجنة نَزْعُ السِّلَاحِ"
"disarmament conference","مؤتمر نَزْعُ السِّلَاحِ"
"disarmament control committee","لجنة (مراقبة) نَزْعُ السِّلَاحِ"
"disarmament negotiations","مفاوضات نَزْعُ السِّلَاحِ"
"disarmament policy","سياسة نَزْعُ السِّلَاحِ"
"disarmament procedures","إجراءات (تدابير) نَزْعُ السِّلَاحِ"
"disarmed region (area)","منطقة متروعة السلاح"
"disastrous consequences","عواقب وخيمة"
"disastrous war","حرب طاحنة"
"disastrous","مخرب، فناك، ساحق، طاحن، وخيم (صفة)"
"discharge (to)","عزل من، أعفى"
"disciplinary board","لجنة (مجلس) تَأْدِيبِيّ"
"disciplinary court","محكمة تأديب (الموظفين)"
"disciplinary power","سلطة الوظيفة (المنصب)"
"disciplinary procedures","إجراءات عقوبية"
"disciplinary punishment","عقوبة تَأْدِيبِيّة"
"disciplinary","تَأْدِيبِيّ (صفة)"
"discipline law","قانون تأديب (الموظفين)"
"discipline offence","مخالفة (إساءة) قضية تَأْدِيبِيّة"
"discipline procedure","دعوى (أجراء) تَأْدِيبِيّة"
"discipline","أدب، نظام، حسن سلوك"
"discord within the party","نزاع (خلافات) حزبي"
"discord","انقسام، شقاق (نُفور)"
"discord","خصام، شِقاق"
"discount","خصم، تنزيل"
"discredit (to)","قذف، أخرى، أساء السمعة"
"discrepancy (incompatibility) with the constitution","تعارض (تنافر) مع الدُّسْتُور"
"discriminate (to)","يفرق، يميز (عنصرياً)"
"discrimination","تفرقة، تمييز أو مبرر عنصري"
"discriminatory procedures","إجراءات تمييزية"
"discuss (to) the (draft) budget","مُتأقِشَة (مشروع) الميزانية"
"discuss (to) the by laws","مُتأقِشَة اللائحة الداخلية"
"discuss (to)","ناقش، بحث، جادل، حاور"
"discuss with, consult, study, advise (to)","نصح، قدم مشورة، تشاور مع، تداول، تدارس مع"
"discuss-study (to)","ناقش، بحث، درس، استعراض"
"discuss-talk (to)","تحادث، تناقش، تباحث"
"discussion circle","حلقة نقاش"
"discussion for the formation of the government che,","محادثات (مفاوضات) تأليف الحكومة"
"discussion in the parliament","مُتأقِشَة في البرلمان"
"discussion, deliberation","حديث، مداولة، ندوة، محاورة، مُتأقِشَة"
"discussion, meeting","محادثة، مواجهة، مقابلة، اجتماع، حديث"
"discussion","نقاش، بحث، دراسة، استعراض"
"discussions about a project","مباحثات حول مشروع"
"disintegrate (to)","تفتت، تفكك"
"disintegration","تشتت الشمل، تحطم، تدمر"
"disloyal","عدم الولاء، غير مخلص (صفة)"
"disloyalty","عدم الولاء (أو الإخلاص)"
"dismissal discharge","صرف، طرد (تسريح)"
"dismissal from the ministerial office","التسريح من المنصب الوزارية (الوزارة)"
"dismissal of the minister","عزل (فصل) الوزير"
"dismissal, decision","تبني، إقرار، اعتماد، عزل"
"dismissal","فصل، تسريح، طرد أو عزل من الخدمة"
"disobediently","عصيان، عدم الطاعة، ترد، مخالفة"
"disorder, riot, insurrection, rebellion","ثورة، شغب، هياج، ترد، عصيان"
"disorder","فوضى، عدم النظام، اضطراب، بلبلة"
"disorders, turbulences","اضطرابات"
"dispatch","برقية، نباء عاجل، رسالة"
"disposal","أمر، مرسوم، وصية، تصرف، حكم"
"disposing capacity","حق التصرف"
"disposition","تسعير، تقدير"
"disputant","مناقش"
"dispute on tariffs","نزاع (خلاف) حول الأجور"
"dispute, conflict, fight","نزاع، مشاحنة، خصومة"
"dispute, fight battle","نزاع، حرب، قتال، عراك، خصومة، شجار"
"disputed area","منطقة متنازع عليها"
"disputes arising from a contract","نزاع (خلافات) حول العقد"
"disregard","أهمل، أغفل، امتهن"
"dissatisfaction of the electors","إستياء الناخبين"
"dissatisfaction","عدم الرضى (أو الإرتياح)، تذمر، إستياء"
"dissident party","حزب منشق (منقسم)"
"dissimilarity","عدم المساواة، تباين، تفرقة، تفاوت"
"dissolve (to)","حل، فك، ألغى، أنهى، فضّ (معاهدة)"
"distraction","صرف الإنتباه، إلغاء، تحويل النظر (عن)"
"distribution dissimilarity","عدم مساواة في التوزيع"
"distribution equality","مساواة في التوزيع (أو التقسيم)"
"distribution monopoly","إحتكار الترويج (التسويق)"
"distribution of power","توزيع السلطة"
"distribution politics","سياسة ترويج (البضائع)"
"distribution system","نظام توزيع (أو تقسيم)"
"distribution theory","نظرية التوزيع (أو التقسيم)"
"distribution, marketing","ترويج، تصريف، تسويق"
"distribution","تقسيم، توزيع"
"district capital","عاصمة القضاء"
"district government","إدارة القضاء (أو المنطقة أو الحي السكني)"
"district mayors","رئيس البلدية، المحافظ"
"district velvet","البلدية، المحافظة، دار الحاكم، المختارية"
"district, region","مقاطعة، دائرة، منطقة"
"district","محافظة، مديرية، منطقة"
"disturbance maneuver","مناورة إزعاج"
"disturbance, inner","اضطرابات (حوادث شغب) داخلية"
"diverge from the party's policy","إنجاز (انحرف) عن الخط السياسي للجناح البرلماني"
"divergence in opinions","اختلاف الآراء"
"divergence-disparity","اختلاف (تباعد)، تفاوت"
"diversion","هجوم جانبي (للتمويه)"
"divide (to)","قطع، فرق، فصل، قسم"
"divided","متنافر، منقسم، متفرق، منشق (صفة)"
"divisible","قابل للانقسام أو للتجزئة"
"division decision which was taken in 1948","قرار التقسيم الصادر في عام 1948"
"division for civil matters","الغرفة (الحكومة) المدنية"
"division leader","قائد الفرقة"
"division of Palestine","تقسيم فلسطين"
"division of the party into many wings","إنقسام الحزب إلى عدة أجنحة"
"division, sharing","تقسيم، تقاسم"
"division","تقسيم، توزيع، شطر"
"division","فرقة"
"Djakarta","جاكارتا"
"doctrine (Monroe principle)","مبدأ ""مونرو"""
"doctrine, principle","مذهب، مبدأ، عقيدة"
"document exchange","تبادل المستندات"
"document","مستند، وثيقة (حجة/دليل)"
"documentation","وثائق (مجموعة وثائق)"
"dogma, principle, teaching","عقيدة، مبدأ، تعليم"
"dogmatic fight","صراع عقائدي"
"dogmatic","عقائدي (خاص بالعقيدة) (صفة)"
"dogmatism","عقائدية، دوغمائية"
"dogmatist","عقائدي"
"dogmatize (to)","يتعلم العقيدة، يجعله عقائدياً"
"domestic crisis","أزمة سياسية داخلية"
"domestic economy","اقتصاد داخلي"
"domestic investment","استثمار داخلي"
"domestic policy","السياسة الداخلية"
"domestic political problem","مسألة (معضلة) سياسية داخلية"
"domestic situation","الوَضْع السياسي الداخلي"
"domestic trade policy","سياسة التجارة الداخلية"
"domestic trade","التجارة الداخلية"
"dominant (governing) opinion","الرَّأْيُ السَّائِدُ"
"domination endeavors","مساعي للسيطرة (أو الهيمنة)"
"domination of the consumer","سيادة المستهلك"
"domination policy","سياسة السيطرة (الهيمنة)"
"domination system","نظام السيطرة"
"donation","تبرع، هبة، عطية، صدقة"
"double taxation","إزدواج ضريبي"
"doubled contract","معاهدة ثنائية"
"doubled nationality","جنسية مزدوجة (ثنائية)"
"downgrade (to defeat an enemy)","هزم (سحق) العدو"
"downgrade, defeat (to)","هزم، سحق"
"draft budget","مشروع الميزانية"
"draft contract","مشروع عقد (اتفاق) مشروع (مسودة) معاهدة أو اتفاقية"
"draft for a law amendment","مشروع تعديل قانون"
"draft law of the federal council","مشروع قانون المجلس الإتحادي"
"draft law","مشروع قانون"
"draft-project","مسودة (رسالة)"
"Drago principle","مبدأ ""دراغو"""
"due date of the agreement","نفاذ سريان (مفعول) الاتفاق"
"duke","دوق"
"dumdum cartridges","رصاصة دُمْدُم (سامة)"
"dumping","إغراق السوق، مكاسدة، (إغراق السوق بالبضائع الأجنبية)"
"duration of the contract","وقت (مدة) العقد"
"duration of the military service","مدة الخدمة العسكرية"
"Dutch","هولندي (صفة)"
"duty, obligation","واجب، فَرْض"
"dynamic economy","اقتصاد ديناميكي"
"dynamic","نشيط فعال حركي، ديناميكي (صفة)"
"dynamism","الديناميكية"
"dynamite","ديناميت (مادة متفجرة)"
"early elections of the parliament","انتخابات مسبقة (مبكرة) للبرلمان"
"early elections","انتخابات مبكرة"
"early warning system","نظام الإنذار المبكر"
"early warning","تحذير أولي، إنذار سابق"
"ease (to)","أخفض، خفف، لطف، هدأ، كبح، أخد"
"ease-relief","انفراج، تخفيف حدة، تهدئة، إرضاء، تسكين"
"East bloc","المعسكر الشرقي"
"East Germany","ألمانيا الشرقية، شرق ألمانيا"
"east west-conflict","النزاع بين ألمانيا الشرقية والغربية (أو بين المعسكرين الشرقي والغربي)"
"east west-confrontation","المواجهة بين ألمانيا الاتحادية والديمقراطية (أو بين المعسكرين الشرقي والغربي)"
"east west-relaxation process","انفراج (سياسي) بين ألمانيا الاتحادية والديمقراطية (أو بين المعسكرين الشرقي والغربي)"
"east west-trade","التجارة بين ألمانيا الاتحادية والديمقراطية (أو بين المعسكرين الشرقي والغربي)"
"east west","شرق غرب أو بين الشرق والغرب"
"east","شرق"
"eastern Asia","شرق آسيا، آسيا الشرقية"
"eastern bloc countries","دول المعسكر الشرقي (دول الكتلة الشرقية)"
"eastern bloc","المعسكر الشرقي، الكتلة الشرقية"
"eastern credits (credits granted by federal Germany to democrate Germany)","القروض الشرقية (هي القروض التي تمنحها ألمانيا الاتحادية إلى ألمانيا الديمقراطية)"
"Eastern Europe","أوروبا الشرقية"
"eastern policy","السياسة الشرقية (أو السياسة الاتحادية تجاه ألمانيا الديمقراطية والمعكر الشرقي)"
"eastern treaties","المعاهدات الشرقية (التي تعقد بين ألمانيا الاتحادية والشرقية)"
"eastern","شرقي (صفة)"
"echo","صدى"
"economic activity","نشاط اقتصادي، الحياة الاقتصادية"
"economic aid","معونة اقتصادية"
"economic aid","معونة إقتصادية"
"economic analysis","تحليل اقتصادي"
"economic and social council","المجلس الاقتصادي والاجتماعي"
"economic area","منطقة اقتصادية"
"economic balance","توازن اقتصادي"
"economic blockade","حصار اقتصادي"
"economic boost","تحول (انتعاش، نهضة) اقتصادي"
"economic boycott","مقاطعة اقتصادية"
"economic branch","فرع اقتصادي"
"economic breakdown","انهيار الاقتصاد"
"economic breakdown","انهيار اقتصادي"
"economic budget","ميزانية اقتصادية"
"economic chaos","فوضى اقتصادية"
"economic committee","لجنة اقتصادية، لجنة الاقتصاد"
"economic community for eastern Africa","الجماعة الاقتصادية لشرقي إفريقيا"
"economic conference","مؤتمر اقتصادي"
"economic consolidation","تثبيت (تعزيز) اقتصادي"
"economic construction","بناء الاقتصاد"
"economic control","رقابة اقتصادية"
"economic convention","معاهدة (اتفاقية) اقتصادية"
"economic cooperation collapse","إعادة البنية الاقتصادية"
"economic cooperation","انهيار التعاون"
"economic cooperation","تعاون اقتصادي"
"economic council","مجلس اقتصادي"
"economic crisis","أزمة اقتصادية"
"economic crisis","إزمة اقتصادية"
"economic curve","منحنى اقتصادي"
"economic decline","هبوط (انفجار) اقتصادي"
"economic democracy","ديمقراطية اقتصادية"
"economic descent","هبوط (انحطاط) اقتصادي"
"economic development","تحسُّن الاقتصاد، تقدُّم الاقتصاد، تقدُّم اقتصادي"
"economic dynamics","دينامية الاقتصاد (اقتصادية)"
"economic espionage","تحسُّن اقتصادي، جاسوسية اقتصادية"
"economic expansion","توسع اقتصادي"
"economic expert","خبير اقتصادي، خبير في شؤون الاقتصاد"
"economic factor","عامل اقتصادي"
"economic field","مجال اقتصادي"
"economic figures","أرقام اقتصادية"
"economic freedom","حرية اقتصادية"
"economic geography","جغرافية اقتصادية"
"economic group, the European market","المجموعة الاقتصادية، السوق الأوروبية"
"economic growth policy","سياسة النمو الاقتصادي"
"economic growth ratio","نسبة النمو الاقتصادي"
"economic growth","نمو (تطور) اقتصادي"
"economic growth","نمو اقتصادي"
"economic growth","نُمُو اقتصادي"
"economic hesitation","تردُّد (تغيُّر) اقتصادي"
"economic history","تاريخ الاقتصاد"
"economic imperialism","إمبريالية اقتصادية"
"economic incentive","دافع (حافز) اقتصادي"
"economic index","مؤشر اقتصادي"
"economic indicators","المؤشرات الاقتصادية"
"economic indicators","مؤشرات اقتصادية"
"economic influences","تأثيرات (عوامل) اقتصادية"
"economic infrastructure","البناء الاقتصادي التحتي"
"economic integration","اندماج اقتصادي"
"economic interests","مصالح اقتصادية"
"economic isolation","عزل (انعزال) اقتصادي"
"economic law","قانون الاقتصاد"
"economic measures for saving energy","تدابير اقتصادية لتوفير الطاقة، توفير الطاقة"
"economic miracle","نهضة (معجزة) اقتصادية"
"economic negociations","مفاوضات اقتصادية"
"economic negotiations","مفاوضات اقتصادية"
"economic order","نِظَام اقتصادي"
"economic paralysis","شل الاقتصاد"
"economic penall laws","قانون العقوبات الاقتصادي"
"economic phase","حالة (مرحلة) اقتصادية"
"economic phase","مرحلة اقتصادية"
"economic planning","تخطيط اقتصادي"
"economic policy","سياسة اقتصادية"
"economic power","قوة اقتصادية"
"economic pressure","ضغط اقتصادي"
"economic primacy","سيطرة اقتصادية"
"economic principles","مبادئ اقتصادية"
"economic priority","أولويات (أفضليات) اقتصادية"
"economic procedures","إجراءات اقتصادية"
"economic program","برنامج اقتصادي"
"economic prosperity","ازدهار اقتصادي، رخاء"
"economic recovery policy","سياسة التطور والإنعاش الاقتصادي"
"economic recovery","إنعاش الاقتصاد"
"economic reform","إصلاح اقتصادي"
"economic relations","علاقات اقتصادية"
"economic request","مطلب اقتصادي"
"economic research","بحث اقتصادي"
"economic restructuration","تفوق اقتصادي"
"economic rockbottom","الحضيض الاقتصادي (أقصى هبوط ممكن)"
"economic sanction","عُقُوبَة اقتصادية"
"economic science","علم الاقتصاد"
"economic sector","قطاع اقتصادي"
"economic situation report","تقرير عن الحالة الاقتصادية"
"economic situation research","البحوث الخاصة بالتطور الاقتصادي"
"economic situation stabilization","استقرار (توطيد) الحالة الاقتصادي"
"economic situation stimulation","إنعاش (تنشيط) الحالة الاقتصادي"
"economic situation","الحَالَة (الوَضْع) الإقتصادية"
"economic situation","الوَضْع الإقتصادي الدولي"
"economic situation","حالة اقتصادية"
"economic stability","استقرار اقتصادي"
"economic stabilization","تثبيت (تعزيز) الاقتصاد"
"economic stagnation","كساد اقتصادي"
"economic statistics","إحصائية اقتصادية"
"economic stimulation","إنعاش الاقتصاد"
"economic stimulation","تنشيط اقتصادي"
"economic strategy","استراتيجية اقتصادية"
"economic stroke","لطمة اقتصادية، ضربة اقتصادية"
"economic structure","بنية (تركيبة) اقتصادية"
"economic structures","تركيب اقتصادي"
"economic success","يُحَاح (تفوق) اقتصادي"
"economic support","دعم (مساندة) اقتصادي"
"economic system","نظام اقتصادي"
"economic tendency","إتجاهات إقتصادية"
"economic tension","توتر اقتصادي"
"economic tension","توتر إقتصادي"
"economic theory","نظرية اقتصادية"
"economic union","اتِّحَاد اِقتِصَادِيْ"
"economic unit","وِحْدَةُ اِقتِصَادِيْ"
"economic volume","حَجَم اِقتِصَادِيْ"
"economic war","حَرْب اِقتِصَادِيْ"
"economic weakness","فُتُوْر اِقتِصَادِيْ"
"economic","خاص بالاقتصاد"
"economical fluctuations","التقلبات الافتصادية"
"economics recession","كساد اقتصادي، تدهور اقتصادي، حالة ركود"
"economics","عِلْم الافتصاد"
"economist","خَبِيْر اِقتِصَادِيْ"
"economy","اقتصاد"
"Ecuador","الإكوادور"
"ecuadorian","اكواتوري"
"edit (to)","حرر وصاغ، كتب، ألف، أنشأ"
"editing commission","لُجَّةُ التَّحْرِيرِ (الصِّيَاغَة)"
"editing session","إجتماع المحررين"
"editing","تحرير، إدارة التحرير، هيئة التحرير"
"editor","محرر، كاتب صحفي"
"editorial","مقال إفتتاحي"
"editorially","تحريري (صفة)"
"education policy","سياسة التعليم"
"education","تدريب، تأهيل، تعليم"
"educational reform","إصلاح التعليم (تعليمي)"
"educational reform","تعديل (النهج) التعليمي"
"effect, impact","تأثير"
"effect","أثر"
"effective law","قانون ساري المفعول (يعمل به)"
"effective laws","قوانين سارية المفعول"
"effective regulations","أحكام سارية المفعول"
"effective-valid","ساري المفعول، سائد، معمول به"
"efficiency degree","درجة اللياقة"
"efficiency","صلاحية، لياقة"
"efficiency","نشاط فعالية، فاعلية (فعاليات)"
"efficiently","مفعول، منطقي، رشيد (صفة)"
"effort, endeavourer","مسعى، جهد"
"egalitarianism","مذهب المساواة، المساواتية"
"Egypt","أرض مصر"
"Egypt","مصر"
"Eisenhower principle","مبدأ ""آيزنهاور"""
"election act","انتخاب (العملية الانتخابية)"
"election agreements","معاهدة انتخابية"
"election alliance","حلف انتخابي"
"election amendment","تعديل (تغيير) الانتخابات"
"election analysis","تحليل انتخابي"
"election area","منطقة (قلم) انتخابية"
"election battle","معركة انتخابية"
"election behavior","تصرف (سلوك) أثناء الانتخابات"
"election boycott","مقاطعة الانتخابات"
"election bribery","رشوة انتخابية"
"election call","نداء انتخابي (الدعوة للانتخابات)"
"election campagne atmos- phere","جوّ (مناخ) الحملة الإنتخابية"
"election campaign costs","نفقات (تكاليف) الحملة الإنتخابية"
"election campaign fun- ding","تمويل الحملة الإنتخابية"
"election campaign funds","صندوق إدارة الانتخابات"
"election campaign leader","مدير الحملة الإنتخابية"
"election campaign leadership","قيادة الحملة الإنتخابية"
"election campaign regulations","قواعد (شروط) الحملة الإنتخابية"
"election campaign speech","خطاب إنتخابي"
"election campaign strategy","إستراتيجية الحملة الإنتخابية"
"election campaign","حملة انتخابية"
"election campaign","حملة إنتخابية"
"election card","بطاقة إنتخابية"
"election celebration","إحتفال إنتخابي"
"election cell","كابينة الإنتخاب"
"election center","مركز (مقر) إنتخابي"
"election circle","دائرة انتخابية"
"election coalition","إئتلاف إنتخابي"
"election commission","لجنة إنتخابية"
"election committee","لجنة إنتخابية"
"election date","موعد الإنتخابات"
"election day","يوم الإنتخابات"
"election defeat","إندحار (هزيمة) إنتخابي"
"election dispute","خلاف (نزاع) إنتخابي"
"election duty","واجب إنتخابي"
"election entitlement","حق التصويت"
"election exam commi- ttee","لجنة فحص (تفتيش) الإنتخابات"
"election examination law","قانون تفتيش الإنتخابات"
"election examination","تفتيش (مراقبة) الإنتخابات"
"election examiners","مراقب الإنتخابات"
"election executive","هيئة الإشراف على الإنتخابات"
"election exit","نتيجة الإنتخابات"
"election fevers","حماس إنتخابي"
"election file","قائمة الناخبين"
"election freedom","حرية الإنتخابات"
"election helpers","عضو (مساعد) إنتخابي"
"election hindrance","تعطيل الإنتخابات"
"election ID card","هوية إنتخابية"
"election inspectors","ناظر (مراقب أو مفتش) الإنتخابات"
"election interference","التدخل بالإنتخابات"
"election leaders","مدير الإنتخابات"
"election legislation","التشريع الإنتخابي"
"election list","لائحة إنتخابية"
"election loser","حاسر الإنتخابات"
"election mandate","كرسي إنتخابي"
"election manifesto","بيان إنتخابي"
"election manipulation","اللعب (بنتائج) الإنتخابات"
"election meeting, gathering","تجمع (احتفال) إنتخابي"
"election mistake","خطىء إنتخابي"
"election mode","نمط (لأسلوب) إنتخابي"
"election of the federal German parliament","انتخاب مجلس النواب الاتحادي"
"election offense","جنحة إنتخابية"
"election office","مكتب (مصلحة، دائرة، إدارة) الإنتخابات"
"election order","نظام انتخاب، لائحة الإنتخابي"
"election speech","خطاب انتخابي"
"election staff","هيئة انتخابية"
"election statistics","إحصائية الانتخابات"
"election success","فوز (نجاح) انتخابي"
"election suggestion","اقتراح انتخابي"
"election trip","رحلة (جولة) انتخابية"
"election triumph","نصر انتخابي"
"election victory","نصر انتخابي"
"election winner","الفائز بالانتخابات"
"election year","عام الانتخابات"
"election","خاص بالانتخابات"
"elections (to be a candidate in the...)","يرشح نفسه للإنتخابات"
"elections of the executive board of directors of the party","انتخابات مجلس إدارة الحزب"
"elections without rival candidates","انتخابات بدون مُرشح مضاد"
"elections, voting","انتخاب، اقتراع، تصويت"
"elections","انتخاب التمثيل النسبي"
"elector (registered)","نَاخِبٌ مُسَجَّلٌ، نَاخِبَيْنِ مُسَجَّلَيْنِ"
"elector, voter","ناخب، مُصوَّت"
"elector's age","سن الناخب"
"elector's politicization","تسييس الناخبين"
"elector","موظف (مسؤول، مشرف، مندوب) إنتخابي"
"elector","مُنتخب (صفة)"
"electoral basis","اساس، قاعدة إنتخابية"
"electoral campaign maneuver","مناورة الحملة الإنتخابية"
"electoral law","قانون الإنتخابات"
"electoral maneuver","مناورة إنتخابية"
"electoral, voting","ناخبي (صفة)"
"electors majority","أكثرية الناخبين"
"electors mobilization","تعبئة الناخبين"
"electors' vote","تصويت الناخبين"
"elephant round","لِقَاءٌ (إِجْمَاعٌ، قُمَّةٌ) الْعَمَالِقَةُ (زُعَمَاءُ الْأَحْزَابِ)"
"elevate the standard of living","رفع مستوى المعيشة"
"elite","صَفْوَةٌ، نَخْبَةٌ، خِبْرَةٌ"
"embargo policy","سِيَاسَةُ الْحِظَرِ (عَلَى سَفْنِ الْعَدُوِّ)"
"embargo","حِظْرٌ، مُسْنَعٌ (الْحِجْرُ عَلَى سَفْنِ الْعَدُوِّ)"
"embarrassing situation","وضع محرج، موقف متأزم"
"embarrassment-hesitation","ضِيقٌ، حَرَجٌ، حِبْرَةٌ"
"embassy attaché","مُلْحَقٌ سَفَارَةٌ"
"embassy personnel","مُوَظَّفَيْنِ السَّفَارَةُ"
"embassy secretary","سَكْرَتِيرُ السَّفَارَةُ"
"embassy secretary","سَكْرَتِيرُ أَوْ سَكْرَتِيرَةُ السَّفَارَةُ"
"embezzlement","إِخْتِلَاسٌ"
"embrace","حِصَارٌ، تَطْوِيقٌ، إِحَاطَةٌ، مُحَاصَرَةٌ"
"emergency area","منطقة الطوارئ (الكارثة)"
"emergency budget","ميزانية إحتياطية (ميزانية حالة الطوارئ)"
"emergency decree","مرسوم (قانون أو أمر) طارئ"
"emergency fund (Fin.)","نقود (مال) إحتياطي"
"emergency law","قانون الطوارئ (الأحكام العرفية)"
"emergency laws","قانون (قوانين) الطوارئ"
"emergency session","جلسة طارئة"
"emergency","حالة الطوارئ"
"emigrant","مهاجر، نازح، مغترب"
"emigrate (to)","نزح، هاجر، إغترب، ترك وطنه"
"emigration","هجرة، نزوح، مهاجرة"
"eminence","ساحة (المفتي)"
"emissary","مُوفَد"
"emission","إصدار (العملة)"
"emperor, dictator","قيصر، إمبراطور، حاكم مطلق"
"emperor","قيصر، إمبراطور، شاهن ساه (شاهنشاه)"
"emphatically","ملح، يشد، مُشدّد، بقوة (صفة)"
"empire","إمبراطورية، قيصرية"
"employee committee","مجلس العمال (في الشركات والمصانع)"
"employee","عامل"
"employer's boss","رب العمل"
"employment contract","عقد العمل"
"empower-delegate","خول، صرح، رخص، فوض، وكل"
"empress","قيصرة، إمبراطورة"
"empty ballot paper","ورقة اقتراع فارغة"
"enact (to...amnesty)","أصدر (أعلن) عفو"
"enact (to)","سن، أصدر، فرض"
"enact an amnesty","أصدر عَفْوًا"
"encampment","معسكر في العراء"
"encirclement policy","سياسة التطويق (سياسة تضيق الخناق)"
"encirclement strategy","إستراتيجية الحصار (التطويق)"
"encirclement-siege","تطويق، حصار"
"encirclement","أطار، سور"
"enclose (to)","فضّ، حسم، سوى (الأمر)"
"encourage (to)","نُمى، شجع، شد أزر (فلان)"
"encroach (to)","تجاوز، انتقل، إمتد إلى"
"end (to)","أوقف، التزم، راعي، حافظ (على)"
"end address","خطبة ختامية"
"end balance","تصفية الميزانية"
"end communiqué","بيان ختامي"
"end files of Helsinki","الوثيقة الختامية هلسنكي"
"end files","وثيقة نهائية (ختامية)"
"end of the legal time","تقادم، سقوط المدة (القانونية)"
"end of the term of office","نهاية مدة الحكم"
"end of war","نهاية الحرب"
"end report","تقرير نهائي"
"end vote","إقتراع نهائي (ختامي)"
"end","نهاية، ختام، خاتمة"
"endeavors","مطمح، مطمع، جهد، مسعى، محاولة"
"endurance resistance","صمود، ثبات، صبر"
"endurance-suffering","مُعاناة"
"enemy attack","هجوم العدو"
"enemy zone","منطقة العدو (أرض العدو)"
"enemy","عدو، خصم"
"energy consumption","إستهلاك الطاقة"
"energy crisis","أزمة طاقة"
"energy policy","سياسة الطاقة"
"energy shortage","أزمة (نقص) طاقة"
"energy supply","تأمين الطاقة"
"energy-based economy","اقتصاد الطاقة"
"energy, dynamism","قوة، طاقة، فعالية"
"energy","طاقة"
"enforcement of law","حقوق (سلطات) دستورية"
"England","إنجلترا"
"English","إنجليزي"
"enliven (to)","أحيا، أنعش، نشط"
"enrichment","إثراء"
"enslave (to), enthral","إستعبد، أخضع ل"
"enslaved","مستعبد (صفة)"
"enslavement","إستعباد، إخضاع، عبودية"
"ensure (to)","ضمن، أمن"
"entente between two peoples","التفاهم بين الشعوب"
"entente cordial","الاتفاق الودي"
"entering the government","الدخول إلى الحُكُومَة"
"entering visa","تَأْشِيرَة دخول"
"entitled to vote","له الحق بالانتخاب (صفة)"
"entity","كيان، شكل"
"entrance upon service","إستلام (الدخول إلى) الوظيفة"
"entrave (to)","مناورة المماطلة، عملية عرقلة"
"entrench (to)","حصن، تحصن، منع، إحتفى وراء"
"entrenchment","إستحكام، حصن، معقل"
"entrepreneurs","رب العمل، صاحب المشروع، مقاول، وكيل، متعهد"
"entrusted authorities to the president","سلطات (الموكولة إلى أو المخول بها) الرئيس"
"entry in the cabinet","الدخول إلى الوزارة"
"entry","دخول البلاد"
"environment","البيئة الخارجية (المحيطة)"
"environmental economics","الإقتصاد البيئي"
"environmental ministers","وزير البيئة"
"environmental National bureau","المصلحة الإتحادية لشؤون البيئة"
"environmentalism politics","سياسة حماية البيئة"
"environmentalism","حماية البيئة"
"equal delegation (agency)","مفوضية متساوية (متعادلة)"
"equal opportunities","تكافؤ الفرص"
"equal treatment agreement","اتفاقية (معاهدة) على أساس المعاملة بالمثل"
"equality before the law","المساواة أمام القانون"
"equality principle","مبدأ المساواة"
"equality","المساواة (في الحقوق)"
"equip (to)","جهز (بالعتاد) سلح"
"equipment, armament, supply","تجهيز، تسليح، تنوين"
"Eritrea","أريتريا"
"escalate (to)","صعد، يصعد"
"escalation","تصعيد"
"espionage center","مركز الجاسوسية"
"espionage network","شبكة التجسس"
"espionage ring","حلقة تجسس"
"espionage service","جاسوسية"
"espionage","جاسوسية، تجسس، أعمال التجسس"
"essential capital","رأس المال الأساسي"
"essential order","نظام أساسي"
"establish (to)","حدد مكاناً، وضع، أقام، نصب"
"establish","أسس، شيد، أقام، أنشأ"
"establishment of a capital","إنشاء رأس المال"
"establishment","إقامة"
"estimate, evaluation","تقدير، تخمين"
"estimation","تقدير"
"Estrada principle","مبدأ ""إسترادا"""
"Ethiopia","أثيوبيا (بلاد الحبشة)"
"ethnic minorities","أقليات عرقية"
"ethnic","عرقي (صفة)"
"etiquette","الإتيكيت، أصول اللياقة، آداب السلوك"
"Europe","أوروبا"
"European (The) Union Common Market","السوق الأوروبية المشتركة"
"European Atomic Energy Committee","مصطلح يطلق على: الجماعة الأوروبية للطاقة الذرية"
"European Coal and Steel Committee","الهيئة الأوروبية للفحم والصلب"
"European Coal and Steel Community","الجماعة الأوروبية للصلب والفحم"
"European Commission on Human Rights","اللجنة الأوروبية لحقوق الإنسان"
"european commission","لجنة الجماعة (السوق) الأوروبية"
"European Common Market","السوق الأوروبية المشتركة، الجماعة الأوروبية المشتركة"
"european community","الجماعة الأوروبية"
"European council","المجلس الأوروبي"
"European Court of Human Rights","المحكمة الأوروبية لحقوق الإنسان"
"European cultural agreement","معاهدة (اتفاقية) الثقافة الأوروبية (للتبادل الثقافي)"
"European Defense Community","الجامعة (العصبة) الأوروبية لشؤون الدفاع"
"European economic community, european market","المجموعة الأوروبية الاقتصادية، السوق الأوروبية"
"European Investment Bank","بنك الاستثمار الأوروبي (البنك الأوروبي للاستثمار"
"European League for Economic Cooperation","الجامعة (عصبة) الأوروبية للتعاون الاقتصادي"
"European monetary union","الاتحاد الأوروبي للنقد"
"European Organization for Nuclear Research","المنظمة الأوروبية لأبحاث الذرة"
"European organization for the economics cooperation","المنظمة الأوروبية للتعاون الاقتصادي"
"European parliament","البرلمان الأوروبي"
"European parliamentary union","الاتحاد البرلماني الأوروبي"
"European radio union","اتحاد الإذاعات الأوروبي"
"European treaty on exchanging criminals","معاهدة (اتفاقية) التسليم الأوروبية (للمجرمين)"
"European Union","الاتحاد الأوروبي"
"European","أوروبي (صفة)"
"europeanize (to)","جعله أوروبي، تحويله إلى الأسلوب (النظام) الأوروبي"
"evacuate (to)","أحلى (السكان من المنطقة) أجلس"
"evacuation by force","إخلاء إخباري"
"evacuation","جلاء، إخلاء"
"evaluation, assessment","تقدير، تقييم"
"evasion","خرق، محاورة، تفاد، اجتناب"
"even distribution","توزيع عادل"
"even","خاص بالذات"
"event","حادث، حادثة، واقعة"
"evolution of the economic situation","الحالة الاقتصادية وتطورها"
"ex minister-former minister","الوزير السابق"
"ex officio","بحكم الوظيفة"
"ex-president-former president","الرَّئِيس السَّابِق (الْأَسْبِق)"
"exacerbate (to)","ساء، زاد (الطين بلة) زاد سوءاً"
"exacerbated","مُتأزِّم (صفة)"
"exacerbating conflict","نزاع متفاقم (متزايد)"
"exam convention","اجتماع سري"
"examination, investigation","تفتيش، تحقيق، تحر، استقصاء"
"examine (to)","تبصر، نظر (في الأمر)"
"exceed (to)","إجتاز، تخطي، تجاوز، زاد (عن)"
"exceed the limits of his competence","جاوز حدود صلاحيته"
"excellency","سماحة، صاحب السماحة، سعادة (لقب)"
"excess country","بلد الفائض"
"excess product","إنتاج فائض (فائض انتاجي)"
"excess","فائض، زيادة"
"excessive","مُبَالَغَة، إسراف"
"exchange clause","بند (شرط) المبادلة"
"exchange experiences","تبادل الخبرات"
"exchange fire","تبادل إطلاق النار"
"exchange of fire","تبادل (إطلاق) النار"
"exchange of information","تبادل معلومات"
"exchange of points of view, opinions","تبادل الآراء، تبادل وجهات النظر، تبادل صريح للآراء"
"exchange of prisoners","تبادل الأسرى"
"exchange of ratification document","تبادل وثائق التصديق"
"exchange rate","سِعر الصرف"
"exchange, barter","تبادل، مبادلة، مقايضة"
"exchange","مقايضة، مبادلة، إستبدال، تبديل"
"exchanging acceptance policy","سياسة التفاهم المتبادل"
"exclusion, expulsion","إقالة، إبعاد، طرد"
"execute (to)","أعدم"
"execute a vote","أجرى تصويت (اقتراع)"
"execution committee","لجنة تنفيذية"
"execution group","فرقة الإعدام"
"execution place","مكان الإعدام"
"execution sale at an auction","بيع إجباري (بالمزاد العلني)"
"execution section","فرقة الإعدام"
"execution, implementation","تنفيذ، إنجاز، إتمام"
"execution","تنفيذ، إنجاز"
"executive authority","السلطة التنفيذية"
"executive body","هيئة إدارية"
"executive committee of the party","اللجنة الإدارية للحزب، اللجنة التنفيذية للحزب"
"executive committee","اللجنة التنفيذية"
"executive expenses","نفقات (مصاريف) إدارية"
"executive force","السُّلْطَةُ التنفيذية"
"executive power","سلطة تنفيذية"
"executive session","جلسة (اجتماع) الهيئة الإدارية"
"executive","سلطة الدولة، السلطة العليا"
"exequatur","براءة الاعتماد، البراءة، إجازة قنصلية"
"exercise for military experiments","تدريب (أو تجارب) عسكرية"
"exercise of a right","إستعمال حق"
"exercise, practice","تدريب، تجربة، ممارسة"
"exhaustion point","فترة (حالة) الإعياء"
"exile government","حكومة منفى (حكومة في المنفى)"
"exile","منفى، نفي"
"exile","نُفي، ينفي (إلى خارج البلاد)"
"existence basis","أساس المعيشة"
"existence condition","شرط الوجود"
"existence of a navy","وجود الأسطول البحري"
"existence right","حق الحياة (الوجود)"
"existence-entity","كيان، وجود"
"existence","وجود، قيام"
"existing","قائم، موجود، مكون، مؤلف (صفة)"
"exit, resignation","خروج، ترك (استقالة)"
"exit","خروج، عطلة، مخرج"
"expand in extension of nuclear weapons","عدم انتشار الأسلحة النووية"
"expansion plans","مُخططات (مشاريع) توسعية"
"expansion war","حرب توسعي"
"expansion","توسيع، توسع"
"expansionism","سياسة التوسع، سياسة توسعية"
"expel (to)","استثنى، أبعد، أرجع"
"expenditure policy","سياسة النفقات"
"expenditures","مصاريف نفقات، (تكاليف)"
"expenses","بذل مصاريف (أتعاب)"
"experience-knowledge","تجربة، حنكة (خبرة)"
"experimental vote","اقتراع اختباري (تجريبي)"
"expert in the Middle East affairs","خبير (شؤون) الشرق الأوسط"
"expert","خبير"
"explain (to)","عرض، شرح، أطلع، أدلى (استعرض)"
"explanation of the constitution","شرح الدستور"
"explode (to)","تفجر، انفجر، تفرقع"
"exploit (to)","استغل، استثمر"
"exploitation","إِسْتِغْلَال"
"exploited","مُسْتَغْلٍ"
"exploiter","مُسْتَغِلٍ"
"exploration aircraft","طَائِرَةُ إِسْتِكْشَاف (إِسْتِطْلَاع)"
"exploration dish","قَمَر (صَنَاعِي) لِلإِسْتِطْلَاع"
"exploration, reconnaissance","إِسْتِطْلَاع، إِسْتِكْشَاف، تَنَوُّر، تَوَعُّه"
"explore (to)","إِسْتِطْلَع، إِسْتِكْشَف، تَبِين"
"explorer","مُسْتَطْلِع، مُسْتَكْشَف"
"explosion force","قُوَّة الإِنْفِجَار"
"explosion","إِنْفِجَار"
"explosive bomb","قَبْلَة مُتَفَجِّرَة"
"explosive command","قُوَّة (مَجْمُوعَة) الهَدْم والتَّدْمِير"
"explosive freight","شَحْنَة (عُبُوَّة) مُتَفَجِّرَة"
"explosive projectile","قَذِيفَة مُتَفَجِّرَة"
"explosive salt","عُبُوَّة نَاسِفَة"
"explosive situation","مَوْقِف مُتَفَجِّر"
"explosive strength","قُوَّة الإِنْفِجَار (التَّفْجِير)"
"explosive","مَادَّة نَاسِفَة (مُتَفَجِّرَة)"
"explosive","مُتَفَجِّر (صِفَة)"
"export levy","رُسُوم التَّصْدِير"
"export prohibition","حِظَر (مِنْع) التَّصْدِير"
"export","تَصْدِير"
"expose to danger","عَرْض لِلْخَطَر"
"expose","عَرْض، أَظْهَر، بَيِّن، فَضَح"
"express (to)","أدلى، عبّر"
"express innovation","تجديد (تمديد) صريح"
"expressive acceptance","قبول واضح (صريح)"
"expropriate (to)","نزع"
"expropriation decree","أمر (مرسوم) المصادرة"
"expropriation for public interest","المصادرة من أجل المصلحة العامة"
"expropriation","نزع الملكية، مصادرة"
"expulsion, expatriation","طرد، تشريد"
"expulsion","إفراج، تسريح، فصل، طرد"
"exterior political goals","أهداف سياسية خارجية"
"extermination camps","معسكر الإبادة"
"external political problem","مسألة (مشكلة) سياسية خارجية"
"extinct","قانون ساقط (أو بائد)"
"extortion","ابتزاز"
"extra flight train","طائرة خاصة"
"extraordinary meeting of the party","مؤتمر خاص (فوق العادة) للحزب"
"extraordinary session of the cabinet","جلسة طارئة (اجتماع استثنائي) مجلس الوزراء"
"extraordinary","فوق العادة (لقب)"
"extreme left","اليسار المتطرف"
"extreme rights (laws)","حقوق متطرفة"
"extremist party","حزب متطرف"
"eye for eye and teeth for teeth","التشكيل، المجازاة بالمثل"
"fact","وقعة، حقيقة (معطيات أو مسلمات)"
"faction","حزب منشق"
"factionalism","الروح الحزبية، الحزبية"
"factor","عامل، سبب، علة، مسبب"
"factory legislation","تشريع المعامل"
"factory","مُصنِّع"
"fail (to)","يفشل، يخيب، يخفق، ينتهي إلى الفشل"
"fail of the conference","فشل المؤتمر"
"fail to pay within the dead limit","تأخير في الدفع (السداد)"
"fail","فشل، أخفق (في الأمر)، خاب"
"failed negotiations","مفاوضات فاشلة (أو الواقعة في مأزق)"
"failure of negotiations","إرجاء المفاوضات"
"failure","فشل، إخفاق"
"fair city","مدينة المعارض"
"fair office","إدارة المعرض"
"fair pass","بطاقة (هوية) المعرض"
"fair time","مدة (فترة) المعرض"
"fair","مُعرِّض"
"faith","معتقد، يقين، إيمان، عقيدة"
"faithful to the government","موال للحُكُومَة (صفة)"
"faithfully","مخلص، وفي، موال، أمين، نزيه (صفة)"
"fake, not true","تزوير، تزييف"
"fall (to)","سُقُوط، يُسقط"
"fall bombers","طائرة الإنقضاض (إنقضاضية)"
"fall of Berlin in the year 1945","سُقُوط (استسلام) برلين عام 1945"
"fall of Berlin wall in 1989","سُقُوط جدار برلين عام 1989"
"fall of the cabinet","سقوط الحكومة (مجلس الوزراء)"
"fall of the kingdomship","إسقاط الملكية"
"fall","سُقُوط"
"falling of rights (law)","استعمال حق"
"falling of the government","إطاحة (إسقاط) الحُكُومَة"
"falling of the regime","إنهار النظام"
"familial planning","التخطيط العائلي"
"familial","عائلي"
"family law","قانون العائلات"
"family policy","السياسة العائلية"
"family","أسرة، عائلة"
"famine starvation","بجاعة، جوع"
"fanatic","متعصب"
"fanatically","تعصبي (صفة)"
"fanaticism attitude","تعصب، موقف تعصبي"
"fanaticism, prejudice","تَحْجُرُ، تعصب، رأي مُسبَق"
"fanaticism","تعصب"
"fanatism for locals traditions","التعصب للعادات المحلية"
"farewell call","زيارة ختامية"
"farewell","وداع"
"farmer class","طبقة الفلاحين"
"farmer, peasant","فَلاح"
"farmer's association","رابطة الفلاحين"
"fascism","فاشية، فاشستية"
"fascist government","حكومة فاشية"
"fascist tendencies","نزعات فاشية"
"fascist","فاشي، فاشستي (شخص)"
"fatherland-loves","وطني (خاص بحب الوطن) (صفة)"
"fatherland","وطن"
"Faugel- Strauss policy","سياسة فوجل - شتراوس"
"faulty","مُغالط"
"favor principle","مبدأ الإيثار"
"favor rate","نسبة الإيثار"
"favor","إيثار"
"federal (call for the meeting of the electors council of the...assembly)","الدعوة لاجتماع هيئة الناخبين"
"federal (to possess the majority in the...parliament)","حصل على الأغلبية في المجلس الاتحادي"
"federal aids","مساعدات (مالية) اتِّحَادِيَّة"
"federal army","الجيش الاتِّحَادِي"
"federal assembly, (this assembly consists of members in the Bundestag and representatives from all of the regional","هيئة الناخبين، جمعية عامة (هذه الجمعية تتألف من أعضاء مجلس النواب الاتِّحَادِي ومن ممثلين عن جميع البرلمانات الإقليمية حيث يجتمعون"
"federal bureau","المكتب الإتحادي"
"federal central bank","البنك المركزي الإتحادي"
"federal citizen","مواطن إتحادي"
"federal commissioner","المفوض الإتحادي"
"federal competences","صلاحيات (مجال اختصاص) المجلس الإتحادي"
"federal constitution","الدستور الإتحادي"
"federal constitution","دستور اتحادي (فيدرالي)"
"federal constitutional court","المحكمة الدستورية الإتحادية"
"federal contract","عقد (اتفاقية) الحلف"
"federal contribution","مساهمة (مشاركة) للحلف"
"federal council president","رئيس المجلس الاتحادي"
"federal council representative","ممثل المجلس الاتحادي"
"federal council","مجلس الإتحاد، المجلس الإتحادي"
"federal debate","مناقشة (في) المجلس الاتحادي"
"federal decision","قرار المجلس الاتحادي"
"federal defense council","مجلس الدفاع الاتحادي"
"federal displaced law","قانون المشردين الاتحادي"
"federal Employment office","المؤسسة الاتحادية للعمل"
"federal family minister","وزير شؤون الأسرة الاتحادي"
"federal foreign affairs secretary","وزير الخارجية الاتحادي"
"federal freedom, neutrality","عدم الانحياز، الحياد"
"federal government","الحكومة الاتحادية"
"federal hall, rostrum","قاعة (منبر، منصة) المجلس الاتحادي"
"federal intelligence service","مركز الاستخبارات الاتحادي، (المخابرات الاتحادية)"
"federal Labor court","محكمة العمل الاتحادية"
"federal labor secretary, minister","وزير العمل الاتحادي"
"federal law-like regulation","تَسْوِيَة (تَنْظِيم) بواسطة التشريع الإتحادي"
"federal law","القانون الاتحادي"
"federal laws","قوانين اتِّحَادِيَّة"
"federal member","عضو في الحلف"
"federal minister of finance","وزير المالية الاتحادي"
"federal minister","وزير اتحادي"
"federal ministry","وزارة اتحادية"
"federal obligations","الالتزامات (تعهدات) الحلف"
"federal order","نِظَام فدرالي (إتحادي)"
"federal parliament","مجلس النواب الاتحادي"
"federal party","حزب فدرالي (اتحادي)"
"federal policy","سياسة الحلف، سياسة التحالف"
"federal power, authority","سلطة إتحادية"
"federal public prosecutor's office","النيابة العامة الإتحادية"
"federal regulation","تَسْوِيَة موحدة (على مستوى الإتحاد)"
"Federal Republic of Austria","جمهورية النمسا الاتحادية"
"federal republic of Germany (abbreviation) FRG","جمهورية ألمانيا الإتحادية"
"federal republic of germany","جمهورية ألمانيا الاتحادية"
"federal republic of Nigeria","جمهورية نيجيريا الاتحادية"
"federal republic presidency","مكتب رئاسة الجمهورية الإتحادية"
"federal republic president office","مكتب الرئيس الإتحادي"
"federal republic president","رئيس الجمهورية الإتحادية"
"federal reserve","الاحتياط المركزي (البنك المركزي الأميركي)"
"federal seat","مقعد في المجلس الإتحادي"
"federal secretary of defense","وزير الدفاع الإتحادي"
"federal secretary of economy","وزير الإقتصاد الإتحادي"
"federal session","جلسة (اجتماع) في المجلس الإتحادي"
"federal state","أرض (منطقة) إقليم في دولة إتحادية دولة إتحادية"
"federal supreme court","المحكمة الإتحادية"
"federal territory","إقليم (منطقة) إتحادي"
"federal veto","فيتو (حق الرفض أو النقض) في المجلس الإتحادي"
"federal-political considerations","اعتبارات سياسية (ألمانية) اتحادية"
"federal","اتِّحَادِي حَلَفِي (صفة)"
"federalism","الفيدرالية، نظام إتحادي"
"federalist","فيدرالي، إتحادي (صفة)"
"federation","إتحاد"
"fee","أجر (أجور)، مكافأة، تعويض (أجر يومي)"
"fellow citizens","مواطن، ابن البلد (أبناء البلد)"
"fellow party member","صديق (مؤيد) الحزب"
"feminist","مدافع عن (تحرير) المرأة"
"feudal aristocracy","أعيان الإقطاعيين"
"feudal men","السادة الإقطاعيين، رجال الإقطاع"
"feudal property system","نظام الملكية الإقطاعية"
"feudal state","بلد إقطاعي، دولة إقطاعية"
"feudal","إقطاعي (صفة)"
"feudalism absolutism","استبداد إقطاعي"
"feudalism","الإقطاعية"
"fiasco-failure","فشل"
"fiasco","فشل"
"fidelity","إخلاص، ولاء، أمانة، وفاء"
"field artillery","مدفعية"
"field fortifications","تخصينات الميدان"
"field hospital","مستشفى ميدان"
"field mail","البريد الحربي"
"field marshal","مشير، مارشال"
"field","ميدان، ساحة (القتال)"
"fifth convoy","الطابور الخامس"
"fight (to)","كافح ناضل، قاوم، جاهد، نازع"
"fight action","مناوشة (أعمال) حربية"
"fight airplane","طائرة حربية (مقاتلة)"
"fight announcement","إعلان الحرب (الجهاد)"
"fight area","منطقة الحرب، ميدان القتال"
"fight for existence","نزاع البقاء (على الحياة)"
"fight for freedom","جهاد، كفاح في سبيل الحرية، معركة الحرية"
"fight for independence","كفاح من أجل الإستقلال"
"fight front","جبهة القتال"
"fight gas","غاز الحروب (غاز خانق)"
"fight group battalion","كتيبة، منظمة، فئة نشيطة"
"fight mate","رفيق الكفاح (النضال)"
"fight permit authority","صلاحية للقتال"
"fight pilot","طيار مقاتل"
"fight song","نشيد حماسي"
"fight squadron","سرب طائرات مقاتلة"
"fight tendency trend","ميول (ولع) بالقتال أو بالحرب"
"fight turmoil","آتون الحرب"
"fight unit","وحدة (من وحدات) الجيش"
"fight","نضال، كفاح، قتال، معركة، موقعة، مكافحة"
"fighter (militant, combatant)","مُجاهد، مُناضل"
"fighter-bombers","قاذفة (طائرة حربية)"
"fights","قتال، اشتباكات، معارك"
"file","مَلَف"
"filled the street with mines","زرع (بث) الألغام في الطريق، ألغم الطريق"
"final declaration","بيان ختامي"
"final protocol","محضر (بروتوكول) ختامي"
"final result","نتيجة ختامية (نهائية)"
"final session","جلسة ختامية، جلسة الختام"
"final session","جَلْسَة خِتَامِيَّة"
"final solution","الحل الأخير (قرار هتلر القضاء على اليهود)"
"final","نهائي، ختامي"
"finance (to)","مُوَل"
"finance aid","معونة مالية"
"finance committee","اللجنة المالية"
"finance committee","لجنة مالية"
"finance-financial","مال، مالي"
"finance","المالية"
"financed by the government","مُمَوَّل حُكُومِيًّا"
"financial aristocracy","أرستوقراطية مالية"
"financial burdens","أعباء مالية"
"financial contribution, subsidies","إعانة مالية، مساهمة مالية"
"financial crisis","أزمة مالية"
"financial funds","صناديق مالية"
"financial law","القانون المالي"
"financial loads (burdens)","أعباء مالية"
"financial news","نشرة مالية"
"financial oligarchy","احتكار القلة"
"financial policy","سياسة مالية"
"financial reform","إصلاح مالي"
"financial situation","الوَضْع المالي"
"financial system","نظام مالي"
"financial","مالي، نقدي (صفة)"
"financing program","برنامج التمويل"
"financing","تمويل"
"Finland","فنلندا"
"Finnish","فنلندي"
"fire (to)","ضرب النار، إطلاق الرصاص"
"fire back","رد بإطلاق النار"
"fire command","أمر بإطلاق (فتح) النار"
"fire-ready","جاهز لإطلاق النار"
"fire","نار، إطلاق النار"
"firearm","سلاح ناري"
"firebomb","قنبلة حارقة (محرقة)"
"firm attitude","موقف حازم"
"first court","محكمة ابتدائية"
"fiscal autonomy","سيادة (سلطة فرض) الضريبة"
"fiscal loads (burdens)","أعباء الضرائب"
"fiscal year","سنة مالية"
"fiscal","ضريبي، خاص بالضرائب (صفة)"
"five-year plan","خطة خمسية"
"five-year term","دورة خمس سنوات"
"five-year-plan","خطة خامسية (لمدة خمس سنوات أو خمسية)"
"fixed price","سعر إلزامي"
"fixed rocket shooting base","قاعدة إطلاق صواريخ ثابتة على الأرض"
"fixing of the work agenda","أعد جدول الأعمال"
"flag","علم، لواء، راية"
"flexible attitude","موقف مرن"
"folks common people","جماهير الشعب"
"follow (to the demand)","يستجيب للمطالب"
"follower of the counter-revolution","مُضَادٌّ (أو معارض) للثورة، نصير الثورة المضادة"
"follower","تابع (ج أتباع)"
"followers","أتباع، أنصار"
"food and agriculture organization","منظمة الأمم المتحدة للتغذية والزراعة"
"for constituently reasons","لأسباب قانونية"
"for on behalf of","بالنيابة عن (فلان)"
"for security reasons","لأسباب أمنية"
"forbid (to)","يُحَرِّمُ"
"force (to)","أَرْغَمَ، أخضع"
"force balance","توازن القوى"
"force of arms","قُوَّة السِّلاح"
"force-violence-power-authority","عنف، شدة، قُوَّة، جبروت، عسف، طغيان، جور، سلطة"
"forefront, lead, head, avant-garde","طليعة"
"foreign affairs (federalist) committee","اللجنة (الإتحادية) للشؤون الخارجية"
"foreign circles","أوساط أجنبية"
"foreign countries","الخارج (الدول الأجنبية)"
"foreign credit (loan)","قرض أجنبي"
"foreign currency","عملة أجنبية، عملة صعبة"
"foreign interests","مصالح أجنبية"
"foreign legion","الفرقة الأجنبية (في الجيش الفرنسي)"
"foreign policy advisor","مستشار السياسة الخارجية"
"foreign policy of the government","سياسة الحكومة الخارجية"
"foreign policy","السياسة الخارجية"
"foreign property","ملكية أجنبية"
"foreign reign","سُلْطَةٌ أجنبية"
"foreign relationships","العلاقات الخارجية"
"foreign rule","حُكْمُ أجنبي (غريب)"
"foreign security","الأمن الخارجي"
"foreign trade","التجارة الخارجية (مع الخارج)"
"foreign workers","عامل أجنبي"
"foreign","خارجي"
"foreigner citizen","مواطنين أجانب"
"foreigner's department","دائرة الأجانب"
"foreigner's law","قانون الأجانب"
"foreigner's police","شرطة الأجانب"
"foreigner","أجنبي (جمع أجانب)"
"forfeiture of a right","سقوط الحق (فوات الميعاد) تجريد أو زوال الحق"
"forgiveness","سماح، عفو، غفران"
"form a parliamentary wing","تشكيل جناح برلماني"
"form of government","نظام الحكم"
"form of the contract","نظام العقد"
"form","شكل"
"form","نظام"
"formalities","شكليات، رسوميات"
"formality","إستمارة"
"formally","شكلي (صفة)"
"formation of a new cabinet","تأليف (تشكيل) وزارة جديدة، تأليف حكومة جديدة"
"formation of the federal government","تشكيل (تأليف) الحكومة الاتحادية"
"formation of the government","تأليف (تشكيل) الوزارة"
"formation, education, culture","تشكيل، تأليف، تكوين، ثقافة، تعليم"
"formation","تشكيل، تكوين"
"former communist","شيوعي (شيوعيون) سابق"
"forming authorities","مجلس تأسيسي"
"formulate (to)","صَاغَ"
"formulation","صِيَاغَة"
"forthcoming talks","المحادثات المنتظرة (القادمة)"
"forthcoming","مُرْمَع، مُنْتَظَر"
"fortification, strengthening","تَحْصِين، دَعْم، حِصْن"
"fortifications buildup, intensification","إِسْتِحْكَامَات"
"fortify (to)","حِصْن، مُنِع، دَعْم"
"fortress","قَلْعَة، حِصْن"
"forum-conference","مِجَال، نَدْوَة، مُنِير، مُؤْتَمَر، مُتَنَدِّع؛ سَاحَة، مِيَان"
"forwarding, sending, transmission","إِحَالَة"
"foundation of the state","وِلَادَة الدُّوَل"
"foundation-establishment","نَشْوَة"
"foundation","أَسَاس، عِمَاد، قَوَام"
"foundational conference","مُؤْتَمَر تَأْسِيسِي"
"foundational convention","إِتِّفَاقَة (مَعَاهِدَة) تَأْسِيسِيَّة"
"foundational meeting","إِجْتِمَاع تَأْسِيسِي"
"founder member","عُضْو أُصَلِي (مُؤَسِّس)"
"founder's share","حِصْنَةُ المُؤَسِّس"
"founder","مُؤَسِّس، مَشِيد"
"four-year-plan for eco-nomic development","خِطَّة رباعية للنمو (التطور) الإقتصادي"
"four-year-plan for eco-nomic upswing","خِطَّة رباعية للإنتعاش (للإزدهار) الإقتصادي"
"four-year-plan","خِطَّة رباعية (مخطط رباعي في الجزائر)"
"fourth world","العالم الرابع"
"fourth world","العَالَم الرَّابِع"
"frame ordinance","مَرْسُوم (أَمْر) عَام"
"frame rule","تَعْلِيمَات (أَحْكَام عَامَة)"
"framework","إِطَار، هَيْكَل، نِطَاق، حُدُود"
"France","فَرْنَسَا"
"fraternization","تَاخ، إِخَاء"
"fraternize (to)","تأخي"
"free candidate","مُرَشَّح حر"
"free democratic party (FDP)","الحزب الحر (الليبرالي)"
"free democratic party","الحزب الديموقراطي الحر"
"free economy","اقتصاد حُرّ"
"free elections","انتخابات حُرَّة"
"free market economy","اِقتِصَاد السُّوق الحُرَّة"
"free market","السُّوق الحُرَّة"
"free trade zone","منطقة التجارة الحرة"
"free trade","حُرِّيَّةُ التجارة"
"free","إطلاق سراح، إفراج عن"
"freedom (personal)","الحُرِّيَّات الفردية (الشخصية)"
"freedom from taxes","الإعفاء من الضرائب"
"freedom of action","حُرِّيَّةُ التصرف"
"freedom of assembly","حُرِّيَّةُ الإجتماع والتجمع (أو التجمهر)"
"freedom of belief","حُرِّيَّةُ الإيمان (العقيدة)"
"freedom of choosing one's dwelling","حُرِّيَّةُ اختيار مكان الإقامة"
"freedom of decision","حُرِّيَّةُ القرار"
"freedom of expression","حُرِّيَّةُ (التعبير عن) الرأي"
"freedom of information","حُرِّيَّةُ الإعلام"
"freedom of navigation","حرية الملاحة"
"freedom of opinion","حُرِّيَّةُ الفكر (الرأي)"
"freedom of press","حُرِّيَّةُ الصحافة"
"freedom of religion beliefs","حرية العقيدة"
"freedom of speech","حُرِّيَّةُ القول (التعبير)، حُرِّيَّةُ الكلام"
"freedom of the press","حُرِّيَّةُ الصحافة"
"freedom of thought tolerance","حُرِّيَّةُ الفكر، تسامح"
"freedom of trade","حُرِّيَّةُ التجارة"
"freedom oppression","سلب الحُرِّيَّة"
"freedom war","حرب تحريرية"
"freedom","حُرِّيَّةٌ"
"freemason-masonic","ماسوئي"
"freemasonry","ماسونية"
"freeze (to)","جمد"
"freeze the nuclear armament","تجميد التسلُّح النووي"
"freezing of technical rocket development","تجميد التطوير التقني للصواريخ"
"friction","مشادة، تطاحُن"
"friendly country","بلد صديق"
"friendly relationships","عَلاقات ودية، علاقات الصداقة"
"friendly visit","زيارة ودِّية"
"friendship bases","دعائم الصداقة"
"friendship, carrier","حامل، صاحب، ركن"
"friendship","صداقة"
"frigate","سفينة حربية صغيرة"
"fright reign","حكم الإرهاب"
"front line","خط النار"
"front","جبهة"
"frontal correspondent","مراسل حربي"
"frontal officer","في القوات المقاتلة (في الجبهة)"
"frontal soldier","محارب، جندي على خط النار"
"fugitive","هارب، فار (إلى العدو)"
"fulfill (to)","إتمام، استكمال"
"full (to maintain the... work)","إبقاء الشغل الكامل"
"full member","عضو كامل (فعّال)"
"full membership","عضوية كاملة"
"full number complete","كامل العدد (صفة)"
"full session","جلسة كاملة"
"full work","شُغل كامل"
"full","كامل، تام"
"function","مهمة، وظيفة، دور، عمل"
"functioning prime minister","رئيس الحكومة العامل (الذي يمارس سلطته التنفيذية)"
"fund","صندوق المال"
"fundamental agreement","اتفاقية أساسية"
"fundamental change","تغيير أساسي"
"fundamental condition","شرط أساسي"
"fundamental question","مسألة أساسية"
"fundamental","أساسي، جذري (صفة)"
"fundamentalist","أصولي"
"further instructions","تعليمات إضافية"
"fuse (to)","ضم إلى، دمج"
"fusion of two parties","الدماج حزبين"
"fusion","الدماج (دمج)"
"Gabon","الغابون"
"galanced growth","نُمُو متوازن"
"Gambia","غامبيا"
"gang","عصابة (مسلحين غير نظاميين)"
"gangs war","حرب غير نظامية، حرب العصابات"
"gangsters","رجال العصابة"
"gap","ثغرة، صدع، فجوة؛ فارق"
"Gaza strip","قطاع غزة"
"Gaza","غزة"
"GDR, German democratic republic","جمهورية ألمانيا الديمقراطية"
"general administration of the police","رئاسة الشرطة، الإدارة العامة للشرطة"
"general administration","المديرية العامة"
"general agreement on customs-and trade","اتفاقية عامة للتجارة والجمرك"
"general agreements on tariffs and trade (GATT)","الاتفاقية العامة حول التعريفات الجمركية والتجارة"
"general amnesty","عفو عام"
"general amnesty","عَفْو عام (شامل)"
"general assembly","جمعية عمومية، الاجتماع العام"
"general attack","هجوم عام (شامل)"
"general consul","قنصل عام"
"general consulate","قنصلية عامة"
"general declaration on human rights","بيان عام حول حقوق الإنسان"
"general economic activity","النشاط الاقتصادي العام"
"general economic growth","نُمُو اقتصادي عام"
"general emergency","الطوارئ العام"
"general inspector","مفتش عام (للجيش)"
"general law","القانون العام"
"general major","قائد أعلى"
"general meeting","اجتماع الأعضاء"
"general mobilization","التغير العام"
"general monopoly","إحتكار عام"
"general mood turbelance","تعكير الجوّ العام"
"general order","النِظَام العام"
"general plan","خِطَّة عامة (شاملة)"
"general point of view","وجهة نظر"
"general secretariat","أمانة عامة (سكرتارية)"
"general session of the United Nations organization","اجتماع عام للأمم المتحدة"
"general session","جلسة عمومية، اجتماع عام، جلسة عامة"
"general staff","أركان الحرب، هيئة الأركان"
"general strike","إضراب عام (شامل)"
"general","عام، شامل"
"generalization","تعميم"
"generalize (to)","عَمَّم"
"Geneva (related to Geneva)","خاص بجنيف"
"Geneva conference on the Middle East","مؤتمر جنيف للشرق الأوسط"
"Geneva convention on the implementation of arbitration decisions","معاهدة جنيف حول تنفيذ قرارات التحكيم"
"Geneva convention on the mistreatment of prisoners of war","معاهدة جنيف حول معاملة أسرى الحرب"
"Geneva convention on the protection of civilians during times of war","معاهدة جنيف لحماية المدنيين في أوقات الحرب"
"Geneva convention","معاهدة (اتفاقية) جنيف"
"Geneva conventions","اتفاقيات جنيف"
"Geneva peace conference","مؤتمر جنيف للسلام"
"Geneva peace convention","معاهدة جنيف للسلام"
"Geneva","جنيف"
"gentlemen's agreement","وفاق الأشراف، إتفاق شرف (أو شريف)"
"genuineness","أصالة"
"German civil code","القانون المدني"
"German union association","اتحاد النقابات الألمانية"
"German","ألماني"
"Germany.","ألمانيا"
"gestapo, abbreviation for secret state police","الجستابو (البوليس السري/المخابرات)"
"get (to)engaged to","يلتزم بـ"
"Ghana","غانا"
"ghetto","حي (مكان تقيم فيه أقلية منبوذة)"
"give (to)","سلم، قدم"
"give an order for a curfew","أصدر أمر منع التجول"
"give up an office","ترك منصب"
"give up","تسليم، استسلام"
"giving, handing","تسليم، تقديم"
"glasses","نظارة، منظار"
"global strategy","إستراتيجية شاملة (عالمية)"
"globalization","عولمة"
"go over (to)","فَرَّ، جَاءَ إِلَى"
"go to the polls","يذهب للانتخابات (للتصويت)"
"goal (for the...of, in order to)","يَهْدِفُ"
"goal","هدف، مرام، ملتقى (الأنظار)، وجهة، مقصد، مأرب، غاية"
"God is with this","إن الله مع الصابرين"
"good bye","وَدَاعاً"
"good economy","عَافِيَةٌ اقْتِسَادِيَّةٌ"
"good neighborhood relationships","عَلاقات حسن الجوار"
"good reception","إستقبال بخفاوة"
"good","جِيدَ"
"goods right","نِظَامُ الْأَمْوَالِ بَيْنَ الزَّوْجَيْنِ"
"governing class","الطَّبَقَةُ الْحَاكِمَةُ"
"governing","تَحْكُمِي، تَسْلُطِي (صِفَةً)"
"government (democratic elected)","حُكُومَة ديموقراطية منتخبة بحرية"
"government (stable )","حُكُومَة مستقرة"
"government (to follow the...)","يتبع الحُكُومَة"
"government (united national)","حُكُومَةُ الوحدة الوطنية"
"government act","عَمَل حُكُومِيّ"
"government actions","أعمال (تصرفات) الحُكُومَة"
"government agreement","اتفاقية (معاهدة) الحُكُومَة"
"government alliance","تخالف حُكُومِيّ"
"government allowance","مساعدة حُكُومِيّة"
"government announcement","بيان حُكُومِيّ"
"government appliance","الجهاز الحُكُومِيّ، الأداة الحاكمة"
"government assembly","تركيب (تشكيل) الحُكُومَة"
"government assembly","نظام المجالس"
"government authorities","سلطات (صلاحيات) الحُكُومَة"
"government bank","مقعد (ج مقاعد) الوزير"
"government basis","القاعدة الحُكُومِيّة"
"government bond","قرض حُكُومِيّ"
"government campaign","حملة حُكُومِيّة"
"government camps","المعسكر الحُكُومِيّ"
"government career","المهنة الحُكُومِيّة"
"government circles","أوساط (دوائر) الحُكُومَة"
"government coalition","ائتلاف (تكتل) حُكُومِيّ"
"government commencement","تولى الحكم"
"government commission","لجنة حُكُومِيَّة"
"government communiqué","بيان حُكُومِي"
"government contract","تكليف (مهمة، مأمورية) حُكُومِي"
"government council","مجلس الشورى"
"government course","الإتجاه السياسي للحُكُومَة"
"government crisis","أزمة حُكُومِيَّة (وزارية)"
"government crossing","يتجاوز السلطة"
"government decentralization","لامركزية حُكُومِيَّة"
"government decision","قرار حُكُومِي"
"government decree","مَرْسُوم حَكُومِي"
"government defeat","هزيمة حُكُومِيَّة (نكسة)"
"government delegation","وفد حُكُومِي (بعثة حُكُومِيَّة)"
"government demands","مطالب الحُكُومَة"
"government design","مشروع حُكُومِي"
"government district","مديرية، محافظة"
"government expenditures","نفقات (مصروفات) الحُكُومَة"
"government experience","خبرة (حركة) في الشؤون الحُكُومِيَّة"
"government experts","خبراء في شؤون الحُكُومَة (الدولة)"
"government fall","إنهار الحُكُومَة"
"government federal system","نظام حكم اتِّحَادِي (فيدرالي)"
"government functions","مهام الحُكُومَة"
"government grant","إعانة حُكُومِيَّة"
"government hierarchy","تدرج المناصب الحُكُومِيَّة (التسلسل الحُكُومِي)"
"government incapacity","عجز (قصور أو عدم أهلية) الحُكُومَة"
"government initiative","مبادرة الحُكُومَة (حُكُومِيَّة)"
"government institutions","مؤسسات (منشآت) الدولة"
"government instruments","أداة (وسيلة) الحكم"
"government intervene-tion","التدخل الحكومي"
"government leadership","قيادة الحكومة"
"government leading member in the","عضو قيادي في الحكومة"
"government legislation","التشريع الحكومي"
"government level","المستوى الحكومي، الصعيد الحكومي"
"government liability","مسؤولية الدولة (هذه الكلمة معان شتى يقررها النص أو السياق وملابسات الاستعمال، منها: المسؤولية (بأنواعها) سواء كانت عن خسائر أو أضرار أو جزاءات أو مصاريف أو غير ذلك)"
"government majority","أكثرية الحكومة"
"government mandate","مرسوم حكومي"
"government member","عضو الحكومة"
"government monopoly","احتكار الحكومة (الدولة)"
"government new entity","إعادة تأليف الوزارة (الحكومة)"
"government of the unique party","حكومة الحزب الواحد"
"government officer","موظف حكومي، مسؤول"
"government opinion","رأي الحكومة"
"government opponent","معارض (مناوئ) للحكومة"
"government ordinance","أمر حكومي"
"government organ","جهاز (هيئة) حكومي"
"government participation","المشاركة (المساهمة) في الحكومة"
"government partners","شريك الحكومة (حكومي)"
"government party organ","جهاز الحزب الحاكم"
"government party","الحزب الحاكم"
"government party","حزب كفؤ للحكم (أهل للحكم)"
"government persuasion","إصرار (تصميم، عزم) الحكومة"
"government place","مصلحة (إدارة) حكومية"
"government politics","سياسة الحكومة"
"government popularity","شعبية الحكومة"
"government process","المدرج (التطور التدريجي) الحكومي"
"government program","برنامج الحكومة"
"government reassembly","تعديل الحكومة"
"government reconstitution","إعادة تأليف الحكومة"
"government report","تقرير (بيان) حكومي"
"government representatives","ممثل (رسي) الحكومة"
"government reshuffle","تعديل الحكومة (الوزارة)"
"government resign","استقالة الحكومة"
"government resignation","استقالة الحكومة (الوزارة)"
"government responsibility against the parliament","مسؤولية الحكومة أمام البرلمان"
"government responsibility","مسؤولية الحكومة"
"government session","جلسة (اجتماع) مجلس الوزراء"
"government spokespersons","ناطق حكومي، الناطق بلسان الحكومة"
"government stability","استقرار الحكومة"
"government stations","منصب حكومي"
"government steering","قيادة الحكومة، الإتحاد الحكومي"
"government strategy","استراتيجية الحكم"
"government structure","الهيكل (التركيب) الحكومي"
"government stubbornness","عناد الحكومة"
"government style","أسلوب (نظام) الحكومة"
"government success","نجاح الحكومة"
"government suggestions","مقترحات الحكومة (حكومية)"
"government supervision","رقابة الحكومة (السلطة التنفيذية)"
"government system","نظام الحكم"
"government takeover","تولي الحكم (السلطة)"
"government tasks","مهام (واجبات) الحكومة"
"government team","فريق وزاري"
"government totalitarian system","نظام حكم استبدادي"
"government units","وحدات حكومية"
"government way","أسلوب الحكم"
"government work","العمل (النشاط أو المهام) الحكومي"
"government, ministry, authorized power","حُكُومَة، وزارة، سلطة"
"government's leaders","زعماء الحكومة"
"government","خَاصٌ بِالْحُكُومَةِ"
"governmental activity","نشاط (أعمال) الحُكُومَة"
"governmental assembling","تأليف حُكُومَة"
"governmental authorized one","معتمد لدى الحُكُومَة"
"governmental balance","توازن في الحُكُومَة"
"governmental base","مقر الحُكُومَة"
"governmental businesses","مؤسسة حُكُومِيّة"
"governmental control","رقابة حُكُومِيّة"
"governmental decision","موقف الحُكُومَة"
"governmental facilities","مؤسسات رسمية"
"governmental fall","يُسْقِطُ (يُطْبَح) الحُكُومَة"
"governmental forces","القوات الحُكُومِيّة"
"governmental funding","تمويل حُكُومِيّ"
"governmental guarantee","ضمان حكومي"
"governmental insurance","ضمان حكومي"
"governmental law project, governmental project","مشروع حُكُومِيّ، مشروع قانون حُكُومِيّ"
"governmental office or agency","دائرة (سلطة أو وكالة) حُكُومِيّة"
"governmental office","منصب حُكُومِيّ"
"governmental place","وكالة حُكُومِيّة، جهاز حُكُومِيّ"
"governmental policy, position","موقف الحُكُومَة"
"governmental position","موضع (وضع أو مكانة) الحُكُومَة"
"governmental property","ملكية الحكومة (الدولة)"
"governmental session","اِجْتِمَاع (جَلْسَة) مَجْلِس الْوُزَرَاءِ"
"governmental","حُكُومِيّ (صفة)"
"gracious neutrality","حياد خبير (يريد الخير)، يخرق الحياد"
"grand Mufti of Jerusalem","مفتي القدس الأكبر"
"grant the appearance (in front of the pope in the Vatican)","منح المثول (أمام البابا في الفاتيكان)"
"great coalition","التلاف كبير"
"great mass","السواد الأعظم، العامة، العوام"
"greater military troops","قوات متفوقة عدداً"
"green party crisis","محنة ضمن الحزب الأخضر"
"ground air rocket","صاروخ أرض - جو"
"ground expropriation","نزع الملكية"
"ground monopoly","إحتكار التربة"
"ground to ground rocket","صاروخ أرض - أرض"
"ground troops","فرق الجيش"
"group-gathering","تجمع (ج تجمعات)"
"group","مجموعة، جماعة"
"growth rate","نسبة النمو"
"growth","نُمُو، زيادة، ازدياد، تزايد"
"grumbler","خصيم، مُحب للخصام، محاك، كثير التبرم والشكوى، معاكس"
"guarantee","ضمان، كفالة"
"guard","حارس، خفير"
"Guatemala","غواتيمالا، جواتيمالا"
"guerrilla war","حَرْبُ العصابات (حَرْبٌ غير نظامية)"
"guerrilla warfare","حرب عصابات، حرب غير نظامية"
"guerrilla","مغوار، فدائي، رجل العصابات"
"guideline, usually, pl.","تعليمات، إرشادات، توجيهات"
"guild","نقابة، رابطة"
"gulf states","دَوْلُ الْخَلِيجِ"
"gulf war","حَرِيبُ الْخَلِيجِ"
"gulf","خَلِيجَ"
"gun fire","نيران المدافع"
"gunboat diplomacy","دبلوماسية المدافع"
"gunboat","سفينة مدفعية"
"gunner","جندي المدفعية، رامي المدفع، المدفعي"
"gunshot","طلقة مدفع"
"Guyana","غويانا"
"habitat","مجال الحياة، حياة، بيئة"
"Hadramut","حضرموت"
"Hague (the)","معاهدات لاهاي"
"Haifa","حيفا"
"Haiti","هايتي"
"halt","وقوف، ركود، تعطل، تجميد، توقف"
"Hama","حماة"
"Hamburg is the stronghold of the social democratic party","هامبورج هي حصن الحزب الديموقراطي الاشتراكي الألماني"
"hand over (to)","سلم، أحوال، أوكل (القضية إلى محام)"
"handicap","عائق، عقبة"
"happy, satisfied","مُرْتاح، مبسوط، راضٍ"
"harass (to)","أعنت، أرهق، أهان"
"hard currency market","سُوق العَمَلَات الصَّعْبَة"
"hard enemy","عدو لدود"
"hard fight","قتال عنيف (نضال مرير)"
"hard motto","عملة صعبة"
"hard, bitter, harsh","عنيف، مرير، قاس، شديد (صفة)"
"harsh measures","إجراءات عنيفة، وسائل عنيفة، تدابير شديدة"
"hate","بغض، كره، حقد، مقت، عداوة"
"Hauran","حوران"
"he formed an alliance with someone","اتَّخَذَ (تُخَالِف) مع فلان"
"he judged someone for act he has done","حاسب فلان أو حمله مسؤولية (ما يفعل)"
"he left the session protes- ting","إنسحب من الجلسة احتجاجاً"
"head delegation","المفوضية العليا"
"head of state, president","رئيس الدولة، رئيس"
"head of state","رئيس الدولة"
"head of the council","رئيس المجلس"
"head of the government","على رأس الحكومة (أي في قمة الحكومة)"
"head officer of the military forces","القائد العام (الأعلى) للقوات الحربية"
"head sergeant","رقيب أول (رتبة عسكرية)"
"head supervisor","كبير المراقبين"
"head the parliamentary wing","يرأس الجناح في البرلمان"
"head, leadership","قمة، رأس، مقدمة، قيادة"
"head","رئيس"
"headquarter","مبنى قيادة الجيش، مقر رئاسة الجيش، مقر الأمر"
"headquarters","مركز القيادة"
"heavy bombardment by cannons","قصف عنيف (شديد) بواسطة المدافع"
"heavy industry","الصناعات الثقيلة"
"heavy industry","صِنَاعَة ثَقِيلَة"
"heavy weapons","أسلحة ثقيلة"
"heavy-armed","مزود بالسلاح الثقيل (صفة)"
"heavy-casualty","مصاب بإصابة خطيرة، مصاب بجروح خطيرة"
"heavy","ثقيل"
"Hebrew (adj.)","عبري، عبراني (صفة)"
"Hebrew","عبري، عبراني"
"Hebron","الخليل"
"hegemony of the two superpowers","سيطرة الدولتين القطين (العظميين)"
"hegemony","خاص بالسيطرة والتسلط، سيطرة، تسلط، هيمنة"
"helicopter","طائرة عامودية، حوامة، مروحية، هليكوبتر"
"help (to)","عاون، ساعد، وقف إلى جانب"
"helper of the minestry","وكيل الوزارة المساعد، وكيل وزير الدولة"
"helping and supporting","إعانة (مساعدة) تغطية"
"Helsinki","هلسنكي"
"hero","بَطَل"
"heroic deed","عمل بطولي"
"heroic","بطولي (صفة)"
"heroically","بطولي (صفة)"
"heroism","بطولة"
"hesitation","تُرَدُّ"
"hierarchic","طبقي"
"hierarchical order","نظام تدريجي، التسلسلية، تسلسل الرتب أو الوظائف"
"hierarchical","تدريجي، تسلسلي (صفة)"
"high army command","قيادة الجيش العليا"
"high authority","سلطة عليا"
"high commissioner","مندوب (مفوض) سام"
"high office","دائرة (مصلحة) عامة"
"high placed credits","مصالح عليا"
"high placed organizations","هيئة عليا"
"high power sovereign","سُلْطَة غَلِيَا"
"high ranking official","موظف مرموق، موظف على مستوى عال"
"high scale session","اِجْتِمَاع عَلَى أَعْلَى الْمُسْتَوَيَات"
"high taxes rate","فرض ضرائب عالية"
"high treason","خيانة عظمى"
"high voting participation","مُشَارَكَةٌ كَبِيرَةٌ بِالِانْتِخَابَاتِ"
"high","عال"
"higher military troops","متفوق عسكرياً"
"higher","عالي، أعلى، الأعلى"
"highest Soviet counsel","مَجْلِس السُّوقِيَّات الأَعْلَى"
"highness","سيادة، سوء، صاحب الجلالة"
"hijacker","قرصان الجو"
"hijacking","اختطاف طائرة"
"Hijaz","الحجاز"
"his majesty","صاحب السمو، صاحب الجلالة"
"historic development","تطور تاريخي"
"historical facts, history","تاريخ، وقائع، مجموعة أخبار ذات طابع تاريخي"
"historical progress","تقدم تاريخي"
"history of the peoples","تاريخ الشعوب"
"hit strike","ضربة، صدمة"
"hold down (to) on the work agenda","جدول أعمال مؤقت"
"hold on to the party's policy","التزم (تقيد) بالخط السياسي للجناح البرلماني"
"hole war","حَرْبُ الخنادق"
"honorary function","منصب فخري"
"hostile act","عمل عدائي"
"hostile area","منطقة (أرض) العدو"
"hostile attitude","موقف عدائي (عدواني)"
"hostile demonstration","مُظَاهَرَة مُعَادِيَة"
"house of Lords","المجلس الأعلى (للشيوخ)"
"household expenses","مصاريف البيت"
"housing crisis","أزمة سكنية"
"housing politicy","سياسة الإسكان"
"housing","الإسكان"
"howitzer","مدفع ميدان"
"human being, person","إنسان، بشر"
"human catastrophe","كارثة إنسانية"
"human dignity","الكرامة الإنسانية"
"human right charter","ميثاق حقوق الإنسان"
"human right commission","لجنة حقوق الإنسان"
"human right convention","معاهدة (اتفاقية) حقوق الإنسان"
"human rights commission","لجنة حقوق الإنسان"
"human rights court","محكمة حقوق الإنسان"
"human rights","حقوق الإنسان"
"human","إنساني"
"humanitarian association","مجتمع إنساني"
"Hungarian people's republic","جمهورية هنجاريا الشعبية"
"hungarian","هنجاري (صفة)"
"Hungarian","هنجاري"
"Hungary","هنجاريا"
"hungers","الجياع"
"hunt airplane","طائرة مقاتلة (مطاردة)"
"hunt pilot","طيار مقاتل"
"hunt squadron","سرب طائرات مقاتلة"
"hunt","صيد، مطاردة"
"hurting criticism","نقد جارح (تجريح)"
"hurting people","أذى الشعوب"
"hymn","نشيد"
"hypocrite","مُنافق"
"i have the honor to tell you that","يشرفني بأن أعلمكم بأن..."
"i.R. abbreviation for in the retirement","متقاعد أو محال على المعاش (بالمعاش)"
"Iceland","إيسلندا"
"ideological conflict","صراع إيديولوجي (فكري/عقائدي)"
"ideological confrontation","بحاجة إيديولوجية (فكري)"
"ideological","عقائدي (صفة من عقيدة)، مذهبي"
"ideologist","عقائدي، صاحب عقيدة، مُنظَر عقائدي"
"ideologization","تحويل إلى عقيدة"
"ideology","عقيدة، إيديولوجية، مذهب"
"ignore (to)","تجاهل، تناسي، تغاضي"
"ignoring the law","بجهل (عدم الإحاطة) القانون"
"illegal political secret activity","نشاط سياسي سري (خفي)"
"illegal, void","مُخالف للقانون، ظُلْم، جور، باطل (صفة)"
"illegal","غَيْرُ شرعي (أو قانوني)، سري (صفة)"
"illegality","عدم القانونية (الخروج عن المبادئ القانونية)، اللاقانونية"
"illegally","غير شرعي (صفة)"
"illumined authority","صلاحيات مفتوحة (غير محددة)"
"illustrate (to)","أوضح، بيّن"
"imbalance (social)","عدم مساواة اجتماعية"
"imbalance","فقدان التوازن، اختلال"
"immigrant","نازح، مهاجر"
"immigrate (to)","نزح، هاجر"
"immigration permission","إذن (ساح) الهجرة"
"immigration policy","سياسة الهجرة"
"immigration restrictions","قيود الهجرة"
"immigration","نزوح، هجرة"
"imminent danger","خسائر فادحة"
"immunity","مناعة، حصانة"
"impact, effect","تأثير، عواقب"
"impartial, neutral","مستقل عن الأحزاب، مستقل، غير منحاز، حيادي (صفة)"
"impartiality","عدم الإختيار، دُول عدم الإختيار"
"impartially","غير متحيز، غير متحزب لـ... (صفة)"
"impediment","إعاقة، معوق"
"imperial","قيصري، إمبريالي (صفة)"
"imperialism (politics of the great powers)","سياسة الدول العظمى"
"imperialism","إمبريالية، استعمار (سياسة التوسع الاستعماري أو الإمبراطوري)"
"imperialist","مستعمر"
"imperialistic bourgeoisie","برجوازية استعمارية"
"imperialistic monopoly","إحتكار إمبريالي"
"imperialistic tendencies","نزعات استعمارية"
"imperialistic","استعماري (صفة)"
"imperially","قيصري"
"implementation of the clause or the object of the contract","تحقيق بند أو موضوع المُعَاهَدَة"
"implementation of the plan","تنفيذ المشروع"
"implementation","تنفيذ"
"implication, involvement","تورط"
"implicit (between the lines)","بين السطور، ضمني"
"implied agreement","اتفاق ضمني"
"import embargo","حَظْرٌ عَلَى الْإِسْتِيرَاد"
"import excess","فائض الواردات"
"import of capital","إِسْتِيرَاد رُؤُوسُ الْأَمْوَال"
"import surcharge","ضَرِيَّةُ الْإِسْتِيرَاد، رُسُومُ الْإِسْتِيرَاد"
"import volumes","حجم الواردات"
"import","إِسْتِيرَاد"
"important point","نقطة (شرط) هامة"
"important question","مَسْأَلَة أَسَاسِيَّة، سُؤَال مِحْوَرِي"
"important, powerful","بَالِغ، هَام، قَوِي (صِفَة)"
"impose (to)","فَرْض، يَفْرِض"
"impose an embargo","فَرْضِ الْحِظَرِ (الْحِجْرُ)"
"impotence","إِعْيَاء، ضَعْف، عَجَز"
"imprison (to)","سِجِين، مُعْتَقَل"
"imprisonment penalty","عُقُوبَة السِّجْن"
"imprisonment","حَبْس، سِجَن، إِعْتِقَال"
"improve (to)","إِصْلَاح، تَحْسِين، تَصْحِيح"
"improvement in prices","ارْتِفَاع أَسْعَار (الْعَمَلَة)"
"improvement of the relationships","تحسين العلاقات"
"improvement of the situation","تَحَسُّن (تَحْسِين) فِي الْمَوْقِف"
"improvement","تَحَسُّن"
"impulse","دَافِع، بَاعِث، حَافِز"
"in charge of the formation of the government","تكليف بتشكيل الحكومة"
"in progress negotiations","مفاوضات جارية"
"in the case of war","في حالة نشوب الحَرْب"
"inadequate procedures","إجراءات غير كافية"
"inaugural speech","خِطَاب التَّوَلِّي، أَوَّل خِطَاب (بَعْد تَوَلِّي السُّلْطَة)"
"inauguration of the parliament session","افْتِتَاح الدَّوْرَة (التَّشْرِيعِيَّة) لِلْبِرْلَان"
"inauguration session","جَلْسَة افْتِتَاحِيَّة"
"inauguration speech","كَلِمَة (خِطَاب) افْتِتَاحِيَّة"
"inauguration","فَتْح، افْتِتَاح، انْفِتَاح"
"incapacity of paying","عَجْزٌ عَنِ (عَدَم قُدْرَة عَلَى) الدَّفْع أَوِ التَّسْدِيد"
"incarnate (to)","جَسَد"
"incarnation","تَجْسِيد"
"incident","حَادِثَة، حَادِث (تَحَرُّشَات)"
"include (to)","احتوى، ضم، شل، أحاط، وسع، اشتمل (على)"
"included in the law","وقع ضمن القانون"
"incognito traveller","مسافر متنكر (بأسم مستعار)"
"incognito","خفية، سرّاً، تنكر، تستر"
"income","دُخِل، مدخول، راتب، مرتب"
"incompatibility","تعارض، تنافر، عدم إجماع، تضاد"
"incompatibly","متناقض، متنافر، متنافٍ، منافٍ، لا ينسجم مع، لا يتفق مع، يتعارض مع (صفة)"
"incompletness of the quorum","عدم اكتمال النصاب (القانوني)"
"incongruity","اختلاف، تناقض، خلاف، تباين"
"inconsistent","مُتناقض (صفة)"
"incontestable, indisputable","فردية، ماهية، شخصية"
"incorporation","ضم، دمج، انتساب إلى"
"incorrectly","غير صحيح، خاطيء، مخالف للحقيقة (صفة)"
"increase in offering","زيادة، تزايد، ارتفاع"
"increase in prices bonus","علاوة الغلاء"
"increase in prices installment","نسبة الغلاء"
"increase in prices","عرض زائد لليد العاملة"
"increase in prices","غلى، رفع الأسعار"
"increase in reserves","فائض، وفرة"
"increase in the demand for workers","عرض زائد (وفرة)"
"increase of consumption","زيادة الاستهلاك"
"increase of his popu- larity","شعبيته (لدى الشعب) تزداد"
"increase of life expenditure","ارتفاع نفقات المعيشة (غلاء المعيشة)"
"increase of prices related to market stock exchange","ارتفاع أسعار ناتج عن سعر الصرف (البورصة)"
"increase of tension","ازدياد التوترات"
"increase of the restrictive politics","زيادة سياسة القيود"
"increase of the tensions","زيادة حدة التوترات"
"increase of the war danger","ازدياد خطر (نشوب) الحرب"
"increase the production","زيادة الإنتاج"
"increase the standard of living","رفع مستوى المعيشة"
"increase, strengthens","تفاقم، زيادة، اشتداد"
"increase","ازدياد، زيادة، تزايد"
"incriminate (to)","حمل، أثقل، جُرم"
"incumbent minister","وزير عامل (بالوظيفة)"
"incumbent president","الرئيس المعين (الذي يمارس مهامه)"
"indebtedness politics","سياسة الاستدانة"
"indebtedness","استدانة"
"indemnification","تعويضات"
"indemnity agreements","معاهدة التعويضات"
"indemnity law","قانون التعويضات"
"independence day","عيد الإستقلال"
"independence declaration","إعلان الإستقلال"
"independence manifestation","إعلان الإستقلال"
"independence struggle","كفاح (نضال) من أجل الإستقلال"
"independence war","حرب الإستقلال"
"independence war","حَرْبُ الإستقلال"
"independence, freedom of movement","إِسْتِقْلَال، حرية التصرف"
"independence","استقلال، حرية"
"independent from the parties","مستقل (عن الأحزاب)"
"independent political committee","هيئة سياسية مستقلة"
"independent states","دَوْلَة مُستَقِلَة"
"independent","مستقل، حر، منفصل عن"
"India","الهند"
"Indian ocean","المحيط الهندي"
"indications","توجيهات (تعليمات) المجلس"
"indicator","مؤشر"
"indirectly","غير مباشر، تضميني، بالواسطة"
"indisputable","فردية، ماهية، شخصية"
"indivisibility","الالانقسامية، عدم قابلية التجزؤ أو الانقسام"
"indivisible","لا يتجزأ، لا ينقسم (صفة)"
"Indochina","الهند الصينية"
"Indonesia","إندونيسيا"
"indoors","خاص بالداخل، داخلي"
"induce (to)","دفع إلى، قاد إلى"
"induced (he or she...me to)","دَفْعُ بِي إِلَى، دَفْعِي إِلَى"
"industrial anarchy","فوضى صناعية"
"industrial city","مَدِينَةُ صِنَاعِيَّة"
"industrial community","مِنْطَقَةُ صِنَاعِيَّة"
"industrial companies","مُؤَسَّسَاتُ صِنَاعِيَّة"
"industrial company","مَجْمَعُ صِنَاعِي"
"industrial concentration","تركيز صناعي"
"industrial country","بَلَدٌ صِنَاعِي"
"industrial goods","إِتِّبَاجُ صِنَاعِي"
"industrial land","أَرْضُ صِنَاعِيَّة"
"industrial planning","تخطيط صناعي"
"industrial trust, leagues","اتِّحَادَات احتكارية صناعية"
"industrial wealth (potential)","الثروة الصناعية"
"industrial","صِنَاعِي"
"industrialization policy","سِيَاسَةُ التَّصْنِيع"
"industrialization","تَصْنِيعُ (تَطْبِيقُ الْوَسَائِلِ الصِّنَاعِيَّة)"
"industrialize (to)","صِنَع"
"industry conurbation","مِنْطَقَةُ التَّرَاكُمِ الصِّنَاعِيِّ (مِنْطَقَةُ مِلْيَنَة بِالْمَصَانِع)"
"industry crisis","أَزْمَةُ صِنَاعِيَّة"
"industry growth","نُفُوٌّ صِنَاعِي"
"industry harbour","مِينَاءُ صِنَاعِي"
"industry investment","إِسْتِشْمَارُ صِنَاعِي"
"industry monopoly","إِحْتِكَارُ صِنَاعِي"
"industry owner","رَجُلُ الصِّنَاعَة، صَاحِبُ مَصْنَع"
"industry policy","سِيَاسَةُ صِنَاعِيَّة"
"industry rationalization","تَرْشِيدُ الصِّنَاعَة (تَنْهِيج أَوْ تَنْظِيمُ عِلْمِي لِلصِّنَاعَة)"
"industry revolution","ثَوْرَةُ صِنَاعِيَّة"
"industry sector","قِطَاعُ صِنَاعِي"
"industry state","دَوْلَةُ صِنَاعِيَّة"
"industry structure","تركيب (هيكل) الصِناعة، الهيكل الصِناعي"
"industry","صِنَاعَة"
"inefficiency","عدم التأثير، بطلان، عدم صحة"
"inevitably","لازم، لا بدّ منه (صفة) حتماً، حتمي"
"infantry gun","مدفع ميدان"
"infantry projectile","مقدّوف ناري"
"infantry weapon","سلاح المشاة"
"infantry","المشاة (الفرقة التي تحارب على الأرض)"
"infantryman","جندي مشاة"
"infiltrate (to)","تغلغل، تسلل، إنسلال، تسرب"
"infiltration policy","سياسة التغلغل"
"infiltration","تغلغل، تسلل، إنسلال"
"inflammation","إندلاع، التهاب (الموقف)"
"inflation crisis","أزمة التضخم"
"inflation","تضخم مالي"
"inflationary tendency","إتجاهات تضخمية"
"inflection, bending","إذعان، ركوع، خضوع، رضوخ"
"influence field","جمال النفوذ"
"influential","قوى النفوذ، ذو مكانة (صفة)"
"influx","إقبال، تدفق"
"informal","غير رسمي غير رسمي (صفة)"
"informally","غير (شبه) رسمي"
"information ministry","وزارة الإعلام"
"information on a point of law","استشارة قانونية"
"information policy","سياسة الإعلام"
"information right","حق الإعلام (أو الإستعلام)"
"information session","جلسة إعلامية (أو استعلامية)"
"information","معلومات"
"informed","مطلع، عليم (صفة)"
"informer","مخبر الشرطة"
"infraction","مُخالفة"
"infrastructure of the economy","هيكل أساسي للإقتصاد"
"infrastructure","جهاز أساسي، تركيب (أو هيكل) أساسي"
"inhibit (to)","حرم، منع"
"initiative right","حق الإقتراح (المبادرة)"
"initiative","مبادرة، إقتراح، حق المبادرة"
"initiator","محرك، باعث، مسبب، موجه، مُحرّض (صاحب المبادرة)"
"injure (to)","حرق، أساء، انتهك، خالف، نقض، أخل"
"injured in war","مشوّه حرب"
"injured","ذو عاهة، معاق، مشوّه"
"injury (crossing) of the safety of the land","خرق (انتهاك) سلامة الأراضي"
"injury of the contract","نقض المعاهدة"
"injury of the right","إنهك حق"
"injury, crossing","خرق، انتهاك، إخلال، مخالفة"
"injury","جرح، ضرر، نقض"
"inland","داخل البلاد (قومي)"
"innate rights (laws)","حقوق طبيعية"
"inner European","أوروبي داخلي (بين/وسط/متبادل)"
"inner reforms","إصلاحات داخلية"
"inner states, ( this expres- sion is given to countries that aren't limited with beaches which oblige them to pass through neighboring countries under transit in order to reach the sea)","هذا المصطلح يطلق على البلدان التي لا تحدها شواطئ، مما يضطرها للعبر ضمن البلدان المجاورة عن طريق الترانزيت لتستطيع الوصول إلى البحر"
"inner unrests","اضطرابات داخلية"
"inner- issues","شؤون داخلية"
"inner-","داخلي (صفة)"
"inner-german relationships","العلاقات الداخلية الألمانية"
"inner-office","ضمن الوظيفة"
"inner-parliamentary","برلماني داخلي (ضمن البرلمان)"
"inner-partial opposition","مُعَارَضَة حزبية داخلية"
"inner-party","حزبي (داخل الحزب)"
"inner","داخلي"
"innovated","مُحدَّث"
"innovation","تجديد، متابعة، مواصلة، تمديد"
"input output analysis","تحليل المدخلات والمخرجات"
"inquiry debate ( in the parliament)","مناقشة استيضاح (في البرلمان)"
"inquiry small..., question (the dispute depends on the importance of the question)","السؤال الصغير (الاختلاف بينهما يعود لدرجة أهمية السؤال المطروح)"
"inquiry","استعلام، استيضاح، سؤال، استجواب"
"insecurity","عدم الاستقرار، اضطراب، ارتباك، حيرة، قلق، عدم الأمن"
"inserted in the work agenda","أدرج في جدول الأعمال اليومي"
"insertion-introduction","إدراج، ضمّ إلى البلدية (المدينة)"
"insider","مُطْلِع (عليم)"
"insist (to)","أصرّ، ألحّ، تابع"
"insistence","إصرار"
"insistent","مُلِحّ، مُصِرّ (صفة)"
"instability","عدم ثبات، تقلّب، تغيّر، لاستقرارية، عدم استقرار"
"installation, arrangement, concentration","تركيز، ترشيح ل، نصب، وضع، قائمة"
"installation","إنشاء، تنصيب، إقامة"
"instigator, provoker","مُحَرِّض، مهيّج، مُثِير للفتن (والقلاقل)"
"instigator","مُحَرِّض، مُحَرِّش"
"institution, utility","منشأة، مرفق، مؤسسة، هيئة، نظام"
"institution","مؤسسة، دائرة، منشأة"
"institutional association","نقابة مهنية"
"institutions (public sec- tor)","مؤسسات (قطاع) الدولة (القطاع العام)"
"instruct (to)","أمر، أعطى (تعليمات)"
"instruct, order","أمر، أعطى (تعليمات)"
"instructions, list, order","تعليمات، لائحة، أمر"
"instrument exchange","تبادل الوثائق"
"instrument of credit policy","أدوات (مستندات) سياسة الائتمان"
"instrument","أداة، وثيقة، مستند، وسيلة"
"insurance","ضمان"
"insure security","ضمان الأمن (السلامة)"
"insurgent","عاص، ثائر، متمرد"
"insurrection","ثورة (مسلحة)، فتنة ضد الدولة عصيان مسلح، الخروج على السلطة"
"integration complementarily","اندماج، انسجام (اندماج في الفكر والعمل بين المواطنين)"
"integration-fusion","تكميل، ضم، إدماج، إدخال"
"integrity of the territories","سلامة الأراضي (الوطنية من التجزؤ أو الإنتقاص)"
"integrity, fidelity","أمانة"
"integrity","استقامة، كمال، نزاهة، إخلاص"
"intelligence bureau","مكتب استخبارات، مكتب التحريات"
"intensification","تعزيز، تشديد، تقوية"
"intensify (to)","عزّز، قوّى، كثّف، أكثر"
"intensity","شدة، كثافة"
"intensively","شديد، قوي، كثيف (صفة)"
"intent","نية، قصد، هدف، غرض"
"intention","قصد، مراد، مأرب، نية"
"inter German negotiations","مفاوضات ألمانية داخلية"
"inter stage","مرحلة انتقالية"
"intercession attempt","محاولة وساطة"
"intercession efforts","مساعي وساطة"
"intercession negotiations","مفاوضات الوساطة"
"intercession offer","عرض وساطة"
"intercession role","مهمة (دور) وساطة"
"intercession suggestion","اقتراح وساطة"
"intercession","توسط"
"intercontinental ballistic rocket","صاروخ باليستي عابر للقارات"
"intercontinental rocket","صاروخ عابر القارات"
"intercontinental rocket","صاروخ عابر للقارات"
"intercontinental","قاري، عبر القارات (صفة)"
"intercontinental","قَارِي، عَابِر القَارَات (صفة)"
"interdependence between the European economic systems","ترابط بين الأنظمة الاقتصادية الأوروبية"
"interdependence","ارتباط، ترابط، اتكال متبادل"
"interest group","اتحاد المصالح"
"interest union","اتِّحَاد (اتِّفاق) مُصَلِّحِي"
"interest","مصلحة، اهتمام، عناية"
"interests (national)","مُصَالِح وطنية (قومية)"
"interference in the local matters","التدخُّل في الشؤون الداخلية"
"interference","تَدخُّل"
"interim agreement","اتِّقَاقِيَّة مؤقتة (مرحلة أو اتِّقَالِيَّة)"
"interim committee","لجنة مؤقتة (بالنيابة)"
"interim financing","تَوْبِي مؤقت"
"interim government","حكومة اتِّقَالِيَّة (مؤقتة)"
"interim president","رئيس اتِّقَالِي (مؤقت)"
"interim president","رئيس بالنيابة"
"interim representation (agency)","بالنيابة، نيابة عن"
"interim","اتِّقَالِي، مُؤَقَّت"
"interior committee","لجنة الشؤون الداخلية"
"interior department","دائرة اختصاص الشؤون الداخلية (مجال الاختصاص)"
"interior political goals","أهداف سياسية داخلية"
"interior","داخل البلاد"
"interministerial","وزاري (داخلي) بين الوزراء أو الوزارات (صفة)"
"intermittent","دوري، تعاقبي (صفة)"
"intern (to)","اعتقل، احتجز"
"internal list of the party","اللائحة الداخلية للجناح البرلماني"
"internal party conflicts","خلافات حزبية داخلية"
"internal party controversy","مناقشة (جدال) حزبي داخلي"
"internal party crisis","أزمة حزبية داخلية"
"internal party dispute","نزاع حزبي داخلي"
"internal party divisions","انقسام حزبي داخلي"
"internal party maneuvers","مناورات حزبية داخلية"
"internal security threat","تهديد الأمن الداخلي"
"international agreement","اتفاق دولي (بين الدول)"
"international agreement","اتفاق دولي"
"international air traffic association (IATA)","الجمعية الدولية للنقل الجوي (إياتا)"
"international association of free unions","الاتحاد الدولي للنقابات الحرة"
"international chamber of commerce","الغرفة التجارية الدولية"
"international chamber of commerce","غرفة التجارة الدولية"
"international circles","المحافل الدولية"
"international circles","أوساط عالمية"
"international circum- stances","الظروف الدولية"
"international civil aeronautics organization","المنظمة الدولية للطيران المدني"
"international contract","معاهدة دولية"
"international cooperation","تعاون (بين الحكومات) دولي"
"international council for parliaments","مجلس أعضاء البرلمانات الدولي"
"international court of justice","محكمة العدل الدولية"
"international crisis","أزمة عالمية"
"international development organization","منظمة الإنماء الدولية"
"international employment office","مكتب العمل الدولي"
"international finance-corporation","المؤسسة المالية الدولية"
"international instruments","وثائق دولية"
"international labour organization","منظمة العمل الدولية"
"international law","القانون الدولي"
"international lawyer commission","لجنة العدل الدولية"
"international league for human rights","العصبة الدولية لحقوق الإنسان"
"international level","مستوى عالمي"
"international monetary crisis","أزمة نقد عالمية"
"international monetary fund","صندوق النقد الدولي"
"international nuclear energy organization","الوكالة الدولية للطاقة الذرية"
"international observer","مراقب دولي"
"international organization","محفل دولي"
"international organization","منظمة دولية (بين الدول)"
"international planning","تخطيط دولي"
"international red cross","الصليب الأحمر الدولي"
"international refugee organization","الهيئة الدولية للاجئين"
"international relations-","علاقات دولية، العلاقات ما بين الدول"
"international relationships","العلاقات الدولية"
"international relationships","علاقات دولية"
"international right","القانون الدولي"
"international situation","الوضع العالمي"
"international standards committee","المنظمة الدولية لتوحيد المقاييس"
"international status","صفة (وضع) دولية"
"international telecommunications union","الاتحاد الدولي للمواصلات السلكية واللاسلكية"
"international tension","توتر عالمي"
"international trade","التجارة الدولية"
"international transit agreement","اتفاقية مرور دولية"
"international treaty","معاهدة (اتفاقية) الدولة"
"international union of the parliament's members","اتخاذ أعضاء البرلمانات الدولي"
"international water","المياه الإقليمية، البحر الإقليمي"
"international","دولي، عالمي"
"internationalism","أمنية، دولانية"
"internationalization","تدويل"
"internationalize (to)","دول (أسبغ الصفة الدولية)"
"internationally comrade sheep association","الحلف التعاوني الدولي"
"internment camps","معتقل، معسكر الاعتقال"
"internment","حجز، اعتقال، حجز"
"interpel (to)","استجواب، سائل، استفهم"
"interpel a minister","استجواب وزيراً"
"interpellation right","استجواب، استفهم (سؤال في البرلمان)"
"interpellation","استماع، استجواب"
"interpellator","حق الاستجواب (في البرلمان)"
"interpol (international criminal policy organization)","إنتربول (المنظمة الدولية للشرطة الجنائية)"
"interpol (international criminal policy organization)","مستجواب، سائل، مستفهم، مقدم استجواب"
"interpretation of the constitution","تفسير الدستور"
"interpretation of the law","جهة النظر القانونية (أو القضائية)"
"interpretation of the treaty","شرح المعاهدة"
"interpretation question","مسألة شرح (أو تفسير)"
"interpretation","تفسير، شرح"
"interpreter","مترجم إرتجالي (فوري)"
"interrogation","استجواب، استنطاق"
"interstate cooperation","التعاون بين الاتحاد والولايات"
"interstate relations","علاقات دولية، العلاقات ما بين الدول"
"intervene (to) as a mediator","تَوَسَّطَ، تَدَخُّل كوسيط"
"intervene (to)-interfere","تدخل (في)"
"intervene (to)","تَوَسَّطَ، تَدَخُّل"
"intervention of the government","تدخل حكومي"
"intervention policy","سياسة التدخل"
"intervention","تدخل، اعتداء، تعرض، توسط"
"interventionism","التدخلية (مذهب التدخل)"
"interview (to)","أجرى حديثاً صحفياً، تحدث مع"
"interview inquiry","تحقيق صحفي، مقابلة، محادثة"
"interzonal agreements","اتفاقية بين مناطق الاحتلال"
"interzonal border","حدود مناطق الاحتلال"
"interzonal trade","التجارة بين مناطق الاحتلال"
"interzonal traffic","حركة المرور بين مناطق الاحتلال"
"interzonal","خاص بمناطق الاحتلال"
"intestate","دَوْلَة ضمن دَوْلَة"
"intrastate","ضمن البلاد، داخل البلاد (صفة)"
"intrigue (to...against somebody)","دبر مكيدة (أو مؤامرة) ضد فلان"
"intrigue (to)","دس، دبّر (مكيدة) تآمر"
"intrigue","دسيسة، مكيدة، مؤامرة"
"introduce (to)","أدخل، أدرج"
"invader military forces","قوات معادية"
"invalid agreement","اتفاق باطل"
"invalid ballot paper","ورقة اقتراع غير صالحة"
"invalid contract","معاهدة غير صالحة"
"invalid","ملغى، باطل، منتهي المفعول، غير ساري المفعول (صفة)"
"invalidate (to)","أعاق، أبطل، جعله ملغى"
"invalidity of a law","عدم سريان القانون"
"invalidity","بطلان، عدم صحة، عدم أهلية بطلان، عدم سريان المفعول، عدم صحة"
"invasion, attack, offensive, assault","حملة، هجوم، تقدم، زحف"
"invasion","غزو، هجمة، غارة، اجتياح"
"invest (to)","استثمر، وظف (مال)"
"investigate (to)","تحرّى، كشف عن، حقق، أجرى تحريات"
"investigation commission","لجنة التحقيق"
"investigation committee","لجنة التحقيق"
"investigation committee","لجنة التحقيقات"
"investigation","تحقيق، استعلام، استقصاء، استفهام (رسي)"
"investigations","تحريات، تفتيش"
"investment plan","خِطَّة الإستثمار"
"investment policy","سياسة الإستثمار"
"investment","إستثمار، توظيف (المال)"
"inviolability","حرمة، حصانة"
"inviolably","مصون، مقدس، لا يمس (صفة)"
"invitation","دَعْوَة، طلب"
"invite-call (to)","دَعى، يَدْعُو"
"involve (to)","إشترك، ساهَم"
"involvement of the military forces","تدخل القوات الحربية"
"invulnerability of the borders","عدم انتهاك حرمة الحدود"
"invulnerability","حرمة، قداسة، حصانة أو صيانة من طعن أو انتهاك"
"invulnerable","مقدس، لا ينتهك، مصون ذو حرمة (صفة)"
"Iran","إيران"
"Iranian","إيراني (صفة)"
"Iraq","العراق"
"Iraqi","عراقي (صفة)"
"iron line of Hijaz","خط الحجاز الحديدي"
"irresolute","مَسْلُوب الإرادة (صفة)"
"irresponsibility","عدم المسؤولية، اللامسؤولية"
"irresponsibly","غير مسؤول (صفة)"
"irritate (to)","أثار، أغضب"
"is responsible","يحمل مسؤولية، يبرر إجراء"
"Islam","الإسلام"
"islamic conference","المؤتمر الإسلامي"
"Islamic nation","الأمة الإسلامية"
"Islamic republic of Iran","جمهورية إيران الإسلامية"
"islamic republic of Mauritania","جمهورية موريتانيا الإسلامية"
"Islamic world","العالم الإسلامي"
"islamic","إسلامي (صفة)"
"Islamist ( radical)","إسلامي (إسلاميين متطرفين)"
"Islamization","أسلمة (نشر الإسلام)"
"island country","دولة على جزيرة"
"Islander","إيسلندي"
"isolate (to)","حرم، نحى، عزل، جرد، سلب"
"isolation policy","سياسة إنعزالية"
"isolation the government by elections","عزل الحكومة (عن طريق إعادة الانتخابات)"
"isolation","إنعزالية، إنعزال، عزلة"
"isolationism (a policy adopted by states in order to isolate themselves from neighbouring states )","إنعزالية (سياسة تتبعها دول فتتغزل عن الأخرى المجاورة لها)"
"isolationist","إنعزالي (مؤيد الإنعزالية أو متعلق بها)"
"Israel","إسرائيل"
"Israeli","إسرائيلي (صفة)"
"issue, question","مسألة، قضية، شأن، أمر"
"issue","موضع (نقطة) الخلاف (النزاع)"
"Istanbul","إسطنبول"
"italian republic","الجمهورية الإيطالية"
"italian","إيطالي (صفة)"
"italians","إيطالي"
"Italy","إيطاليا"
"Jaffa","يافا"
"Jamal Abdul Al Nasser (ex egyptian president and arabic leader)","ناصر، جمال (رئيس مصري سابق وقائد عربي)"
"Japan","اليابان"
"Japanese","ياباني (صفة)"
"JEIN = yes no","اللاعَم = أي نصف لا ونصف نَعَم"
"Jerusalem wailing wall","حَائِطُ الْمَبْكِي فِي الْقُدْسِ"
"Jerusalem","القدس"
"Jewish quarters.","حي اليهود"
"Jewry","اليهودية"
"Jjw","يهودي"
"join (to)","ضم (إليه)"
"joining state","الدُوَل المُنضَمَة"
"joining the contract","الانضمام إلى معاهدة"
"joining, adherence, affiliation","التحاق، انتساب، انضمام"
"joining, bolding","تلاحُم، ترابُط"
"joining","شولي، كلياني (صفة)"
"joint convention to a following one","اتفاقية مربوطة باتفاقية تتبعها"
"joint stock company","شركة مساهمة"
"joint","مركز الاتصال"
"Jordan","الأردن"
"Jordanian","أردني"
"Jordanien Hashemite republic","المملكة الأردنية الهاشمية"
"journalism","الصحافة"
"journalist association","نقابة الصحفيين"
"journalist","صحافي"
"journalistic censorship","رِقَابَة الصَّحَافَة"
"journalistic","صحفي، صحافي (صفة)"
"judaization","تهويد (القدس)"
"Judas","خائن"
"judge (to)","حاكم، حاسب، قُدْر"
"judge","قاض، حاكم"
"judgement","حُكْم"
"judicial assistance agreements","اتفاقية التعاون القضائي"
"judicial capacity","أهلية قانونية (توافر الصفات القانونية المطلوبة، بدون موانع الأهلية)"
"judicial force","السُّلْطَةُ القضائية"
"judicial murder","إعدام (بسبب خطأ) قضائي"
"judicial procedures","قضية (إجراء) قضائية"
"judiciary committee","لجنة الشؤون القانونية (لجنة القضايا)"
"jungle law","شريعة الغاب"
"Junta Pole","مجلس قيادة سياسي، لجنة حكومية (حاكمة) طغمة"
"jurisdiction","حيز الاختصاص"
"jurisprudence","القضاء، الإدارة القضائية"
"jurisprudence","علوم الحقوق"
"juristic instructions","تعليمات قانونية"
"jury","هيئة التحكيم، اللجنة الحاكمة، هيئة المحلفين"
"justice building","مبنى (دار) المحكمة"
"justice department","دائرة قضائية"
"justice palace","قصر العدل"
"justice","عدل، عدالة"
"justification","تبرير"
"justify (to)","يبرر، يستحق"
"juvenile delinquency","جرائم الشباب، جنوح الأحداث"
"Kabul","كابول"
"kamikaze","مغوار، فدائي"
"Karachi","كراتشي، كاراتشي"
"keeping clean","حفاظ، صيانة"
"keeping the air clean","الحفاظ على نقاوة الجو"
"keeping the environment clean, safe","حماية البيئة"
"keeping the water pure","الحفاظ على نقاوة المياه"
"kemalismus","الحركة الكمالية (حركة مصطفى كمال 'أتاتورك')"
"Kenya","كينيا"
"key factor","عامل حازم (قاطع)"
"key function","وظيفة مهمة"
"key ministry","وزارة مهمة"
"key position in the cabinet","منصب خطير في مجلس الوزراء"
"key position","منصب مهم (حساس)"
"key","مفتاح، عامل، حل"
"Khartoum","الخرطوم"
"kidnap (to)","يختطف (الأشخاص)"
"kidnapper","خاطف (الأشخاص)"
"kidnapping","إختطاف"
"king house","البيت الملكي"
"king palace","القصر الملكي"
"king","ملك، عاهل"
"kingdom of Morocco","المملكة الغربية"
"kingdom of Thailand","مملكة تايلاند (تيلاند)"
"kingdom","مملكة"
"Knesset","الكنيست (البرلمان الإسرائيلي)"
"know-how","معرفة، خبرة فنية"
"Korea war","الحرب الكورية"
"Korea","كوريا"
"Korean","كوري (صفة)"
"Koreans","كوري"
"Kremlin","الكرملين، الكرملين"
"Kremlinologists","علم دراسة الحكم السوفيتي"
"Kripo abbreviation for criminal investigation police","مختصر يطلق على الشرطة الجنائية"
"Ku Klux Clan","كو كلسوكس كلان (جمعية سرية أمريكية ضد تحرير الزنوج)"
"Kurd","كردي"
"Kurdish","كردي (صفة)"
"KZ (abbreviation for concentration camps)","مختصر يطلق على معسكر الإعتقال"
"labor (concerning wor-kers)","عمالي (خاص بالعمال)"
"labor force","اليد العاملة"
"labor market policy","سياسة السوق العُماليّة"
"labor market","سوق العمل (سوق اليد العاملة)"
"labor minister, secretary","وزير العمل"
"labor or labour","عامل"
"lack of freedom","غير مستقل، غير حر، مسلوب الحرية، مستعبد، أسير (صفة)"
"lack of knowledge","عجز، تقصير، عدم كفاءة"
"lack of parliamentary representatives","وجود (تشيل برلماني) ضئيل"
"lack of production","نقص (فقدان، عدم) الإنتاج"
"lack","قلة، عدم"
"lagging in work","التقاعص بالعمل (كوسيلة للإضراب أو الإستكثار)"
"Lagos","لاغوس"
"laicism","حركة الفصل بين الدين والدولة (العلمانية)"
"land air rocket","صاروخ أرض جو"
"land expansion","توسع البلاد (بواسطة ضم الأراضي المجاورة)"
"land forces","القوات البرية"
"land reform","إصلاح زراعي"
"land register","السِّجِلّ العقاري"
"land soldier","جندي مُشاة"
"land troops","قوات برية (أرضية)"
"land-register office","مكتب السجل العقاري"
"land-register","السجل العقاري، سجل الأطيان، دفتر المساحة"
"landing","هبوط، إنزال، نزول"
"landmark","علامة الحدود"
"Laos","لاوس، لاوس"
"last thought pause","فرصة أخيرة للتفكير"
"lasting peace","سلام دائم"
"Latin America","أمريكا اللاتينية"
"Lausanne Conference","مؤتمر لوزان"
"Lausanne","لوزان"
"law (applied)","القانون المطبق (الذي يعمل به)"
"law (to follow the...)","تقيّد (التزم) بالقانون"
"law amendment","تعديل قانون"
"law annulment","إلغاء (إبطال) القانون"
"law concerning collective bargaining","قانون الأجور"
"law crossing","يخالف القانون"
"law for relative elections","نظام الانتخاب النسبي"
"law governing tenant rights","قانون الإيجار"
"law implementation","تطبيق (استعمال) القانون"
"law interpretation","تفسير (شرح) قانون"
"law missuse, law abuse","مخالفة، حرق (الخروج على) القانون"
"law observation","مراعاة (التقيد به) القانون"
"law of indemnities (fees)","قانون التعويضات (خاص بالثواب وأعضاء البرلمان)"
"law of pinch","قانون الإغتنام (القانون الذي يُحكّم أفعال الاستيلاء على سفن العدو وشحناته في أعالي البحار)"
"law of the allied authorities","سلطات (حقوق) الحلفاء"
"law of the jungle","شريعة الغاب"
"law of the population","قانون السكان"
"law of war","قانون الحرب (الدولي)"
"law on collective agreements","قانون اتفاقيات الأجور"
"law project","مشروع قانون"
"law regarding fiscal offences","قانون عقوبات الضرائب"
"law that requires the parliament's consent","قانون يتطلب موافقة البرلمان"
"law, law judges","قضاء، أحكام القضاء (سلطة قضائية للنظر والفصل في الدعاوى والمنازعات)"
"law, right, legal","حق، قانون، شرع، صلاحية"
"law","قانون، شريعة، سُنَّة"
"lawful, adj.","صحيح، شرعي، حلال (صفة)"
"lawfulness","شرعية، عدالة، مشروعية، صحة"
"lawlessness","الحرمان من الحقوق"
"laws (regulations)","قوانين"
"lay (to leave work)","ترك (توقف عن) العمل"
"lay down (to)","وَضْع، أَلْقَى، تَنَازِل، اِعْتِزَل، اِسْتِقَال، دَوَّن، سَجَّل"
"lay","علماني"
"layer, group party","طبقة، فئة، طائفة"
"lead (to)","سار، قاد، أرشد، تزعم، ترأس"
"leader and subordinate (follower)","الرئيس والمرؤوس"
"leader","زعيم، قائد"
"leaders (heads) of the party","أعيان (أقطاب) الحزب"
"leadership change","تغيير (تبديل) في القيادة"
"leadership council","المجلس القيادي"
"leadership hierarchy","التسلسل (تدريج الرتب أو المناصب) القيادي"
"leadership mission","مهام القيادة"
"leadership of the cabinet","رئاسة مجلس الوزراء"
"leadership, commandment of the army","قيادة الجيش"
"leadership","قيادة، رئاسة، زعامة، إدارة"
"leading class","طبقة الزعامة"
"leading negotiators","رئيس الوفد المفاوض (وفد المفاوضات)"
"leading politicians","زعماء السياسيين"
"leading position in the government in which he is allowed to take important decisions or refuse others)","منصب قيادي في الحكومة (هو منصب يخول شاغره اتخاذ القرارات أو رفضها)"
"leading","كبير، عظيم، مهم (صفة)"
"league for the gathering of the red cross","جامعة منظمات الصليب الأحمر الدولي"
"league of human rights","جمعية حقوق الإنسان"
"league of nations","عُصبة الأمم"
"league","جامعة، عُصبة"
"lease","عقد الإيجار"
"leaving visa","تَأْشِيرَة خروج"
"Lebanese Cedar","أرزة لبنان"
"lebanese republic","الجمهورية اللبنانية"
"Lebanese republic","الجمهورية اللبنانية"
"Lebanese","لبناني (صفة)"
"Lebanon","لبنان"
"leeway","مجال (حرية) التصرف"
"left coalition","ائتلاف يساري"
"left extremism","اليسار المتطرف (مذهب اليسار المتطرف)"
"left moderate government","الوسط السياسي (الإعتدال)"
"left party","حزب يساري (اليسار)"
"left tendency government","حكومة ذات ميول يسارية"
"left tendency","ميل يساري"
"left wing","جَنَاح يميني / يساري"
"left-extreme party","حِزْب يساري متطرف"
"left-wing","يساري (صفة)"
"left","اليسار، الفئة اليسارية، اليساريون (حزب اليسار)"
"leftist","يساري (صفة)"
"legal advice","مستشار قانوني"
"legal advisers","مستشار قانوني"
"legal assistance","مساعدة (معونة) قضائية"
"legal basis","أساس قانوني"
"legal claim","حق، إدعاء، مطالبة ب..."
"legal equality","المساواة (في) أمام القانون"
"legal force","قوة (صلاحية) القانون"
"legal grounds","سند قانوني (أساس، قاعدة، دعامة، ركن)"
"legal information","استشارة قانونية (الإطلاع على الإرشادات القانونية)"
"legal issue","مسألة قانونية"
"legal monopoly","إحتكار قانوني"
"legal norm","معيار قانوني"
"legal person","الشخص المعنوي (الإعتباري القانوني المدني)"
"legal person","شخص قانوني"
"legal protection","حماية قانونية"
"legal state principle","مبدأ الدولة الدستورية"
"legal state","دولة دستورية"
"legal status","الوضع القانوني"
"legal task","تنازل (تخلى) عن حق (ه)"
"legal tendency","ميل (اتجاه، نزعة) يمني"
"legal trick","حيلة قانونية"
"legal unity","وحدة قانونية (نظام قانوني موحد)"
"legal validity","قوة القانون"
"legal","قانوني، شرعي، تشريعي (صفة)"
"legality-legitimacy","قانونية، مشروعية (أو شرعية)"
"legality","شرعية، مشروعية، قانونية"
"legalize (to)","أثبت صحة (قانونية أو مشروعية) الشيء"
"legally bindingness","التزام قانوني"
"legally determined","محدد (منظم) قانونياً"
"legally protected","محمي قانونياً"
"legally qualified","فقيه في القانون، ملم بالقانون، ضليع في القانون"
"legally","شرعي"
"legate","مبعوث بابوي، النائب الرسولي"
"legation advice","مستشار السفارة (لقب)"
"legion","كتيبة، فرقة، فيلق"
"legislation","التشريع، سن القوانين (أو وضعها)"
"legislative agency","هيئة تشريعية"
"legislative authority","السلطة التشريعية"
"legislative committee","هيئة تشريعية"
"legislative force","السُّلْطَةُ التشريعية"
"legislative function","مهمة تشريعية"
"legislative meeting","اجتماع تشريعي"
"legislative organ","هيئة تشريعية"
"legislative period of the parliament","الدورة التشريعية للبرلمان (مدة السلطة التشريعية)"
"legislative period","دورة تشريعية"
"legislative policy","السياسة التشريعية"
"legislative premature completion","إنهاء مسبق (قبل الأوان) للدورة التشريعية"
"legislative procedures","إجراءات تشريعية"
"legislative proposal","إقتراح تشريعي"
"legislative right","سلطة (حق) التشريع"
"legislative, act","إجراء (تصرف) تشريعي"
"legislative","تشريعي"
"legislator","المشرع، واضع القانون"
"legislature","تشريع، السلطة التشريعية"
"legitimate demand","مطلب مشروع"
"legitimate interests","مصالح مشروعة"
"legitimate right","حق مشروع"
"legitimate","شرعي، مشروع، مُعترف به (صفة)"
"legitimity","شرعية، مشروعية"
"legitimization","حق، رخصة، تصديق قانوني، إقرار شرعي"
"legitimize","أثبت صحة (أو شرعية) الشيء، صَدَق قانونياً"
"Leipzig exhibition","معرض لايزرغ"
"Leipzig","لايزرغ"
"leniency","تساهل، تسامح"
"Leninism","اللينينية (مذهب لينين في الماركسية)"
"letter of recall","خطاب الاعتماد"
"letter of recommendation","خطاب توصية"
"letter","خطاب رسالة"
"letters of recall","كتاب الاستدعاء"
"letters, note book","كتاب، خطاب، رسالة"
"level (to)","سوى، بين، مهد، عدل"
"level","مستوى"
"levelling of the income differences","تعديل فروق الدخل"
"levelling","تسوية، تمهيد، تعديل"
"leverages","وسائل ضغط"
"levy (to)","فرض الضرائب"
"liaison committee","لجنة اتصال"
"liberal party","حزب الأحرار"
"liberal party","حِزْب حر (ليبرالي)"
"liberal-democratic order","نِظَام ديموقراطي حر"
"liberal","حُسر الفكر، مستقل الرأي، متسامح، حُر"
"liberalism","تحررية، مذهب أنصار الحرية السياسية، المذهب الحر"
"liberalist","من أنصار مذهب الأحرار، ليبرالي"
"liberalistic","تحرري (صفة)"
"liberalization","تحرير"
"liberalize (to)","حرر، أطلق حرية، جعل أكثر حرية"
"liberate (to)","يتحرر"
"liberation fight","نضال تحرري، نضال من أجل التحرير"
"liberation front","جبهة تحرير"
"liberation movement","حركة تحرير"
"liberation organization","منظمة التحرير"
"liberation war","حَرْبٌ تحرير"
"liberation, amnesty, exemption","تحرير، إعفاء، إعتاق"
"liberation","تحرير، تحرر"
"Liberia","ليبيريا"
"Liberian","ليبيري (صفة)"
"Libya","ليبيا"
"Libyan desert","الصحراء الليبية"
"Libyan","ليبي (صفة)"
"lie campaign","دعاية مسمومة، حملة دعائية كاذبة"
"lieutenant colonel","مقدم"
"lieutenant","ملازم أول"
"lifetime nomination","تعيين مدى الحياة"
"lift (to)","رفع، ألغى، أزاح"
"lift or raise an embargo","رَفْعُ الْحِظَرِ (الْحِجْرُ)"
"lightning visit","زيارة خاطفة"
"lightning war","حرب خاطفة"
"limit (to)","حدّ، حدّ، حصر، قيد"
"limit","حدّ، حدود"
"limited contract","معاهدة غير محدودة (الزمن)"
"limited electoral right","حَقُّ انْتِخَابِيٍّ مَحْدُودٍ"
"limited liability company","شركة مساهمة محدودة"
"line of fire","مسار المقذوف، خطّ النار"
"line up (to)","وقف في صف (رتل) مستقيم"
"line","خطّ، صفّ"
"liquidate (to)","صفى، قضى على، اغتال"
"liquidation of all political parties","تصفية جميع الأحزاب السياسية"
"liquidation","سداد، تصفية"
"list election (candidates from the same list )","انشخاب اللائحة (جميع المرشحين على لائحة واحدة)"
"list of candidates","قائمة المرشحين"
"list voting system","نظام انتخاب اللوائح"
"list-representative","نائب تابع للائحة الانتخابية"
"list","لائحة، قائمة، جدول"
"little one inquiry","الاستجواب (الاستفهام) الصغير"
"live (to)","ترك، غادر، تخلى عن، هجر، غدر"
"living standard","مستوى المعيشة"
"load burden","عبء (أعباء)، حمل، ثقل، وزر"
"loaded mood","جوّ مشحون (أجواء مشحونة)"
"loan committee","لجنة الاعتمادات"
"loan restrictions","قيود على الائتمان"
"loan","قرض، سلفة"
"lobby","لوبي (قوة سياسية أو مجموعة تدافع عن مصالح)"
"lobbying","اللويّة (مذهب الضغط على السلطة لتحقيق الأهداف)"
"lobbyist","لوبي (من أنصار مذهب الضغط على السلطة)"
"local elections","انتخابات محلية (بلدية)"
"local market","سُوق مَحَلِّي"
"local policy","السياسة المحلية (الإقليمية)"
"local restricted conflict","نزاع محلي محدود"
"location","مقر الوحدة، مركز، موقع"
"lock-out","توقيف عن العمل"
"lockout","منع العمال من العمل، الطرد المؤقت من العمل"
"London (capital of Britain)","لندن (عاصمة بريطانيا)"
"long distance bomber","قاذفة بعيدة المدى"
"long distance rocket","صاروخ بعيد المدى"
"long talks","محادثات طويلة (المفاوضات التي استغرقت فترة طويلة)"
"long term negotiations","مفاوضات مريرة (أو طويلة النفس)"
"long term","على المدى البعيد"
"long-term plan","خِطَّة طويلة الأجل"
"long-term planning","تخطيط طويل الأجل"
"longmont day line","فترة التجديد"
"look through the party's opinion","ينظر من خلال منظار الحِزْب (أي من وجهة نظر الحِزْب)"
"looks after (to)","مون، أمد، زود"
"loosen (to)","خفف، أرخي"
"lose power","فقد السُلْطَة (الحكم أو النفوذ)"
"loser party","حِزْب خاسر (مغلوب)"
"loss of balance","فقدان التوازن"
"loss of nationality","فقدان (سقوط) الجنسية"
"loss of prestige","فقدان المكانة (السمعة أو الكرامة)"
"loss of rights","سقوط (أو فقدان) الحق"
"loss of the parliament power","ضعف السُلْطَة البرلمانية"
"loss","خسارة، فقدان، ضياع"
"low interest policy","سياسة الحد الأدنى للفوائد"
"low point","درجة اليأس، الدرك الأسفل"
"low price policy","سياسة الأسعار المخفضة (سياسة تخفيض الأسعار)"
"low price","سعر مخفض"
"low voting participation","مُشَارَكَةٌ ضَئِيلَةٌ بِالِانْتِخَابَاتِ"
"loyal oath","يمين (قسم) الولاء"
"loyal","ملتزم بالخط السياسي (للحزب أو للحكومة)"
"loyalist","مُوَالٍ (الموالين)"
"loyalty of the party","الولاء للحِزْب (إخلاص للحِزْب)"
"loyalty","ولاء، إخلاص، وفاء"
"Luxemburg duchess","دوقية لكسمبورج"
"Luxemburg","لكسمبورج"
"luxury goods","مادة كمالية (كماليات)"
"lynch (to)","يشنق، يقتل، يعاقب (بالقتل) دون سلطة قانونية صحيحة"
"Lynch law (according to the judge Lynch in Virginia in 1782 he was known of his injustice in judging people until his name became a symbol for corruption and rabble judgement)","قانون لينتش (استناداً للقاضي لينتش في مدينة فرجينيا عام 1782 واشتُهر بالمغالاة في عقاب الناس بتحكيم أهوائه دون القانون إلى حد جعل اسمه رمزاً للباطل وحكم الغوغاء)"
"machine gun","رُشَيْشَة، بندقية آلية"
"machine pistol","مسدس آلي"
"machine weapon","سلاح آلي"
"machine","آلة"
"Madagascar","مدغشقر"
"made an inquiry","تقدم بسؤال (أو طلب الاستعلام)"
"Madrid (capital of Spain)","مدريد (عاصمة أسبانيا)"
"magazine journal","مجلة"
"magistrate member","عضو إدارة البلدية"
"magistrate session","اجتماع إدارة البلدية"
"magistrate","قاض، حاكم"
"magna charter (charter of rights approved by King John of England in June 15th 1215 after the revolution of the prominent citizens and in order to avoid a civil war )","الوثيقة العظمى: وثيقة الحقوق التي اضطر ملك إنكلترا يوحنا إلى إقرارها بتاريخ 15 يونيو 1215 بعد أن ثار البلاء عليه وحشي نشوب حرب أهلية."
"main axis","محور أساسي (رئيسي)"
"main cause","السبب الرئيسي (السبب الأول)"
"main committee","لجنة أصلية"
"main concern","الهم الأكبر، أمنية رئيسية"
"main defense line","خط الدفاع الرئيسي"
"main factor","العامل الأساسي (الأكبر)"
"main goal","الهدف الرئيسي (الأول أو الأكبر)"
"main interest","العناية (اهتمام) الكبرى"
"main matter","الأمر الرئيسي"
"main medical center","مركز الإسعافات الرئيسي"
"main merit","الفضل الأكبر"
"main obstacle","العقبة الأساسية (الكبرى)"
"main power","النفوذ الرئيسي"
"main problem","المشكلة (المسألة/هم/معضلة) الأساسية"
"main subject","الموضوع الرئيسي"
"main task","الواجب الأساسي"
"main worry","الهم الأساسي (الشغل الشاغل)، الهم الأكبر"
"main","أساسي، رئيسي، أصلي"
"mainland long distance rocket","صاروخ بعيد المدى (مركز على قاعدة) على الأرض"
"mainland pegged rocket","صاروخ بعيد المدى تحت الأرض"
"mainland-pegged rocket","صاروخ مثبت على الأرض (ذو قاعدة أرضية)"
"maintenance of laws","سقوط حقوق أو تجريد سلطات"
"maintenance of the current status","إبقاء الوضع الراهن"
"maintenance of the discipline of the party","المحافظة على نظام الحِزْب"
"maintenance of the interests","المحافظة على المصالح"
"maintenance the national interests","حماية المصالح الوطنية"
"maintenance, care","حفاظ، رعاية، صيانة"
"Majesty","جلالة، سمو"
"major operation","حدث حكومي"
"major","قائد، مقدم، أمر، رائد"
"majority (parliamentary)","أكثرية برلمانية"
"majority decision","قرار بالأغلبية"
"majority election","انتخاب الأكثرية"
"majority of the submitted voices","أكثرية الأصوات المقدمة"
"majority of votes","أكثرية الأصوات"
"majority opinion","رأي الأكثرية"
"majority party","حزب الأكثرية"
"majority vote","قرار بالأكثرية"
"majority voting system","نظام انتخاب الأكثرية"
"majority","أكثرية، أغلبية، غالبية"
"make (to) worse","ساء، إزداد سوءاً، فاقم"
"Malta","مالطا"
"management","إدارة، قيادة، زعامة، إشراف، توجيه"
"managerial decisions","قرار إدارية"
"managerial position","مركز الصدارة، موقع إستراتيجي"
"mandate administration","إدارة انتدابية"
"mandate distribution","توزيع المقاعد البرلمانية"
"mandate exercise","ممارسة الإنتداب"
"mandate renewal","تجديد (فترة) الإنتداب"
"mandatory implementation","تنفيذ قهري"
"mandatory state","دولة مُتَّذِبة"
"mandatory","وكيل (وكلاء)"
"maneuver (to)","نَاوَرَ، رَاوَغَ"
"maneuver","مناورة، مراوغة، تدبير مفتعل، شربات عسكرية"
"maneuvering","مَنَاوِرَة"
"manifesto","بَيَان"
"Manila","مَانِيلا"
"manipulation","تَلَاعُب، حَبْل، تَدَابِير اِفْتِعَالِيَّة"
"manpower planning","تخطيط إداري مركزي"
"manpower","القُوَّة البَشَرِيَّة، القُدْرَة البَشَرِيَّة"
"manufacturing branch","فَرْع (قِطَاع) صِنَاعِي"
"marine armament","التَّسْلِيح البَحْرِي"
"marine base","قَاعِدَة بَحْرِيَّة"
"marine consultation","الإِسْتِطْلَاع البَحْرِي"
"marine fight","حَرْب بَحْرِيَّة"
"marine forces","القُوَّات البَحْرِيَّة"
"marine international law","القَانُون البَحْرِي الدَّوْلِي"
"marine law","قَانُون بَحْرِي"
"marine","جَنْدِي بَحَّار"
"marked by","الْأَسْمَب"
"market balance","تَوَازُن السُّوق"
"market breakdown","اِنْهَار السُّوق"
"market conditions","شُرُوط السُّوق"
"market consolidation","اِسْتِقْرَار السُّوق"
"market control","مراقبة (رقابة) السوق"
"market demand curve","منحنى السوق"
"market demand","طلب السوق"
"market development","تطور السوق"
"market domination","السيطرة على السوق"
"market economy","اقتصاد الأسواق"
"market evaluation","تقييم السوق"
"market expansion","توسيع السوق"
"market flexibility","مُرونة السوق"
"market fluctuations","تقلبات (تغيرات) السوق"
"market instability","عدم إستقرار السوق"
"market mechanism","آلية (ميكانيكية) السوق"
"market monopoly","إحتكار السوق"
"market observation","دراسة (مراقبة) السوق"
"market protection","حماية السوق"
"market requirement","طلب (حاجة) السوق"
"market research","دراسة السوق"
"market research","بحث (دراسة) السوق"
"market saturation","إشباع السوق"
"market steering","تنظيم (توجيه) السوق"
"market strength","قوى السوق"
"market structure","هيكل (تركيبة) السوق"
"market survey","تحليل (دراسة) حالة السوق"
"market total development","تطور شامل للسوق"
"market trend","حركة السوق (تغيرات أو تقلبات السوق)"
"market upswing","إنعاش السوق"
"market","سُوق"
"marketing agreements","اتفاقية ترويج (تسويق بضائع)"
"marketing plan","خِطَّة التسويق"
"marketing regulation","نظام السوق"
"marketing research","دراسة السوق"
"marketing","تسويق، ترويج، تصريف البضائع"
"Maronite","مَارُونِي (دِين)"
"Marrakech","مراكش"
"Marshal plan (or Marshall program for the reorganization of the European economies after the second World War)","مشروع مارشال (أو برنامج مارشال لإعادة تخطيط اقتصاديات أوروبا بعد الحرب العالمية الثانية)"
"marshal","مارشال، مُشير"
"martial laws","الأحكام العرفية"
"martyr monument","نصب الشهداء"
"martyr","شهيد، قتيل"
"martyrdom","استشهاد، عذاب"
"martyrs day","يوم الشهداء (عيد، ذكرى)"
"marxism","الماركسية"
"marxist campaign","حملة ماركسية"
"marxist communist","شيوعيون ماركسيون"
"marxist debate","محاولة (مناظرة) ماركسية"
"marxist dialectic","الجدلية الماركسية"
"marxist doctrine","المذهب (العقيدة) الماركسية"
"marxist group","جماعات (مجموعات) ماركسية"
"marxist idea","الفكرة الماركسية"
"marxist ideology","إيديولوجية ماركسية"
"marxist influence","تأثير (نفوذ) ماركسي"
"marxist socialism","اشتراكية ماركسية"
"marxist sociology","علم الاجتماع الماركسي"
"marxist","ماركسي (صفة)"
"mason (free)","ماسوني"
"mason","البناء"
"masonic lodge","محفل ماسوني"
"mass arrest","اعتقالات جماعية"
"mass attack","هجوم شامل"
"mass democracy","ديقراطية الجماهير"
"mass demonstration","مظاهرة ضخمة (كبيرة)"
"mass dismissal","تسريح (فصل) جماعي"
"mass execution","إعدام جماعي"
"mass extermination","إبادة جماعية"
"mass media","وسائل الإعلام، وسائل الدعاية والإعلان"
"mass movement","حركة شعبية"
"mass organization","منظمة (جمعية) جماهيرية (شعبية)"
"mass party","حزب جماهيري"
"mass public notice","حشد كبير، نفير كبير"
"mass rally","إحتفال شعبي (كبير)"
"mass rise","هبة شعبية، انتفاضة شعبية (جماهيرية)، ثورة شعبية"
"mass strike","إضراب جماعي"
"mass","جمهور، حشد، مجموعة من الناس"
"massacre (to)","يذبح، يقتل"
"massacres of Sabra and Chatila","مجزرة (مذبحة) صبرا وشاتيلا"
"massacres","مجزرة، مذبحة"
"masses","جماهير، غفير الناس، جمع غفير"
"massive war","حرب (حملة) مكثفة"
"massive","كثيف، ضخم"
"masters of ceremony","رئيس التشريعات (المراسيم)"
"mastery (the...of the world)","سيطرة على العالم"
"mastery","سيطرة"
"material and human strength","القوة البشرية والمادية (في حالة الحرب)"
"material condition","شرط مادي"
"material funds","صناديق مادية"
"material losses","خسائر مادية"
"material relief","معونة (مساندة) مادية"
"material","مادي، مالي (صفة)"
"materialism","المادية"
"materialist","المادي"
"materialistic dialectic","تَطْرِيَةُ المَادِيَّةِ الجَدَلِيَّةِ"
"materialistic","مادي (صفة)"
"matriarchy","نظام الأمومة (نظام أمة أو مجتمع قائم على سلطة الأم)"
"matter toppics","أمر، شأن، قضية، موضوع"
"Mauritania","موريتانيا"
"mausoleum","ضريح"
"mayor","مختار المخاتير، العمدة الأول"
"means of payment","عملة، (وسيلة الدفع)"
"means of production","وسائل الإنتاج"
"means","متوسط، وسيلة، واسطة، طريقة"
"measure, extent, level","مدى، قدر، حجم، مقدار"
"measure","كيل، مقاس"
"measures giving confidence","إجراءات مانحة للثقة"
"Mecca","مكة، قبلة"
"mechanize (to)","صنع"
"mediate (to)","سوى، رتب، فض"
"mediation committee","لجنة الوساطة"
"mediation","وساطة، توسط"
"mediator","وسيط، سمسار"
"Medina","المدينة المنورة"
"mediterranean policy","سياسة البحر الأبيض المتوسط"
"mediterranean","البحر الأبيض المتوسط"
"medium-range rocket","صاروخ متوسط المدى"
"medium-term plan","خِطَّة متوسطة الأجل"
"medium-term planning","تخطيط متوسط الأجل"
"meet (to)","إجتماع، عقد (جلسة)"
"meeting hall","قاعة الاجتماع"
"meeting of the electors council (general federal assembly)","اجتماع هيئة الناخبين (الجمعية العامة)"
"meeting of the parliamentary wing members","اجتماع (أعضاء) الجناح البرلمان"
"meeting on highest levels","لقاء على أعلى المستويات"
"meeting speaker","خطيب الإجتماع"
"meeting-place","مكان الإجتماع"
"meeting, gathering","إلقاء، إجتماع، تلاقٍ"
"meeting","لقاء، اجتماع"
"member country","بلد عضو"
"member entitled to vote","عضو له الحق بالتصويت"
"member in the alliance","عضو في الحلف"
"member in the security council","عضو مجلس الأمن"
"member in the united nations","عضو (في هيئة) الأمم المتحدة"
"member of parliament","عضو البرلمان (مجلس النواب)"
"member of the board","عضو الرئاسة أو مجلس الإدارة"
"member of the parliament","عضو مجلس النواب (البرلمان)"
"member of the parliament","عضو في البرِّلمان"
"member state","دولة عضو"
"member states of the European Common Market","دول السوق الأوروبية المشتركة"
"member the executive committee of the party","عضو مجلس إدارة الحزب"
"member","عضو"
"members list","قائمة الأعضاء"
"members of the diplomatic corps","أعضاء (الهيئة) السلك الدبلوماسي"
"membership application","طلب الانضمام إلى..."
"membership document","وثيقة الانضمام أو الانتساب"
"membership identity","هوية العضوية، بطاقة عضوية"
"membership","عضوية"
"memorandum","مذكرة، مفكرة"
"memorial","نصب تذكاري"
"men defended the city","دافع الرجال عن المدينة ببطولة"
"mendatory merger","ضم إجباري، دمج إلزامي"
"mercantil system","نظام التجارية"
"mercantil theory","نظرية التجارية"
"mercantile","تجاري (صفة)"
"mercantilism","تجارية (مذهب التجارية)"
"mercenary (ies)","جندي مرتزق"
"mercenary soldier","جندي مرتزق، جندي أجير"
"mercy act","العفو (أو الرأفة)"
"mercy plea","طلب العفو"
"mercy right","حق العفو"
"mercy","رحمة، رأفة، عفو"
"message, letter","رسالة"
"message","خبر، نياً"
"metal industry","الصناعة المعدنية"
"metal worker union","نقابة عمال المصانع المعدنية"
"metal worker","عامل في الصناعة المعدنية"
"metal","معدن"
"metropolis","عاصمة (مركز)"
"mexican, adj.","مكسيكي (صفة)"
"Mexican","مكسيكي"
"Mexico","المكسيك"
"MG, machine gun","رشاش، مدفع رشاش"
"middle Asia","آسيا الوسطى"
"middle class, m.","الطبقة المتوسطة، متوسط الحال"
"Middle East crisis","أزمة الشرق الأوسط"
"Middle East","الشرق الأوسط"
"middle party","حزب الوسط"
"middle","وسط، الوسط"
"migrant","مهاجر"
"migration","هجرة"
"militaire","خاص بالعسكرية أو الحربية"
"militancy","الإستعداد للحرب"
"militant troops","جيش عامل"
"militant-warrior","مناضل، مكافح، مجاهد"
"militant","مقاتل، محارب، مكافح، مجاهد، مناضل"
"militarism","العسكرية (نظام سياسي عمادة الجيش) الروح الحربية"
"militarist","داع للعسكرية، مناصر الروح العسكرية"
"militaristic propaganda","دعاية عسكرية"
"militaristic","عسكري (متعلق بالعسكرية) (صفة)"
"military (strategic forces)","قوات استراتيجية"
"military academy","الكلية العسكرية"
"military action","عمل عسكري"
"military actions","أعمال حربية"
"military administration","الإدارة العسكرية"
"military aid","معونة (مساعدة) عسكرية"
"military aircraft","طائرة عسكرية (حربية)"
"military airport","مطار عسكري (حربي)"
"military alliance","تحالف عسكري"
"military alliance","حلف عسكري (اتحاد)"
"military alliance","حلف عسكري"
"military army","الجيش"
"military art","الفنون العسكرية (الحربية)"
"military attache","ملحق عسكري"
"military authority","سلطة عسكرية، القوة (السلطة) العسكرية، دولة عسكرية"
"military balance power","توازن عسكري للسُلْطَة"
"military balance","التوازن العسكري"
"military base","قاعدة عسكرية (حربية)"
"military base","قاعدة عسكرية"
"military bloc","الكتلة العسكرية (مثل حلف الناتو)"
"military block","كتلة عسكرية"
"military budget","ميزانية عسكرية"
"military campaign","هجوم عسكري"
"military circle","دائرة عسكرية"
"military circles","الأوساط العسكرية"
"military commission","لجنة عسكرية"
"military committee","لجنة عسكرية (لجنة حربية ""في البرلمان"")"
"military concept","خُطّة عسكرية"
"military confrontation","مواجهة عسكرية"
"military consultant","مستشار عسكري"
"military contingent","فرقة موسيقية عسكرية"
"military control zone","منطقة مراقبة عسكرية"
"military convention","اتفاقية عسكرية"
"military corps","الجهاز العسكري"
"military court","محكمة عسكرية"
"military credit (loan)","قرض عسكري"
"military dealer","رسول أو وسيط عسكري"
"military defeat","هزيمة عسكرية"
"military delegation","وفد (بعثة) عسكري"
"military dictatorship","حكم عسكري، دكتاتورية عسكرية"
"military disorder","إضطرابات عسكرية"
"military expenses","نفقات (مصاريف) عسكرية"
"military exploration","(عَمَلِيَّة) إِسْتِطْلَاع عَسْكَرِيَّة"
"military fall","إنقلاب عسكري (بواسطة الجيش)"
"military fiasco","فشل عسكري"
"military force","القوة (القوات) الحربية"
"military forces","قوات (عسكرية)"
"military government","حكومة عسكرية"
"military governor","حاكم عسكري"
"military group","طعمة عسكرية، لجنة عسكرية حاكمة"
"military hospital","مستشفى عسكري"
"military industry","صِنَاعَةُ الْأَسْلِحَة (الصِّنَاعَةُ الْحَرْبِيَّة)"
"military intents","نوايا حربية"
"military international court","الحكومة العسكرية الدولية"
"military justice","القضاء العسكري"
"military leadership","القيادة العسكرية"
"military leadership","قيادة عسكرية"
"military march","مارش عسكري (موكب)"
"military mediator","مفاوض (وسيط) عسكري"
"military members of the united nations (supervision ones)","فريق مراقبي الأمم المتحدة العسكريين"
"military mission","بعثة عسكرية"
"military negotiations","مفاوضات عسكرية"
"military neutrality","حياد عسكري"
"military observer","مراقب عسكري"
"military order","أمر عسكري"
"military outpost","نقطة حراسة عسكرية"
"military overthrow","انقلاب عسكري"
"military parade","عرض (إستعراض) عسكري"
"military personnel","أركان حرب (مجموعة الموظفين في المؤسسة العسكرية)"
"military physician","طبيب عسكري"
"military police","الشرطة العسكرية"
"military potential","القدرة العسكرية"
"military power","قوة (سُلْطَة) عسكرية"
"military preacher","واعظ (خوري) الجيش"
"military preparations","استعدادات عسكرية"
"military presence","وجود عسكري"
"military pressure","ضغط عسكري"
"military procedures of the police","أعمال الشرطة، إجراءات بوليسية"
"military putsch","انقلاب عسكري"
"military regime","حكم عسكري"
"military relief convention","اتفاقية المساعدة العسكرية"
"military relief program","برنامج المعاونات العسكرية"
"military relief","معونة (مساعدة) عسكرية"
"military retreat","انسحاب عسكري"
"military salute","التَّحِيَّة العسكرية"
"military science","العسكرية (العلوم العسكرية)"
"military security","أمن عسكري"
"military service administration","مصلحة (دائرة) التجنيد"
"military service opponent","مقاوم للخدمة العسكرية"
"military service","الخدمة العسكرية، الجيش"
"military spokesman","الناطق العسكري"
"military state","دولة عسكرية"
"military strategy","استراتيجية عسكرية"
"military strength balance","ميزان القوى العسكري"
"military strength","قوة عسكرية"
"military supplies","إمدادات عسكرية"
"military system","نظام (حكم) عسكري"
"military unit","وحدة عسكرية"
"military unity","منشآت عسكرية"
"military unity","وحدة عسكرية"
"military upset","انقلاب عسكري"
"military","عسكري، حربي (صفة)"
"militia","المليشيا، المقاومة الشعبية (المدنية)"
"mine (to)","ألغم، لغم (زرع لغم)"
"mine field","حقل ألغام"
"mine","ملغوم، مليء بالألغام (صفة)"
"mine","لغم"
"minesweeper","سفينة البحث (التنقيب) عن الألغام، باحث (منقب) عن الألغام، كاسحة ألغام"
"mini-state","دولة صغيرة (قزمة)"
"minimum charge","الحد الأدنى للتعرفة"
"minimum income","الحد الأدنى لنفقات المعيشة"
"minimum price system","نظام أقل الأسعار"
"minimum wage policy","سياسة أدنى الأجور"
"minimum wage","أدنى الأجور، الحد الأدنى للأجر"
"mining industry","صناعة التعدين"
"minister candidate","مرشح لمنصب وزاري"
"minister decree","مرسوم (قرار) الوزير"
"minister of agriculture","وزير الزراعة"
"minister of defense","وزير الدفاع"
"minister of economy","وزير الاقتصاد"
"minister of energy","وزير الطاقة"
"minister of finance","وزير المالية"
"minister of housing","وزير الإسكان"
"minister of justice","وزير العدل"
"minister of national culture and education","وزير الثقافة (والإرشاد) القومية"
"minister of the interior","وزير الداخلية"
"minister of transport","وزير المواصلات"
"minister without a ministry","وزير بلا وزارة"
"minister","وزير"
"ministerial bureaucracy","بيروقراطية (حكم الموظفين) الوزارة ديوانية الوزارة (تسلط موظفين الدولة)"
"ministerial career","المهنة الوزارية"
"ministerial changes","تبديل (تغيير) وزاري"
"ministerial committee","لجنة وزارية"
"ministerial crisis","أزمة وزارية"
"ministerial decision","قرار وزاري"
"ministerial department","إدارة وزارية، مجال الإختصاص في الوزارة"
"ministerial experience","خبرة وزارية"
"ministerial functions","مهام وزارية، وزارة، مهمات وزير"
"ministerial hierarchy","التسلسل الوزاري (تسلسل المراتب في الوزارة)"
"ministerial house power","سلطة الوزير (التي يمارسها ضمن وزارته)"
"ministerial meeting","لقاء (اجتماع) وزاري"
"ministerial modification","تعديلات وزارية"
"ministerial office","منصب وزير (وزاري)"
"ministerial position","منصب وزير (وزاري)"
"ministerial resignation","إستقالة الوزير"
"ministerial responsibility","مسؤولية الوزير"
"ministerial salary","راتب الوزير"
"ministerial seat","مقعد وزير، منصب وزاري"
"ministerial session","اجتماع (جلسة) وزاري"
"ministerial structure","الهيكل (تركيب) الوزاري"
"ministerial team","فريق (العاملون، مساعدون) الوزير"
"ministerial","وزاري (صفة)"
"ministries","وزارات (جمع وزارة)"
"ministry (federalist) of foreign affairs","الوزارة (الإتحادية) للشؤون الخارجية"
"ministry of defense","وزارة الدفاع"
"ministry of economic affairs","وزارة الاقتصاد"
"ministry of Finance","وزارة المالية"
"ministry of foreign affairs, department of state (office of foreign affairs)","وزارة الخارجية (مكتب الشؤون الخارجية)"
"ministry of social affairs","وزارة الشؤون الاجتماعية"
"ministry of the national planning","وزارة التخطيط الوطني"
"ministry of transport","وزارة المواصلات"
"ministry","وزارة"
"minorities convention","معاهدة الأقليات"
"minorities government","حكومة الأقليات"
"minorities interest","مساهمة (مشاركة) الأقليات"
"minority cabinet","مجلس وزراء الأقليات"
"minority of votes","أقلية الأصوات"
"minority parliamentary party","جناح حزب الأقليات (في البرلمان)"
"minority question","مشكلة أقليات"
"minority rule in the party","حكم القلية في الحزب"
"minority vote","إقتراع الأقليات"
"minority","أقلية"
"miscarriage of justice","خطأ قضائي، غلطة قانونية"
"mobile rocket shooting base","قاعدة إطلاق صواريخ متحركة"
"mobility","حركية (سهولة الحركة، عدم ثبات)"
"mobilization","تعبئة، حشد، تجنيد"
"mobilize (to), recruit","جند، حشد"
"moderate elector","ناخب (ناخبين) معتدل"
"moderate left party","اليسار (السياسي) من الوسط"
"moderate party","حِزْب الوسط"
"moderate policy","اليمين (السياسي) من الوسط"
"moderate political course","خط (سياسي) معتدل"
"moderate politician","السياسي المعتدل"
"moderate right party","سياسة الوسط (الإعتدال)"
"moderate right","حكومة وسط اليسار"
"moderate","مُعتَدِل (صفة)"
"moderation","إعتدال"
"modifie (to)","غيّر عدل، حوّل"
"modified law","قانون مُعدّل"
"Mogadishu","مقديشو"
"monetary bank","مصرف النقد"
"monetary chaos","فوضى نقدية"
"monetary circulation","دوران النقد، تداول النقد"
"monetary code","قانون النقد"
"monetary committee","لجنة النقد"
"monetary conference","مؤتمر النقد"
"monetary control","رقابة النقد، رقابة نقدية"
"monetary convention","إتفاقية (مُعاهدة) نقدية"
"monetary crisis","ازمة نقدية"
"monetary desequilibrium of the...balance","اضطراب التوازن النقدي"
"monetary economy","اقتصاد النقد"
"monetary fluctuations","تقلبات نقدية"
"monetary legislation","تشريع نقدي"
"monetary mass","طعمة مالية"
"monetary policy","سياسة نقدية، سياسة النقد"
"monetary recession","انكماش (تقلص) النقد"
"monetary reform","إصلاح النقد"
"monetary restrictions","تقييدات نقدية"
"monetary sovereignty","سيادة نقدية"
"monetary stability","ثبوت (استقرار) النقد"
"monetary system","نظام النقد، نظام نقدي"
"monetary turbulences","اضطرابات النقد"
"monetary union","اتحاد النقد"
"monetary unit","وحدة نقدية"
"money","ثروة، ملك، مال"
"Mongolia","منغوليا (بلاد المغول)"
"Mongolian people's republic","جمهورية منغوليا الشعبية"
"monopolist","احتكاري، مزاول للاحتكار"
"monopolistic pressure means","وسائل ضغط احتكارية"
"monopolistic","احتكاري (صفة)"
"monopolization degree","درجة إقامة النظام الإحتكاري"
"monopolization","إقامة نظام احتكار، مزاولة الإحتكار"
"monopolize (to)","إحتكار، إستئثر ب"
"monopoly (capitalism)","رأسمالية إحتكارية"
"monopoly agreement","إتفاق (معاهدة) إحتكاري"
"monopoly center","مركز إحتكاري"
"monopoly control","رقابة (على) الإحتكار"
"monopoly market","سوق إحتكاري"
"monopoly power","سلطة إحتكارية"
"monopoly price","سعر إحتكاري"
"monopoly profit","ربح إحتكاري"
"monopoly","إحتكار، إستئثار (امتياز تجاري)"
"monopsonistic","إحتكار الشراء"
"mood","جوّ"
"moratorium","تأجيل الدفع (التسديد)"
"more front war","الحرب على أكثر من جبهة"
"more multinational state","دَوْلَة مُتَعَدِّدَة الجنسيات"
"more radically","راديكالي، مناصر للراديكالية"
"Moroccan","مُغربي (صفة)"
"Moroccans","مُغربي"
"Morocco","المغرب"
"mortar","قاذف صغير، مدفع هاون صغير"
"mortification of the state","إضمحلال الدولة"
"mortification","إضمحلال"
"Moscow convention, agreement","معاهدة (إتفاقية) موسكو"
"Moscow nuclear test ban agreement","معاهدة موسكو لوقف التجارب النووية"
"Moscow","موسكو"
"Moslem brother","أخ مسلم (عضو جماعة الإخوان المسلمون)"
"Moslem brotherhood","الإخوان المسلمون"
"Moslem","مسلم"
"most favored nation clause","نص الدولة الأكثر إثارة"
"Mosul","الموصل"
"motivate (to)","علل، أورد، سبب"
"motivation","دافع، حافز، باعث، سبب، حجة، عذر، تعليل، تسبب، حافز"
"motto","عملة، نقد أجنبي حزورة"
"mount Hermon","جبل الشيخ"
"mountain artillery","مدفعية جبلية"
"move (to)","نقل (إلى)"
"move, act","نقل، تصرف مظاهرة، موكب"
"movement, act","عمل، نشاط، حركة"
"movement","حركة"
"moving in the stock market","عمليات النقل في البورصة"
"moving","نقل، إنتقال"
"MP = Member of the state parliament","مختصر يطلق على عضو مجلس النواب الإقليمي"
"MPs (members of the parliament), deputies, representatives","النواب"
"Mufti","المفتي"
"multi contractors contract","معاهدة ذات أطراف متعددة"
"multi contractors contract","معاهدة متعددة الأطراف"
"multi party parliament","برلمان متعدد الأحزاب"
"multi popular state","دولة متعددة الشعوب"
"multi-ethnical government","حُكُومَة (تُمَثِّل) أقليات عديدة"
"multi-ethnical","مُتَعَدِّد الأقليات (صفة)"
"multi-party parliament","برلمان متعدد الأحزاب (يمثله أكثر من حزب)"
"multi-stage rocket","صاروخ متعدد المراحل"
"multilateral agreement","اتفاقية متعددة الأطراف (الجوانب)"
"multilateral agreement","إتفاقية متعددة الأطراف"
"multilateral contacts","اتصالات متعددة الأطراف"
"multilateral","متعدد الأطراف (صفة)"
"multinational state","دولة متعددة الشعوب"
"multinational","متعدد الجنسيات (صفة)"
"multipartite system","نظام تعدد الأحزاب"
"multiple atomic warhead","صاعق ذري متعدد، رأس نووي متعدد"
"multiple members","متعدد الأعضاء"
"multiple party system","نظام تعدد الأحزاب"
"multiple warhead","صاعق متعدد، رأس متفجر متعدد"
"multipolar","متعدد الأقطاب"
"municipal administration","إدارة البلدية"
"municipal council decision","قرار المجلس البلدي"
"municipal council meeting","اجتماع (أعضاء) المجلس البلدي"
"municipal council member","عضو المجلس البلدي"
"municipal council","مجلس البلدية (بلدي)"
"municipal elections","انتخابات محلية (بلدية)"
"municipal parliament","برلمان (مجلس) محلي أو إقليمي"
"municipal right","قانون إقليمي (محلي)"
"municipal","بلدي، خاص بالبلدية"
"municipality-community","بلدية، طائفة، جماعة، رابطة"
"municipality","إدارة البلدية (المدينة)"
"munitions","أدوات (آلات، معدات) حربية، عتاد حربي"
"murderer, criminal","قاتل، مغتال"
"Muscat Oman","مسقط عُمان"
"Muscat","مسقط"
"mutineer","متمرد، عاصي"
"mutiny","تمرد، عصيان"
"mutual assistance (cooperation) pact","حلف تعاوني، معاهدة، تعاون (متبادلة)"
"mutual deterrence","ردع متبادل"
"mutual, bilateral relationships","عَلاقات ثنائية، عَلاقات مشتركة (متبادلة)"
"mutual","مشترك، متبادل"
"mutualism","مذهب التعاون"
"mutuality","المعاملة بالمثل"
"muzzle the press","أَسْكَت الصِّحَافَة"
"Napalm bomb","قنبلة نابال (نابالم)"
"narrow","ضيّق"
"Nasserism","النّاصريّة، (الحركة) (تضمّ أفكار ومبادئ جمال عبد النّاصر)"
"nation","أمّة"
"national anthem","النّشيد الوطنيّ، السّلام الوطنيّ (الجمهوريّ)"
"national army","جيش وطنيّ"
"national aspiration","أمانيّ (طموح، تواق) قوّميّة"
"national bank","البنك الأهليّ"
"national bankruptcy","إفلاس حكوميّ"
"national block","كتلة وطنيّة"
"national bourgeoisie","برجوازية قومية-وطنية"
"National Bureau of Economic Research (United States)","المكتب الوطني للأبحاث الإقتصادية"
"national congress","مؤتمر وطنيّ"
"national consciousness","الوعي القومي (الوطني) وعي الأمة"
"national consciousness","وعي قوّميّ"
"national council","مجلس الأمّة، مجلس وطنيّ"
"national debt appearance","سند حكوميّ"
"national debts","ديون الدّولة"
"national defence","الدّفاع عن الوطنّ"
"national defense","الدفاع الوطني"
"national demand","مطلب قوّميّ"
"national economy","اقتصادي قوّميّ"
"national flag","العلم الوطنيّ"
"national front","الجبهة الوطنية"
"national front","جبهة وطنيّة"
"national fund","الصندوق القوميّ"
"national government","حكومة وطنية"
"national guard","الحرس القومي (الوطني)"
"national holiday","العيد الوطني (القومي)، عيد رسمي"
"national hymn","النشيد الوطني، السلام الوطني"
"national income","الدخل القومي"
"national industry","صِنَاعَة وَطَنِيَّة"
"national interest","مصلحة الأمة، المصلحة القومية، مصلحة وطنية، هم قومي"
"national law","القانون القومي"
"national liberation front","جبهة التحرير الوطنية"
"national liberation","تحرر وطني"
"national loyalty","ولاء قومي"
"national meeting","المجلس الوطني، التجمع الوطني، الجمعية الوطنية"
"national military forces","قوات (الجيش) القومي"
"national movement","حركة وطنية"
"national party","حزب وطني (قومي)"
"national planning","التخطيط القومي"
"national policy","سياسة قومية"
"national pride","نعرة (افتخار) وطنية"
"national product increase","نمو الناتج الاجتماعي (الدخل القومي)"
"national product","الإنتاج القومي"
"national product","نتاج وطني، ناتج قومي"
"national property","ملكية الشعب"
"national security council","مجلس الأمن القومي"
"national security","الأمن القومي (أمن الدولة)"
"national security","الأمن القومي"
"national socialism","اشتراكية - وطنية (نازية)"
"national spirit","روح قومية"
"national understanding","تفاهم قومي"
"national union","اتحاد وطني (قومي)"
"national wealth","الثروة القومية"
"national","قوّميّ، وطنيّ، أهليّ (صفة)"
"nationalism","قومية، وطنية، نزعة قومية"
"nationalist","قومي"
"nationalistic","قومي، قومية (صفة)"
"nationality acquired","الجنسية المكتسبة"
"nationality, dependency","تبعية"
"nationality","جنسية، تابعة، مواطنة،"
"nationalization of the economy","تأميم الاقتصاد"
"nationalization of the industry","تَأْمِيمُ الصِّنَاعَة"
"nationalization of the property","تحويله إلى الملكية العامة"
"nationalization politics","سياسة التأمينات"
"nationalization","تأميم"
"nationalize (to)","أمم"
"nationalized association","شركة مؤتمنة"
"nationalized industry","صِنَاعَةُ مُؤَمَّمَة"
"nationwide","فوق إقليمي، فوق محلي (صفة)"
"native","مواطن، إبن البلد"
"NATO (north Atlantic treaty organization)","حلف الأطلسي"
"NATO agreement","اتفاقية الناتو"
"NATO alliance coherence","تناسك (ترابط) الحلف"
"NATO bilateral alliance","حلف ثنائي"
"Nato committee on defense planning","منظمة الناتو للتخطيط الدفاعي"
"Nato confederate","شريك (حليف) في حلف الناتو"
"Nato conference","مؤشر حلف الناتو"
"NATO convention on the cooperation concerning the nuclear information","اتفاقية الناتو للتعاون في مجال المعلومات الذرية"
"NATO cordial alliance","حلف ودي"
"Nato council","مجلس حلف الناتو"
"Nato general secretariat","الأمانة العامة لحلف الناتو"
"Nato government session","اجتماع (جلسة) مجلس وزراء حلف الناتو"
"Nato government","مجلس وزراء حلف الناتو"
"Nato headquarters","رئاسة (مقر، قيادة) حِلْف الناتو"
"NATO ideological alliance","حِلْف أيديولوجي"
"Nato leadership","قيادة حِلْف الناتو"
"NATO meeting","اجتماع (جلسة) حِلْف الناتو"
"Nato member state","الدول الأعضاء في حِلْف الناتو"
"NATO military alliance","حِلْف عسكري"
"NATO military committee","اللجنة العسكرية لحِلْف الناتو"
"NATO multilateral alliance","حِلْف متعدد الأطراف"
"Nato partners","حليف في الناتو"
"Nato policy","سياسة حِلْف الناتو"
"NATO regional alliance","حِلْف إقليمي"
"NATO secretary","أمين عام حِلْف الناتو"
"NATO states","دول حِلْف الناتو"
"NATO troops","قوات حِلْف الناتو"
"Nato-ally","حليف (حِلْفاء) في الناتو"
"natural person","الشخص الطبيعي"
"naturalization document","وثيقة التجنيس"
"naturalization","منح الجنسية، تجنيس"
"naturalize (to) confer citizenship to someone","منح الجنسية، جنس"
"nature conservation union","اتحاد حماية البيئة"
"nature conservation","حماية (المحافظة على) البيئة"
"naval agreement","اتفاقية بحرية"
"naval artillery","مدفعية السواحل"
"naval attaches","ملحق البحرية"
"naval base","قاعدة بحرية"
"naval basis","قاعدة بحرية"
"naval college","الكلية البحرية"
"naval infantry","المشاة البحرية"
"naval maneuver","مناورة بحرية"
"naval officer","ضابط البحرية"
"naval power","سلطة (دولة) بحرية"
"naval","بحري"
"navigation","ملاحة"
"navy","بحرية، السلاح البحري"
"Nazi = national socialist","نسازي (مختصر يطلق على أنصار الاشتراكية القومية)"
"Nazi","نازي (صفة)"
"Nazism","النازية"
"NCO","صف ضابط"
"near east","الشرق الأدنى"
"neat meeting","إجتماع نظامي (عادي)"
"necessary measures, steps","إجراءات اضطرارية (حربية أو عسفية)"
"necessary","مطلوب، محتاج"
"necessity","ضرورة"
"need to get the consent","ضرورة الحصول على القبول"
"neglect (to) work agenda","أهمل جدول الأعمال"
"neglect (to)","أهمل، غفل عن، قصر في، تهاون، تغاضى عن"
"neglect","إهمال، إغفال"
"negociate (to...from a position of strength)","يفاوض من مركز القوة"
"negociate (to)","فاوض، تفاوض"
"negociation termination","إنهاء المفاوضات"
"negotiating group","وفد (فريق) المفاوضات"
"negotiating parties","مفاوض (طرف مفاوض)"
"negotiating room","مجال المفاوضات (مجال الأخذ والرد في المفاوضات)"
"negotiating tactics","تكتيك المفاوضات"
"negotiation continuity","تتابع المفاوضات"
"negotiation failure","فشل المفاوضات وقف (إيقاف) المفاوضات"
"negotiation stoppage","إيقاف المفاوضات"
"negotiation stoppage","تعليق المباحثات (المحادثات)"
"negotiation","مفاوضة، تفاوض، تداول"
"negotiations (to open...)","إفتح المفاوضات"
"negotiations advance","تقدم في المفاوضات"
"negotiations basis","أساس (أرضية أو قاعدة) المفاوضات"
"negotiations basis","أساس (قاعدة، ركيزة) المفاوضات"
"negotiations beginning","بداية المفاوضات"
"negotiations breakthrough","انفراج في المفاوضات"
"negotiations climate","مناخ المفاوضات، جو المفاوضات"
"negotiations committee","لجنة المفاوضات"
"negotiations complex","مجموعة المفاوضات"
"negotiations contribution","مشاركة في المفاوضات"
"negotiations course","سير المفاوضات"
"negotiations crisis","أزمة المفاوضات"
"negotiations duration","مدة (فترة) المفاوضات"
"negotiations failure","فشل المفاوضات"
"negotiations goal","هدف المفاوضات"
"negotiations level","مستوى المفاوضات"
"negotiations main focus","نقطة المفاوضات الأساسية (أو المهمة)"
"negotiations on the highest levels","مفاوضات على أعلى المستويات"
"negotiations on the restriction of strategically weapons","مُفَوَّضَات حول الحد من الأسلحة الإستراتيجية"
"negotiations outlooks","إحتمالات (إمكانيات نجاح) المُفَوَّضَات"
"negotiations package","مجموعة المُفَوَّضَات"
"negotiations phase","مرحلة المُفَوَّضَات"
"negotiations point of view","وضع المُفَوَّضَات"
"negotiations point","نقطة البحث (في المُفَوَّضَات)"
"negotiations politics","سياسة المُفَوَّضَة"
"negotiations progress","سير المُفَوَّضَات"
"negotiations stage","مرحلة المُفَوَّضَات"
"negotiations start","بدء (إستهلاك) المُفَوَّضَات"
"negotiations strategy","إستراتيجية المُفَوَّضَات"
"negotiations success","نجاح المُفَوَّضَات"
"negotiations table","طاولة المُفَوَّضَات، مائدة المُفَوَّضَات"
"negotiations terrain","أرض المُفَوَّضَات (المكان الذي تجري في المُفَوَّضَات)"
"neighboring country","بلد محاور"
"neighboring state","دولة (بلد) محاور أو متاخم"
"neighboring","بمحاور، متاخم، ملاصق ل، متصل بـ"
"neighbouring state","بلد محاور، دولة محاورة"
"Neo faschism","الفاشية الجديدة"
"neo-Liberalism","مذهب التحررية الجديد (المذهب الحر الحديث)"
"neocolonialism: (a colonization represented by the attempt of the big Countries to keep their practical domination over the previous colonies through its economic, military and cultural influence)","الإستعمار الجديد: ضرب مبطن من الإستعمار يتمثل في محاولة الدول الكبرى الإحتفاظ بسيطرتها العملية على المستعمرات السابقة، وذلك عن طريق بسط نفوذها الإقتصادي أو العسكري أو الثقافي عليها."
"neofaschist","خاص بالفاشية الجديدة (صفة)"
"Nepal","نيبال"
"net assets value","قيمة صافي الأصول"
"net domestic product","صافي الناتج الداخلي"
"net income","صافي الدخل"
"net national income","صافي الدخل القومي"
"net national product","صافي الناتج القومي"
"net price","السعر الصافي"
"net product","صافي الناتج"
"net production","صافي الإنتاج"
"net profit","الربح الصافي"
"net savings","صافي الإدخار"
"net","صاف (صفة)"
"Netherlands kingdom","مملكة هولندا"
"Netherlands","هولندا"
"network investigation","تفتيش شبكي (البحث عن المجرمين حسب صفات خاصة)"
"neutral area","منطقة محايدة"
"neutral attitude","موقف حيادي"
"neutral country","بلد غير منحاز (غير ملتزم باتفاقية)"
"neutral country","بلد حيادي (محايد)"
"neutral state","دَوْلَة حَيَادِيَة (غير منحازة)"
"neutral state","بلد حيادي (غير منحاز)"
"neutral","غير منحاز، حيادي، محايد (صفة)"
"neutralism","الحيادية، سياسة الحياد"
"neutrality convention","معاهدة الحياد"
"neutrality negotiations","مفاوضات حيادية"
"neutrality policy","سياسة الحياد، سياسة حيادية"
"neutrality right","حق الحياد"
"neutrality","حياد، اللاحزية، عدم الإنحياز"
"neutralization policy","سياسة الحياد"
"neutralization","تعديل، تحييد"
"neutralize (to)","حيّد (جعله محايد)"
"neutre","حيادي (صفة)"
"new constitution party of Tunis (established in 1919 and Habib Burgiba tried to develop it in order to get the complete political independence)","حزب الدستور الجديد في تونس: أسس عام 1919 وحاول الحبيب بورقيبة تطويره بهدف الحصول على الإستقلالية السياسية الكاملة."
"new elections","انتخابات جديدة"
"new elector","ناخب جديد (أول مرة ينتخب)"
"new government","حكومة جديدة"
"New Guinea","غينيا الجديدة"
"new steps to be solved","خطوات جديدة على طريق (في سبيل) التفاهم"
"New York","نيويورك"
"New Zealand","نيوزيلاندة، نيوزيلاندا"
"new","جديد"
"news agency","وكالة الأنباء"
"news barrier","حظر نشر الأنباء، الحظر الإعلامي"
"news broadcast","الأخبار المصورة، أخبار متلفزة"
"news bulletin","نشرة الأخبار"
"news camera","كاميرا الأخبار"
"news conference","مؤتمر إعلامي"
"news coverage","تقرير إخباري"
"news editor","محرر الأخبار المصورة أو المتلفزة"
"news in brief","أخبار متنوعة، متفرقات إخبارية"
"news magazine","مجلة أخبار أسبوعية"
"news office","مكتب (وكالة) الأنباء"
"news service","وكالة الأنباء، المخابرات"
"news space","مَسَاحَةٌ إِخْبَارِيَّة"
"news stand","كِشْلَكُ الصُّحُف"
"news stock","وَرَقُ الصُّحُف"
"news, notification","خبر، تبليغ، إخطار، إعلان"
"news","أخبار، أنباء"
"newsagent or newsdealer","موزع الصحف"
"newsboy","بائع الصحف"
"newscaster","مذيع (ة) الأخبار، مقدم (ة) البرنامج الإخباري"
"newshound","مراسل صحفي"
"newsletter, speech, cir- cular","نشرة، خطاب دوري"
"newsletters","كتاب (تعميم) دوري"
"newspaper","جريدة، صحيفة"
"newspaperman","صحافي، صحفي"
"newsprint","وَرَقُ صُحُف"
"Nicaragua","نيكاراجوا، نيكاراغوا"
"Niger","النيجر"
"Nigeria","نيجيريا"
"no discussion","حازم، حاسم (صفة)"
"no voice","صَوْتُ سَلْبِي (صوت اللا)"
"Nobel prize laureate","حائز على جائزة نوبل"
"Nobel prize","جائزة نوبل"
"Nobel, Alfred","ألفرد نوبل"
"nobles","حبر (أحبار)، أكابر، أشراف، وُجَهَاء"
"nominal amount","مبلغ أسمي"
"nominal capital","رأس مال أسمي"
"nominal incomes","دخل أسمي"
"nominal poll","تصويت اسمي (يتم بواسطة النداء بالأساء)"
"nominal president","رئيس اسمي (معنوي)"
"nominal value","قيمة أسمية"
"nominal vote","تصويت آسي (بالاسم)"
"nominal wage policy","سياسة الأجر الآسي"
"nominal wage","أجر أسمي"
"nominally","صاحب لقب، ذو لقب، صاحب حق"
"nominate (to)","عَيْنَ"
"nominate as a successor","يُعِين خلفاً"
"nominate oneself to the Bundestag elections","يرشح نفسه لانتخابات مجلس النواب الألماني الإتحادي"
"nomination authority","سُلْطَةُ (صَلَاحِيَّة) التعيين"
"nomination by secret election","تَرْشِيح (تعيين) بِالْإِقْتِرَاعِ السِّرِّي"
"nomination committee","لِجَنَّةِ التَّرْشِيحِ (التعيين)"
"nomination document","وَثِيقَةُ التَّعْيِينِ"
"nomination in a ministerial position","تعيين في منصب وزاري"
"nomination of the minister","تعيين وزيراً"
"nomination procedures","مُعَامَلَةُ التَّرْشِيحِ (التعيين)"
"nomination","تعيين، ترشيح"
"non -aligned country","بلد محايد (غير ملتزم بطرف معين)"
"non (Policy of...)","سياسة عدم التَّدخُّل"
"non achievement of the terms of the contract","عَدَمُ تَنْفِيذٍ شُرُوطُ الْعَقْدِ"
"non achievement","عَدَمُ تَنْفِيذٍ (تَحْقِيق أو تَلْبِيَةُ أو إِيفَاء)"
"non active strike","إِضْرَابُ الْجُلُوسِ"
"non conformity with the people","لَا يَتَطَابَقُ مَعَ الشَّعْبِ (صِفَة)"
"non implementation of a treaty","عَدَمُ تَنْفِيذٍ (تَطْبِيق) الْفَاقِيَّةِ مَا"
"non parliamentary opposition","مُعارضة غير برلمانية"
"non parliamentary","غَيْرُ بَرَمَانِيٍّ، غَيْرُ نِيَّايٍ (صِفَة)"
"non permanent member","عضو غير دائم"
"non signing state","بلد غير مُوقَّع (على معاهدة أو اتفاقية)"
"non-aggression convention","اتفاقية (معاهدة) عدم استخدام العنف"
"non-aggression convention","معاهدة عدم الاعتداء"
"non-aggression obligation","الإلتزام بعد الاعتداء"
"non-aggression","إعلان عدم الاعتداء"
"non-aligned state","دُوَل (بلد) غير منحازة"
"non-aligned","غير منحاز، حيادي"
"non-alignment","عدم الإختيار"
"non-appearance","غياب، عدم ظهور (عدم الحضور)"
"non-application chemical arms","عدم استعمال الأسلحة الكيماوية"
"non-application","عدم استعمال"
"non-commissioned officer","ضابط الصف"
"non-compliance","عدم التقييد، عدم الإلتزام بـ"
"non-contracting state","بَلَدٌ غَيْرُ مُتَعَاقِدٍ"
"non-eligible","غير قابل للإنتخاب"
"non-governmental","مستقل عن الحكومة، لا علاقة له بالحكومة (صفة)"
"non-intervention dans les affaires des autres pays","عَدَمُ التَّدَخُّلِ فِي الشُّؤُونِ الدَّاخِلِيَّةِ لِلْبِلَادِ الْأُخْرَى"
"non-intervention","عدم التدخل"
"non-member states","الدول الغير أعضاء"
"non-member","غير عضو"
"non-observance","عدم مراعاة"
"non-participating states","الدُّوَلُ الْغَيْرُ مُسَاهَمَةٌ (غَيْرُ مُشْتَرَكَةٍ)"
"non-participation","عَدَمُ الْإِشْتِرَاكِ بِـ"
"non-partisan","غير متحيز، غير متحزب (صفة)"
"non-proliferation of nuclear weapons","الحد من انتشار السلاح النووي (الأسلحة النووية)"
"non-proliferation","عدم نشر، الحد من انتشار"
"non-recognition","عدم الإقرار بـ، عدم الاعتراف بـ"
"non-religion","غير طائفي (صفة)"
"non-specification","عدم الإختصاص"
"non-violent","لا عنفي، بدون عنف (صفة)"
"nonconformism","تباين، عدم التوافق"
"nonprofit association","شركة المنفعة العامة"
"normal budget","مُوَازَنَة عَادِيَّة"
"normal","عادي، مألوف، اعتيادي (صفة)"
"normalization convention","اتفاقية (معاهدة) تطبيع الأمور (إعادة الأمور إلى طبيعتها أو جعلها طبيعية)"
"normalization of the relationships","إعادة العلاقات إلى طبيعتها"
"normalization","ضبط، تسوية، توحيد النمط، تنميط، تطبيع"
"normalize (to)","سوى، وحّد، ضبط، طُبع (أعاد الشيء إلى أصله)"
"North Africa","شال إفريقيا، الشمال الإفريقي"
"North America","أمريكا الشمالية، شال أمريكا"
"North Atlantic council","مجلس شال الأطلسي"
"North Atlantic pact organization","منظمة شال الأطلسي"
"North Atlantic pact","حلف شال الأطلسي (الناتو)"
"North Atlantic treaty","معاهدة شال الأطلسي"
"North Atlantic","شال الأطلسي"
"north","شال"
"northern council","مجلس الشمال"
"Norway kingdom","مملكة النرويج، المملكة النرويجية"
"Norway","النرويج"
"not political","غير سياسي (صفة)"
"not sure news","خبر غير مؤكد"
"not sure or not certain news","خبر غير مؤكد"
"not sure","غير أكيد (مؤكد) (صفة)"
"not warfare","اللاحتراب، عدم الاحتراب"
"not-nuclear weapon state","الدول غير المالكة للسلاح النووي"
"notables","أعيان (رجال الدولة)"
"notary","كاتب العدل، موثق العقود"
"note","ملاحظة، تأشيرة، علامة، مدونة"
"nothing can be done to it, untouchable","لا يباع، لا يمكن التصرف به (صفة)"
"notice","مُذكّرة"
"notification","إشعار، إخطار، إعلام، تبليغ"
"notify (to)","بَلِّغ، أخطر، أعلم"
"notify of the elections","تبليغ الانتخابات"
"nuclear arms","سلاح نووي"
"nuclear arsenal","ترسانة نووية (ذرية)"
"nuclear arsenal","ترسانة نووية (ترسانة الأسلحة النووية)"
"nuclear attack","هجوم (اعتداء) نووي (ذري)"
"nuclear attempt","تجربة نووية"
"nuclear battery, reactor","مجمع (مولد) ذري بطارية ذرية"
"nuclear bomb","قنبلة نووية"
"nuclear catastrophe","كارثة نووية (ذرية)"
"nuclear club (states owning energy or atomic weapon)","نادي (الدول المالكة للطاقة أو السلاح الذري)"
"nuclear committee","اللجنة النووية"
"nuclear construction","بناء الذرة، تركيب الذرة، التركيب النووي"
"nuclear counter-attack, retaliation","ضربة ذرية مضادة"
"nuclear deterrence","ردع نووي"
"nuclear disarmament","نَزْعُ السِّلَاحِ النووي"
"nuclear disintegration fission","انشطار نووي (ذري)"
"nuclear disintegration","تفتت ذري"
"nuclear dust","نفايات الذرة، غبار ذري"
"nuclear energy utilization","استخدام الطاقة النووية"
"nuclear energy","الطاقة الذرية، طاقة نووية"
"nuclear equipped head rocket","صاروخ مزود برأس نووي"
"nuclear explosion","تفجير ذري، انفجار ذري"
"nuclear extortion","ابتزاز نووي"
"nuclear fission","انشطار (تفتيت) ذري"
"nuclear force","قوات السلاح النووي"
"nuclear forces","قوات السلاح النووي"
"nuclear freight","شحنة نووية"
"nuclear movable warhead","رأس (صاعق) نووي متحرك"
"nuclear physicist","عالم في الفيزياء النووية"
"nuclear physics","الفيزياء النووية"
"nuclear potential","القدرة النووية"
"nuclear power plant","مصنع الذرة"
"nuclear power, potential","القوة (المقدرة) الذرية"
"nuclear power","دولة تملك السلاح النووي"
"nuclear radiation","الشعاع الذري، الإشعاعات النووية، إشعاع ذري"
"nuclear reaction","تفاعل نووي"
"nuclear reactor","مفاعل (مولد أو مجمع) ذري"
"nuclear research","أبحاث ذرية"
"nuclear rocket","صاروخ ذري (نووي)"
"nuclear rockets carrier","حاملة صواريخ نووية"
"nuclear strategy","استراتيجية الذرة، استراتيجية نووية"
"nuclear striking power","القوة الضاربة النووية"
"nuclear submarine","غواصة نووية"
"nuclear system","نظام نووي"
"nuclear test ban treaty","معاهدة إيقاف التجارب النووية"
"nuclear test","تجربة نووية (ج تجارب نووية)"
"nuclear theory","عمل الذرة (نظرية الذرة)"
"nuclear units","وحدات السلاح النووي"
"nuclear war","حرب نووية (ذرية)"
"nuclear warhead","رأس متفجر (صاعق ذري)"
"nuclear warhead","صاعق نووي، رأس نووي متفجر"
"nuclear warship","سفينة قتال نووية"
"nuclear waste","نفايات (فضلات) الذرة، غبار ذري"
"nuclear weapon armament (provide the army with nuclear weapon)","التسلّح النووي (تزويد الجيش بالسلاح النووي)"
"nuclear weapon armament","تسلّح نووي"
"nuclear weapon attempts","تجارب للسلاح النووي"
"nuclear weapon bearer","حامل (ناقل) السلاح النووي (حاملة السلاح النووي)"
"nuclear weapon carrier conveyor","ناقل (ناقلة) سلاح نووي"
"nuclear weapon control","الرقابة (إشراف/تفتيش) على الأسلحة النووية"
"nuclear weapon development","تطور الأسلحة النووية"
"nuclear weapon potential, n.","قوة (مقدرة) الأسلحة النووية"
"nuclear weapon state","دولة (مالكة) للسلاح النووي"
"nuclear weapon system","نظام (طراز) السلاح النووي"
"nuclear weapon use","استعمال (استخدام) الأسلحة النووية"
"nuclear weapons non-proliferation treaty","معاهدة الحد من (انتشار) السلاح النووي"
"nuclear weapons","أسلحة نووية (ذرية)"
"nuclear","نووي (صفة)"
"null and void","باطل، ملغى"
"null","باطل (صفة)"
"nullify (to)","يلغي، يفسخ، يُبطل (عقداً)، يعتبر باطلاً أو لاغياً"
"nullity, invalidity","بطلان، عدم صحة، عدم سريان"
"number of parliamentary seats","عدد المقاعد البرلمانية"
"number of votes","عدد الأصوات"
"o raise hands (during voting)","رُفِع الأيدي (عند التصويت)"
"oath of office","القَسَمُ الرَّسْمِيُّ، اليَمِينُ الرَّسْمِيُّ"
"oath","قَسَمٌ، يَمِينٌ"
"object (to)","اعْتَرَضَ عَلَى، عَارِضَ"
"object","مَوْضُوعٌ، مَشْرُوعٌ"
"objection, opposition","احْتِجَاجٌ، مُعَارَضَةٌ، اعْتِرَاضٌ (فِيتُو)"
"objective dialectic","جَدَلِيَّة موضوعية"
"objective factor","عامل موضوعي"
"objectively","مَوْضُوعِيٌّ"
"objectivity","مَوْضُوعِيَّةٌ، عَدَمُ التَّحَرُّبِ (أَوِ الإِنْخِيَازُ)"
"obligations (duty) and rights of the citizen","واجبات وحقوق المواطن"
"obligatory service","الْخِدْمَةُ الإِجْبَارِيَّةُ"
"obligatory","إِلْزَامِيٌّ، إِجْبَارِيٌّ، وَاجِبٌ (صِفَّةُ)"
"oblige (to)","أَرْغَمٌ، أَمْلَى (إِرَادَتُهُ)"
"obliged of recruitment","كُفْءٌ (مَلْزَمٌ) لِلتَّجْنِيدِ"
"observation","مُرَاقَبَةٌ، مُلَاحَظَةٌ، مُشَاهَدَةٌ"
"observe (to)","رَاقِبٌ، شَاهِدٌ، رَصَدٌ، لَاحِظٌ"
"observer status","بِصِفَّةُ مُرَاقِبٍ"
"obstacle","عَائِقٌ، مَانِعٌ، عُقْبَةٌ، عَرَقْلَةٌ"
"obstruction","الْمُعَارَضَةُ، مُنَاوَأَةُ الصَّدِّ وَالْإِعْرَاضِ، إِعَاقَةٌ (عَرَقْلَةُ الْأَعْمَالِ السِّيَاسِيَّةِ)"
"obtain the right to speak","يسحب (حق) الكلام"
"occupation army, troops","جَيْشُ الإِحْتِلاَلِ"
"occupation army","إِحْتِلاَلٌ (الِاسْتِيلَاءُ عَلَى مَلَكٍ)"
"occupation authorities","جَيْشُ الإِحْتِلاَلِ، الْقُوَّاتُ الْمُحْتَلَّةُ"
"occupation forces","قوات الإحتلال"
"occupation law","قانون الإحتلال"
"occupation order","نقابة مهنية"
"occupation policy","سياسة الإحتلال"
"occupation state","دولة الإحتلال"
"occupation troops","قوات (فرق جنود) الإحتلال"
"occupation zone","المنطقة المحتلة"
"occupation","مِهْنَةٌ، صِنْعَةٌ، حَرْفَةٌ"
"occupied area","منطقة (أرض) محتلة"
"occupied country","بلد مُحتل"
"occupied state","بلد (دَوْلَة) مُحْتَل"
"occupied territories","المنطقة (الأرض) المحتلة"
"occupy (to)","إحتل، شغل"
"occupy the center of interest","يَحْتَل مَكَان الصَّدَارَة"
"ocean","محيط"
"October revolution","ثورة أكتوبر"
"offense position","موقع الهجوم (في العسكرية)"
"offensive alliance","تحالف هجومي"
"offensive atomic weapons","سلاح ذري هجومي (سلاح هجومي ذري)"
"offensive rocket","صاروخ هجومي"
"offensive strategy","إستراتيجية الهجوم (هجومية)"
"offensive troops","القوات المهاجمة (قوات الهجوم)"
"offensive war","حَرْبٌ هجومية"
"offensive weapon system","نظام سلاح الهجوم"
"offensive weapons","سلاح هجومي"
"offensive","خاص بالهجوم"
"offer and demand theory","نظرية العرض والطلب"
"offer, bid","عرض"
"office (toretire (resign) from his...)","خرج، ترك (استقال) من مهامه"
"office for weapons control","دائرة مراقبة التسلح"
"office of the federal chancellor","مكتب (ديوان) المستشارية، المستشار الاتحادي"
"office work","الخدمة في الكنة"
"office, study, cabinet, function, charge, ministry","دائرة، مكتب، منصب، مهمة، وظيفة، مصلحة، وزارة"
"office","ديوان (مكتب الحاكم أو الرئيس)"
"officer charged of nutrition and lodging","صف ضابط للتغذية والإسكان"
"officer corps","هيئة الضباط"
"officer doctor","طبيب ضابط"
"officer","ضابط"
"offices division","تقسيم المراتب أو الوظائف والمهام"
"offices hierarchy","تسلسل المناصب"
"offices repartition","توزيع الوظائف والمهام"
"offices, bureau","المكاتب، الوظائف"
"official (legal) acknowledgement","الإعتراف الرسمي (الإعتراف من الناحية القانونية)"
"official announcement","بلاغ رسمي"
"official appointment of the ministers of a cabinet through the oath in front of the president","تعسين رسمي للوزارة بأداء أعضائها القسم أمام الرئيس"
"official authority","سلطة المكاتب، حق التصرف (الدوائر الحكومية)"
"official circles","الأوساط الرسمية"
"official corruption","رشوة الموظفين"
"official denial","نفي رسمي"
"official examination","تحقيق رسمي"
"official exchange rate","سعر الصرف الرسمي"
"official funeral","جنازة رسمية"
"official gazette","الصحيفة الرسمية، الجريدة الرسمية"
"official language","اللغة الرسمية (لغة الدوائر الحكومية)"
"official mandate","بتكليف رسمي"
"official member","عضو أصيل (رسمي)"
"official secret","سرّ رسمي"
"official statement","بيان (تصريح) رسمي"
"official statistics","إحصائية رسمية"
"official","رسي (غير فخري مثال الموظف الرسمي، الذي يتقاضى مرتباً بحيث أنه يعمل بانتظام حوالي 40 ساعة أسبوعياً) (صفة)"
"official","رسي"
"officially charged with","بحكم الوظيفة مُكَلَّفٌ بمنصب رفيع (عال)"
"oil exporting countries","البلدان المصدرة للبترول"
"oldest minister","الوزير الأقدم بالخدمة"
"oligarch","عضو (مؤيد) في حكومة تسيطر عليها جماعة صغيرة همها الاستغلال"
"oligarchic","خاص (ذو علاقة) بحكم القلة"
"oligarchy","حكم القلة"
"Oman","عمان"
"Omdurman","أم درمان"
"on a local level","على مستوى محلي"
"on a parliamentary level","على مستوى برلماني"
"on an international level","على مستوى عالمي"
"on behalf","بأمر، بتكليف (من فلان)"
"on duty","مُناوِب"
"on ministerial level","على مستوى وزاري"
"on the ambassador's level","على مستوى السفراء"
"on the foreign policy level (area)","صعيد (مجال) السياسة الخارجية"
"on the head of the party","على رأس الحِزْب (في قمة الحِزْب)"
"on the highest levels","على أعلى المستويات"
"on the local policy area","على صعيد السياسة الداخلية"
"on the top of his power","في قمة سُلْطَتِه"
"on the way of negotiations","عن طريق المفاوضات"
"one who is against the government politics","مناوئ (معارض) سياسة الحكومة"
"OPEC organization of petroleum exporting countries","منظمة الدول (البلدان) المصدرة للبترول"
"open (to)","افتتح، فتح"
"open diplomacy","دبلوماسية مكشوفة (مفتوحة)"
"open poll","تصويت علني (مكشوف)"
"open the elections","افتتاح الانتخابات"
"open vote","تصويت مفتوح علني"
"open-market policy","سياسة السوق الحر"
"opening of the conference","افتتاح المؤتمر"
"opening of the legislative period","إفتتاح الدورة التشريعية"
"openness policy","سياسة الانفتاح"
"openness","انفتاح، فتح"
"operating troops","القوات العاملة"
"operation","عملية، عمل"
"opinion by unanimity","رأي بالإجماع (بجمع عليه)"
"opinion change","تغيير الرأي (تراجع عن الرأي)"
"opinion exchange","تبادل الآراء (الأفكار)"
"opinion formation","تكوين الرأي"
"opinion poll institute","معهد دراسات الرأي العام"
"opinion poll","استفتاء الرأي"
"opinion poll","إستفتاء الشعب"
"opinion","رأي، اعتقاد"
"opponent, enemy","عدو، خصم، غريم"
"opponent, objector","معارض"
"opponent","معارض، مقاوم، مخالف"
"opportunism","انتهازية، نفعية"
"opportunist","انتهازي، نفعي"
"opportunistic wing","جَنَاح إنتهازي"
"opportunistic","انتهازية (صفة)"
"oppose (to)","يعارض، يقابل، يواجه"
"opposing member","صوت معارض"
"opposite obligation","التزام مقابل"
"opposition (principle)","مُعَارَضَة مبدئية (من حيث المبدأ)"
"opposition benches in the parliament","مقاعد المعارضة في البرلمان"
"opposition campaign","حملة عدائية"
"opposition circles","أوساط المُعارضة"
"opposition current","طيار الاعتراض (الملاقاة)"
"opposition deputy","نائب المُعارضة"
"opposition leader","زعيم المُعارضة"
"opposition leadership","رئاسة (زعامة) المُعارضة"
"opposition member","عضو المُعارضة"
"opposition movement","حركة المُعارضة"
"opposition parliamentary party","جناح المُعارضة في البرلمان"
"opposition party","حزب المُعارضة"
"opposition party","حزب معارض"
"opposition party","حِزْب معارض (مناويء أو معاد)"
"opposition policy","سياسة المُعارضة"
"opposition politician","سياسي معارض"
"opposition proposal","اقتراح (مشروع أو طلب) المُعارضة"
"opposition proposition","طلب (اقتراح) المُعارضة"
"opposition representative","ممثل المُعارضة"
"opposition seats (in the parliament)","مقاعد المُعارضة (في البرلمان)"
"opposition speaker","ناطق باسم المُعارضة"
"opposition strategy","استراتيجية المُعارضة"
"opposition","اعتراض، مُعارضة"
"optional clause","بند (شرط) التخيير"
"optionally","اختياري (صفة)"
"oral consent","موافقة شفوية (شفهية)"
"order (n), instructions, decree","أمر، مرسوم، تعليمات"
"order (to)","أمر، (أصدر أو أعطى) أمراً"
"order (to)","أمر، أحضر إلى، أرسل"
"order guards","حفظة النِظَام والأمن (الشرطة)"
"order police","رجال السلطة العامة"
"order project (resolution)","مشروع قرار"
"order reputation","النداء لمراعاة (للمحافظة) على النِظَام"
"order","نِظَام، تنظيم، تنسيق"
"ordering, assiagning","تدريج، ترتيب، تنسيق"
"organ (advisory)","هيئة استشارية"
"organ","جهاز، هيئة، لسان حال، سلطة، جمعية، مُنَظَّمَة"
"organization for unit of Africa","منظمة الوحدة الأفريقية"
"organization of central Europe countries","منظمة دول أمريكا الوسطى"
"organization of petroleum importing countries","منظمة البلاد العربية المصدرة للبترول (النفط)"
"organization of the American states","منظمة الدول الأمريكية"
"organization of the economic cooperation and development","منظمة التعاون الاقتصادي والتنمية"
"organization strictly related to the united nations","منظمات خاضعة تابعة للأمم المتحدة"
"organization","منظمة، تنظيم، جمعية، هيئة"
"organizational","تنظيمي، ترتيبي (صفة)"
"organize (to)","نَظْمٌ، رَتْبٌ، مَهْدٌ، نَسَقٌ، دَبْرٌ (مؤامرة)"
"organize a conference","أقام ندوة علنية"
"organize a demonstration","الْقِيَامُ بِمُظَاهَرَة"
"organizer","مُنَظَّمٌ، مَرْتَبٌ، مَدْبِرٌ"
"organizing committee","جَنَّةُ التَّنْظِيمِ"
"Orient","الشَّرْقُ"
"Oriental","شَرْقِيٌّ (صِفَةٌ)"
"orientation of the foreign policy","اتِّجَاهُ السِّيَاسَةُ الْخَارِجِيَّةُ"
"orientation","تَوْجِيهٌ، اتِّجَاهُ"
"oriented economy","اقتصاد مُوَجَّه"
"originate (to) from","تَبَعٌ"
"Oslo","أَوْسَلُو"
"Ottawa","أَوْتَاوَا"
"oubreak of the war","انْدِلَاعُ الْحَرْبِ"
"ousing removing from cabinet","إقالة (فلان) من الوزارة"
"oust (to)","فَصْلٌ مِنَ الْمَنْصِبِ"
"out of the question","لَا يَقْبَلُ الْجَدَلُ، مُسَلَّمٌ بِهِ، أَكِيدٌ، لَا جَدَلُ فِيهِ"
"outbreak of animosity","انْتِشَارُ الْعَدَاوَاتِ (بَيْنَ)"
"outbreak of animosity","إشعال نار الحرب (العداوة)"
"outbreak of troubles, disorders (or demonstrations and chaos)","انْتِشَارُ الْإِضْطِرَابَاتِ (أَوِ الْمُظَاهَرَاتِ وَالْهِيَاجِ)"
"outbreak","نَشُوبٌ، انْدِلَاعٌ"
"overcome the difficulty","يتغلب على الورطة (الصعوبة)"
"overseas area","منطقة فيما وراء البحار"
"overthrowing the military government","الإطاحة بالحكومة العسكرية"
"overwhelming majority","أكثرية ساحقة"
"owe politics","سِيَاسَةُ الْقُرُوضِ (تَعَهَّدَاتُ الدَّوْلَةِ)"
"own responsibility","الْمَسْؤُولِيَّةُ الذَّاتِيَّةُ، الْمَسْؤُولِيَّةُ الشَّخْصِيَّةُ"
"pacific council","مجلس الباسفيك"
"pacific ocean","المحيط الهادئ (الباسفيك)"
"pacific security pact","معاهدة الأمن السِّلْمِيّ"
"pacific","مسالم، سِلْمِيّ (صفة)"
"pacification","توطيد السَّلَام (الهدوء) في..."
"pacifism","مذهب المسالمة، حب السَّلَام، اللاعنفية"
"pacifist","محب للسلام، مسالم"
"paid clapper","مصنِّف مأجور"
"Pakistan","الباكستان"
"Pakistani","باكستاني (صفة)"
"Palestinian groups in Lebanon","التجمعات الفلسطينية في لبنان"
"panel of consumers","لجنة (حماية) المستهلكين"
"paper","تقرير، محاضرة، حديث"
"parade","تشكيل، عرض، استعراض (عسكري)"
"paragraph","بند، فقرة"
"paralysis of the economy","شَلِّ الافتصاد"
"paramilitary military forces","قوات غير نظامية (أو شبه نظامية)"
"pardon (to)","عفا (عن)"
"parlementary constitution","دستور (نظام) برلماني"
"parliament (decision of the...)","إقرار (اتخاذ قرار) في البرلمان"
"parliament (the right to dissolve the...)","حقُّ حلِّ البرِّلمان"
"parliament absolutism","استبدادية (حكم مطلق) البرلمان"
"parliament act","عمل، تصرف، حكم، قرار، مرسوم، صك، عقد برلمان"
"parliament activity","العمل (النشاط) البرلماني"
"parliament appliance","الجهاز البرلماني"
"parliament body","هيئة نيابية"
"parliament by-laws","اللائحة الداخلية (النظام الداخلي) للبرلمان"
"parliament call","دعوة البرلمان (للاجتماع)"
"parliament candidacy","الترشيح البرلماني"
"parliament candidate","مرشح برلماني (للبرلمان)"
"parliament circles","أوساط برلمانية"
"parliament colleague","زميل برلماني (في البرلمان)"
"parliament decision","قرار برلماني"
"parliament experience","الخبرة البرلمانية"
"parliament majority for the government","الأكثرية البرلمانية للحكومة"
"parliament majority possesses","يملك الأكثرية البرلمانية (في البرلمان)"
"parliament majority","أكثرية برلمانية"
"parliament mandate","المقعد البرلماني"
"parliament minority","أقلية برلمانية"
"parliament of the unique party","برلمان الحزب الواحد (برلمان يتألف من حزب واحد)"
"parliament opposition","معارضة برلمانية"
"parliament parties","أحزاب برلمانية"
"parliament procedure","إجراء برلماني"
"parliament proposition","طلب برلماني (البرلمان)"
"parliament reelections","انتخابات برلمانية جديدة"
"parliament representation","تشيل برلماني"
"parliament representative","ممثل برلماني، ممثل مجلس النواب"
"parliament right","القانون البرلماني"
"parliament seat","مقعد برلماني"
"parliament special session","جلسة خاصة لمجلس النواب"
"parliament without a clear rate of majority","برلمان بدون نسبة أكثرية واضحة"
"parliament's by laws","النظام الداخلي للبرلمان"
"parliament","خاص بالبرلمان"
"parliamentarian delegation","وفد برِّلمانيّ"
"parliamentarian deputy","نائب برِّلمانيّ، عضو البرِّلمان (أو مجلس النواب)"
"parliamentarian","برِّلمانيّ، عضو البرِّلمان، نائب"
"parliamentarianism","البرِّلمانية، نظام الحكم البرِّلمانيّ"
"parliamentary acknowledge (them) as...representatives of a party","الاعتراف (بهم) كجَناح برلمان (كممثلين للحزب في البرلمان)"
"parliamentary activities","الأعمال (النشاطات) البرلمانية"
"parliamentary advice council","مجلس برلماني"
"parliamentary agenda","جدول الأعمال البرلماني خاص بجدول الأعمال"
"parliamentary committee","لجنة برلمانية"
"parliamentary committee","لجنة برلمانية، هيئة برلمانية"
"parliamentary control","رقابة (إشراف) برلمانية"
"parliamentary debate","مناقشة برلمانية"
"parliamentary delegation (agency)","تمثيل برلماني"
"parliamentary election","انتخاب البرلمان (مجلس النواب)"
"parliamentary embarrassment","إحراج (ورطة) برلماني"
"parliamentary Europe's communities","مجلس البلديات الأوروبي"
"parliamentary examination","تحقيق برلماني"
"parliamentary excessive representatives","وجود (تشيل برلماني) زائد"
"parliamentary group","التجمع النيابي (ممثلي الحزب) في مجلس النواب"
"parliamentary immunity","الحصانة البرلمانية"
"parliamentary immunity","حصانة برلمانية"
"parliamentary institutions, utilities","مرافق برلمانية"
"parliamentary laws","سلطات برلمانية"
"parliamentary meeting","إجتماع برلماني"
"parliamentary movement","العمل البرلماني"
"parliamentary obstruction","إِعَاقَةٌ (عَرَقْلَةٌ) بَرَلْمَانِيَّةٌ"
"parliamentary opening","افتتاح البرلمان (المجلس النيابي)"
"parliamentary opposition","مُعَارَضَة برلمانية"
"parliamentary order","نِظَام برلماني"
"parliamentary party","جناح حزب (في البرلمان) تجمع نيابي في البرلمان"
"parliamentary presidential republic","جمهورية رئاسية برلمانية"
"parliamentary pressure","ضغط برلماني"
"parliamentary procedures","إجراء برلماني"
"parliamentary reform","إصلاح برلماني"
"parliamentary rights","حقوق (سلطات) تفتيش برلمانية"
"parliamentary sovereignty","السيادة البرلمانية، سيادة المجلس النيابي"
"parliamentary vote","تصويت برلماني"
"parliamentary","برِّلمانيّ، نيابيّ (صفة)"
"parliaments where they meet every 5 years to elect a federal republican president)","كل خمس سنوات لانتخاب رئيس الجمهورية الإتحادي)"
"part","قسم، جزء، جانب، منطقة، ناحية"
"parti member","عضو الحزب"
"partial agreements","جزء اتفاقية"
"partial elections","انتخابات فرعية (جزئية)"
"partial strike","إضراب جزئي"
"partial success","نجاح جزئي (نسبي)"
"partial","خاص بالحزب"
"participant countries in NATO treaty","الدول الأعضاء في حلف الناتو"
"participant countries in the NATO treaty","الدول الأعضاء في (حلف) الناتو"
"participant countries in Warsaw treaty","الدول الأعضاء في حلف وارسو"
"participant member in the council","عضو، مشترك (ج أعضاء) في المؤتمر"
"participant","مشترك، مساهم"
"participants states in the Warsaw contract","الدول الأعضاء في معاهدة وارسو"
"participate (to)","شارك، ساهم، حضر (الاجتماع)"
"participate in a vote","الإشتراك في الاقتراع"
"participate","مشاركة"
"participating country","البلد المشترك"
"participating state","دول (بلد) مشارك (أو مشترك)"
"participation authority","حق (صلاحية) الاشتراك"
"participation in the government","اشتراك في الحكومة"
"participation, contribution, involvement","اشتراك، مساهمة، مشاركة في"
"participation","اشتراك، مساهمة، حضور، مشاركة"
"particularism","التجزؤ إلى دويلات"
"parties in the parliament","أجنحة الأحزاب في البرلمان"
"parties represented in the parliament","الأحزاب الممثلة في البرلمان للديمقراطية"
"parties represented in the parliament","الأحزاب الممثَّلة في البرِّلمان"
"partisan of the government","مُقَرَّب من الحكومة، موالٍ للحكومة (صفة)"
"partisan","فدائي، مناصر، مشايخ، موال ل، نصير، متطوع"
"partisans, supporters","أنصار (أتباع، موالين، مؤيدين) الحزب"
"partisanship","تُحَرِّب (تُحَيِّز إلى فلان)"
"partner city","مدينة متألمة (مزاوجة)"
"partner contracting","متعاقد (الطرف المساهم في التعاقد)"
"partner negotiator","مفاوض (الطرف المساهم في المفاوضات)"
"partner talker","محدث (الطرف المساهم في الحديث)"
"partner","شريك"
"partnership","مشاركة، مساهمة"
"party -political conflict","نزاع حزبي سياسي"
"party activity","العمل الحِزْبِي، النشاط الحِزْبِي"
"party adherence","الإنتماء (الدخول أو الإنتساب) للحِزْب"
"party advisor council","المجلس الإستشاري للحِزْب"
"party affiliation","عضوية في الحِزْب، الإنتساب الحِزْبِي"
"party autonomy","إستقلالية الجناح البرلماني"
"party backing","تأييد (سند، مناصرة، دعم) في داخل الحِزْب"
"party basis","قاعدة الحِزْب"
"party board of directors","مجلس (إدارة) الحِزْب"
"party boss","رئيس (زعيم) الحِزْب"
"party budget","ميزانية الجناح البرلماني"
"party bureaucracy","بيروقراطية الحِزْب"
"party candidate","مرشح الحِزْب"
"party capriciousness","تسلط (تعسف) حِزْبِي"
"party chairman","رئيس الحِزْب"
"party coalition","إئتلاف (تكتل، تحالف) حِزْبِي"
"party committee","هيئة (جهاز) حِزْبِيَة"
"party composition of the parliament","التركيب (التشكيل) الحزبي للبرلمان"
"party comrade","رفيق الحِزْب"
"party conference","مؤتمر الحِزْب (اجتماع أعضاء الحِزْب)"
"party conflict (fight)","خلاف (خصومة/صراع) حزبي"
"party conflicts","منازعات (مهاترات) حزبية"
"party confrontation","مواجهة (مجابهات) بين الأحزاب"
"party consulqtant council","المجلس الإستشاري للحزب"
"party controversy","مناقشة (مجادلة) حزبية (داخل الحزب)"
"party decision","قرار الحزب"
"party delegate","مندوب (كادر، مندوب) الحزب"
"party delegation","وفد (بعثة) مؤتمر الحزب"
"party deliberation","مشاورات (مداولة) الجناح البرلماني"
"party democracy","ديموقراطية الحزب"
"party direction","الاتجاه الحزبي، اتجاه الحزب"
"party discipline","النظام (التأديب، الانضباط) الحزبي"
"party discords","مشاحنات (عداوات، منازعات) حزبية"
"party dispute","نزاع (خصام، شجار) الأحزاب"
"party division","انقسام (انشقاق) الحزب"
"party doctrine","مباديء (مذهب أو عقيدة) الحزب"
"party electors","ناخبو الحزب"
"party exclusion","إبعاد (طرد، فصل، ترحيل، إخراج) من الحزب"
"party fanatic","متعصب للحزب"
"party fidelity","ولاء (إخلاص) للحزب"
"party foundation","تأسيس الحزب"
"party founders","مؤسس (مؤسسي) الحزب"
"party fragmentation","انشقاق (انقسام) الأحزاب"
"party functions","مهام (واجبات، أعمال) الأحزاب"
"party funding","تمويل الحزب"
"party funds","أموال الحزب"
"party headquarters","مركز (مقر) الحزب"
"party hierarchy","الهرمية الحزبية"
"party ideology","أيديولوجية (عقيدة أو مذهب) الحزب"
"party image","وجه (شخصية) الحزب"
"party interest","مصلحة الحزب"
"party internal tension","تَوَرُّ حَزِي دَاخِلِي"
"party law","قانون الأحزاب"
"party leader","زعيم الجناح البرلماني"
"party leadership","قيادة (رئاسة) الحزب"
"party limits","حدود الحزب"
"party majority","أكثرية الجناح البرلماني"
"party meeting","مؤتمر (اجتماع) الحزب"
"party member in the parliament","عضو في الجناح البرلماني"
"party membership card","بطاقة الحزب (دفتر العضوية)"
"party membership","عضوية الحزب"
"party morality","معنوية (ج معنويات) الحزب"
"party natures","جزئية، النظام الحزبي"
"party office","مقر (مكتب) الحزب"
"party opinion","منظار الحزب (وجهة نظر الحزب)"
"party organ","جهاز الحزب"
"party organization","نظام (تنظيم) الحزب"
"party picture","نظام (نموذج) حزبي"
"party policy","الخط (السياسي) للجناح البرلماني، سياسة الحزب"
"party political track","الخط السياسي للحزب (الاتجاه السياسي)"
"party popularity","شعبية الحزب"
"party principles","مبادئ (قواعد، أسس) الحزب"
"party privileges","امتيازات (أولويات) الحزب"
"party propaganda","الدعاية الحزبية"
"party proposition","طلب (يقدمه) الجناح البرلماني"
"party relationships","ارتباطات (قيود أو علاقات) حزبية"
"party resignation","ترك (خروج أو الاستقالة) من الحزب"
"party rights","حقوق الحزب، الحقوق الحزبية"
"party secretary general","سكرتير عام الحزب، الأمين العام"
"party secretary","سكرتير الحزب، أمين سر المكتب السياسي للحزب"
"party session","جلسة (اجتماع) الجناح البرلماني"
"party solidarity","تضامن حزبي (الحزب)"
"party speaker","الناطق باسم الحزب"
"party state","دولة الأحزاب (حكومة تراقب من قبل الأحزاب)"
"party strategy","إستراتيجية الحزب"
"party strength","قوة الحزب"
"party stronghold","قلعة (منطقة نفوذ، حصن) الحزب"
"party subsidy","إعانة (دعم) الأحزاب"
"party system","نظام الأحزاب"
"party tacticians","مخطط (تكتيك) الحزب"
"party treasurer","أمين صندوق الحزب"
"party war","حرب (تجارب بين) الأحزاب"
"party wings","أجنحة الحزب"
"party-polemic","الجدل الحزبي"
"party-political balance","ميزان القوة السياسي الحزبي"
"party-political neutrality","حياد حزبي سياسي"
"party's executive committee","اللجنة التنفيذية للجناح البرلماني للحزب (مجلس الإدارة)"
"party's leadership","قيادة الجناح البرلماني للحزب"
"party's meeting-reunion","اجتماع (جلسة عمومية) الجناح البرلماني للحزب"
"party's spokesman","الناطق (المتحدث) باسم الجناح البرلماني للحزب"
"party","حزب، فريق، طرف، جانب"
"passage permit","تصريح بالمرور (العبور)"
"passageway","مرور، ممر"
"passing to the public property","تحويل إلى الملكية العامة"
"passing, changing","انتقال، معبر، ممر، تحول"
"passing, resignation","خروج، استقالة، ترك"
"passive electoral voting","حق التصويت (فقط)"
"passport check","التفتيش على الجوازات (مراقبة الجوازات)"
"passport office","مصلحة (إدارة، مكتب، دائرة، مديرية) الجوازات"
"passport procedures","إجراءات الجواز (المعاملة الخاصة بجواز السفر)"
"passport","ممر، مضيق"
"passports employee","موظف الجوازات"
"password slogan","شعار، كلمة السر"
"paternal force","السُّلْطَةُ الأبوية"
"path-way","ممر، فتحة، منفذ"
"patriarch","بطريرك، أب، رب عائلة"
"patriarchal, adj.","بطريركي، أبوي (صفة)"
"patriarchy","(بطريركية) نظام الأبوة (نظام أسرة قائم على سلطة الأب)"
"patriot","وطني، محب لوطنه"
"patriotical","وطني، خاص بحب الوطن (صفة)"
"patriotism attitude","وطنية، إتاحة وطني"
"patriotism","حب الوطن"
"patrol","دورية"
"patron","متبوع، سيد، مولى (إقطاعي)"
"patronage, sponsoring","حماية، إشراف، رعاية"
"payment date","موعد الدفع أو التسديد"
"payment reliefs","تسهيل (تسهيلات) الدفع"
"payment, settlement","تسديد"
"payment","دفع، تسديد (مدفوعات)"
"payments agreements","اتفاقية دفع"
"peace agreement","عقد سلام"
"peace call","نداء السلام"
"peace camp","معسكر السلام (ج معسكري)"
"peace conference","مؤتمر السلام"
"peace efforts, peace endeavors","مساعي (جهود) السلام"
"peace forces","قوات السلام"
"peace guarantee","ضمان السلام"
"peace keeping (maintenance of peace)","حفظ السلام"
"peace mediation","وساطة (توسط) السلام"
"peace mediator","وسيط السلام"
"peace mission","بعثة السلام"
"peace movement","حركة السلام"
"peace negotiations in Geneva has failed","لقد فشلت مفاوضات السلام في جنيف"
"peace negotiations","مفاوضات السلام"
"peace negotiator","مفاوض سلام"
"peace Nobel prize","جائزة نوبل للسلام"
"peace pigeon","حمامة السَّلاَم"
"peace plan","خطة سلام"
"peace policy","سياسة السلام"
"peace proposal","إقتراحات (عروض) السلام"
"peace talks","محادثات السلام"
"peace threat","تهديد السلام"
"peace willingness","إستعداد (رغبة) للسلام"
"peace-keeping","حماية (حفظ / صيانة) السلام"
"peace","سلام"
"peaceful act or negotiations","صلح، مسالمة، توفيق، مُصالحة"
"peaceful coexistence policy","سياسة التعايش السلمي"
"peaceful coexistence","التعايش السلمي"
"peaceful coexistence","تعايش سلمي"
"peaceful demonstration","مُظَاهَرَة سِلْمِيَّة"
"peaceful intents","أغراض سلمية"
"peaceful means","الطرق (الوسائل) السلمية"
"peaceful nuclear energy utilization","استخدام الطاقة النووية لأغراض سلمية"
"peaceful resolution","حل سلمي"
"peaceful settlement for the conflict","تسوية سلمية للنزاع"
"peaceful settlement","تسوية سلمية"
"peaceful use for nuclear energy","الاستخدام السلمي للطاقة الذرية (استخدام الطاقة الذرية لأغراض"
"peacefully","بدون قتال (صفة) سلمي (صفة)"
"peacemaker","صانع السلام"
"penalty","غرامة"
"pendulum diplomacy","دبلوماسية المكوك (نسبت لتحرك وزير الخارجية الأمريكية السابق 'كيسنجر' بين العرب وإسرائيل عام 1974)"
"peninsula","شبه جزيرة"
"pentagon","البنتاجون (مبنى وزارة الحربية الأمريكية)"
"people army","جيش الشعب جيش شعبي"
"people awareness","وعي شعبي (قومي)"
"people census","تعداد (إحصائية) السكان"
"people conference","مؤتمر الشعب"
"people council","مجلس الشعب"
"people court","محكمة الشعب"
"people democracy","حكم الشعب، ديمقراطية"
"people fate","مصير الشعب"
"people fury","غضب (سخط) الشعب"
"people gathering","جمهرة شعبية، تجمع شعبي"
"people government","حكومة الشعب، حكومة شعبية"
"people leader","قائد شعبي"
"people manipulation","العبث بالعقول، استعباط الشعب، خداع الشعب"
"people masses, the crowd","جماهير"
"people movement","حركة (تحرك) شعبية"
"people rebellion","ثورة شعبية"
"people republics Laos","(جمهورية لاوس الشعبية)"
"people rise, revolution","انتفاضة (ثورة) شعبية"
"people uprising","انتفاضة شعبية"
"people veto","اعتراض شعبي"
"people welfare","المصلحة العامة، رفاهية الشعب"
"people, in relation with the people, popular","خاص بالشعب"
"people's abuse","استغلال الشعوب"
"people's authority, people's rule","سيادة الشعب"
"people's chamber","مجلس الشعب"
"people's class","طبقة (فئة) الشعب"
"people's committee","لجنة شعبية، لجنة الشعوب"
"people's culture","ثقافة شعبية (قومية)"
"people's duties","واجبات شعبية"
"people's extermination","إبادة الشعب، قتل الشعب"
"people's gathering","جموع الشعب"
"people's harmony","توافق شعبي"
"people's norm","قياس شعبي"
"people's party","حزب الشعب"
"People's Republic China","جمهورية الصين الشعبية"
"People's Republic of Angola","جمهورية أُجُولاً الشعبية"
"people's republic","جمهورية شعبية"
"people's revolutionary republic of Guinea","جمهورية غينيا الثورية"
"people's will","إرادة الشعب"
"people","شعب، قوم"
"peoples' committee","لجنة الشعوب"
"peoples' origin","أساس الشعوب"
"per capita consumption","استهلاك الفرد (استهلاك الشخص الواحد)"
"per capita national product","الناتج الاجتماعي (الدخل القومي) للفرد"
"per-capita income","دخل الشخص الواحد (دخل الفرد)"
"percentage of votes","نسبة (مئوية) الأصوات"
"performance","إنجاز، عمل، خدمة، معونة، طاقة"
"period of embargo","مدة الحرمان"
"period","دورة، مدة، فترة، مرحلة"
"permanence","دوام، استمرار"
"permanent committee of the united nations","اللجان الدائمة للأمم المتحدة"
"permanent delegation (agency)","تمثيل دائم"
"permanent diplomacy","دبلوماسية دائمة (ثابتة)"
"permanent elector","ناخب (ناخبون) دائم"
"permanent member of the security council","عضو دائم في مجلس الأمن"
"permanent member","عضو دائم"
"permanent members in the federal council","أعضاء نظاميين (دائمين) في المجلس الإتحادي"
"permanent observer","مُرَاقِبٌ دَائِمٌ"
"permanent","دائم، مستقر، مستمر"
"permission, licence, authorization","رخصة، قبول، سماح"
"Persia","إيران، بلاد الفرس"
"Persian gulf","الخليج الفارسي"
"Persian, adj.","إيراني، فارسي"
"persistence, insistence","إلحاح، مداومة، مثابرة، إصرار"
"person","شخص، فرد"
"persona grata","شخص مرغوب به (لا اعتراض عليه)"
"persona non-grata","شخص غير مرغوب به (غير مقبول أو لا يرحب به)"
"personal data","البيانات الشخصية"
"personal identification card","تذكرة الهوية، بطاقة شخصية"
"personal property","ملكية شخصية"
"personal status law","قانون الأحوال الشخصية"
"personification","تشخيص"
"personnel regime","نِظَام (دولة) الإحْتِلاَل"
"personnel status","وضع (حالة) الإحْتِلاَل"
"personnel","طاقم"
"perspective","زاوية، منظور، وجهة نظر"
"Peru","بيرو"
"petition right","حق الاسترحام (أو الإلتماس)"
"petition","طلب، التماس، عريضة، استرحام"
"petitioner","مقدم الطلب (أو العريضة أو الإلتماس)، المستدعي"
"phase","طور، مرحلة، حالة"
"phenomenon","ظاهرة انتقالية"
"Philippin, e","من الفلبين"
"Philippines","الفلبين"
"piece of information","خبر، نبأ، إعلام، معلومات"
"pigeon","حمامة"
"pilot","طيَّار، قائد الطائرة"
"pinch command","فريق (فرقة) الاستيلاء (أو الإغتنام والمصادرة)"
"pinch court","محكمة اغتنام (التي تُفصل في دعاوى الاستيلاء على سفن العدو وشحاته البحرية)"
"pinch jurisdiction","تشريع الإغتنام (راجع المادة السابقة)"
"pinch rules","قواعد (أصول الإغتنام والمصادرة)"
"pinch, confiscation","قبض، إمساك، مصادرة، اغتنام، أخذ، استيلاء"
"pipeline","خط أنابيب البترول (خط أنابيب)"
"piracy","قرصنة"
"pirate","قرصان"
"pivotal industry","صناعة مهمة (أساسية)"
"place (to)","وضع، نصب، عسكر"
"place advisory board","مكتب الهيئة (جهاز) الاستشارية"
"place","مكان، موقع، موضع، مرتبة، وكالة، هيئة، جهاز، وظيفة"
"placed above, adj.","عالي، علوي (صفة)"
"plagiarism","التحال"
"plan","خطة، مشروع، تصميم، جدول"
"planner","مخطط، خبير في التخطيط"
"planning basic principles","المبادئ الأساسية للتخطيط"
"planning committee","لجنة التخطيط"
"planning national","تخطيط وطني (تخطيط قومي)"
"planning policy","سياسة التخطيط"
"planning specimen","نماذج التخطيط"
"planning system","نظام التخطيط"
"planning","تخطيط"
"plant a mine","ألغام، زرع الألغام"
"platform","برنامج الحزب"
"plausible explanation","شرح (تفسير) معقول (أو مقبول)"
"plausible","معقول، مقبول، محتمل، مستساغ (صفة)"
"playground field","ملعب التدريب"
"plea","طلب، التماس، عريضة"
"plebiscite","استفتاء عام (استفتاء شعبي)"
"pledge (to)","عهد"
"plenary assembly","اجتماع عام"
"plenary debate","مناقشة الجمعية العامة"
"plenary negotiations","مشاورات عامة (ضمن المناقشة)"
"plenary session of the federal council","جلسة كاملة (اجتماع كامل الأعضاء) في المجلس الإتحادي"
"plenary session of the parliament","جلسة كاملة للبرلمان"
"plenary session","جلسة كاملة (عامة)"
"plenary","تام، كامل، مطلق"
"plenum (vote in the...)","اقتراع في قاعة المجلس (أو في الجلسة الكاملة)"
"plenum headquarters","قاعة البرلمان"
"plenum session of the federal parliament","انعقاد الجلسة الكاملة لمجلس النواب الاتحادي"
"plenum","جلسة كاملة"
"PLO, abbreviation for Palestine liberation organization","مصطلح يطلق على منظمة التحرير الفلسطينية"
"plot (to)","تآمر، تآلب"
"plot conspiracy","مؤامرة، دسيسة"
"plotter","متآمر"
"pluralism theory","نظرية التعددية (راجع المادة السابقة)"
"pluralism","مذهب التعددية (نظام سياسي يرتكز على تعايش الجماعات المختلفة والمستقلة في الإدارة والتمثيل)"
"plutocracy","حكم الأغنياء في الدولة، حكم الأثرياء (بلوتوقراطية)، (نظام حكم قديم تتولى السلطة فيه طبقة الأغنياء)"
"pogrom","اضطهاد اليهود (حركة قامت بها السلطات القيصرية لاستئصال اليهود)"
"point of order","فقرة (بند) في جدول الأعمال"
"point","نقطة، موضع، شرط، بند"
"poisonous gas war","حرب الغازات السامة"
"Poland (people republic of...)","جمهورية بولونيا الشعبية"
"Poland","بولندا، بولونيا"
"polarization of the public opinion","إستقطاب الرأي العام"
"polarization","إستقطاب"
"polemic","جدل، حوار، مجادلة (حرب كلامية)"
"polemical attitude","موقف هجومي"
"polemical","جدلي، هجومي (صفة)"
"polemics debate","معركة كلامية، جدل"
"polemize (to)","جادل، ناظر، هاجم، طعن"
"police action","عمل بوليسي"
"police commissariat","قسم الشرطة، مخفر، مفوضية"
"police corps","جهاز الشرطة"
"police department","دائرة (مصلحة) الشرطة"
"police director general","القائد الأعلى للشرطة، مدير عام الشرطة"
"police director","رئيس الشرطة"
"police office","قسم الشرطة"
"police officer","ضابط الشرطة"
"police order","أمر الشرطة"
"police patrol","دورية الشرطة"
"police power","قوة (قبضة) الشرطة"
"police procedures","إجراءات بوليسية"
"police protection","حماية الشرطة"
"police report","تقرير (بيان) الشرطة"
"police state","دولة بوليسية"
"police station","قسم الشرطة"
"police troop","فرقة الشرطة"
"police unit","وحدة (قوة) الشرطة"
"police","شرطة الأمن، شرطة، بوليس"
"policeman","شرطي، رجل الشرطة"
"policy of economic independence","سياسة الاستقلال الاقتصادي"
"policy of the federal government","سياسة الحكومة الاتحادية"
"policy of the vicious circle","سياسة محورية (الدوران في حلقات مفرغة)"
"policy","سياسة"
"politic strength","سياسة القوة"
"politic style","الأسلوب السياسي"
"political breakdown","انهيار سياسي"
"political career","العمل السياسي، المهنة السياسية"
"political change","تغييرات سياسية"
"political change","تَحَوُّل سياسي"
"political committee","اللجنة السياسية"
"political concept","خُطّة (مشروع) سياسي"
"political confrontation","مواجهة سياسية"
"political consciousness","وعي سياسي"
"political considerations of a party","اعتبارات سياسية حزبية"
"political consolidation","إستقرار سياسي"
"political cooperation","تعاون سياسي"
"political coverage","غطاء سياسي"
"political crimes","جريمة سياسية"
"political criminal","مُجرِم سياسي"
"political crisis","أزمة سياسية"
"political delegation (agency)","تمثيل سياسي"
"political dialogue","حِوَار سياسي"
"political disturbance","اضطرابات سياسية، توترات سياسية"
"political embarrassement","ورطة سياسية"
"political exonerations (liberations)","إعفاءات سياسية"
"political experience","تجربة سياسية"
"political fiasco","فشل سياسي"
"political freedom","حُرِّيَّة سياسية"
"political impacts","تأثيرات (عواقب) سياسية"
"political indemnification","سياسة التعويضات"
"political infrastructure","هيكل أساسي سياسي"
"political initiative","مبادرة سياسية"
"political institutions, committees","هيئات (نظم) سياسية"
"political institutions","مؤسسات (أنظمة، هيئات، نظم) سياسية"
"political instrument","الجهاز السياسي"
"political instruments","وثائق سياسية"
"political integration (complementarily)","دمج (أو توحيد) سياسي، تكامل سياسي"
"political integration","تكامل (اندماج، انسجام) سياسي"
"political intent, intention","هدف و تطلعات سياسية"
"political leaders","زعماء سياسيون"
"political leadership","قيادة (زعامة) سياسية"
"political leadership","قيادة سياسية"
"political liberation","تحرر سياسي"
"political liberty","تحرر سياسي"
"political means","الطرق السياسية"
"political meeting","إجتماع سياسي"
"political moderation","الوسط السياسي (الإعتدال)"
"political motivation","حافز (دافع) سياسي"
"political movement","حركة سياسة"
"political neutrality","حياد سياسي"
"political openness","انفتاح سياسي"
"political opinion","رأي سياسي"
"political organ","جهاز سياسي"
"political orientation","اتجاه سياسي"
"political party independence","إِسْتِقْلَال حزبي سياسي"
"political party tactic","تكتيك (التخطيط) الحزبي السياسي"
"political party","حزب سياسي"
"political platform","برنامج سياسي، منبر سياسي"
"political polarization","استقطاب سياسي"
"political position","التَّوْجِيهُ السِّيَاسِيُّ"
"political pressure","ضغط سياسي"
"political prisoner","المعتقلون والسجناء السياسيون"
"political prisoner","سجين سياسي"
"political procedures","اتخاذ إجراءات سياسية"
"political program","برنامج سياسي"
"political purpose, objective aim, end, goal","هدف، غرض، مراد، قصد، غاية"
"political putsch","انقلاب سياسي"
"political reactions","ردود الفعل السياسية"
"political reality","حقائق سياسية"
"political refugee","لاجئ سياسي"
"political regime","حكم سياسي"
"political regime","نظام سياسي"
"political relationships","ارتباطات سياسية"
"political relief (thaws)","ركود أزمة"
"political reorientation","تغيير الاتجاه السياسي"
"political reputation, prestige","السمعة السياسية"
"political rights","حقوق سياسية"
"political sanction","عُقُوبَة سياسية"
"political science","علوم السياسة"
"political scientist","عالم السياسة"
"political settlement","إِسْتِقْر سِيَاسِيًّا"
"political situation","حَالَة سياسية"
"political situation","وضع سياسي، حالة سياسية"
"political stability","استقرار سياسي"
"political steps","خطوات سياسية"
"political strike","إضراب سياسي"
"political structure","هيكل سياسي"
"political tension","توتر سياسي"
"political tension","تَوَرُّ سِيَاسِي"
"political union","اتحاد (توحيد) سياسي"
"political union","إتحاد سياسي"
"political unit","وحدة (سياسية)"
"political unity","وحدة (توحيد) سياسية"
"political will formation","تكوين الإرادة السياسية"
"politician","سياسي (محترف السياسة)"
"politicization","تسييس (جعل الشيء سياسياً)"
"politicize (to)","تحادث (أو تناقش) في السياسة"
"politics concerning national security","السياسة الأمنية"
"politics of the day","السياسة اليومية (أعمال عادية)"
"politics","فن السياسة"
"poll through hand ado","تصويت بواسطة رفع الأيدي"
"poll","استفتاء (عام)، تصويت (الإدلاء بالصوت)"
"pollution","تلوث البيئة"
"popular celebration","احتفال شعبي"
"popular front","جبهة شعبية"
"popular housing","مساكن شعبية"
"popular principles","مبادئ شعبية"
"popular system","نظام شعبي"
"popular theory","نظرية شعبية، نظرية الشعب"
"popular","عام، شائع، شعبي (صفة)"
"popularity with the electors","شعبية عند الناخبين"
"popularity","شعبية (شهرة، مجد، مقام)"
"populate (to)","عَمَرَ، أَسْكَنَ، وَطَنَ، أَهْلَ"
"populated country","بلد مستوطن (أرض مستوطنة)"
"population","السُّكَّانِ"
"Port Said","بُور سَعِيد (مِينَاءَ وَمَدِينَةٍ)"
"Port Sudan","بُور سَوْدَان (مِينَاءَ)"
"Portugal","الْبُرْتِغَال"
"Portuguese republic","جُمْهُورِيَّة الْبُرْتِغَال"
"portuguese, adj.","بُرْتِغَالِي (صِفَةٍ)"
"position (to)","أَقَامَ، رَكَّزَ، رَشَّحَ لَهُ، نَصَبَ، وَضَعَ، كُتِبَ (قَائِمَةً) صِفٌّ، رُتِّبَ"
"position insignia","عَلَامَةُ الرُّتْبَةِ، شَارَةُ الرُّتْبَةِ"
"position of trust","مَنْصِبٌ (وَظِيفَةٌ) ثِقَةٌ"
"position, orientation","مَوْقِفٌ، اتِّجَاهٌ، تَوْجِيهٌ"
"position","مَرْكَزٌ، مَوْقِفٌ، مَكَانٌ، قَاعِدَةٌ، مَوْقِعٌ، وَضْعٌ، وَقْفَةٌ، وَظِيفَةٌ، مَنْصِبٌ"
"positional fight","حَرْبُ الْخَنَادِقِ (حَرْبُ احْتِلَالٍ أَوْ اسْتِرْدَادِ الْمَوَاقِعِ)"
"possibilities, negotiations possibility","احْتِمَالَاتٌ (إِمْكَانِيَّاتٍ) الْمَفَاوَضَاتُ"
"post poll","تصويت بريدي"
"postal vote proposition","طَلَبُ الْإِقْتِرَاعِ بِالْمُرَاسَلَةِ"
"postal vote right","حَقُّ الْإِئْتِخَابِ (التَّصْوِيتِ)"
"postal vote","الْإِقْتِرَاعُ (الْإِئْتِخَابُ) بِالْمُرَاسَلَةِ"
"postpone (to)","أَجَلٌ، أَرْجَأُ"
"postponement","تَأْجِيلٌ، إِرْجَاءٌ"
"postulation for presidency","التَّرْشِيحُ لِلرِّئَاسَةِ"
"postwar damages","أضرار ( التي بقيت بعد) الحرب"
"postwar economic aid","معونة إقتصادية لفترة ما بعد الحرب"
"postwar era","فترة (مرحلة) ما بعد الحرب"
"postwar history","تاريخ ما بعد الحرب"
"postwar policy","سياسة (الفترة) ما بعد الحرب"
"postwar","بعد الحرب"
"potentate","حاكم، سيد، عاهل، طاغية، متسلط"
"potential","ممكن، محتمل، قابل لـ"
"Potsdam agreements","مُعاهدة بوتسدام"
"Potsdam Treaty","معاهدة بوتسدام"
"poverty","فقر"
"power abuse","تَعَسُّف، سُوءُ اسْتِعْمَال السُّلْطَةِ"
"power appliance","جَهَاز السُّلْطَةِ"
"power balance","تَوَازُن السُّلْطَةِ"
"power block","كِتِلَةٌ، تَكْتُل (نُفُوذِي)"
"power changes","تَغْيِير السُّلْطَةِ (تَبْدِيل الْحُكْم)"
"power concentration","تَرْكِيز السُّلْطَةِ، تَجْمِيع السُّلْطَةِ"
"power division","تَقْسِيم السُّلْطَةِ"
"power for confidence","قُوَّة الإِقْنَاع"
"power headquarters","مَرْكَز السُّلْطَةِ"
"power increase","إِزْدِيَاد النُّفُوذ"
"power infringement","تَجَاوُز (حُدُود) السُّلْطَةِ"
"power interests","مُصَالِح السُّلْطَةِ"
"power loss","ضَعْف السُّلْطَةِ"
"power means","وَسَائِل السُّلْطَةِ، نُفُوذ"
"power of administration","سِيَادَةُ إِدَارِيَّة"
"power of the parliamentary wing","قوة الجناح البرلماني"
"power policy","سِيَاسَةُ الْقُوَّة"
"power political","سُلْطَةُ سِيَاسِيَّة"
"power position","مَرْكَز (مِنْطَلَق، مَوْقِع) قُوَّة"
"power quest","الطُّمُوح (السَّعْي لِلْوُصُول) إِلَى السُّلْطَةِ"
"power rate","نِسْبَةُ الْقُوَّة (السُّلْطَةِ)"
"power structure","هَيْكَل السُّلْطَةِ، تَرْكِيبَةُ السُّلْطَةِ"
"power struggle","نِزَاع (تَنَافُس) عَلَى السُّلْطَةِ"
"power transfer","تَسْلِيم السُّلْطَةِ"
"power vacuum","نُقْصَان (ضَعْف) السُّلْطَةِ"
"power word","كَلِمَةُ حَسْم"
"power-authority-influence","نُفُوذ، سَيْطَرَةُ تَأْثِير، سَطْوَة، سُلْطَة"
"power, authority, office","دَائِرَة، مُصْلِحَة، سُلْطَة"
"power","سُلْطَة، قدرة، نفوذ، حكم، دولة"
"practice the power","يَمَارِس السُّلْطَةِ"
"practice the voting right","يمارس حق الانتخاب"
"pragmatical policy","سياسة عملية"
"pragmatical","عملي، واقعي، نفعي (صفة)"
"pragmatism","مذهب الذرائعية، العملية"
"pragmatist","عملي، ذرائعي، نصير العملية"
"praise (to)","مَدَح، أشاد"
"preamble","مقدمة (ديباجة) العقد"
"precaution, prevention","احتياط، وقاية"
"precedent","سابقة (حالة مماثلة)"
"predicament","حالة اضطرارية، ظروف حتمية"
"predominance maritime","التفوق البحري"
"predominance, control","سيطرة، تحكم"
"predominance","موضع قوة"
"prefect, governor, ruler","وال، حاكم، مقدم"
"prefecture","ولاية، منصب الوالي، مقر الولاية، محافظة"
"preference","أفضلية، امتياز، إيتار، تفضيل"
"preferential function","وظيفة (مهمة) مُفضَّلة"
"preferential system","نظام الأفضليات"
"preferential tariff","تعرفة جمركية تفضيلية"
"prejudging","سبق الحكم، استباق الحكم، حكم بغير روية"
"prejudice, bias","تخيز"
"preliminaries to peace","مفاوضات تمهيدية للسلام"
"preliminaries","مباحثات (مفاوضات) أولية أو مبدئية"
"preliminary negotiations","مفاوضات تمهيدية، مقدمات"
"preliminary peace","سلام تمهيدي"
"preliminary report","تقرير تمهيدي (أولي)"
"preliminary talks","مفاوضات تمهيدية"
"preparation committee for the general assembly","اللجنة التحضيرية للجمعية العامة"
"preparation, mobilization","حشد، رصد، تخصيص، تعيين"
"preparation","تحضير، تمهيد، إعداد، استعداد"
"preparatory conference","مؤتمر التحضير"
"preparatory discussions","مباحثات تمهيدية (بين الأحزاب بعد الانتخابات)"
"preparatory négociations","مفاوضات (مباحثات) تحضيرية"
"preparatory session","جَلْسَة تَحْضِيرِيَّة"
"preparatory, primary","تحضيري، تمهيدي (صفة)"
"preparatory","تحضيري"
"prepare (to)","حضر، أعد، هيا، مهد"
"prerequisite, qualifications","شرط، فرض (مؤهلات)"
"prerogative, privilege","حق، امتياز"
"prerogatives of the parliament","امتيازات (حقوق مميزة) البرلمان"
"prerogatives of the president","امتيازات (الحقوق التي يتمتع بها) الرئيس"
"prescribe (to)","أمر، طلب"
"prescribes of the federal government","قرارات (مراسيم) الحكومة الاتحادية"
"presence","وجود، نفوذ، حضور"
"present (to)","عرض، قدم"
"present question","الموضوع الراهن، موضوع الساعة"
"preside (to)","رئيس، ترأس، تصدّر"
"preside the delegation","يترأس الوفد (البعثة)"
"presidency of the federal council","رئاسة المجلس الاتحادي"
"presidency, board of directors, the adminis- trative or executive body","رئاسة، مجلس إدارة، الهيئة الإدارية"
"presidency","رئاسة، مقر رئاسة"
"president (honorary)","رئيس فخري"
"president in deputyship","الرئيس بالنيابة"
"president of the Bundestag (chancellor)","رئيس الحكومة الاتحادية"
"president of the parliament","رئيس البرلمان (مجلس النواب)"
"president of the state","رئيس الدولة"
"president office","مكتب الرئيس، دار الرئاسة"
"president","رئيس، نقيب"
"presidential constitution","دستور رئاسي"
"presidential democracy","ديمقراطية رئاسية"
"presidential elections","انتخابات الرئاسة"
"presidential parliament","برلمان رئاسي (مجلس وزراء يرأسه بنفس الوقت رئيس الجمهورية)"
"presidential power, authority","سلطة رئاسية"
"presidential republic","جمهورية رئاسية"
"presidential system","نظام جمهوري، نظام رئاسي"
"presidential","رئاسي"
"presidium","رئاسة، مجلس الرئاسة، (بريزيديوم، رئاسة المجلس الأعلى للسوفييت في الاتحاد السوفيتي سابقاً)"
"press adviser","مستشار صحفي"
"press agency","وكالة الأنباء"
"press announcement","بلاغ (بيان) صحفي"
"press attache","ملحق الصحافة"
"press campaign","حملة صحافية"
"press censorship","الرقابة الصحافية، الرقابة على الصحف"
"press commentary","تعليق (شرح أو تفسير) صحفي"
"press conference","مؤتمر صحفي"
"press correspondence","المراسلة الصحفية"
"press department","قسم الصحافة"
"press law","قانون الصحافة (المطبوعات)"
"press news coverage","تقرير صحفي مُصوَّر"
"press office","مكتب الصحافة، مكتب الأنباء"
"press office","قلم الصحافة"
"press report","تقرير صحافي"
"press survey","تحقيق صحفي"
"press time","نهاية التحرير"
"press","صحافة"
"pressure means","وسائل (أساليب الضغط)"
"pressure","ضغط، إكراه، عبء، ثقل"
"prestige ministry","وزارة اعتبارية"
"prestige, reputation","سعة"
"presumed, supposed","محتمل، مفترض (صفة)"
"presumption, supposition","تخمين، افتراض"
"pretext, excuse","حجة، عذر، ذريعة"
"preventive procedures","إجراءات احتياطي (وقائية)"
"preventive war","حَرْبٌ وقائية"
"price control policy","سياسة مراقبة الأسعار"
"price deflation","إنكماش الأسعار"
"price determinants","مكونات الأسعار عوامل تكوين الأسعار"
"price determination guidelines","إرشادات (تعليمات أو توجيهات) حول الأسعار"
"price determination","تحديد الأسعار"
"price development","تطوير الأسعار"
"price discount","تخفيض (حسم) السعر"
"price distinction","تمييز الأسعار"
"price effect","أثر السعر"
"price elevation rate","نسبة رفع الأسعار"
"price elevation","رفع الأسعار"
"price fix","تكوين الأسعار"
"price flexibility","مرونة الأسعار"
"price fluctuations","تقلبات الأسعار"
"price freeze decree","مرسوم (أمر، قرار) تجميد الأسعار"
"price freeze policy","سياسة منع رفع الأسعار"
"price freeze","تجميد الأسعار، منع رفع الأسعار"
"price increase rate","نسبة ازدياد الأسعار"
"price increase wave","موجة ازدياد الأسعار (موجة إرتفاع الأسعار)"
"price increase","ازدياد الأسعار"
"price index","الأرقام البيانية للأسعار، رسم بياني بالأسعار"
"price inflation","تضخم الأسعار"
"price instability","عدم استقرار الأسعار"
"price legislation","تشريع (قانون) الأسعار"
"price level change","تغيير مستوى الأسعار"
"price level","مستوى الأسعار"
"price limit","حدود الأسعار"
"price mechanism","آلية (ميكانيزم) الأسعار"
"price monopoly","احتكار الأسعار، تصعيد الأسعار (رفع فاحش للأسعار)"
"price policy","سياسة الأسعار"
"price ranges","حركات الأسعار"
"price recession","جمود الأسعار، عدم مرونة الأسعار"
"price reduction","تخفيض (تنزيل) الأسعار"
"price salary spiral","حلزونة الأسعار والأجور"
"price war","حرب الأسعار"
"price wave","موجة الأسعار (الغلاء)"
"pricing","تكوين الأسعار"
"primary budget","ميزانية مؤقتة"
"primary election","انتخابات أولية، انتخابات تمهيدية"
"primary government","حكومة (وزارة) انتقالية"
"primary negotiations","مباحثات أولية"
"primary rules","قوانين مؤقتة"
"primary solution","حل مؤقت"
"primary treaty","اتفاقية مبدئية"
"primary","بدائي، أولي، مؤقت"
"prime minister, president of the cabinet","رئيس مجلس الوزراء"
"prime minister","رئيس مجلس الوزراء"
"prime ministers conference","مؤتمر رؤساء الحكومات (رؤساء الوزراء)"
"primer, percussion cap","فتيل التفجير"
"prince","أمير"
"princess","أميرة (زوجة أمير أو ابنة أمير أو ملك)"
"principal debate","مناقشة أساسية"
"principal","المسؤول الأول"
"principle of collective responsibility","مبدأ المسؤولية الجماعية"
"principle of collective security","مبدأ الأمن الجماعي"
"principle of law","مبدأ العدل (مجموعة المبادئ القانونية)"
"principle of legislative authority independence","مبدأ إستقلال السلطة القضائية"
"principle of mutuality","مبدأ المعاملة بالمثل"
"principle of parliamentary responsibility","مبدأ تحمّل المسؤولية أمام البرلمان"
"principle of political balance","مبدأ التوازن السياسي"
"principle of political equality","مبدأ المساواة السياسية (التكافؤ)"
"principle of reciprocity","مبدأ المعاملة بالمثل"
"principle of sovereignty","مبدأ السيادة"
"principle of the democratic order","مبادئ النظام الديمقراطي"
"principle of the national self-determination","مبدأ تقرير المصير القومي"
"principle of the non","مبدأ عدم التَّدخُّل"
"principle of the peaceful coexistence","مبدأ التعايش السلمي"
"principle","مبدأ، قاعدة، أساس، أصل"
"priority right","حق الأولوية (الأقدمية)"
"priority share","سهم أو حصة لها أفضلية"
"priority","أولوية، أسبقية، أقدمية، أفضلية"
"prison camp","مُعْتَقَلٌ، سِجْنٌ"
"prison","سجن، حبس"
"prisoner camp","معسكر الأسرى"
"prisoner","أسير، سجين، معتقل"
"private agreements","اتفاق (اتفاقية) خاص"
"private bank","بنك خاص، مصرف خاص"
"private capital","رأس مال خاص"
"private company","شركة خاصة"
"private contract","عقد (اتفاق) خاص أو عُرفي"
"private economic sector","قِطَاع اِقتِصَادِيْ خَاص"
"private economy","الإقتصاد الخاص (الحُر)"
"private economy","اقتصاد خاص"
"private industry","صناعة خاصة"
"private informal","غير رسمي (صفة)"
"private initiative","مبادرة خاصة"
"private interests","مصالح خاصة"
"private interests","مُصَالِح شخصية"
"private opinion","رأي شخصي"
"private person","شخص غير رسمي (بصفة شخصية)"
"private personal","شخصي"
"private property","ملكية (أملاك) خاصة (فردية)"
"private property","ملكية خاصة"
"private sector","القطاع الخاص"
"private sector","قطاع خاص"
"private visit","زيارة خاصة"
"private","خاص، خصوصي"
"privatize (to)","تحويل إلى ملكية خاصة، يلغي التأميم"
"privilege","إمتياز، ميزة، هبة، تسهيل"
"privileged civil servants","موظفون مميزون"
"privileged level","طبقة مميزة (تتمتع بإمتيازات خاصة)"
"privileged","مميز، ذو إمتيازات (صفة)"
"pro and anti","ماله وما عليه، ما معه وماضده، مع وضد"
"pro-government, adj.","مؤيد (موال) للحكومة (صفة)"
"pro-governmental attitude","موقف مؤيد للحكومة"
"pro, partisan","مُوَالٍ لـ، مع"
"probe (to)","صُنْف، رُتِّبَ، مَهَّدَ، فَرَزَ"
"probe","ترتيب، تمهيد، فرز"
"problem","مشكلة، معضلة، همّ، أمر، مسألة"
"problematical","عسير، معقد، (صفة)"
"procedure, measure","إجراء، تدبير، تصرف، وسيلة"
"procedure","إجراء، تصرف، سلوك، منهج، طريقة، أسلوب"
"procedures (supporting)","تدابير (إجراءات) داعمة"
"proclaim (to)","أعلن، نادى، أذاع"
"proclamation of the government","بيان الحكومة"
"proclamation of the independence","إعلان الاستقلال"
"proclamation of the republic of Weimar after the overthrow of the emperor William II in 1919 and it lasted until 1933","إعلان جمهورية ويمار (بعد إطاحة القيصر فلهلم الثاني (غليوم الثاني) عام 1919 ودامت حتى عام 1933)"
"proclamation of the republic","إعلان الجمهورية"
"proclamation, declaration","بلاغ، إعلان، منشور"
"proclamation","إعلان، نداء، بلاغ، منشور، بيان، تصريح، مناداة"
"product","إنتاج، نتاج، حصيلة، نتيجة"
"production analysis","تحليل الإنتاج"
"production balance","توازن الإنتاج"
"production budget","ميزانية الإنتاج"
"production capacity","طاقة (قدرة) إنتاجية"
"production cartel","اتحاد إنتاجي (كارتل)"
"production concentration","تركيز الإنتاج"
"production cut","تخفيض (إقلال) الإنتاج"
"production cycle","دورة الإنتاج"
"production decrease","منحنى الإنتاج"
"production determination","تحديد (تقييد، حصر) الإنتاج"
"production development","تطور الإنتاج"
"production economy","اقتصاد الإنتاج"
"production excess","فائض الإنتاج"
"production expansion","توسيع الإنتاج"
"production factor","عامل (عوامل) الإنتاج"
"production financing","تمويل الإنتاج"
"production flexibility","مُرونة الإنتاج"
"production goods","سلع الإنتاج (إنتاجية)"
"production growth","نمو الإنتاج"
"production increase","زيادة الإنتاج"
"production interruption, cessation","إيقاف (إنهاء) الإنتاج"
"production level","مستوى الإنتاج"
"production monopoly","إحتكار الإنتاج"
"production planning","تخطيط الإنتاج"
"production policy","سياسة الإنتاج"
"production program","برنامج الإنتاج"
"production scope","حجم الإنتاج"
"production sector","قطاع (مجال) الإنتاج"
"production system","نظام الإنتاج"
"production theory","نظرية الإنتاج"
"production unit","وحدة إنتاجية"
"production upswing","إنعاش الإنتاج"
"production","إنتاج، محصول، صنع، تصنيع"
"productive fund","صندوق منتج"
"productive goods","سلع إنتاجية"
"productive value","قيمة الإنتاج"
"productive work","عمل إنتاجي، منتج"
"productive","منتج، إنتاجي (صفة)"
"productivity analysis","تحليل الإنتاجية"
"productivity decrease","منحنى الإنتاجية"
"productivity growth","نمو (زيادة) الإنتاجية"
"productivity improvement","تحسين الإنتاجية"
"productivity increase","زيادة الإنتاجية"
"productivity policy","سياسة الإنتاجية"
"productivity strength","قوى إنتاجية"
"productivity","إنتاجية"
"profanation","انتهاك، تدنيس القدسيات، استهتار"
"professional parlementarian","برلماني محترف"
"professional politician","سياسي محترف"
"program","برنامج، منهج، خطة عمل، مشروع"
"progress","تقدم، إرتقاء، ترق (تطور، نمو)، سير"
"progressist","تقدمي (مؤمن بالإصلاح السياسي والاجتماعي)"
"progressive party","حزب تقدمي"
"progressive tax","ضريبة تصاعدية"
"progressive wage","أجر تصاعدي"
"progressive, adj.","تقدمي، تصاعدي (صفة)"
"prohibit (to)","منع، حرم، حظر، ألغى، عطل، أغلق"
"prohibit (to)","منع، حزم"
"prohibited area","منطقة حرام، المنطقة الحرام"
"prohibited","حزم"
"prohibition a newspaper","أوقف (منع صدور) الصحيفة"
"prohibition of a party","إلغاء حزب"
"prohibition of a strike","منع الإضراب"
"prohibition of a union","منع (إلغاء) نقابة"
"prohibition of assembly","منع التجمهر"
"prohibition of practicing (exercising) the career, profession","منع ممارسة المهنة"
"prohibition of the order and application of force","منع التهديد أو استعمال العنف (القوة)"
"prohibition, prevention","منع، تحريم، حظر، إلغاء"
"prohibition","تحريم"
"project of acontract","مشروع عقد (اتفاق)"
"project, plan, program","مشروع، خطة، برنامج، تصميم، رسم"
"project, presentation, plan","مشروع، نموذج"
"project","مشروع، تصميم، رسم، مسودة"
"projectile","قذيفة، مقذوف"
"proletarian movement","حركة بروليتارية"
"proletarian","كادح، عامل، بروليتاري"
"proletariat","الطبقة الكادحة، البروليتاريا، طبقة العمال"
"prolongation clause","بند شديد المعاهدة"
"promise","موافقة، وعد"
"promised land","أرض الميعاد"
"promote (to)","دفع (إلى الأمام)، دعم"
"promoter","مُروِّج"
"promotion of the economic growth","ترقية (تنشيط) النمو الاقتصادي"
"promotion, consolidation","تشبيع، ترقية، إنتاج"
"promotion","ترقية"
"pronunciation, declaration","إصدار، إعلان، فرض"
"proof","إثبات، برهان"
"propaganda body","جهاز الدعاية"
"propaganda diffusion","الدعايات، بث الدعاية"
"propaganda minister","وزير (شؤون) الدعاية"
"propaganda war","حرب الدعاية، حرب كلامية"
"propaganda","الدعاية، التأثير على الجمهور"
"propagandist","دعائي، خاص بالدعاية (صفة)"
"proper voting","خاص بحق التصويت"
"property distribution","تقسيم الملكية"
"property of the bourgeoisie","ملكية برجوازية"
"property system","نظام الملكية، علاقة الملكية"
"property","ملكية"
"proponents","مدافع، مكافح، مقاوم"
"proposal ,demand","طلب، اقتراح، التماس، دعوى، عريضة"
"proposal demand","طلب اقتراح"
"prorogation of the mandate","تنديد الانتداب"
"prosecution","مُطاردة، تعقّب"
"prosperity","رخاء، ازدهار، رفاهية"
"protected people","شعب محمي"
"protection alliance","حلف وقائي"
"protection contract","ميثاق (عقد) الحماية"
"protection of minorities","حماية الأقليات"
"protection power","دولة حامية"
"protection state","دولة حامية"
"protection station","حرس"
"protection wall","سور وقائي"
"protection weapon","سلاح دفاعي"
"protection","حماية، حصانة، حراسة، وقاية"
"protectionist tendency","إتجاهات حماية"
"protocol","مراسيم"
"protocols","رسبات، (مجموعة الوثائق الرسمية)"
"prove (to)","برهن، أثبت، دلّ على، أعلن عن"
"province","أقليم، محافظة، دائرة، مديرية"
"provincial capital","عاصمة"
"provincially, adj.","إقليمي، ريفي (صفة)"
"provisional arrangement","حل مؤقت"
"provisionally government","حكومة انتقالية (مؤقتة)"
"provisionally solution","حل مؤقت"
"provisionally","وقتي، مؤقت، انتقالي، عابر (صفة)"
"provisions","مؤنة، قوت"
"provocateur","محرض، مثير الفتن"
"provocation campaign","حملة تحريض"
"provocation","تحد، تحريض، إثارة، إهاجة، حث"
"provocative act","عمل تحرشي (استفزازي)"
"provocative action","تصرف استفزازي"
"provocative article","مقال تحريضي"
"provocative newspaper","جريدة محرضة"
"provocative propaganda","دعاية محرضة"
"provocative speech","خطاب استفزازي"
"provocative speech","خطاب تحريضي"
"provocative, adj.","استفزازي، تحرشي، إثاري (صفة)"
"provoke (to)","حرض"
"provoke (to)","يُثير"
"proxy mandate","إنتداب"
"proxy mission order","أمر، تكليف، مهمة"
"proxy parliamentary seat","مقعد في البرلمان"
"proxy power of attorney","وكالة"
"Prussia","بروسيا"
"Prussian","بروسي"
"psychological war","حَرْبٌ نفسية"
"public affair","شؤون الدولة، أعمال الدولة"
"public authority","السلطة العامة"
"public consumption","الإستهلاك العام"
"public council","هيئة عامة"
"public debts","ديون القومية"
"public defender","محام مكلف من المحكمة"
"public discussion","مناقشة عمومية (للجميع)"
"public economic sector","قِطَاع اِقتِصَادِيْ عَام"
"public expenditure","نفقات عامة"
"public expenditures","نفقات عامة"
"public expenses","نفقات الحكومة"
"public finances","أموال عامة، أموال الدولة"
"public funds","أموال الدولة"
"public institutions, utilities","مؤسسات (مرافق) عامة"
"public interest association","جمعية ذات نفع عام"
"public interest","الخير (الصالح) العام"
"public interest","مصلحة عامة، الصالح العام"
"public interests","مصالح الدولة، المصالح القومية"
"public loads (expenses)","مصاريف (نفقات) عامة"
"public money","أموال الدولة"
"public office","المكتب السياسي"
"public office","دائرة (مصلحة) عمومية"
"public office","وظيفة حكومية"
"public opinion study","دراسة الرأي العام"
"public opinion, news, agreement","تفاهم، أخبار، إعلام"
"public opinion","الرأي العام"
"public order","النظام العام"
"public proclamation","بلاغ رسمي، تعميم عام"
"public profit organization","جمعية ذات نفع عام (جمعية النفع العام)"
"public properties","أملاك (ممتلكات) الدولة"
"public register of lands","سِجِلّ الأراضي الممسوحة"
"public right","القانون العام"
"public security system","نظام أمن جماعي"
"public security","الأمن العام"
"public services","الخدمات العامة (جمع) المرافق العامة"
"public session","جلسة عامة"
"public statement","بيان عام"
"public utility","المرافق العامة، منشآت حكومية"
"public utility","النفع العام (صفة)"
"public work","عمل مشترك، عمومي"
"public-opinion poll","استطلاع الرأي العام"
"public","جمهور، شعب، حضور، مستمعون"
"publication","إعلام، إعلان، إشهار، منشور، إذاعة، نشرة، مطبوع، طبعة"
"publicly, adj.","علني، عام، شائع، مشاع، عمومي (صفة)"
"publicly","علناً، أمام المنبر العام"
"publish (to)","أصدر، نشر"
"publish a statement","نشر بياناً"
"punishment","جزاء، عقوبة"
"puppet government","حكومة عميلة (يتلاعب بها)"
"puppet state","دولة، دولة يتلاعب بها"
"puppet","دمية، لعبة"
"purchasing power","القدرة الشرائية"
"purification","تطهير، تنظيف"
"pursue (to)","طارد، إثبع، تعقّب، نهج"
"pursued or desired (the) goal","الهدف المنشود"
"purview, scope","نطاق السلطة (أو النشاط أو المسؤولية) مجال الاختصاص"
"put a wreath","يضع إكليلاً"
"put off (to)","ماطل، ألهي"
"putsch attempt","محاولة انقلاب"
"putsch plan","مخطط (خطة) انقلاب"
"putsch","انقلاب"
"putschist, adj.","انقلابي (صفة)"
"putting an end to, eli- mination, suppression","تصفيّة (خصم أو عدو)، إلغاء، إنهاء"
"putting, setting aside, removal","تنحية، التحية"
"qualitative growth","نُمُو نوعي"
"quantitative growth","نُمُو كمي"
"quitting the government","استقالة (أو ترك) من الحكومة"
"Rabat","الرِّبَاط"
"rabble-rousers","محرِّض"
"rabble-rousing","تَحْرِيض"
"race conflict","نزاع عُنْصُرِي"
"race discrimination politics","سياسة التفرقة والتمييز العُنْصُرِي"
"race equality","مساواة بين الأعراق"
"race hate","شُحَنَاء الجنسية (أو العرقية)"
"race integration","إدماج عُنْصُرِي"
"race prosecution","الإضطهاد العُنْصُرِي"
"race spirit","(الروح) العُنْصُرِيَّة"
"race","عرق، جنس، صنف، عُنْصُر"
"races","خاص بالعُنْصُرِيَّة"
"racial discrimination","التمييز العُنْصُرِي"
"racial segregation","التفرقة العُنْصُرِيَّة (التفريق العُنْصُرِي)"
"racial segregation","تفرقة عُنْصُرِيَّة"
"racial, adj.","عُنْصُرِي، عرقي (صفة)"
"racism","عُنْصُرِيَّة، عرقية (اعتقاد بأن العرق هو العامل الفعال في تقرير السمات والمواهب البشرية)"
"racist, adj.","عُنْصُرِي، رجعي (صفة)"
"racist","عُنْصُرِي"
"radar station","محطة الرادار"
"radar station","محطة الرادار، جهاز الرادار"
"radar","رادار (جهاز لتحديد وجود الشيء، وموقعه بواسطة أصداء الموجات اللاسلكية)"
"radical bourgeoisie","برجوازية راديكالية/متطرفة"
"radical","متطرف"
"radicalism","الراديكالية (مذهب الأحرار المتطرفين)"
"radically, adj.","جذري، أساسي، تام، كلي، متطرف، مطلق نهائي"
"radio war","حَرْبُ الإذاعات"
"radioactive, adj.","إشعاعي النشاط، فاعلي الإشعاع، مشع"
"radioactivity","إشعاعية، النشاط الإشعاعي، الفاعلية الإشعاعية"
"radiobiology","البيولوجيا الإشعاعية"
"rage","سخط، عنف، شدة"
"raise (to)","رُفِع"
"rank","رتبة، درجة"
"ranking","تدريج الرتب (المراتب)"
"ransom","فدية"
"ratification debate","مناقشة التصديق (أو الموافقة)"
"ratification document","وثيقة التصديق"
"ratification of the treaty, agreement","التصديق على المعاهدة"
"ratification on","تصديق على توقيع"
"ratification","التصديق، التصديق على توقيع آخر"
"re-election in the parliament","إعادة انتخاب (فلان) في البرلمان"
"re-orientation","تَوْجِيهٌ جَدِيدٌ، إِعَادَةُ التَّوْجِيهِ"
"read through strength","وضوح في القراءة"
"reading (to treat the issue in the...(first))","عالج الأمر في القراءة الأولى"
"readmit (to)","أعاد ترخيص"
"ready for battle","مستعد للقتال (صفة)"
"ready for war","جاهز (مستعد) للحرب (صفة)"
"ready to combat","في حالة الإستعداد (للمعركة)"
"ready, adj.","مستعد، جاهز، حاضر (صفة)"
"real capital","رأس مال عيني"
"real estate register","سِجِلّ الأراضي الممسوحة"
"real growth rate","نسبة النمو الحقيقي"
"real income increase","نمو صافي الدخل"
"real incomes","صافي الدخل، دخل حقيقي"
"real politics","سياسة واقعية"
"real taxes","صافي الضريبة"
"real wage index","فهرست (بيان) صافي الأجر"
"real wage","أجر حقيقي (صافي الإجر)"
"real","حقيقي، واقعي"
"realistically, adj.","واقعي، (صفة)"
"realization","واقعية"
"realize (to)","حقق، نفذ، أجرى، أنجز"
"rearguard","الساقّة، مؤخرة الجيش"
"rearm (to)","عاد للتسلّح"
"rearmament","إعادة التسليح"
"reason of state","اعتبار للمصلحة العامة (يبرر عملاً غير عادي)"
"reason","سبب، مصلحة"
"rebel (to...against someone or something)","يتمرد، يثور على شيء أو شخص"
"rebel (to)","عصي، تردد، ثار"
"rebel","إنقلابي، متمرد، عاصي"
"rebellion","ترد، عصيان، ثورة، انتفاضة"
"rebellious, mutineer","تأثر، مُتمرد"
"rebelliously, adj.","عاصي، متمرد، تأثر (صفة)"
"recall (to)","يستدعي، يطلب"
"recall, demand, summon","استدعاء، طلب تحت الطلب"
"recall","استدعاء"
"receive (to)","استلام، وصول، استقبال"
"reception honoring","أقام حفل تكريم ل، أقام حفل الاستقبال تكريما ل ..."
"recess","عطلة البرلمان"
"recession","كساد، هبوط النشاط الاقتصادي (نتيجة الانكماش في الإنتاج)"
"recommendation","توصية"
"recompense (to)","عَوَّضَ"
"reconciliation committee","لجنة المصالحة"
"reconnaissance","استطلاع، استكشاف"
"reconstitution","إعادة تأليف (تشكيل)"
"record (to)","حرر (كتب) محضراً"
"recover (to)","استرجع، استرد، استعاد"
"recovery program","برنامج (مشروع) تنشيط الاقتصاد القومي"
"recovery","استرجاع، استعادة، استرداد"
"recruit (to)","جند، دعا إلى القرعة"
"recruit","جندي مستجد، مجند"
"recruited","مُجند"
"recruiting office","مكتب التجنيد"
"recruiting","تجنيد، قرعة"
"recruitment","التجنيد"
"red tape, bureaucratic","بيروقراطي (محط)"
"redeem (to)","إقتدى (بدفع البدل النقدي)"
"redeem","إقتداء (بدل نقدي)"
"redevelopment of the budget","إصلاح وتحديد ميزانية (الدولة)"
"redevelopment program","برنامج إصلاحي"
"redevelopment project","مشروع إصلاحي"
"redevelopment","إصلاح، تصحيح"
"reduce (to)","قلل، خفض، أنقص"
"reduction diminution","تخفيف"
"reduction of the budget expenditures","تخفيض مصروفات الميزانية"
"reduction of the entry regulations","تخفيف قوانين (شروط) الدخول إلى البلاد"
"reduction","تخفيض، إنقاص، تقليل"
"reestablish (to)","يعيد"
"referees staff","هيئة الحكمين"
"reference","خطاب توصية، مرجع، إشارة"
"referendum","إستفتاء (الشعب أو الأمة)"
"refinance (to)","يعيد التمويل"
"refinancing policy","سياسة إعادة التمويل"
"refinancing","إعادة التمويل"
"reflation","مقاومة الإنكماش"
"reform (administrative)","إصلاح إداري"
"reform (to)","أصلح، عدل، قوم"
"reform endeavors","مساعي (جهود) إصلاحية"
"reform movement","حركة إصلاحية"
"reform of the planning system","إصلاح نظام التخطيط"
"reform party","حزب إصلاحي"
"reform plan","خطة (مشروع) إصلاحية"
"reform politics","سياسة إصلاحية"
"reform suggestion","إقتراحات إصلاحية"
"reform-needy, adj.","بحاجة للإصلاح (صفة)"
"reform","إصلاح، تعديل"
"reformation","إصلاح، تقويم"
"reformative","مصلح"
"reformers","مصلح"
"reformism","إصلاحية (مذهب الإصلاحيين)"
"reformist, adj.","إصلاحي، تقويمي (صفة)"
"refrained from military service","ممنع عن الخدمة العسكرية"
"refugee camp","مخيم اللاجئين"
"refugee help","معونة للاجئين"
"refugee","لاجئ، نازح"
"refugees'aid law","قانون إعانة اللاجئين"
"refusal of a contract","رفض العقد"
"refusal of the proposal","رفض الطلب"
"refusal, denial","رَفْض، استهجان، استنكار"
"refusal, rejection","رَفْض"
"refuse (to)","رَفْض"
"regain (to)","يستعيد، يسترجع، يسترد"
"regarding","بشأن، بخصوص"
"regency advice","مجلس الوصاية على العرش"
"regency","مدة الحكم، وصاية على العرش، مدة الوصاية"
"regent","حاكم، وصي (على العرش)"
"regime","نظام، نظام الحكم"
"regiment commander","قائد الكتيبة، أمير آلي"
"regiment","كتيبة، سيادة، حكم، فوج، فيلق، أعداد كثيرة، آلي"
"region division","تقسيم الأراضي"
"region within which the law is implemented","المنطقة التي يسري (يطبق) فيها القانون"
"region","منطقة، إقليم، قطر"
"regional administration","إدارة الأقليم"
"regional analysis","تحليل إقليمي (محلي)"
"regional autonomy","حُكْم ذاتي إقليمي"
"regional bank","بنك أهلي"
"regional border","حدود الدولة"
"regional committee","لجنة إقليمية"
"regional conference","مؤتمر إقليمي"
"regional court","محكمة من الدرجة الثانية"
"regional development program","برنامج تنمية إقليمي"
"regional economic planning","تخطيط اقتصادي إقليمي"
"regional elections","انتخابات محلية"
"regional government","حكومة إقليمية"
"regional meeting","اجتماع إقليمي"
"regional mourning","الحداد العام"
"regional organization","منظمة (هيئة) محلية"
"regional pact","حلف إقليمي"
"regional parliament","برلمان إقليمي"
"regional politics","سياسة إقليمية"
"regional sovereignty","السيادة الإقليمية"
"regional unit","تجمع حزب محلي، وحدة محلية"
"regional water","المياه الإقليمية"
"regional, adj.","إقليمي، محلي (صفة)"
"regionalism","إقليمية"
"regionalist","من أتباع الإقليمية"
"regionally","خاص بإقليم أو منطقة"
"register","سجل، جدول، لائحة"
"register","موظف الأحوال الشخصية (مأذون مدني)"
"registered in the statistics","مُحصّى، مسجّل في الإحصائية"
"registered representative","مندوب مفوض في البورصة"
"registration","تسجيل، قيد"
"registry office","دائرة الأحوال الشخصية (مكتب الزواج المدني)"
"registry","قسم السِّجِلات، قلم السِّجِلات"
"regression","إرتداد، إخدار، تراجع، رجوع"
"regressive, adj.","رجعي، إرتدادي، إنكفائي (صفة)"
"regular session","جَلْسَة عَادِيَّة (نِظَامِيَّة)"
"regular troops","قوات نظامية"
"regular, adj.","منتظم، عادي، قانوني (صفة)"
"regulation mechanics","آلية التَّنْظِيم (الضبط)"
"regulation, act, article, law","شرط، نظام، قاعدة، قانون، لائحة، مادة قانون"
"regulation","إرشادات، تعليمات"
"regulative, adj.","تَنْظِيمِي (صفة)"
"rehabilitate (to)","رد الحقوق، إعادة الاعتبار (أو الكرامة)"
"rehabilitation","رد الاعتبار، إعادة الأهلية، إعادة الحقوق أو الكرامة"
"Reichstag","الرايخستاك (المجلس التشريعي الألماني)"
"reign (to)","حُكْم، مارس الحكم، ساس، أدار، دُبُر"
"reign, government","ولاية، حكومة، وزارة، سلطة"
"reign","مدة الحكم"
"reigning party","الحزب الحاكم"
"reinvest (to)","يعيد الاستثمار"
"reinvestment","إعادة الاستثمار"
"reject (to)","رفض، ردّ، استهجن، استنكر"
"rejects the order with a majority of 32 voices against 10 voices","يَرْفَضُ الطَّلَبُ بِأَكْثَرِيَّةِ 32 صَوْتٍ ضِدَّ 10"
"relapse","صدمة ارتدادية، نكسة"
"related contract","مُعَاهَدَة متبادلة"
"related to , adjunct, annex, addendum","تابع ل، متعلق"
"related to the price definition","خاص بتحديد الأسعار (صفة)"
"related","متعلق، متصل، له علاقة بالقرابة"
"relational war","حرب دينية، جهاد"
"relations within the european community","العلاقات ضمن الجماعة الأوروبية"
"relationship","علاقة، صلة، اتصال، ارتباط"
"relationships (tense)","عَلاقات متوترة"
"relationships based on the principle of mutuality","العلاقات حسب مبدأ المعاملة بالمثل"
"relationships between federal and democratic Germany","العلاقات بين ألمانيا الاتحادية والديمقراطية (أو بين المعسكرين الشرقي والغربي)"
"relationships, pledge, commitment","التزام، تعهد، تقييد"
"relative majority","أكثرية نسبية (غير مطلقة)"
"release (to)","إطلاق سراح، الإفراج"
"release","الإفراج (عن)، طلاق سراح"
"relevant, adj.","موضوعي، عملي، مفيد، مهم (صفة)"
"relief between the East and the West","انفراج بين الشرق والغرب"
"relief efforts","مساعي تخفيف الحدة"
"religion","دين، ديانة، معتقد، إيمان، مذهب، طائفة، ملة"
"relinquish (to)","تخل، امتناع، تنازل"
"remain neutral","يلزم الحياد، يبقى على الحياد"
"remaining in his position until a new government is assembled","يبقى في منصبه لحين تأليف الحكومة"
"remaining in the cabinet","البقاء في مجلس الوزراء"
"reminder (warning)","إنذار، تنبيه، تحذير"
"removing from the united nation committee","إخراج (طرد، إبعاد) من هيئة الأمم المتحدة"
"renaissance","عصر النهضة"
"renew (to)","جُدِّد"
"renewal","تجديد، نهضة"
"renewed nomination","تَرْشِيح (تعيين) جَدِيد"
"renounce to the candidacy","تنازل عن التَّرْشِيح"
"renounce","يتنازل، يتخلى"
"rent (to)","خاص بالأجرة"
"rent","الأجرة"
"reorganization of the ministry","إعادة تنظيم الوزارة"
"reorganization","إعادة التنظيم"
"reorganize (to)","أعاد التنظيم"
"reorganized cabinet","وزارة معدّلة"
"reorganized government","حكومة معدلة"
"reorganizer","منظم"
"reorientation","إعادة التنظيم، توجيه جديد، تعديل الاتجاه"
"reparation agreements","اتفاقية (معاهدة) تعويضات الحرب"
"reparation payments","مدفوعات التعويضات"
"reparation","تعويض، ترضية، إصلاح"
"repartition of authorities","توزيع الصلاحيات"
"repatriate (to)","أعاد إلى الوطن"
"repatriation","إعادة إلى الوطن، استرداد الجنسية، إعادة المغترب إلى وطنه"
"repercussion impact of foreign policy","ردود فعل السياسة الخارجية"
"repercussion impact of interior policy","ردود فعل السياسة الداخلية"
"repercussion impact","رد الفعل، أثر، نتيجة، انعكاس"
"replacement time","مهلة التبديل والتخزين"
"replacement","نائب، وكيل"
"reply (to)","رد، يرد (على) أجاب"
"report on the situation of the nation","تقرير عن الأمة"
"report, statement","تقرير، بيان"
"report","منشور، نشرة (إعلامية)"
"reporter, correspondent","مقرر، مراسل صحفي مندوب (الصحيفة)"
"reporter, speaker of the committee","متحدث بلسان اللجنة"
"reporter","مخبر صحفي، مراسل"
"represent (to)","مثل، قام مقام، نائب عن"
"representative function","دور تشيلي"
"representative house, chamber of deputées, parliament","مجلس النواب"
"representative in the united nations","ممثل في الأمم المتحدة"
"representative mandatory","منتدب برلماني"
"representative post","منصب تشيلي"
"representative seat","مقعد برلماني"
"representative, deputy, MP","نائب"
"representative","ممثل، مندوب، نيابة"
"representative","منتدب، مكلف، (مبعوث)"
"repression analysis","تحليل الإنحدار"
"repression coefficient","معاملات (معامل) الإنحدار"
"repression equation","تعادل الإنحدار"
"repression","ردع، قمع"
"reprieve plea","طلب العفو"
"reprieve right","حق العفو"
"reprieve","إعفاء، عفو، تأجيل الحكم، تخفيف الحكم"
"reprisal","انتقام، ثأر، عقوبة انتقامية"
"reproduction","إعادة الإنتاج، تجدد الإنتاج"
"republic of central Africa","جمهورية وسط أفريقيا"
"Republic of Chad","جمهورية تشاد"
"Republic of Colombia","جمهورية كولومبيا"
"Republic of Congo","جمهورية الكونغو"
"Republic of Cuba","جمهورية كوبا"
"Republic of Ecuador","جمهورية الإكوادور"
"republic of France","الجمهورية الفرنسية"
"Republic of Gabon","جمهورية الغابون"
"Republic of Ghana","جمهورية غانا"
"republic of Iceland","جمهورية إيسلندا"
"republic of India","جمهورية الهند"
"republic of Indonesia","جمهورية إندونيسيا"
"republic of Iraq","الجمهورية العراقية"
"republic of Kenya","جمهورية كينيا"
"republic of Liberia","جمهورية ليبيريا"
"republic of Malta","جمهورية مالطا"
"republic of Mexico","جمهورية المكسيك"
"republic of Nicaragua","جمهورية نيكاراجوا"
"republic of Niger","جمهورية النيجر"
"republic of North Korea","جمهورية كوريا الشمالية"
"republic of Pakistan","جمهورية الباكستان"
"republic of Peru","جمهورية البيرو"
"republic of Philippines","جمهورية الفلبين"
"republic of San Marino","جُمْهُورِيَّة سان مارينو"
"republic of Singapore","جُمْهُورِيَّة سنغافورة"
"republic of South Korea","جمهورية كوريا الجنوبية"
"republic of Togo","جمهورية توجو"
"republic of Tunisia","الجمهورية التونسية"
"Republic of Uganda","جمهورية أوغندا"
"Republic of Uruguay","جمهورية الأوروغواي"
"Republic of Venezuela","جمهورية فنزويلا"
"republic","جمهورية"
"republican party (in the United States)","الحزب الجمهوري (في الولايات المتحدة الأمريكية)"
"republican regime","نظام جمهوري، المذهب (النزعة) الجمهوري"
"republican, adj.","جمهوري (صفة)"
"republican","جمهوري"
"reputation","سعة، شهرة، صيت"
"request (to)","يطلب، يلتمس"
"request","طلب، التماس"
"requirement","مستلزم، مقتضى (ج مقتضيات)"
"requisition (to)","إستولى، صادر، إغتصب"
"requisition","إستيلاء، مصادرة"
"research department","دائرة الأبحاث"
"research institute","معهد أبحاث"
"research policy","سياسة الأبحاث"
"research worker","باحث"
"research-development","بحث وتطوير"
"research","بحث (ج أبحاث)"
"reserve army","الجيش الإحتياطي"
"reserve capital","رأس مال احتياطي"
"reserve forces","الإحتياط، قوات احتياطية، قوة رديفة"
"reserve officer","ضابط الإحتياط"
"reserve","الإحتياط"
"reservist","جندي احتياطي، رديف"
"residence","مكان إقامة الدبلوماسي، محل الإقامة"
"resident (diplomatic)","المقيم، سفير مقيم"
"resign (to)","ألغى، أنهى، فسخ، أنذر تنازل، اعتزل"
"resign because of political conflicts","يستقبل بسبب خلافات سياسية"
"resignating cabinet","وزارة مستقبله"
"resignation cause","سبب (دوافع) الإستقالة"
"resignation from the cabinet","الإستقالة من مجلس الوزراء"
"resignation from the office","الإستقالة من المهام"
"resignation letter","كتاب الاستقالة"
"resignation letters","كتاب الإستقالة"
"resignation of the government","الحكومة المستقيلة"
"resignation of the minister","إستقالة الوزير"
"resignation of the president","استقالة (استعفاء أو تنازل) الرئيس"
"resignation report","بيان الإستقالة"
"resignation right","حق الفسخ (أو الإلغاء أو التراجع عن اتفاقية)"
"resignation","إستقالة، اعتزال، تراجع"
"resigned government","حكومة مستقيلة"
"resigned","مستقبل، مستعف"
"resigning minister","الوزير المستقيل"
"resist (to)","صدّ، قاوم، أوقف، حدّ"
"resistance","مقاومة، دفاع، مدافعة، صمود، صدّ"
"resistant","مقاوم، صامد"
"resolute, adj.","حازم، يحزم (صفة)"
"resolutely, adj.","حازم، عازم، مصمم (مصمم)"
"resoluteness","حزم، عزم، تصميم"
"resolution related to the security council","قرار (توصية) مجلس الأمن"
"resolution","قرار، توصية"
"resolve (to)","رُفع، أزال، سوى، صفى"
"respect (to)","التزم، حافظ، راعى"
"respect for the contract","إحترام مُعَاهَدَة"
"respect in the party","مكانة، هيبة، اعتبار داخل الحزب"
"respite supervision in Palestine","تأجيل مراقبة الهدنة في فلسطين"
"respite supervision of the united nations","تأجيل المراقبة الأمم المتحدة"
"responsibility before the parliament","المسؤولية أمام البرلمان"
"responsibility of the minister","مسؤولية الوزير"
"responsibility towards the electors","ثِقَةُ النَّاخِبَيْنِ"
"restarting of the negotiation","متابعة (مواصلة) المُفَوَّضَات"
"restitution","إعادة، رد، إرجاع"
"restoration of balance","إعادة التوازن"
"restoration of order","إعادة النظام"
"restoration of peace","إعادة السلام"
"restoration","تحديد، إحياء، إصلاح، استعراض (رجوع أو إرجاع سلالة ملكية إلى العرش أو الحكم)"
"restore (to)","أصلح، صحح"
"restore the contacts","إعادة الاتصالات"
"restrain someone's power","حدّ من (قلل) السلطة"
"restrict (to)","حصر، أخرج، حدد، قيد، يضيق"
"restricted nuclear conflict","نزاع (حرب) نووي محدود"
"restricted, limited authority","وكالة (سلطة) محدودة"
"restriction of ammunition","تحديد التسلُّح"
"restriction of armament race","الحد من سباق التسلح"
"restriction of nuclear attempts","الحد من التجارب النووية"
"restriction politics","سياسة الحصر والتقييد"
"restriction","قيد (ج قيود) تحديد، حصر، تضييق"
"restrictive clause","شرط (بند) الحرمان"
"restrictive, adj.","تقييدي، محدد، حاصر (صفة)"
"result of the vote","نتيجة الإقتراع"
"result","نتيجة، عاقبة"
"resume (to)","مضى، أكمل"
"resumption of the relationships","استئناف العلاقات"
"retaliation","ضربة مضادة رد العدوان"
"retard (to)","أجل، أرجأ، أخّر، أعاق، ماطل"
"retinue of the president","حاشية الرئيس"
"retinue","حاشية، موكب"
"retirement fees","ضمان تعاقدي"
"retorting","المقابلة بالمثل، رد الثروة، مقابلة السيئة بمثله، قلب البرهان على صاحبه"
"retraining from the contract","الإنسحاب من مُعَاهَدَة"
"retreat (to)","انسحب، تراجع"
"retreat line","الخط الخلفي"
"retreat skirmish","قتال (معركة) التقهقر"
"retreat","انسحاب، تراجع، تقهقر"
"retroactive","رجعي"
"retrograde, adj.","رجعي (صفة)"
"retrograde","رجعية"
"return conquest","احتلال"
"return visa","تَأْشِيرَة عودة"
"return-shock, repercussion","رد فعل، ارتداد صدمة، صدمة معاكسة"
"return","استرجاع، استعادة، عودة"
"returning to the government","العودة إلى الحكومة (السلطة)"
"reunion of council members","اجتماع أعضاء المجلس البلدي"
"reunion","اجتماع المجلس"
"reunite (to)","يعيد التوحيد"
"revaluation of the currency","تقييم العملة"
"revaluation of the English Pound","إعادة تقدير الجنيه الإسترليني"
"revaluation","إعادة التقدير"
"reveal","كشف، فضح"
"revenge addiction","حب الانتقام"
"revenge","ثأر، انتقام"
"revenue sharing","توزيع الضرائب"
"revenues","الدخل القومي"
"reversal of opinion","تقلب الرأي"
"revirement","تعديل، تبديل، تغيير"
"revise (to)","راجع، أعاد النظر في ...، صحيح"
"revision, review","مراجعة"
"revision","مراجعة، إعادة النظر في ...، تعديل، تنقيح"
"revisionism","إصلاحية، تعديلية (نزعة إعادة النظر في أسس نظرية أو دستور)"
"revisionist, adj.","إصلاحي، تعديلي (صفة)"
"revisionist","مناصر لمذهب التعديلية (رجع المادة السابقة)"
"revoke a statement","يسحب و(يرجع عن أو تراجع عن) التصريح"
"revolt (to)","ترد، ثار، أغضب، أغاظ"
"revolt of the people","ترد، ثورة، انتفاضة (الشعب)"
"revolt of the proletariat","ترد، ثورة، انتفاضة البروليتاريا"
"revolt of the workers","ثورة، عصيان العمال"
"revolt","ترد، ثورة، عصيان، تحري، انتفاضة"
"revolution advice","مجلس (قيادة) الثورة"
"revolution leadership","قيادة الثورة"
"revolution, insurrection","ثورة، عصيان"
"revolution","ثورة، انقلاب، تغيير كامل"
"revolutionary achievement, gains","الْمَكَاسِبَ الثَّوْرِيَّةَ"
"revolutionary adventure","مغامرة ثورية"
"revolutionary agitation","هياج ثوري"
"revolutionary democratic dictatorship","ديكتاتورية ثورية ديموقراطية"
"revolutionary dictatorship","ديكتاتورية ثورية"
"revolutionary wing","جَنَاح ثوري"
"revolutionary worker's movement","حركة عمالية ثورية"
"revolutionary, adj.","ثوري (صفة)"
"Rhodes","جزيرة رودس"
"Rhodesia","روديسيا"
"Riad, capital of the Kingdom Of Saudi Arabia","الرياض، عاصمة المملكة العربية السعودية"
"right (law) to choose the kind of work","الحق في اختيار العمل"
"right (law) to work","الحق في العمل"
"right (limited...of vote)","حق تصويت محدود"
"right of codetermination","حق اشتراك العمال في إدارة المصنع"
"right of collective vote","حق الاقتراع الجماعي (نظام انتخابي يمنح عدة أصوات للناخب نفسه)"
"right of double vote","حق تصويت مزدوج (ثنائي)"
"right of sanctuary","حق اللجوء"
"right of self-determination","حق تقرير المصير"
"right of succession","حق المطالبة بالخلافة"
"right to expropriate, right to confiscate","حق المصادرة"
"right to vote","حق الاقتراع (التصويت)"
"right-wing extremism","اليمين المتطرف"
"right-wing party","حزب يميني (اليمين)"
"right-wing radicalism","التطرف اليميني، الراديكالية اليمينية"
"right-wing, adj.","يميني (صفة)"
"right","خاص باليمين أو القانون"
"righteous","نزاهة، استقامة، أمانة، صدق"
"righteousness","شرعية، إنصاف، مشروعية، عدل"
"rightism politics","سياسة يمينية (ذات اتجاه يميني)"
"rightism, adj","ذات اتجاه يميني (صفة)"
"rights of minorities","حقوق الأقليات"
"rigor","صلابة، صرامة، تشدد، سطوة"
"rigorous procedures","إجراءات صارمة"
"rigorously, adj.","صارم، شديد، قاس، عنيف، حاد (صفة)"
"Rio de Janeiro (capital of Brasil)","ريو دي جانيرو (عاصمة البرازيل)"
"riot","شغب، ضوضاء، ضجة"
"rip in the party","انقسام في داخل الحزب"
"rip","صدع، فجوة، شق، ثغرة، انشقاق، انفصال، انقسام"
"risk of war","مجازفة الحرب"
"risky period","مرحلة خطيرة"
"rival (to)","نافس، زاحم، بارى، جارى"
"rival candidate","مرشح مضاد"
"rival","منافس، خصم، مزاحم"
"rivalry","منافسة، مزاحمة، مباراة، مجاراة"
"River of jordanie, Jordanian river","(نهر) الأردن"
"roar of artillery","دوي المدافع"
"rocket armaments","تسليح الصواريخ"
"rocket arms race","سباق التسلح بالصواريخ"
"rocket arms restriction","تحديد تسلح بالصواريخ"
"rocket arms","الأسلحة الصاروخية"
"rocket arsenal","ترسانة صواريخ"
"rocket attack","هجوم صاروخي"
"rocket attempt","التجارب (الاختبارات) الصاروخية"
"rocket store","مخزن (مخبأ) الصواريخ"
"rocket","صاروخ"
"rockets guided by sub-marines","صَوَارِيخ موجهة (مقدّوفة) من الغواصات"
"rod officer","ضابط أركان حرب"
"rod","قضيب"
"rogatory letters","التماس، إنابة قضائية"
"role","دور"
"rollback-politic","سياسة تنزيل الأسعار"
"roman convention","المعاهدات (الاتفاقيات) الرومانية"
"Romania","رومانيا"
"Romanian Republic","الجمهورية الاشتراكية الرومانية"
"Rome","روما"
"round-table conference","مؤشر الطاولة المستديرة"
"routine session","جلسة عادية"
"row in the party","في صفوف الحزب"
"row","صفة، خط، طابور، مجموعة"
"rowdy","مشاغب، عربيد، مشاجر"
"royal or governing family","الْأُسْرَةُ الْمَالِكَةُ (أَوْ الْحَاكِمَةُ)"
"royal","ملكي، ملوكي (صفة)"
"royalism","الولاء للملكية"
"rubber bullet","طلقة مطاطية"
"rubber laws","قوانين مطاطة (مصطلح عامي يطلق على تفسير حر من بعض رجال القضاء لبعض القوانين)"
"ruin","خراب، أنقاض، دمار"
"ruins of the World War II","أنقاض الحرب العالمية الثانية"
"ruling government","السلطة (الحكومة) الحاكمة"
"sabotage (to)","خرب، عطل (عملاً أو جهوداً)؛ صنع قاقب؛ أعد الأرض للسكة الحديدية"
"sabotage act","عمل تخريبي (ج أعمال التخريب)"
"sabotage","تخريب، إعطاب، عرقلة عمل"
"saboteur","مُخَرَّب"
"sacred war","حَرْبٌ مقدسة (الجهاد)"
"sacred","مُقَدَّس (صفة)"
"sacrifice","تضحية"
"safety measurements","احتياطات أمنية"
"sahara","صحراء"
"Saigon","سايجون (سايغون)"
"saint war (jihad)","الجهاد، الحرب المُقَدَّسة"
"salary stability","استقرار الأجور"
"salute (to)","أذى التَّحِيَّة"
"salute, salutation","تَحِيَّة"
"salute","تَحِيَّة، سلام"
"salvation army","جيش الخلاص، جيش الإنقاذ"
"salvation","خلاص"
"San Marino","سان مارينو"
"sanction (to)","صدّق، أقر، وافق، استحسن، عاقب، جازى"
"sanction politics","سياسة (فرض) العُقُوبَات"
"sanction threat","التهديد (بفرض) العُقُوبَة"
"sanction","عُقُوبَة، جزاء، إقرار، تصديق، قانون، مرسوم"
"sanctions (imposition of...)","فرض عُقُوبَات"
"sanierungsma","إجراءات إصلاحية (تصليحات)"
"Santiago (de Chile)","ستتياجو، سانتياغو، عاصمة جمهورية تشيلي"
"satellite state","دَوْلَة تابعة (خاضعة)، بلد يدور في فلك بلد أقوى"
"satellite, planet","قمر اصطناعي، كوكب أو مكوك"
"satisfaction","ترضية، تعويض، رد الاعتبار، رضى، إرتياح"
"Saudi Arabia","العربية السعودية"
"Saudi Kingdom","المملكة العربية السعودية"
"savage procedures","إجراءات وحشية"
"savage","بربري، وحشي، همجي (صفة)"
"save (to)","أنقذ"
"scandal","فضيحة، عار"
"Scandinavia","إسكندنافيا"
"scheeball system","نظام كرة الثلج (نظام الآثار المتراكمة)"
"schiismus","مذهب الشيعة"
"school politics","السياسة التعليمية"
"school","مدرسة"
"Schuman plan","مشروع شومان (مشروع التعاون الإقتصادي الأوروبي في مجال الفحم والصلب)"
"schupo, (abbreviation for police)","شوبو (مختصر يطلق على الشرطة)"
"scope of work","مجال (دائرة) العمل"
"Scotland","إسكوتلندا"
"Scottish, adj.","إسكوتلندي (صفة)"
"Scottish","إسكوتلندي"
"screamingly","كائد، دسّاس، وقّاع، متآمّر"
"Scribe (to)","رشا"
"Scribe money","رشوة، شن السكوت"
"sea fight","معركة بَحْرِيّة"
"sea legislation","التشريع البَحْرِيّ"
"sea mine","لغم بَحْرِيّ"
"sea officer","ضابط بَحْرِيّ، (ضابط الأسطول)"
"sea-sea rocket","صاروخ بَحْر - بَحْر"
"sea","بَحْر"
"search for (to)","يُفَسِّش عن، يبحث عن (مُحَرَّم)، يتحرّى"
"search of the house","تفتيش البيت"
"search warrant","أمر بتفتيش البيت"
"season une oyment","بطالة مَوْسِميّة"
"season unemployment","بَطَالَةُ مُوسِيَّةٍ"
"season","مَوْسِم، فصل"
"seasonal workers","عامل مَوْسِمي"
"seat investigation","تحديد المُقاعِد"
"seat order","تنظيم (ترتيب) المُقاعِد"
"seat share","نسبة المُقاعِد"
"seat","مقعد، مَجْلِس، مقر"
"secession war","حرب الانشقاق"
"secession","انشقاق، انفصال"
"secessionist","انشقاقي، انفصالي"
"secondary negotiations","مُفَوَّضَات تمهيدية"
"secondary votter","ناخب ثانوي"
"secrecy","كتمان، حفظ السرّ"
"secret (clandestine)","سِرِّيّ، خفي"
"secret agreement","اتفاقية (معاهدة) سرية"
"secret code","كتابة سرية، شيفرة"
"secret deliberations","مباحثات سرية"
"secret diplomacy","الدبلوماسية السرية"
"secret document","وثيقة سرية"
"secret door","الباب السري (الخلفي)"
"secret election","اقتراع سِرِّيّ، انتخاب سِرِّيّ"
"secret elections voting","التصويت بالانتخابات السرية"
"secret elections","انتخابات سرية"
"secret holder","حامل (ناقل) الأسرار"
"secret ink","الحبر السري"
"secret language","لغة سرية (ألفاظ متعارف عليها)"
"secret organization","منظمة سرية"
"secret poll","تصويت (اقتراع) سري"
"secret radio","جهاز إرسال سري، إذاعة سرية"
"secret report","تقرير سري"
"secret service","المخابرات، المكتب الثاني"
"secret session","جلسة سرية"
"secret stairs","السلم السري"
"secret vote","تصويت سري"
"secret vote","تصويت سِرِّيّ"
"secret weapon","سلاح سري"
"secret","سِرِّيّ، خفي (صفة)"
"secretariat","سكرتارية، أمانة السر"
"secretaries of state","وزير الدولة"
"secretaries","كاتب (محرر) المحضر"
"secretary general","السكرتير (الأمين) العام"
"secretary general","سكرتير عام، أمين عام"
"secretary of state, minister of foreign affairs","وزير الخارجية"
"secretary of the Interior","وزير الداخلية"
"secretary or minister of commerce","وزير التجارة"
"secretary, writer","سكرتير، كاتب، أمين السر"
"sector (public)","القطاع العام"
"sector","قطاع، قسم، حقل، ميدان"
"secures safety","يضمن الأمن"
"security authority","سلطات الأمن"
"security committee","لجنة الأمن"
"security conference","مؤتمر الأمن"
"security contract","معاهدة (اتفاقية) أمن"
"security council of the united nations","مجلس أمن التابع للأمم المتحدة"
"security council","مجلس الأمن"
"security forces","قوات الأمن"
"security guard","جهاز الأمن، المخابرات"
"security interest","مصلحة أمنية"
"security meetings","اجتماع أمني"
"security of the nation.","أمن الدولة"
"security officials (r)","رجل الأمن"
"security organs","أجهزة الأمن"
"security pact","حلف (معاهدة) أمني"
"security police","شرطة (رجال) الأمن"
"security power","السلطة الأمنية"
"security procedures","إجراءات أمنية، تدابير أمن"
"security reasons","أسباب أمنية"
"security requests","متطلبات (حاجات، مستلزمات) الأمن"
"security session","اجتماع (جلسة) أمني"
"security system","نظام الأمن"
"security zone","منطقة أمنية"
"security, safety, health, insurance","أمن، سلامة، ضمان، صحة، كفالة"
"security","خاص بالأمن"
"seesaw policy","سياسة التأرجح (انتهازية)"
"segnalstation","محطة إرسال"
"segregation","تفرقة، تمييز"
"selection","انتقاء، اختيار"
"selective opposition","مُعَارَضَة محدودة على بعض النقاط"
"selectively, adj.","انتقائي، اختياري (صفة)"
"self-administration","إدارة ذاتية (لا مركزية)"
"self-decision to dissolve the parliament","قرار ذاتي لحل البرلمان"
"self-defense","الدفاع عن النفس"
"self-determination","تقرير المصير"
"self-ruled regions, territories","المناطق المستقلة، مناطق الحكم الذاتي"
"self-sacrifice","التضحية بالنفس"
"self-sufficient","مستقل اقتصادياً"
"semi official","شبه رسمي (صفة)"
"semimilitary","شِبْه عَسْكَرِي (حربي)"
"semiofficial","شِبْه رَسْمِي"
"semite (e)","سَامِيْ"
"semitic, adj.","سَامِيْ (صفة)"
"Senate chareman","رَئِيس مَجْلِس الشُّيُوخ"
"Senate elections","اِلتِّخَابَات مَجْلِس الشُّيُوخ"
"Senate member","عَضُو مَجْلِس الشُّيُوخ"
"Senate","مَجْلِس الشُّيُوخ"
"Senator","شِيخ، سِينَاتُور"
"Senators committee","لجنة الشُّيُوخ"
"send, delegate (to)","أَرْسَل، أَوْفَد، بَعْث (مندوباً)"
"Senegal, republic","جُمْهُورِيَّة السُّنْجَال"
"senior convention","مُعَاهَدَة عَلِيّاً"
"senior prosecutor","رَئِيس النِّيَابَة العَامَة"
"seniority system","نِظَام الأَقْدَمِيَّة"
"seniority","أَقْدَمِيَّة، مَدَّة الحَدَمَة"
"sense of duty","إِدْرَاك الوَاجِب"
"Seoul","سَيُؤُول"
"separate authorities (executive, legislative and judicial authorities)","فَصْل السُّلْطَة إِلَى ثَلَاثَة أَقْسَام (التَّنْفِيذِيَّة وَالتَّشْرِيعِيَّة وَالقَضَائِيَّة)"
"separate committee","لجنة خاصة"
"separate","خَاصّ، مُحَدَّد، مُخْتَلِف (عن غَيْرِه)"
"separated agreement","اِتِّفَاق مُنْفَرِد"
"separated contract","مُعَاهَدَة مُنْفَرِدَة"
"separating, adj.","مُسْتَقْبِل، خَارِج (صفة)"
"separation of property","فَصْل أَمْوَال الزَّوْجِين"
"separation","اِلفِصَال"
"separatism","الفِصَالِيَّة"
"separatist movement","حركة الانفِصَالِيِّين"
"separatist movement","حركة إنفصالية"
"separatist, adj.","الفِصَالِي (صفة)"
"separatist","الفِصَالِي، انشِقَاقِي"
"sequestrate (to)","وَضْع تحت الحراسة، حبس، أوقف"
"sequestration","حراسة، حجز، مصادرة"
"sequestrators","حارس"
"sergeant","رقيب (رتبة عسكرية)"
"serious dispute","خَطَر محدد"
"serious dispute","فادح"
"serious losses","مسألة (قضية) جادة"
"serious question (mat- ter)","موقف خَطِير"
"serious situation","خلاف خَطِير"
"serious, adj.","خَطِير، شديد، جليل (صفة)"
"service academy","كلية حربية"
"service criminal law","القانون التأديبي للموظفين"
"service oath","قَسَم الوظيفة، خَلْف اليمين للموظفين"
"service suit","بدلة رَسْمِيَّة"
"service","عمل، وظيفة، خدمة"
"servitude right","حقوق الإرتفاق"
"servitude slavery","عُبُودِيَّة"
"session adjournment","إِرْجَاءُ الْجَلْسَةِ (الْإِجْتِمَاع)"
"session beginning","بِدَايَة (اِفْتِتَاح) الْجَلْسَة"
"session end","نِهَايَة (اِحْتِمَاع) الْجَلْسَة"
"session on the discussion of current topics (parliament)","جَلْسَة مُنَاقَشَة مَوَاضِيع السَّاعَة (بِرْمَان)"
"session","خاص بالإجتماع أو الجلسة"
"session","جَلْسَة، اجْتِمَاع"
"setting of a constitution","وضع (إعداد) الدستور"
"setting-up","إِنْشَاء، إِقَامَة"
"settle (to)","نَزَلَ أَقَام، اِسْتَقَرَّ، اِسْتَوْطَن"
"settlement (arrangement)","تَمْهِيد، تَسْوِيَة"
"settlement of a conflict","تَسْوِيَة النِّزَاع"
"settlement of the labor disputes","تَسْوِيَة النِّزَاع العِمَالِي"
"settlement politics","سِيَاسَة الإِسْتِيطَان"
"settlement, liquidation","تَصْفِيَة (تَصْفِيَات)"
"settlement","فض، تَسْوِيَة، حَسَم مُسْتَوْطَنَة"
"settler (to)","أَسْكَن، وَطَن، إِسْتَوْطَن، إِسْتِقْر"
"Seychelles, republic","جُمْهُورِيَّة (جَزْر) سِيْشَل"
"shackle bind tie up","كَبْل، قَيْد، كَبْت، خَنْق، كَمَّم"
"shackle the freedom","خَنْق الحُرِيَّة"
"shackle the people free- dom","كَبْت (قَيْد) حُرِيَّة الشَّعْب"
"shade cabinet","وِزَارَة صُورِيَّة (شَكْلِيَّة)، وِزَارَة الظِّل"
"shah","شَاه، عَاهِل إِيرَان"
"sham elections","إِتِّخَابَات مَزْوَرَة"
"sham parliament","بِرْهَان مَزْيَف (شَكْلِي)"
"sham peace","سَلَام وَهْمِي (خِدَاع)"
"sham protectorate","الحِمَايَة الوَهْمِيَّة (البَاطِلَة)"
"share, stock","سَهْم"
"shared council for economic help","مجلس المساعدة الاقتصادية المتبادلة (الكوميكون)"
"shield","دِرْع وَفَائِي دِرْع، دَارِنَة"
"Shiite, adj.","شِيعِي (صِفَة)"
"Shiite","شِيعِي (يَتْبَع المَذْهَب الشِّيعِي) الشِّيعَة"
"ship artillery","المدفعية البحرية"
"ship","سفينة، باخرة"
"shoot-fire","فتح النار، أطلق النار"
"shooting down basis","قاعدة الإطلاق"
"short distance rocket","صاروخ قصير المدى"
"short term","على المدى القصير"
"short-term plan","خِطَّة قصيرة الأجل"
"shot area","مدى النار"
"shot depositing","إطلاق الرصاص"
"shot direction","اتجاه النار (المقذوف)"
"shot","طلقة"
"show (to)","أظهر، أقر، أبدى، أعلن"
"show trial","محاكمة صورية (شكلية)"
"shrink (to)","تقلص، انكمش، ضمّر"
"shrinkage","انكماش، تقلص، ضمور"
"side-issue","مسألة فرعية (ثانوية)"
"siege (to)","أحاط، طوق، حصر، حاصر"
"siege warfare","حرب حدود"
"siege","حصار، محاصرة"
"signatory","موقع"
"signature","توقيع، إمضاء"
"signed countries","دولة موقعة"
"silence march","مظاهرة صامتة"
"silence","صمت، سكوت"
"silent consent","موافقة صامتة"
"silent innovation","تجديد (تمديد) ضمني"
"silo","مخزن، صومعة"
"simple majority","أكثرية نسبية (بسيطة)"
"Sinai","سيناء"
"Singapore","سنغافورة"
"sitting of parliament","جَلْسَة (اجْتِمَاع) البرلمان"
"situation","حَالَة، وَضْع، موقف، حال، ظرف"
"skeleton agreements","مُعَاهَدَة رئيسية (عامة)"
"skeleton contract","مُعَاهَدَة أساسية عامة"
"skeleton law","قَانُون عام"
"skeleton legislation","تشريع عام"
"skied","خاص بالتحكيم أو التسوية (صفة)"
"skirmish","إِشْتِيَاك، عِرَاك"
"skirmisher","جندي أرسل للمناوشة"
"skirmishes","إِشْتِيَاك، مناوشة"
"skriptum","مذكرة"
"slave trade","نخاسة، رق، تجارة العبيد"
"slave","عبد، رقيق"
"slogan","شعار، كلمة السر، نداء، هتاف"
"small atomic weapons","أسلحة نووية صغيرة، قنابل تكتيكية"
"small state","دويلة، دولة صغيرة"
"smoke bomb","قنبلة دخان (دخانية)"
"smoke bombs (the police expelled the demonstrators with)","فَرَّقَتِ الشُّرْطَةُ الْمُتَظَاهِرِينَ بِقَنَابِلِ الدُّخَانِ"
"snatch (to), seize","انْتَسَزَ، خَطَفَ، صَادَرَ، سَلَّخَ (أَرْضًا مِنْ دَوْلَةٍ أَوْ مَالِكٍ)"
"social & economic tension","تَوَرُّات اجتماعية واقتصادية"
"social and economic structure","هَيْكَلِ اجْتِمَاعِي وَاقْتِصَادِي"
"social and economic, adj.","اجْتِمَاعِي وَاقْتِصَادِي (صِفَة)"
"social benefits","إِعَانَاتٍ (مَعُونَاتٍ) اجْتِمَاعِيَّةٍ"
"social budget","مِيزَانِيَّةِ الضَّمَانِ الاجْتِمَاعِي"
"social burdens","أَعْيَاءِ اجْتِمَاعِيَّةٍ"
"social camp","الْمُعَسْكَرِ الِاشْتِرَاكِي"
"social change","تغييرات إجتماعية"
"social changes","تَغْيِيرٍ (تَبْدِيلٍ فِي الْوَضْعِ) اجْتِمَاعِي"
"social class","طَبَقَةٍ اجْتِمَاعِيَّةٍ"
"social constitution","نِظَامٍ (دُسْتُورٍ) اجْتِمَاعِي"
"social court","مُحَكَّمَةِ الشُّؤُونِ الاجْتِمَاعِيَّةِ"
"social democracy","الِاشْتِرَاكِيَّةِ الدِّيمُوقْرَاطِيَّةِ"
"social democrat","اشْتِرَاكِي دِيمُوقْرَاطِي"
"social democratic party (SPD)","الْحِزْبِ الِاشْتِرَاكِي الدِّيمُوقْرَاطِي"
"social democratic party wing (in the parliament)","جناح الحزب الاشتراكي الديمقراطي (في البرِّلمان)"
"social democratic party","الحزب الديموقراطي الاشتراكي"
"social difference","تمييز اجتماعي"
"social economy","الِاقْتِصَادِ الاجْتِمَاعِي"
"social equality","مساواة اجتماعية"
"social equality","مَسَاوَاةٍ اجْتِمَاعِيَّةٍ"
"social expenditures","النُّفَقَاتِ الاجْتِمَاعِيَّةِ (الَّتِي تَصْرِفُ مِنْ أَجْلِ الرِّعَايَةِ الاجْتِمَاعِيَّةِ)"
"social housing","الإسكان الاجتماعي"
"social indicators","مُؤَشِّرَاتٍ اجْتِمَاعِيَّةٍ"
"social infrastructure","هيكل أساسي إجتماعي"
"social insurance","التَّأْمِينِ الاجْتِمَاعِي"
"social integration","اندماج اجتماعي"
"social jurisdiction","الْقَضَاءِ الاجْتِمَاعِي"
"social justice","عدالة اجتماعية"
"social law","القانون الاجتماعي"
"social legislation","التشريع الاجتماعي"
"social ministers","وزير الشؤون الاجتماعية"
"social movement","حركة اجتماعية"
"social order","نظام (نمط) اجتماعي"
"social order","نظام اجتماعي"
"social order","نِظَام اجتماعي"
"social partners","العامل ورب العمل (المستخدمون والمستخدمون)"
"social peace","سلام اجتماعي"
"social plan","مخطط إجتماعي"
"social planning","تخطيط اجتماعي"
"social policy","سياسة اجتماعية"
"Social popular republic of China","جمهورية الصين الشعبية الاشتراكية"
"social privileges","حقوق اجتماعية"
"social product","ناتج اجتماعي"
"social progress","تقدم اجتماعي"
"social property","ملكية اجتماعية"
"social rank (layer)","طبقات اجتماعية (المجتمع)"
"social reform","إصلاح اجتماعي"
"social reforms","إصلاحات اجتماعية"
"social security benefit","تقديمات اجتماعية"
"social security contributions","أقساط التأمين الاجتماعي"
"social security","ضمان اجتماعي"
"social state clause","شرط (بند) الدولة الاجتماعية"
"social state principle","مبدأ الدولة الاجتماعية"
"social state","دولة اجتماعية (تعني بالشؤون الاجتماعية)"
"social statuses","وضع اجتماعي"
"social structure","هيكل اجتماعي (طبقات البناء الاجتماعي)، التركيب الاجتماعي"
"social system","نظام اجتماعي"
"social tension","تَوَرُّ اجتماعي"
"social theory","نظرية اجتماعية"
"social, adj.","اجْتِمَاعِي (صِفَة)"
"socialism","الاشتراكية"
"socialist association","مجتمع اشتراكي"
"socialist popular Arab Libyan Jamahiriya","الجماهيرية الليبية العربية الاشتراكية"
"socialist property system","نظام الملكية الاشتراكية"
"socialist property","ملكية اشتراكية"
"Socialist Republic of Vietnam","جمهورية فيتنام الاشتراكية"
"socialistic party","الحزب الاشتراكي"
"socialistic people's republic of Albania","جمهورية ألبانيا الاشتراكية"
"socialistic state","دَوْلَة اشْتِرَاكِيَّة"
"solid argument","حجة قاطعة"
"solidarity within the european community","ترابط (تاسك) ضمن الجماعة الأوروبية"
"soon we'll return towards home land","قريباً سنعود إلى الوطن"
"sources (informed) is informed from well","يعرف (يستعلم) من مصادر علمية أو مُطَّلِعَة"
"souvereign states","دَوْلَة سَائِدَة (أو ذات سيّادة)"
"souvereignty of the parliament","سيادة البرلمان"
"sovereign rights","حُقُوق السِّيَادَة (أَو السُّلْطَة)"
"sovereign state","دَوْلَة ذَات سِيَادَة، دَوْلَة سَائِدَة"
"sovereign","مُسْتَقِل، سَام، أَعْلَى (صِفَة)"
"sovereignty committee","مَجْلِس السِّيَادَة"
"sovereignty of the nation","سِيَادَة الأُمَّة"
"sovereignty of the people","سِيَادَة الشَّعْب"
"sovereignty of the state","سِيَادَة الدَّوْلَة"
"sovereignty of the territory","سِيَادَة إِقْلِيمِيَّة"
"sovereignty on the sea","السِّيَادَة عَلَى البَحْرِ"
"sovereignty restauration","إِعَادَة السِّيَادَة"
"sovereignty rights","حُقُوق السِّيَادَة"
"sovereignty task","عَمَل (تَصْرِف) سِيَادِي"
"sovereignty transgression","التَّعْدِي عَلَى السِّيَادَة"
"sovereignty violation","خَرْق السِّيَادَة"
"sovereignty","السُّلْطَة الحُكُومِيَّة، سِيَادَة، السِّيَادَة العَلِيَا، سِيَادَة البِلَاد، سُلْطَة الدَّوْلَة"
"Soviet counsel","مَجْلِس السُّوقِيَّات"
"Soviet government","حُكُومَة الإِتِّحَاد السُّوقِيَّاتِي"
"soviet influence","سُسُوقِيَّاتِيَّة (إِخْضَاع لِلْسُّلْطَة أَو التَّأْثِير السُّوقِيَّاتِي)"
"Soviet republic","حُصُودِيَّة سُوقِيَّاتِيَّة"
"Soviet Russia","رُوسِيَا السُّوقِيَّاتِيَّة"
"Soviet union (USSR)","الإِتِّحَاد السُّوقِيَّاتِي"
"Soviet, adj.","سُوقِيَّاتِي (صِفَة)"
"speaker of the federal government","الناطق (باسم) الحكومة الاتحادية"
"speakers of the executive committee","الناطق باسم مجلس إدارة الحزب"
"special position","وَضْعُ (وظيفة أو منصب) خاص"
"special powers of attorney","سُلطات خاصة"
"special provision","بند خاص (ج بنود أو أحكام خاصة)"
"special rights (diplomatic)","امتيازات (إعفاءات) دبلوماسية"
"special rights","امتياز خاص، إعفاءات"
"special session for the security council","جلسة طارئة (اجتماع استثنائي) لمجلس الأمن"
"special session","اجتماع (جلسة) طارئ (استثنائي)"
"special session","جَلْسَة طَارِئَة (اِسْتِثْنَائِيَّة)"
"special statues","وَضْعُ خاص"
"special troops","قوات خاصة"
"special unit","وحدة (وحدات) خاصة"
"specialist","موظف، مأمور"
"specialized sections","فرق الاختصاص (المعنية)"
"specific to different parties","خاص بعدة أحزاب"
"specific to the ambassador","خاص بالسفارة"
"specific to the cabinet","خاص بمجلس الوزراء"
"specific to the coalition","خاص بالخلف أو الإئتلاف"
"specific to the economic situation","خاص بالحالة الاقتصادية"
"specific to the ministry","خاص بالوزارة"
"specific to the office","(خاص) بالمكتب أو الوظيفة"
"specific to war","خاص بالحرب"
"specific","خاص، مُحدَّد، مُطابق لمواصفات"
"speculation in stocks, shares","مضاربة في الأسهم"
"speculation","مُراهنة"
"speech duel","مبارزة كلامية، مناظرة خطابية، مشادة كلامية"
"speech","خطاب (خطبة) كلمة"
"speed in dismissal","الإسراع بالإقرار أو الموافقة"
"splintered opposition","مُعَارَضَة منشقة (منقسمة)"
"split into many wings","إنقسام إلى عدة أجنحة"
"spoken contract","مُعَاهَدَة شفوية"
"stability (the work force...)","استقرار العمالة"
"stabilization phase","فترة تحقيق الاستقرار"
"stabilization politics","سياسة تحقيق الاستقرار (الاقتصادي)"
"stabilization program","برنامج تحقيق الاستقرار (الاقتصادي)"
"stabilization","توطيد، تثبيت، ترسيخ، استقرار، تحقيق الاستقرار"
"stabilize (to)","استقر، وطد، ثبت، رسخ، مكن"
"stabilizer","عامل الاستقرار الاقتصادي"
"stabilizing economy","تحقيق الاستقرار الاقتصادي (النشاط الاقتصادي)"
"stabilizing external economic policy","تحقيق الاستقرار الاقتصادي الخارجي"
"stabilizing internal economic policy","تحقيق الاستقرار الاقتصادي الداخلي"
"stabilizing the level of prices","تحقيق استقرار مستوى الأسعار"
"stabilizing the situation in the middle east","تثبيت (استقرار) الوضع في الشرق الأوسط"
"stabilizing","عامل استقرار، موازن"
"stable currency","عملة ثابتة"
"stable economy","اقتصاد ثابت"
"staff of the war of the fleet","هيئة أركان حرب الأسطول"
"staff-chef","رئيس أركان حرب"
"staff","هيئة"
"stage of the recession","مرحلة (فترة) الكساد"
"stage","مرحلة، طور، فترة"
"stagnate (to)","ركد، كسد، جمد"
"stagnation appearances","مظاهر الكساد (الاقتصادي)"
"stagnation phase","فترة الكساد"
"stagnation","كساد، ركود، جمود، خود"
"stalemate","طريق مسدود، جمود، إحراج، ورطة"
"Stalinism","الستالينية (مجموع نظريات ستالين المتسمة بالديكتاتورية)"
"stand","موقف، حالة، وضع"
"standard of living","مستوى المعيشة"
"standard","معيار، مستوى، نموذج"
"standardization","معايرة، توحيد النمط، تقنين"
"standardizes","وحد النمط، قنن، عاير"
"standing army","جيش دائم"
"starting in negotiations","إستئناف المُفَوَّضَات"
"starting of the negotiations","المباشرة بالمُفَوَّضَات"
"starting point","مُتَطَلِّق"
"state absolutism","إِسْتِبْدَاد حُكُومِيّ"
"state affair","شَأْن الدَّوْلَة"
"state affairs","شؤون الدَّوْلَة"
"state archive","أَرْشِيف (محفوظات، سجلات) الحكومة"
"state associated","دَوْلَة مُتَحَدِّدَة (مشاركة أو منضمة)"
"state authority","سلطة الدَّوْلَة"
"state bankruptcy","إفلاس الدَّوْلَة"
"state breakdown","إنهار الدَّوْلَة"
"state budget","مِيزَانِيَة الدَّوْلَة"
"state capitalism","الرأسمالية الحُكُومِيَّة"
"state chancellery","مكتب (ديوان) الرئيس"
"state chancellors","رئيس الوزراء، المستشار"
"state commissioner","مندوب (مفوض) الحكومة"
"state construction","هيكل (بناء، تركيب) الدَّوْلَة"
"state consumption","الإستهلاك القومي"
"state control","إشراف (مراقبة) حكومي"
"state crime","جريمة سياسية (جريمة بحق أمن الدولة)"
"state defense","الدفاع القومي"
"state emergency","حالة طوارئ"
"state ensign","علم الدولة"
"state exams","امتحان حكومي"
"state guarantee","ضمان حكومي"
"state intervention","تدخل حكومي"
"state interventionism","تدخلية الدولة (سياسة التدخل في القطاعات الخاصة ضمن الدولة أو التدخل في تنازع الدول الأخرى)"
"state leadership","قيادة الدولة، رئاسة"
"state minister","وزير بلا وزارة، وزير الدولة"
"state mourning","حداد رسمي"
"state neutrality","حالة الحياد"
"state occasion","حفل رسمي"
"state of siege","حالة الحصار (الأحكام العرفية)"
"state of the economy","حالة السوق"
"state order","نظام الدولة"
"state organ","جهاز (أداة) الحكم"
"state organs","أجهزة الدولة"
"state parliament","برلمان إقليمي"
"state participation","مساهمة (مشاركة) حكومية"
"state party","حزب الدولة"
"state police","البوليس السري"
"state politics","سياسة الدولة"
"state position","وظيفة حكومية، منصب حكومي"
"state power","سلطة الدولة"
"state procedures","إجراءات حكومية"
"state property, properties","مستلزمات (أموال) الدولة، أملاك الدولة"
"state reception","استقبال رسمي"
"state religion","الدين (الرسمي) للدولة"
"state representative","مفوض (مندوب) الحكومة"
"state science","علوم سياسية"
"state secret","سِرّ (من أسرار) الدَّوْلَة"
"state security service","المُخابَرات العامة، مخابرات أمن الدَّوْلَة، جهاز الاستخبارات أو الشرطة السياسية"
"state socialism","اشْتِرَاكِيَّة الدَّوْلَة، الإِشْتِرَاكِيَّة الحُكُومِيَّة"
"state support","مساعدة (معونة) حُكُومِيَّة"
"state teachings","العلوم السياسية"
"state theory","نظرية الدَّوْلَة"
"state treasure","خزينة الدَّوْلَة"
"state under custody","دولة تحت الوصاية"
"state under-secretary","وكيل وِزَارَة"
"state visit","زيارة رَسْمِيَّة"
"state welfare","مصلحة عامة، مصلحة الدَّوْلَة"
"state with different social order","دُوَل ذات أنظمة إجتماعية متباينة"
"state-owned enterprise","مصنع حُكُومِيّ"
"state","دَوْلَة، قطر، بلد، ولاية"
"state","حُكُومِيّ"
"statehood, and following","إستقلال ذاتي، حكم ذاتي"
"stateless ness.","إنعدام الجنسية"
"stateless, adj.","عديم الجنسية (صفة)"
"stateless","عديم الجنسية (مشرد)"
"statement (deliver a...)","أدلى بتصريح، ألقى بياناً"
"statement, declaration","تصريح، بَيَان، شرح، إيضاح"
"statement","بَيَان (إعلان) الإِتفاق"
"statements, information, data","معلومات، بيانات، أقوال"
"States (the)","الولايات المتحدة الاميركية"
"statesman","سياسي، رجل دولة"
"station, parking, center","محطة، قسم، موقف، مركز"
"statistical, adj.","إحصائي (صفة)"
"statistics","إحصائية، بيان إحصائي"
"statue of liberty","تتنازل الحرية"
"status question","مسألة راهنة"
"status quo","الوضع الراهن، الحالة الراهنة"
"status quo","قضية راهنة"
"status","حالة، وضع، صفة"
"statute","لائحة، نظام داخلي (أساسي)"
"steadfast, adj.","صامد، ثابت، صابر (صفة)"
"steady","ثابت، مستمر، دائم، مثابر (صفة)"
"steer reform","إصلاح ضريبي"
"steered economy","اقتصاد أسواق موجّه"
"steering council","لجنة توجيهية، لجنة التوجيه"
"steering measures","إجراءات توجيهية"
"steering mission","مهمة توجيهية"
"steering organ","جهاز توجيهي"
"steering","قيادة، توجيه"
"Stemson principle","مبدأ ""ستيمسون"""
"step","خطوة"
"stereotype","مقولب (سلوك مكرر على نحو لا يتغير ولا صفات فردية له)"
"StGB, abbreviation for criminal code","قانون العقوبات"
"stick","هرواة"
"stir up","أثار، حرض، حرك، (على/ضد)"
"stop (to)","إيقاف"
"stop fighting to stop the animosity","وقف القتال لوقف العداوة"
"stop the conference","وقف (قطع) المؤتمر"
"stop the employee from working","إيقاف الموظف عن العمل"
"stoppage, closes","حرمان، سد، إغلاق، وقف"
"storm into (to)","اِفْتَحَمَ، تدافع إلى، داهم"
"strain","توتر، تأزم خطر"
"strait","مضيق، ممر بحري"
"stratagem","خدعة حربية، مناورة تنويهية، حيلة، دهاء، مكر (مناورة عسكرية)"
"strategic armament","التسلّح الإستراتيجي"
"strategic armament","تسلُّح إستراتيجي"
"strategic concept","خُطّة استراتيجية"
"strategic nuclear system","نظام نووي استراتيجي"
"strategic nuclear weapons control","الرقابة على الأسلحة النووية الإستراتيجية"
"strategic weapons","أسلحة إستراتيجية"
"strategist man","رجل الاستراتيجية، احترابي (خبير بالخطط الحربية)"
"strategy of the first hit","إستراتيجية الضربة الأولى"
"strategy of the first nuclear hit","استراتيجية الضربة الأولى (بالسلاح النووي)"
"street war","اِشْتِبَاكَات (معارك، حرب) شوارع"
"strength balance","ميزان القوى (نسبة القوى)"
"strength policy","سياسة القوة"
"strength","قوة، قدرة، طاقة، مقدرة، متانة"
"strengthen (to)","عزز، قوى"
"strict, severe","صارم، عنيف، شديد، قاس (صفة)"
"strike","الستوقف عن العمل (الإضراب)، ترك العمل، إضراب (عن العمل)"
"striker","مُضْرِب عن العمل"
"strong position","مَوْضِعُ الْقُوَّةِ"
"strong","قوي، عظيم وذو بطش، ضخم"
"stronghold","حصن"
"structural unemployment","بَطَالَةُ هَيْكَلِيَّةٍ"
"study group","فرقة عمل"
"study of the opinion poll","دراسة الرأي العام"
"study the file","ذاكر، درس، قرأ (أو راجع) الملف"
"style","أسلوب، نمط، طراز"
"subject of deliberation","موضوع المناقشة"
"subject of discussion","موضوع المناقشة"
"subject of the discussion","موضوع المناقشة"
"subject","موضوع، مسألة، أمر، مادة"
"subjective dialectic","جَدَلِيَّة ذاتية"
"subjective factor","عامل ذاتي"
"subjugation","استعباد"
"submarine provided with nuclear rockets","غواصة مزودة بصواريخ نووية"
"submarines war","حَرْبُ الغواصات"
"submit (to) a draft law to the committee","أحال (عرض) مشروع قانون على اللجنة"
"submit (to)","خضع"
"submit a draft law","قدم مشروع قانون"
"submit a proposal","تقديم الطلب"
"submit a recommendation","قدم توصية"
"submit the candidacy for a position in the Bundestag (for the chancellery)","يرشح نفسه لمنصب رئيس الحكومة (المستشار)"
"submitted voice","الأصوات المقدمة"
"subsequent agreement, treaty","معاهدة (اتفاقية) لاحقة"
"subsidiary departments of the united nations","مراكز التابعة للأمم المتحدة"
"subsidized state party","حزب مدعوم حكومياً (يتلقى معونات مالية حكومية)"
"subsidized, aided by the government","مدعوم: (يتلقى معونة) حُكُومِيًّا"
"substitute leadership","قيادة بديلة"
"substitute","بدل، بديل، عوض، تعويض"
"success on the foreign policies level","يُحَاح (على مستوى) السياسة الخارجية"
"success","نجاح، تفوق"
"succession conflict","صراع على الخلافة"
"succession convention","عقد (مُعَاهَدَة) تعاقبي"
"succession dispute","النزاع على الخلافة، نزاع الخلافة"
"succession negotiations","مفاوضات الخلافة"
"succession state","دَوْلَة بالتعاقب"
"succession","خلافة، ولاية، تعاقب، توالي"
"successive deterrence","ردع تدريجي"
"successor in an office","عقب (خلف) في الوظيفة"
"successor in presidency","خلف أو خليفة الرئاسة"
"successors","خَلَف، خليفة، وارث، وريث"
"sue (to)","أقام (رفع) دعوى"
"suggest (to) an amendment","إقترح تعديل"
"suicidal group (kamikaze)","فرقة انتحارية"
"suicide command","فريق (فرقة) انتحاري"
"summary","كلمة ختامية"
"summit conference","اجتماع (لقاء) الأقطاب"
"summit convention","اتفاقية (ناجمة عن مؤتمر) القمة"
"summit diplomacy","دبلوماسية القمة"
"summit discussions","مباحثات القمة"
"summit","قمة، ذروة، أوج"
"summon (to), to call back, to withdraw","استدعى، سحب، استرجع"
"summon","أمر الاستدعاء"
"summoning","دعوة (لاجتماع)، استدعاء"
"super powers","الدول العظمى"
"super-power","دَوْلَة عظمى"
"supervision of the nuclear arms","رقابة التسلّح النووي"
"supervision","إشراف، مُراقبة"
"supervisor from the united nations","مراقب (من) الأمم المتحدة"
"supervisory body","هيئة الرقابة (التفتيش)"
"supple","مكيدة، فتنة، دسيسة"
"supplies, mil","إمداد (إمدادات عسكرية)"
"support (someone) with conditions","أيد (فلان) بشروط"
"support (to), back up","أيد"
"support a candidate","أَيْدٍ مُرَشَّحًا"
"support of the electors","مُسَانَدَةُ النَّاخِبَيْنِ"
"support, back up the party","تأييد (مؤازرة أو مساعدة) الحزب"
"support, position, proof","موقف، حجة، دليل، سند"
"supporter of a party","مؤيد (موالٍ أو مناصر) للحزب"
"supporter of the policy","مؤيد للسياسة"
"supporter","مؤيد"
"suppose, presume (to)","خُن، حدس، افترض"
"suppression of the oppo- sition","قمع (إعاقة أو عرقلة) المُعَارَضَة"
"suppression","كبت، خنق، تقييد"
"supreme administrative court","الحكمة الإدارية الاتحادية"
"supreme command","القيادة العليا (العامة)"
"supreme organs disputes","نزاعات (خلافات) بين أجهزة السلطة العليا"
"surprise attack","إطلاق مفاجئ للنار، هجوم مفاجئ"
"surrender","استسلام"
"sustainable growth","نُمُو مُستمر"
"Sweden kingdom","مملكة السويد"
"Sweden","السويد"
"Swiss confederacy","جمهورية سويسرا"
"Swiss, adj.","سويسري (صفة)"
"Swiss","سويسري"
"Switzerland","سويسرا"
"sympathy","مشاركة، تعاطف، اهتمام"
"symposium, seminar","ندوة، أمسية"
"syndicalistic anarchism","فوضوية نقابية"
"tacit consent","تفاهم صامت"
"tacit, adj","ساكت، صامت (صفة)"
"tactic","تكتيك، طريقة، نهج، خطة"
"tactical delay","تسويف، تأخير أو مماطلة تكتيكية"
"tactical nuclear weapons","أسلحة نووية تكتيكية"
"tactical weapons","أسلحة تكتيكية"
"tactically, adj.","تكتيكي، إحترافي (صفة)"
"tacticians","تكتيكي خطط (خبير بالخطط الحربية)"
"Taiwan","تايوان"
"take by force","اغتصب بالقُوَّة"
"take on (to)","تَوَلَّى، تَحَمَّلَ"
"take place (to)","إنعقّد"
"take place, adj.","مُنْعَقِد (صفة)"
"take the majority","الظفر (الحصول على الأكثرية) الانتخابي"
"takeoff","انطلاق، انطلاقة (اقتصادية)"
"takeover","الاستيلاء على السلطة (الحكم)"
"taking over","إيراد، استيلاء (عسكري)"
"talk of the hour","حديث الساعة"
"talks -negotiations","محادثات، مفاوضات"
"talks (failure of the...)","فشل المفاوضات"
"talks over the restriction of strategic armament","مفاوضات حول الحد من التسلح الاستراتيجي"
"talks","محادثات، مفاوضات"
"tangible, concrete result","نتيجة ملموسة"
"Tangier","طنجة"
"tank, shielded car","سيارة مصفحة، دبابة"
"Tanzania","تنزانيا"
"Tanzanian republic","جمهورية تنزانيا"
"tariff break","خرق اتفاقية الأجور"
"tariff fight","حرب (نزاع) الأجور"
"tariff making","تحديد (تثبيت معدل) الأجور"
"tariff regulations","أحكام اتفاقية الأجور"
"tariff reorganization","إعادة النظر في تعرفة الأجور"
"tariff round","جولة مفاوضات الأجور"
"tariff structure","هيكل الأجور"
"tariff supervision","الرقابة على (قانون) الأجور"
"tariff treaty","معاهدة جمركية"
"tariff","تعرفة، لائحة الأجور"
"task, duty","واجب، مهمة، مأمورية"
"tax administration","إدارة الضرائب"
"tax affairs","مصلحة الضرائب"
"tax break","امتياز ضريبي"
"tax collection","تحصيل (استيفاء) الضرائب"
"tax conventions","اتفاقية الضريبة"
"tax cut","تخفيض الضرائب"
"tax deceit","احتيال على مصلحة الضرائب (اختلاس الضرائب)"
"tax deduction","خصم (حسم) الضريبة"
"tax deficit","نقص في واردات الضرائب"
"tax discrimination","تمييز ضريبي (أو ضريبة تمييزية)"
"tax distribution","توزيع الضرائب"
"tax edition","فرض الضريبة"
"tax equality","مساواة ضريبية"
"tax evasion","التهرب من دفع الضريبة"
"tax excess","فائض الضرائب"
"tax flexibility","مرونة ضريبية"
"tax graduation","تدريج ضريبي"
"tax increase","يزيد الضرائب"
"tax law","قانون الضرائب"
"tax legislation","تشريع الضرائب"
"tax load","عبء الضرائب"
"tax moneys","واردات (ريع) الضرائب"
"tax monopoly","احتكار ضريبي"
"tax office","مصلحة (دائرة) الضرائب"
"tax office","مصلحة الضرائب، المالية، إدارة الشؤون المالية"
"tax policy","سياسة ضريبية"
"tax presentation","مشروع قانون ضرائب"
"tax receipts","إيرادات (حصيلة) الضرائب"
"tax reform","تعديل قانون ضرائب"
"tax relief","إعفاء (تخفيف) الضرائب"
"tax shelter","إمتياز ضريبي (بشكل إعفاءات أو تخفيضات ضريبية)"
"tax","ضريبة"
"taxation policy","سياسة ضريبية (الضرائب)"
"taxation","سُلَّم الضرائب"
"taxes increase","رفع (زيادة نسبة) الضرائب"
"taxes","ضريبة"
"taxpayer","دافع الضرائب"
"team","طاقم، فريق، زمرة"
"teamwork","عمل مشترك (جماعي)"
"tear flow bomb","قنبلة مسيلة للدموع"
"tear flow gas","غاز مسيل للدموع"
"tear","دمعة"
"technical committee","لجنة فنية"
"technical team","لجنة عمل فنية"
"technical","فني"
"technically, adj.","تكتيكي، تقني، فني"
"technics of the rockets","تقنيات الصَوَارِيخ"
"technocracy","حكومة (حكم) الفنيين (مذهب يمنح الفنيين نفوذاً غالباً على حساب السياسة نفسها)"
"technocrat","فني، (وزير أو موظف كبير يمارس سلطته القائمة على دراسات معقدة للنشاط الاقتصادي من غير أن يولي العوامل الإنسانية أهمية كافية)"
"technologist","تكنولوجي، رجل التقانة، تقني"
"technology of the econo-mic planning","تقنية (فن) التخطيط الإقتصادي"
"technology","تكنيك، تقنية، فن، أسلوب"
"technology","تكنولوجيا، تقنية، تقنية"
"Teheran","طهران"
"Tel Aviv","تل أبيب"
"tell (to)","أعلم، أخبر، أطلع، أبلغ"
"temporarily period","مرحلة انتقالية"
"temporarily tables or sheets","لوائح مؤقتة"
"temporarily","انتقالي، مؤقت"
"temporary nomination","تعيين مؤقت"
"temporary president of the party","وكيل الحزب بالنيابة"
"temporary, provisional compromise","تسوية (مصالحة) مؤقتة تسوية، مرضية للطرفين أو موفقة بينهم"
"temporization policy","سياسة المماطلة"
"temporization","ماطلة"
"tenants protection","حماية المستأجرين"
"tenants","مستأجر"
"tend (to)","مال، نزع إلى، إتجاه نحو"
"tendency change","انعطاف (منعطف) في الإتجاه أو الميول"
"tendency","ميل، نزعة، إتجاه"
"tense situation","وَضْع (أوضاع) مُتَوَثِّرة"
"tension area","منطقة التَوَرُّ"
"tension international","تَوَرُّ دَوْلِي"
"tension state","حالة التَوَرُّ"
"tension stove","بؤرة التَوَرُّ (التَوَرُّات)"
"tension","توتر"
"term given to bacteria-logical weapons","مصطلح يطلق على السلاح الجرثومي"
"term of office of the president","مدة الرئيس، فترة (رئاسة) الرئيس"
"term of office","فترة الحكم، مدة الحكم (الرئاسة)"
"term of paiement","مهلة الدفع، مدة السداد"
"term of service","مدة الخدمة"
"term of the government (constitutional cycle of the government)","مدة الحُكُومَة (الدورة التشريعية للحُكُومَة)"
"term of the legislative authority","مدة السلطة التشريعية"
"term of the session of the parliament","دورة انعقاد المجلس النيابي"
"term","مدة الصلاحية"
"terminate (to)","إِزَال، فَضَّ، فَسَخ، حَلَّ، فَكَّ"
"termination of the contract from one side","فسخ عقد من طرف واحد"
"termination of the treaty","إنهاء المعاهدة"
"termination wage settlement","فَسَخَ (إِلْغَاءَ) التَّفَاقِيَةُ أُجُور"
"termination warning","إخطار، إنذار، إلغاء، فسخ (معاهدة)"
"termination","نهاية، خاتمة، وقف، فسخ"
"terra Nullius (= no man's land)","منطقة الحرام، المنطقة المحرمة"
"terrain","أرض"
"terrains where the contract is accepted and employed","المنطقة التي تطبق بها المُعَاهَدَة"
"territorial claim","مطالبة بالأرض، مطالب إقليمية"
"territorial defense","الدفاع الإقليمي"
"territorial highness","سيادة إقليمية"
"territorial peace","سلامة الأراضي"
"territorial","إقليمي"
"territorially, adj.","أرضي، إقليمي (صفة)"
"territories sovereignty","سيادة الأراضي، أرض الوطن"
"territory","أرض الدولة (الأراضي القومية)"
"terror act","عمل إرهابي"
"terror attack","اعتداء (هجوم) إرهابي"
"terror organization","منظمة إرهابية"
"terror regimes","نظام إرهابي"
"terror reign","حكم الإرهاب"
"terror war","حرب إرهابية"
"terror wave","موجة الإرهاب"
"terror","إرهاب، رعب"
"terrorism acts","إجراءات إرهابية"
"terrorism of the people","إرهاب الشعب"
"terrorism","إرهاب، إرهاب (نشر الذعر والإرهاب)"
"terrorist, adj.","إرهابي (صفة)"
"terrorist","إرهابي"
"terrorize (to)","أرهب، ينشر الذعر والإرهاب"
"test (to)","يختبر، يستحن، يفحص، يبحث، يدرس، ينظر بـ"
"test stop agreement","اتفاقية (معاهدة) وقف التجارب النووية"
"test, violation","مخالفة، انتهاك، امتهان"
"test","تجربة، اختبار"
"testament","وصية، أمانة"
"text of the contract","نصّ العقد"
"text","نصّ"
"Thailand","تايلاند"
"thaws","ذوبان الجليد، انفراج"
"the ??","واجب إيفاء شروط العقد"
"the address of daily newspapers","عناوين الصحف اليومية"
"the agreement takes effect, is effective","اتفاقية أصبحت سارية المفعول"
"the alliance high commission","اللجنة العليا للحلف"
"the allies high control council","مجلس الرقابة للحلفاء"
"the allies' prerogatives","إمتيازات الحلفاء"
"the American military presence in the Near East","الوجود العسكري الأمريكي في الشرق الأوسط"
"the amnesty decision","قرار العَفْو"
"the arabic peninsula","شبه الجزيرة العربية"
"the Arabic unity","الوحدة العربية"
"the army besieged the city","حاصر الجيش المدينة"
"the army saved the city","تمكن الجيش من إنقاذ المدينة"
"the buying power stability","استقرار القدرة الشرائية"
"the bylaw (regulation)","النظام الداخلي"
"the cabinet reconstitution","إعادة تشكيل الوزارة"
"the candidate of one of the parties","مرشح أحد الأحزاب"
"the capital transaction regulation","تَنْظِيم حكومة لحركة رأس المال"
"the chancellor begins a tour next week to the middle east","سيقوم المستشار بجولة الأسبوع القادم إلى الشرق الأوسط"
"the coherence of the nation","ترابط الأمة"
"the committee will meet tomorrow","ستجتمع اللجنة غدا"
"the conference failed to a political fiasco","إنتهى المؤتمر (الإجتماع) بالفشل"
"the contradiction's conflict","وحدة وصراع التناقضات"
"the contradiction's unit","وحدة التناقضات"
"the court will settle the dispute","ستحسم المحكمة النزاع"
"the current events","الأحداث الراهنة"
"the death of the president has lead to a huge political vacuum","لقد ترك موت الرئيس فراغاً سياسياً كبيراً"
"the degree (measure) of destruction","مقدار الخراب (أو الدمار)"
"the democratic order threat","تهديد النظام الديموقراطي"
"the diplomatic career","السُّلك الدبلوماسي"
"the economic activity stability","استقرار النشاط الاقتصادي"
"the effective laws","القوانين الجارية (السارية المفعول)"
"the elector's approval","إِسْتِحْسَانٌ (قَبُولٌ) النَّاخِبَيْنِ"
"the elector's expectations","تَوَقُّعَاتُ النَّاخِبَيْنِ"
"the elector's opinion","وَجْهَةُ نَظَرٍ (رَأْيٌ) النَّاخِبَيْنِ"
"the electors trust","مَسْؤُولِيَّةُ إِتِّحَامِ النَّاخِبَيْنِ"
"the European community court of justice","محكمة عدل الجماعة الأوروبية"
"the exiled king","الملك المنفى"
"the existing conflict","النزاع القائم"
"the federal government's by laws","اللائحة الداخلية للحكومة الاتحادية"
"the federal parliament by laws","اللائحة الداخلية للبرلمان الاتحادي"
"the fight for the power","الصراع (التنافس) على الحكم"
"the first reading in the federal parliament","القراءة الأولى (الثانية) في مجلس النواب الاتحادي"
"the forthcoming conference in March","المؤتمر المُرْمَع عَقْدُه في آذار"
"the fraternized states","الدول المتأخية (الشقيقة)"
"the freedom fight in Nicaragua has the goal to fall the communist regimes","إن النضال التحرري في نيكاراغوا يستهدف الإطاحة بالنظام الشيوعي"
"the full meeting of the United Nations","جلسة كاملة للأمم المتّحدة"
"the full work policy","سياسة الشغل الكامل"
"the general (high) commandment for the alliance","القيادة العامة (العليا) للحلف"
"the government of his majesty","حكومة صاحب (صاحبة) الجلالة"
"the government reputation seen by the electors","سَعَةُ الْحُكُومَةِ عِنْدَ النَّاخِبَيْنِ"
"the government's intervention","تدخل (من جهة) الحكومة"
"the increase of full work ratio","زيادة (ازدياد) الشغل الكامل"
"the informed circles","أوساط مُطلَعة، مصادر عليمة"
"the internal list (regulation)","اللائحة الداخلية"
"the introduced issue","المسائل المدرجة"
"the Iraqi-Iranian war","الحرب العراقية الإيرانية"
"the Israeli invasion of Lebanon","الغزو (الإجتياح) الإسرائيلي للبنان"
"the Jewish ghetto","الحي اليهودي"
"the king resigns","اعتزل الملك عن العرش"
"the King's abdication","اعتزال، تنازل الملك عن العرش"
"the Lebanese civil war","الحرب الأهلية اللبنانية"
"The legal status of allies in Berlin","الوضع (القانوني) للحلفاء في برلين"
"the manifesto of communist party","بَيَان الحَرْب الشَّيْبُوعِي"
"the measure of the catastrophe","مقدار (حجم) الكارثة"
"the military forces of Warsaw's alliance","القوات العسكرية لحلف وارسو"
"the Military troop in Argentina","الطغمة العسكرية في الأرجنتين"
"the nation's unity","وحدة الأمة"
"the negotiations achieved some progress, a breakthrough","أحرزت المفاوضات تقدماً"
"the negotiations failed","فشلت المفاوضات"
"the negotiations have reached the low point","المفاوضات وصلت إلى درجة اليأس"
"the new party got from 0 to 20 % of the voices","حصل الحزب الجديد من الصفر على 20 بالمائة من الأصوات"
"the palestinian refugees","اللاجئين الفلسطينيين"
"the parliament reporter","المندوب الصحفي في البرلمان"
"the parliament room","قاعة البرلمان"
"the parties had violent fights","شنت الأحزاب معارك عنيفة"
"the passport is still valid","جواز السفر ما يزال صالحاً"
"the peace threat","تهديد السلام"
"the people's unity","وحدة الشعب"
"the police broke into the embassy","اقْتَحَمَتِ الشُّرْطَةُ مَبْنَى السَّفَارَةِ"
"the political role of the ... in the middle east has failed","لقد فشلت ... في دورها السياسي في منطقة الشرق الأوسط"
"the politician resolved the misunderstanding","(استطاع) السياسي إزالة سوء التفاهم"
"the prices stability","استقرار الأسعار"
"the quorum is complete","مكتمل النصاب (القانوني)"
"the raised question","السُّؤَال الْمَطْرُوح (الْقَضِيَّة الْمَطْرُوحَة)"
"the ratio obtained in the elections","المعدل الحاصل عليه في الإنتخابات"
"the ratio of voting participation","نسبة المشاركة بالتصويت"
"the rebellion oppression","قمع (ضرب) الثورة أو الانتفاضة"
"the red brigades","الأَلْوِيَّة الحَمْرَاء"
"The Reformation","الإصلاح"
"The Republic of Cyprus","الجمهورية القبرصية"
"the retreat of the troops","انسحاب القوات"
"the reunion has taken place","الإجتماع المُعَقِّد"
"the revolutionaries had removed the king from the crown","قام الثوار بإسقاط الملك عن العرش"
"the revolutionary proletariat","ديكتاتورية العمال (بروليتارية)"
"the right (law) to have convenient work conditions","الحق في الحصول على شروط عمل عادلة"
"the right of palastenien people to determine his own destiny","حق الشعب الفلسطيني في تقرير مصيره"
"the right of terminating the treaty","حق إنهاء المعاهدة"
"the running events","الأحداث (الحوادث) الجارية"
"the running investigations","التحريات (التحقيقات) جارية"
"the sacred land","السبلد المُقَدَّس (فلسطين) الأرض المُقَدَّسة"
"the sacred war (jihad)","الحرب المُقَدَّسة (الجهاد)"
"the seized lands","الْأَرَاضِي الْمُسْلُوخَةِ"
"the signatory on the agreement","الموقع على الإتفاقية"
"the signature of the agreement","توقيع إتفاقية"
"the situation is normalized","عاد الوضع إلى طبيعته (عادت المياه إلى مجاريها)"
"the soldier deserted to the enemy","هَرَبَ (فَرَّ) الْجُنْدِي إِلَى الْعَدُوِّ"
"the soldiers replied by firing","رد الجنود (الجيش) بإطلاق النار (الرصاص)"
"the stability of the money value","استقرار قيمة النقد"
"the standing order of the federal government","اللائحة الداخلية للحكومة الاتحادية"
"the state asks for the cancellation of the contract","الدولة المطالبة بفسخ العقد"
"the status of the party","مكانة أو وضعية الحزب"
"the treaty's relations","علاقات المعاهدة"
"the two kings","الملكان"
"the uniformed","رِجَالُ الْبَدَلَاتِ"
"the union of the party (coherence)","تأشك (ترابط) الحزب"
"the United Nations Charter","ميثاق الأمم المتحدة"
"the united nations general assembly","الجمعية العمومية للأمم المتحدة"
"the United Nations","الأمم المتّحدة (غُصبة)"
"the United Nations","مندوب الأمم المتحدة السامي لشؤون اللاجئين"
"the United States of America","الولايات المتحدة الأمريكية"
"the unrests encroached into the interior of the country","إمتدت الإضطرابات إلى داخل البلاد"
"the voters class","طبقة الناخبين"
"the voters decision","قرار الناخبين"
"the voters interests","مصالح الناخبين"
"the voters opinion","رأي الناخبين"
"the voters party","حزب الناخبين"
"the voters tendency","ميول الناخبين"
"the voters voice","صوت الناخبين"
"the voters","الناخبين"
"the western European countries","الدول (أوروبا) الغربية"
"the world's unity","وحدة العالم"
"theocracy","التيوقراطية (مذهب سياسي ينادي بقيام الدولة على أساس ديني بحجة أن السلطة مستمدة من الله تعالى الذي يختار الملوك ويوجه الحوادث وهي تتعارض مع الديوقراطية التي تقوم على أساس إرادة الشعب)"
"theoretically, adj.","نظري (صفة)"
"theoreticians","نظري"
"theory","نظرية، مذهب علمي"
"there is a deep gap between the negotiating parties","يوجد ثغرة عميقة بين كلا الطرفين المتفاوضين"
"thermonuclear weapons","أسلحة نووية ساخنة (ترمونووية)"
"thesis","نظرية، قضية، فرضية، موضوع"
"think (to)","فكر"
"third political strength","قوة سياسية ثالثة"
"third sector (group of people working in business insurance and other services...)","القطاع الثالث (فئة من السكان تعمل في التجارة والخدمات والتأمينات إلخ...)"
"third sector (group of people working in the business commercial and insurance sector)","القطاع الثالث (فئة من السكان تعمل في التجارة والخدمات والتأمينات إلخ)"
"third world","(بلدان) العالم الثالث"
"third world","العالم الثالث"
"third","الغير"
"thought pause, chance","مهلة للتفكير، فرصة للتفكير"
"thought","فكرة، خاطر، رأي"
"threat of a strike","التهديد بالإضراب"
"threat to use force","التهديد (باستعمال) العنف"
"threat","تهديد، توعد، خطر"
"threaten (to)","هدد، توعد"
"three-mile zone","منطقة ثلاثة أميال (منطقة مياه إقليمية حيث تسري قوانين البلد التابعة له)"
"three","ثلاثة"
"threshold","عتبة"
"throes","صراع الموت"
"throne administrators","وصي على العرش"
"throne applicants","مطالب بالعرش"
"throne changes","تغيير ملكي"
"throne heritage","وريث العرش"
"throne relinquishment","تنازل (تخلي) عن العرش"
"throne speech","خطبة العرش"
"throne","عرش"
"thwart (to)","أحبط، أسقط، أفسد"
"Tiberius-lake","بحيرة طبرية"
"Tibet","الثبت"
"tical power against the ruling one in which the ruling power controls everything including the production of the nation)","منظمة وفيها تسيطر السلطة السياسية سيطرة صارمة على جميع مظاهر حركة الأمة وطاقاتها المنتجة)"
"tie (to)","ربط، عقد، إتصل، أسس، أقام"
"tie","تعادل الأصوات"
"Tigris","(نهر) دجلة"
"time limited contract","مُعَاهَدَة محدودة الزمن"
"time of prescription","مدة (أجل) التقادم"
"time","زَمَنٌ، جَبَلٌ، فَتْرَةٌ"
"timidity","خجل، ارتباك، حيرة (تحيز)"
"timing bomb","قنبلة مؤقتة"
"title","لقب، عنون، ثَبَتَ (موظفاً)"
"titling","تلقيب، تثبيت (في وظيفة)"
"titular","حامل لقب، شخص ذو لقب"
"to abdicate the presi- dency","تخلي (تراجع، ترك) منصب الرئاسة"
"to abolish a law","ألغى قانوناً"
"to accept a person as a member in the party","قَبُولُ فرد كعضو في الحزب"
"to accept a state as a member in the council of the United Nations","قَبُولُ دولة كعضو في مجلس الأمم المتحدة"
"to accept by the overwhelming majority","يوافق (على الطلب) بالأكثرية الساحقة"
"to acknowledge something","اعْتَرِفَ بِالْأَمْرِ الْوَاقِعِ"
"to acknowledge the government","اعْتَرِفَ بِالْحُكُومَةِ"
"to act according to the office","تصرف بحكم الوظيفة"
"to act without any authority","يتصرف بدون صلاحيات أو سلطة"
"to adhere (join) to the treaty","انضم إلى المعاهدة"
"to adjourn a debate","إرجاء المناقشة"
"to admit the budget","أَقَرَّ المُوَازَنَة"
"to adopt a decision","قبل قرار"
"to adopt a firm position (attitude)","يتخذ موقفاً حازماً"
"to adopt a hard position (attitude)","يتخذ موقفاً متصلياً"
"to amend a project","تعديل مشروع"
"to analyze the situation objectively","يقوم بتحليل موضوعي للوضع"
"to apply for the presi- dency","يرشح نفسه للرئاسة"
"to appoint a minister","عين وزيراً (وزر)"
"to appoint in the ministry","يعيين (فلان) بالوزارة"
"to appoint to an office","عيّن، وظّف، نصّب (عيّن بالوزارة)"
"to approve a law","قبول قانون"
"to approve the budget","وَافِق عَلَى المُوَازَنَة"
"to arrange a dispute","يسوي النزاع (أو الخلاف)"
"to ask for resignation","طلب الإستقالة"
"to ask somebody to leave the country","يطلب من فلان مغادرة (البلاد)"
"to ask to speak a word","يطلب الكلام"
"to assign (somebody) to form the cabinet","تكليف (فلان) بتشكيل الوزارة"
"to assume a ministerial office","يتقلد منصب وزاري"
"to assume an office","تقلّد منصب"
"to assume an order","تولى الأمر"
"to assume presidency","تولّي الرئاسة"
"to assume the big majority","يقبل (الطلب) بالأغلبية"
"to assume the candidacy","يقبل التَّرْشِيح"
"to assume the issue in the first reading","وافق على الأمر في القراءة الثانية"
"to assume the ministry","يتولى وزارة"
"to assume the office","استلم (دخل إلى) الوظيفة أو الوزارة إلخ..."
"to attack the embassy","اِفْتَحَمَ السفارة"
"to attract the electors","جَلْبٌ (جَذْبٌ) النَّاخِبَيْنِ"
"to be elected as a member of parliament","ينتخب (نائباً) للبرلمان"
"to be elected president","يُنتخب رئيساً"
"to be elected with absolute majority.","ينتخب فُلاناً بأكثرية ساحقة"
"to be elected with bare majority?","ينتخب فلان بأكثرية عادية"
"to be on the top of the ministry","يكون في قمة (على رأس) الوزارة"
"to be privileged to","يملك الامتياز عن"
"to be re elected as a member of parliament","إعادة انتخاب فلان للبرلمان"
"to be with voting trust","يعطي الثقة"
"to betray the trust","خيانة الثقة"
"to bolt the area strongly","طوق (وضع حزامًا) المنطقة تطويقًا محكمًا"
"to bombard, to shell (to fire)","ضرب بالمدافع على فلان"
"to boycott a country","قاطع بلداً ما"
"to boycott the trade transaction","يوقف التعامل التجاري"
"to breach the armistice","خرق الهدنة (وقف إطلاق النار)"
"to breach the ceasefire","يخرق وقف إطلاق النار"
"to breach the contract","فسخ (نقض) العقد"
"to bribe the official, civil servant","رشا الموظف"
"to call a truce","دعى إلى هدنة"
"to call for a meeting","دعا لإجتماع (البرلمان)"
"to call for a session","يَدْعُو لِلْإِجْتِمَاع"
"to call for joining the government","يدعو (للانضمام) إلى الحُكُومَة"
"to call for the meeting of the federal parliament","دعوة مجلس النواب الاتحادي (الانعقاد)"
"to call the parliament for a meeting","يدعو البرِّلمان للإجتماع"
"to call to strike","دعا للإضراب"
"to calm down (ease)","تخفيف، تهدئة"
"to calm down.the situation","خفف حدة التوتر (هذا الموقف)"
"to calm the tension","خفف حدة التوتر"
"to cancel the constitution","يلغي الدُّسْتُور"
"to capitulate by presenting concessions","يستسلم (بشرط) يقدم تنازلات"
"to carry on-wage","أثار، شنّ"
"to carry out, implement, carry into effect","أُخْرَج، نَفْذ"
"to carry war against","شن حرب"
"to cease fire","أوقف إطلاق النار"
"to cease the fight","أوقف القتال"
"to cede an area, land","تنازل عن منطقة (أو أرض)"
"to change amend the cabinet","عَدل الوزارة"
"to claim (demand) a right","طالب بالحق"
"to claim a ministerial office","حق (المطالبة) بمنصب وزاري"
"to close a debate","اختتم المناقشة"
"to close the ballot box","إنهاء (يقفل صناديق) التصويت"
"to collaborate with the enemy","يتعامل من العدو"
"to come to power","يأتي إلى الحكم (أو السلطة)"
"to commit an assault (on somebody)","قام بالاعتداء على، اعتدى على (فلان)"
"to commit itself for something","تعهد ب، قطع العهد على نفسه"
"to consent on a compromise (negociate)","اتّفق على حل وسط"
"to consider the situation","تدبر الموقف"
"to consolidate the power","وطد السلطة"
"to constitute a cabinet","شكل وزارة"
"to continue the government affairs: the continuation of government work until the formation of a new cabinet","تصريف شؤون (أعمال) الحُكُومَة: يكلف القيام بإدارة الأعمال الحُكُومِيَّة إلى أن يتم تأليف وزارة جديدة"
"to contravene the law","خالف القانون"
"to control the ceasefire","مراقبة وقف إطلاق النار"
"to cross the crises","يجتاز الأزمة"
"to cut the negotiations.","قطع المفاوضات"
"to decide or agree una- nimously","أجمع على الإقرار (بالشيء)"
"to declare neutrality","إِعْلاَن الحِيَاد"
"to declare one's consent","أعلن موافقته"
"to declare the state of emergency","أعلن حالة الطوارئ"
"to defend the own rights","دافع عن الحقوق الشخصية"
"to delegate the representative into the parliament","أوفد النائب إلى البرلمان"
"to deliver a letter to someone","سلم خطابًا لفلان"
"to deliver a message","سَلْمَ رِسَالَة"
"to deprive from civil rights","نزع (من فلان) الحقوق المدنية"
"to destitute from the company","عزل من الشركة (أقبل)"
"to destitute the prisoner","أفرج عن السجن (المعتقل)"
"to determine the date of the session","عين (موعد) الجلسة"
"to dictate terms","فرض شروط"
"to discharge from his office","عزله من منصبه"
"to discharge of duties","أداء الواجب، القيام بالواجب"
"to discuss a law","مناقشة قانون"
"to discuss a question","بحث (ناقش) الموضوع"
"to discuss a question","وَضْع (طَرَح) مَسْأَلَة لِلْبَحْث"
"to discuss the question in the plenum","يقدم (القضية أو الطلب) إلى المجلس"
"to dismiss from the army","سرح من الجيش (الخدمة)"
"to dissolve the parliament","حل البرلمان"
"to dissolve the parliament","يحلُّ البرِّلمان"
"to disturb (expose to danger) order","أَحَلُّ بِالنِّظَام"
"to disturb (expose to danger) peace","هَدَّد السَّلَام"
"to divide the Arabic people","فرق (كلمة) الشعب العربي"
"to do sabotagtic act","يمارس عملاً تخريبياً (أو هداماً)"
"to draft the protocol","يُسجَّل (يُحرِّر) المحضر"
"to draw up the protocol","وضع (تحرير، كتابة) المحضر"
"To ease riots","هدأ حوادث الشغب (أو الأحداث)"
"to elaborate the budget","وَضْع المُوَازَنَة"
"to enact a command","أصدر أمراً"
"to enact curfew","فرض حظر التجول"
"to enact new laws","سن قوانين جديدة"
"to enclose the issue in peaceful ways","سوى الأمر بالطرق (الوسائل) السلمية"
"to encourage the industry","شجّع الصناعة"
"to end the aggression","أوقف العدوان"
"to end up the crisis","ينهي الأزمة"
"to endanger, jeopardize peace","عرض السلام للخطر"
"to enliven the economic situation","أحيا (أنعش) الاقتصاد"
"to enslave the people","إستعبد الشعب"
"to enter into a coalition","دخل (انضم) إلى التلاف (أو الحلف)"
"to enter into the oppo- sition","يدخل في (صفوف) المُعَارَضَة"
"to enter negotiations","باشر بالمُفَوَّضَات"
"to establish treacherous relations against the country's interests","علاقات ضد مصلحة الوطن"
"to exchange ambassadors","يتبادل السفراء"
"to execute an order","نفذ الأمر"
"to execute the deportation order","تنفيذ أمر الإبعاد"
"to exert pressure","مارس الضغط"
"to exit (leave) a party","ترك الحزب"
"to expel from the party","أبعد عن الحزب"
"to explain ones point of view to somebody","أوضح موقفه لفلان، أدلى برأيه إلى"
"to explain the constitution","يفسر الدُّسْتُور"
"to explode the position","فَجْرٌ الْمَوْقِفُ"
"to expose the budget (before the parliament)","عَرْض المُوَازَنَة (عَلَى البِرْمَان)"
"to express the opinion","أدلى بالرأي، عبّر عن الرأي"
"to expropriate one's property","نزع ملكية"
"to face a strong refusal","يلقى (يواجه) رفضاً شديداً"
"to face opposition","يلقى مُعَارَضَة"
"to find a way out for the crisis","إيجاد مخرج من الأزمة"
"to finish (end up) the strike","إنهاء الإضراب عن العمل"
"to fix negotiations in the peaceful way","يسوي (نزاعاً) عن طريق المُفَوَّضَات"
"to flee the law","يتهرّب من القانون"
"to form a government","يشكل (يألف) حُكُومَة"
"to form an alliance","تُخَالِف، اتَّخَذَ مع"
"to fortify a city","حِصْنُ المَدِينَة"
"to freeze (stop) the nuclear armament","تجميد التسلُّح النووي"
"to freeze the decision","جمد (عرقل) الإقرار (قارن المادة السابقة)"
"to freeze, halt, stop","تجميد"
"to get (obtain) the majority","حصل (فاز) على الأكثرية"
"to get orders for the formation of the government","يتلقى تكليفاً لتشكيل الحكومة"
"to get the consent","أحضر (حصل على) موافقة"
"to get the consent","لاقي موافقة (استحسان أو قبول)"
"to get the valid force","حصل على صلاحية قانونية"
"to give a farewell (to)","ودّع"
"to give an unanimity acceptance","أقر أو وافق بالإجماع"
"to give grant immunity","يمنح الحصانة"
"to give the asylum right","منح (حق) اللجوء"
"to give up a prerogative, a right","يتنازل عن امتياز (أو حق)"
"to go on strike, to walk out","يضرب عن العمل"
"to go over, move to","تَجَاوَزَ، خَالَفَ، خَرِقَ، تَخَطَّى"
"to go to (to join) an another party","التَّحَقُّ (انْتَقَلَ) إِلَى الْحَرْبِ الْآخَرِ"
"to go to the exile","ذهب إلى المنفى"
"to goes over the law","خَالَفَ (تَجَاوَزَ) الْقَانُونَ"
"to guard the front line","حرس المركز الأمامي (في الجبهة)"
"to have a contact with the government","اتصل (أجرى اتصالات) بالحكومة"
"to have a leading role in the negotiations","له دور قيادي في المفاوضات"
"to head a government","يرأس (يقود) الحُكُومَة"
"to head a session","يُرَاسُ الْإِجْتِمَاع (الْجَلْسَة)"
"to ignore a law","تجاهل القانون"
"to ignore an agreement","أهدر اتفاقية"
"to implement a law","طَبَّقَ (استعمل) القانون"
"to impose the martial laws","أعلن (فرض) الأحكام العرفية"
"to inform the cabinet","أطلع الوزارة"
"to inhibit the war","تحريم الحرب"
"to insert someone on the government","يُضَمُّ (فلانًا) إلى الحُكُومَة"
"to insist on something","أصرّ على شيء"
"to interfere with security","يخل بالأمن"
"to interrupt the talks","قطع المفاوضات"
"to intervene (join a debate)","اشترك في المناقشة"
"to intervene-join","تدخل (في الأمر) اشترك"
"to introduce the new cabinet","يقدم الوزارة (الجديدة)"
"to invalidate something","أبطل أو ألغى الشيء"
"to invite-call for a session","يدعو للجلسة"
"to isolate somebody politically","قضى على (فلان) سياسياً"
"to issue a law","أصدر قانوناً"
"to issue a law","يُصدر قانوناً"
"to join a party","دخل، انتظم في، اعتنق، انتسب إلى، انضم إلى، التحق بـ..."
"to join into","انتسب إلى الحزب"
"to join the controversy","انضم إلى مناقشة"
"to join the government","يكون في الحُكُومَة (السلطة)"
"to join the NATO alliance","تحالف مع، دخل في الحِلْف مع، انضم إلى الحِلْف"
"to join, adhere, stick","دخل، انتظم في، اعتنق، انتسب إلى، انضم إلى، التحق بـ..."
"to join, to-annex","يضم الأرض (يلحقها) إلى البلدية"
"to keep the trust of...","يحتفظ بالثقة"
"to launch a counter-offensive","يشن هجوماً معاكساً"
"to lay down arms","ألقى السلاح"
"to lay down from his work","اِستِقَال من (ترك) الوظيفة أو المُنصَب"
"to lead (preside) the army","يقود الجيش"
"to lead a campaigne","شَنَّ حملة (على فلان)"
"to lead a debate","أدار المناقشة"
"to lead a war against","قاد (شن) حرباً ضد فلان"
"to lead an election campagne","يقود الحملة الانتخابية"
"to lead the committee","ترأس اللجنة"
"to lead the government","ترأس الحكومة"
"to lead the ministry","يدير (شؤون) الوزارة"
"to lead the negotiations","أجرى مفاوضات"
"to lead the talks","يقود (يجري) مفاوضات"
"to leave the country, immigrate","هاجر (ترك) الوطن"
"to legalize the signature","أثبت صحة التوقيع، صدق على صحة التوقيع"
"to lend nationality","أعار الجنسية"
"to lessen the travel regulations","خفف شروط السفر"
"to lift the blockade","رفع الحصار"
"to lift the boycott","رفع (إلغاء) المقاطعة"
"to lift the journalistic censorship","أُلغِي الرِّقَابَة عَلَى الصَّحَافَة"
"to limit one's freedom","حدّ من حريته"
"to limit-restrain","قلل، حدّ، قيد"
"to liquidate the detained prisoner","قتل (قضى على) الأسرى"
"to liquidate the political conflict","يصفي الخصوم السياسيين"
"to live in security, in confidence","يعيش في ثقة وأمان"
"to lose his popularity as a politician","يفقد شعبيته كسياسي"
"to lose in the parliamentary elections","فشل (خسر) في الانتخابات البرلمانية"
"to lose the elections","خسر الإنتخابات، غُلب عليه بالإنتخابات"
"to lose the parliamentary seat","فقدان المقعد الرماني"
"to lose the veto by majority of voices","خسر النقض بأكثرية الأصوات"
"to lynch illegitimately","يقتل (يشنق) فلاناً دون محاكمة قانونية"
"to maintain the close relationships","حافظ على العلاقات حميمة"
"to make a deal (trade) with the enemy","عقد صفقة مع العدو"
"to make a putsch","انتقض، قلب الحكم"
"to move an officer","نقل موظف"
"to move to another ministry","ينتقل إلى وزارة أخرى"
"to neglect the duties","قصر في أداء الواجبات"
"to negotiate from a strong position","يَفَاوَضُ مِنْ مَوْضِعِ قُوَّةٍ (مِنْ مَوْضِعِ الْقُوَى)"
"to negotiate on a compromise","فاوض (ساوم) على حل وسط"
"to negotiate with strength position","يفاوض من منطلق (موقع) القوة"
"to nominate a successor","استخلف، عَيْنَ خَلَفًا (فُلَان)"
"to nominate an ambassador","عَيْنَ سَفِيرًا"
"to nominate himself for an office","يرشح نفسه لمنصب أو للوزارة"
"to nominate in a ministerial office","التعيين بمنصب وزاري"
"to nominate in secret election","رَشَّحَ بِالْإِقْتِرَاعِ السِّرِّي"
"to nominate oneself for elections","رَشَّحَ نَفْسَهُ، تَقَدَّمَ لِلْإِنتِخَابِ"
"to obey to an order","خضع للأمر"
"to object, to protest","اعترض على، أبدى اعتراضات"
"to occupy the country","إحتل البلد أو المدينة"
"to open a session","يَفْتَتِح الْجَلْسَة"
"to open an elect ional campaign","افتتاح الحملة الانتخابية"
"to open fire on somebody","أطلق النار (الرصاص) على فلان"
"to open the conference","يفتتح المؤتمر"
"to open the vote","فتح باب الاقتراع"
"to open the wages negotiations","افتتاح مفاوضات الأجور"
"to open, start a debate","افتتح المناقشة"
"to oppose the party","قاوم (عارض أو ترد على) الجناح البرلماني"
"to organize a demonstration","نَظْمٌ مَسِيرَةٌ (مَظَاهِرَةٌ)"
"to organize a lock-out","مَنْعُ (أَوْقَفَ) عَنِ الْعَمَلِ"
"to organize the elections","يجري، يقوم بالإنتخابات"
"to organize the fight","نَظْمٌ الْكِفَاحُ (النِّضَالُ)"
"to out pass one's authority","يتجاوز صلاحياته"
"to overcome a crisis","تغلب على الأزمة"
"to overthrow a democratic regime","يسقط (يطبخ) نظاماً"
"to paralyze the parliamentary activity","يشلُّ النشاط البرِّلمانيّ"
"to pardon somebody","يعفو عن فلان"
"to participate in a cabinet session","يشترك في جلسة مجلس الوزراء"
"to participate in a debate","اشترك (ساهم) في المناقشة"
"to participate in negotiations","يشترك في المفاوضات"
"to participate in the conference","يشترك (يساهم) في المؤتمر"
"to participate in the government","يشارك (يساهم) في الحُكُومَة"
"to pass over the limits of the party","تخطي حدود الحزب"
"to pass through a crisis","يمر بأزمة"
"to place the cornerstone","وضع الحجر الأساسي"
"to plot against someone","تآمر، تآلب ضد شخص ما"
"to populate the country","أَهْلَ الْبَلَدِ بِالسُّكَّانِ"
"to possess a prerogative","يستمتع بامتياز (أو حق)"
"to possess special prerogatives","يستمتع بامتيازات خاصة"
"to possess the absolute majority","يملك (صاحب) الأكثرية المطلقة"
"to postpone the conference","إرجاء المؤتمر"
"to prescribe an ordinance","أمر برسوم، قانون، تعليمات، قرار"
"to present a demand for the cabinet and wait for the approval","يقدم طلباً للوزارة للموافقة عليه"
"to present a report","قرر، ردّ، أحال"
"to present a suggestion","عرض (تقدم بـ) اقتراحاً"
"to present the new cabinet","يعرض الوزارة (الجديدة على الرئيس)"
"to present to the parliament","يقدِّم (يعرض على البرِّلمان)"
"to preside a meeting or a cession","تولّي رئاسة (الاجتماع أو الجلسة)، ترأس (الاجتماع أو الجلسة)"
"to preside, lead","يتزعم، يقود، يرأس"
"to prohibit air raids","منع الغارات الجوية"
"to prohibit the party","منع الحزب"
"to promote trade","رؤّج التجارة"
"to promulgate instructions","يُصدر تعليمات"
"to prorogate (extend) the martial laws","مدد الأحكام العرفية"
"to provoke (the people) against the revolution","تحريض (الشَّعْب) ضد (على) الثورة"
"to provoke a crisis","يُثير أزمة"
"to publish a common statement","يصدر بياناً مشتركاً"
"to publish a statement","أصدر بياناً"
"to pursue a certain politics","يتبع سياسة"
"to pursue the enemy","طارد (أو تعقّب) العدو"
"to pursue the political rival","لاحق الخصوم السياسيين"
"to put at the disposition of the military administration","يضع تحت قيادة (تصرف أو إمرة) الإدارة العسكرية"
"to put the military forces in alerted position","يضع القوات في حالة تأهب"
"to put under trusteeship","يضع تحت الوصاية"
"to raise a scandal","سبب فضيحة"
"to raise the nominal wage","رُفِع الأجر الاسمي"
"to raise the rental","رُفِع إيجار (أجرة) المساكن"
"to ratify the budget","صَدَّق عَلَى المُوَازَنَة"
"to reach a compromise (negociate)","توصّل إلى حل وسط (مصالحة)"
"to realize, to achieve","حقق، نفذ، أدرك الشيء"
"to recall on the ambassador","طلب (إستدعى) السفير"
"to recall the parliament for a meeting","أعادَ استدعاء البرِّلمان للإجتماع"
"to receive an order","تلقى أمراً"
"to redeem oneself by paying the military price","إقتدى بنفسه بدفع البدل العسكري"
"to reestablish the national unity","يُعيد الوحدة الوطنية"
"to refuse a convention","رفض معاهدة"
"to refuse the office","رفض الوظيفة أو المنصب إلخ..."
"to refuse the use of violence","رفض (التنازل عن) استخدام العنف"
"to refuse to give one's consent","رفض الموافقة، امتنع عن الموافقة"
"to register, record in the protocol","سَجَّل (دَوَّن) في المحضر"
"to reign (control) the people","تَحْكُمُ في الشعب"
"to reign with a scarce majority","يَحْكُمُ بأكثرية ضئيلة"
"to reign with fire and iron","يَحْكُمُ بالحديد والنار"
"to reign with party dominance","التسلط الحزبي، السيطرة الحزبية"
"to reign without parliamentary majority","يَحْكُمُ بدون أكثرية برلمانية"
"to reject a draft law","رفض مشروع قانون"
"to reject something with confirmation","استنكر (رفض) بقوة"
"to reject the candidacy","يرفض التَّرْشِيح"
"to reject the decision","رفض القرار"
"to relegate, transfer to the federal council","أحال (يحيل) إلى المجلس الاتحادي"
"to relieve from the office","أعفي، عزل من منصبه"
"to renew the contract","جُدِّد العقد"
"to reorganize the administration","أعاد تنظيم الإدارة"
"to represent before the parliament","يُمثل أمام البرِّلمان"
"to represent his party in the government","يمثل حزبه في الحُكُومَة"
"to represent in the foreign politics","يُثُل في السياسة الخارجية"
"to represent in the parliament","يُمثل في البرِّلمان"
"to resign for disagreement in political opinions","انسحب (إستقال) بسبب اختلاف بالآراء السياسية"
"to resign for health problems","إستقال لأسباب صحية"
"to resign from his office for somebody","تنازل لـ، سلّم منصبه إلى، تخلّى عن منصبه"
"to resign from his office","إستقال من منصبه"
"to resign from the cabinet","ترك (إستقال) من مجلس الوزراء"
"to resign from the government","يستقيل (يترك) من الحُكُومَة"
"to resign, to quit, to desist (an office)","ترك منصبه، إستقال من منصبه إلخ"
"to resist the political influence","أوقف (حدّ) النفوذ السياسي"
"to respect (commit) the instructions","راعى (إلتزم ب) التعليمات"
"to respect the ceasefire","الالتزام بالهدنة"
"to respect the truce","يلتزم بالهدنة"
"to resume peace negotiations","استأنف مفاوضات السلام"
"to resume the talks","استئناف (العودة إلى) المفاوضات"
"to retire from the leadership","ترك (اعتزل/استقال) القيادة"
"to retreat, withdraw","تراجع، ارتد، تنحى عن، استقال، تنازل، انسحب"
"to return to the government","يعود إلى الحُكُومَة"
"to reveal the opinion","عبر عن الرأي"
"to revise his or her point of view","أعاد النظر في موقفه"
"to revolt against, to disagree with","إخرف، خرج عن، حول"
"to run a session","يَعْقِد اِجْتِمَاعًا"
"to search sb's premises","قام بتفتيش المنزل بحثا عن أدلة"
"to sentence, to condemn","يَحْكُمُ عَلِيّ، يَسْتَنْكِر، يَدِين، يَشْجُب"
"to separate, to pull off","سَلَخ (عن)، فَصْل"
"to set an arabush","نصب كميناً"
"to set forth, raise, bring up","طَرَح، أُنْثَار (وَضْع)"
"to set free, save","حَرَّر، سَرَّح، خَلَّص، نَجَّى، أَعْفَى، أَنْقَذ"
"to set off the war","يُشْعِل (نِيرَان الْحَرْب)، نَشِبَت الْحَرْب"
"to settle (arrange)","سَوَّى، مَهَّد"
"to settle the problem through a compromise (negociate)","تسوية الأمر بواسطة حل وسط"
"to show (reveal)","تعبير، إبداء، إظهار، إدلاء"
"to show solidarity","يتضامن، يساند، يآزر، يناصر"
"to siege (encircle)","حاصر، أحاط، طوق (ضيق الخناق)"
"to sign a convention","تَوْقِيع مُعَاهَدَة (أَتْفَافِيَّة)"
"to sign the agreement with the first character only","توقيع الإتفاق فقط بالحروف الأولى من الإسم"
"to sign with","يَوْقُع مَعَ"
"to slander to defame","يطعن، يقذف بـ"
"to sneak, (break, penetrate) into","تَسَلَّلَ، اقْتَحَمَ"
"to specify a time for the session","عَيْن (وَقْت، حُدُود) مَوْعِد جَلْسَة"
"to spread the message","نشر (عمم) الخبر"
"to start negotiations","دخل في المفاوضات (باشر المفاوضات)"
"to start the talks","بدء المحادثات (المفاوضات)"
"to stay away from violence","عدم استخدام العنف"
"to stay in the government","يبقى في الحُكُومَة"
"to stick together, unite","وقف مع، وَحْد"
"to stir up against somebody","حَرَّضَ فلان على"
"to stop the constitution","ألغسي (أبطل، أوقف) سريان مفعول الدُّسْتُور، علّق الدُّسْتُور"
"to stop the enemy","رَدّ العدو"
"to stop the investigations","أوقف (كف عن) التحريات"
"to storm, s'attaquer sur","هجم على، إنهال على"
"to strengthen (increase) of the situation","تفاقم الحالة أو الموقف"
"to strike (oppress)","قمع، ضرب، صرع"
"to submit a project","يُقدّم مشروعاً"
"to submit a protest","احتج، رفع احتجاجاً"
"to submit the budget","قَدَّم المُوَازَنَة"
"to submit the credentials","تقديم أوراق الاعتماد"
"to submit the question to the plenum","يتخذ قراراً في المجلس"
"to submit to the federal German parliament","يملك الأكرية في مجلس النواب الاتحادي"
"to submit to the parliament","يقدِّم (يرفع) إلى البرِّلمان"
"to sue for peace","طلب السلام"
"to support the government","يدعم (يؤازر أو يسند) الحُكُومَة"
"to support the party","دعم الحزب"
"to suppress arab nationalism","طمس الغروية"
"to take a decision in the plenum","يعرض (يقدم) المجلس"
"to take a decision","اتخذ قراراً"
"to take a resolution","اتخذ (أقر) قراراً"
"to take an office","إستلم، تسلّم، تولّى منصب"
"to take charge of, to become the president","استلام (تولي) الرئاسة"
"to take cover from planes","إحتماء من الطائرات"
"to take over the leadership","إستلم القيادة"
"to take the decision with the absolute majority","اتخذ القرار بالأغلبية الساحقة"
"to take the offensive","بادر بالهجوم"
"to terminate the conflict","فَضَّ التِّرَاع"
"to terminate the contract","فَسَخ العقد (الْإِتْفَاقِيَّة)"
"to test the proposition","يبحث (يدرس، ينظر بـ) الطلب"
"to test the situation","يستعرض الوضع"
"to test the suggestion","يدرس الإقتراح"
"to threaten boycott","هدد بالمقاطعة"
"to threaten somebody","هدد أو توعد فلان"
"to threaten the public security","تعريض أمن الدولة للخطر"
"to threaten the security","يعرض الأمن للخطر"
"to throw someone in prison","زج (شخصاً ما) بالسجن"
"to tie relationships","أقام علاقات (مع)"
"to transfer one's authority","ينقل صلاحياته"
"to transfer to the cabinet","أحال إلى مجلس الوزراء"
"to treat the question in the parliament","بحث أو تناول الموضوع في البرلمان"
"to unanimously ack- nowledge","أجمع على أن"
"to undertake a power","تَقَلَّدَ مَنْصِبًا"
"to uphold peace","يصون السلام"
"to uphold the connection","حافظ على الاتصال"
"to uphold the silence","يحافظ على الهدوء والنظام"
"to uphold the status quo","يحافظ على الوضع الراهن (أبقى الحالة الراهنة)"
"to use the veto","استعمل حق النقض"
"to violate the law","يخالف (يخرق/يتجاوز/يتعدى على) القانون"
"to violate, infringe, transgress the agreement","خرق الإتفاقية"
"to vote about the proposal","الاقتراع حول الطلب"
"to vote against a minister on mistrust","التصويت ضد وزير على عدم الثقة"
"to vote against the government","يقترح ضد الحُكُومَة (السلطة)"
"to vote by plebiscite","صوت بموجب استفتاء شعبي"
"to vote by raising hands","التصويت بواسطة رُفِع الأيدي"
"to vote in free election","صَوَّتَ بالانتخابات الحُرَّة"
"to vote in general election","صَوَّتَ بالانتخابات العامة"
"to vote in secret election","صَوَّتَ (اقْتَرَعَ) بِالْإِثْبِخَابَاتِ السِّرِّيَّةِ"
"to vote in the parliament","يُنتخبُ للبرِّلمان"
"to vote into an office","يَنْتَخِبُ فُلَانٌ لِيُعِينُ فِي مَنْصِبٍ مَا"
"to vote on a project","الاقتراع حول مشروع"
"to vote on the decree through the federal council","التصويت على القرار بواسطة المجلس الإتحادي"
"to vote over a decision","التصويت (الاقتراع) على قرار"
"to vote secretly","التصويت بالاقتراع السري"
"to wage war on","حارب (فلان)"
"to win the independence","أحرز الإستقلال"
"to wish, to desire","رغبة، تواق"
"to withdraw","سحب، استدعى، استرد، استرجع، اعتزل (السياسة)"
"to worsen, to aggravate","تفاقم، احتذ،"
"Tobar principle","مبدأ ""طوبار"""
"together","سويّاً، مع بعض، معاً"
"Togo","توجو"
"token","علامة، شهادة"
"total number of the submitted voices","مجموع الأصوات المقدمة"
"totalitarian government (is a political system that does not accept any poli-","حُكُومَة مطلقة، حُكُومَة تَسَلُّطِيَّة (وهي نظام سياسي لا يقبل أي معارضة"
"totalitarian states","دُوَل كُليَّانية (استبدادية)"
"totalitary regime","نظام استبدادي"
"totally, adj.","كلي، تام، كامل، شامل (صفة)"
"tour","جولة"
"tourists visa","تَأْشِيرَة سياحية"
"towards home land","نحو الوطن"
"town hall","البلدية، المجلس البلدي"
"town municipality","دائرة البلدية، بلدية البلدة"
"town","مدينة صغيرة"
"trade agreement","اتفاقية تجارية"
"trade barriers","حواجز تجارية"
"trade boycott","مقاطعة تجارية"
"trade committee","لجنة تجارية"
"trade competition","منافسة تجارية"
"trade cooperative","جمعية تعاونية تجارية"
"trade deficit","عجز تجاري"
"trade embargo","حصار تجاري"
"trade excess","فائض تجاري"
"trade expansion","توسع (في النشاط) التجاري"
"trade legislation","تشريع تجاري"
"trade liberalization","تحرير التجارة"
"trade mission","وفد تجاري، بعثة تجارية"
"trade monopoly","إحتكار تجاري"
"trade policy","سياسة تجارية"
"trade privilege","امتيازات (أفضليات) تجارية"
"trade register","السِّجِلّ التجاري"
"trade relations","علاقات تجارية"
"trade sector","قطاع تجاري"
"trade union association","اتحاد النقابات العمالية"
"trade union leader","زعيم نقابي، رئيس الحركة النقابية"
"trade with the Eastern Bloc","تجارة الشرق، التجارة مع المعسكر الشرقي"
"trade within the European Union","التجارة ضمن المجموعة (الأوروبية)"
"trade, (commercial) deal","تجارة، صفقة (تجارية)"
"trade","خاص بالتجارة"
"tradition","تقليد، عرف، مأثور"
"traditional defense","دفاع تقليدي"
"traditional military forces","قوات تقليدية"
"traffic agreements","اتفاقية (معاهدة) مرور"
"traffic of the strategic weapons","نظام نقل أسلحة إستراتيجي"
"traffic system","نظام نقل"
"traffic","حركة، سير، مرور، تداول"
"tragic development","تطور مأساوي"
"tragic","مأساوي (صفة)"
"training camps","معسكر التدريب"
"training field","منطقة (ساحة) تدريب الجنود"
"training","تدريب"
"traitor of the country","خائن الوطن"
"trajectory","مسار القذيفة (المقذوف)"
"tranquilization policy","سياسة التهدئة (تخفيف حدة التوتر)"
"trans-arabic, adj.","عبر البلاد العربية (صفة)"
"transaction","صفقة، معاملة، عملية"
"transatlantic, adj.","عبر المحيط الأطلسي، فيما وراء الأطلسي (صفة)"
"transcript","محضر، مخطوطة"
"transfer (to)","حول، نقل، أحال"
"transfer agreements","اتفاقية مرور"
"transfer of authority","نقل السلطات أو الصلاحيات"
"transfer","انتقال"
"transferable","صوت محوّل، صوت قابل للنقل"
"transferable","قابل للإحالة (صفة)"
"transferred authority","سلطة منقولة أو محولة"
"transgression, violation, corruption","إخلال، اضطراب، فساد"
"transit agreements","اتفاقية مرور"
"transit traffic","مرور الترانزيت"
"transit visa","تأشيرة مرور"
"transit way","طريق الترانزيت"
"transit","مرور، عبور (ترانزيت)"
"translator","مترجم"
"transparently","لافتة"
"travel diplomacy. (related to the movement of Henry Kessenger between the Arabs and Isreal in 1974)","دبلوماسية المكوك (نسبة لتحرك وزير الخارجية الأمريكية كيسنجر بين العرب وإسرائيل عام 1974)"
"travel diplomat","دبلوماسي متنقل"
"travel","رحلة، سفر"
"treacherous attitude","موقف خائن"
"treacherous faithless","غدار، غادر، خادع (صفة)"
"treacherous murder","اغتيال، القتل غدراً"
"treacherous","خائن، غادر"
"treason of the country","خيانة الوطن (صفة)"
"treason","غدر"
"treasure chancellor","وزير الخزينة"
"treasure","ثروة، خيرات، كنز"
"treasurer","أمين الصندوق، أمين الخزينة"
"treasury","الخزينة العامة، خزينة الدولة"
"treat (to)","عامل، تناول، عالج، (الموضوع)، بحث، درس"
"treaty concerning the foundation of a European organization for space research","اتفاقية حول تأسيس منظمة أوروبية للأبحاث الفضائية"
"treaty consent","موافقة للانضمام للمعاهدة (اتفاقية)"
"treaty interpretation","تفسير (بنود) معاهدة"
"treaty of accession","معاهدة الانضمام"
"treaty of amity","اتفاقية صداقة"
"treaty of Brussels","مُعَاهَدَة بْرُوكْسِل"
"treaty of humanitarian character","معاهدات ذات طابع إنساني"
"treaty of the atlantic alliance","معاهدة حلف الأطلسي"
"treaty of Vienna for diplomatic relationships","معاهدة فيينا حول العلاقات الدبلوماسية"
"treaty over economic cooperation","معاهدة التعاون التجاري"
"treaty over economic, social and cultural cooperation and over collective security","معاهدة التعاون الاقتصادي والاجتماعي والثقافي والأمن الجماعي (معاهدة بروكسل)"
"treaty over foundation of the european nuclear community (erratum)","معاهدة تأسيس الجمعية الأوروبية للدرّة (أيراتوريوم)"
"treaty over friendship, cooperation and mutual assistance (Warsaw)","معاهدة الصداقة والتعاون المتبادل (معاهدة وراسو)"
"treaty over the non-proliferation of atomic weapons","معاهد للحدّ من انتشار الأسلحة النووية"
"treaty over the prohibition of nuclear weapon attempts in the atmosphere, in the space and under water","معاهدة منع تجارب الأسلحة النووية في الفضاء الخارجي وتحت الماء"
"treaty over the stay of foreign forces in Germany","معاهدات خاصة بوجود قوات أجنبية في ألمانيا"
"treaty terms","شروط المعاهدة"
"treaty to the foundation of the European economic community (EC)","معاهدة حول تأسيس السوق الأوروبية المشتركة (السوق الأوروبية)"
"treaty","اتفاقية، معاهدة"
"trend of prices","اتّجاه (ميل) الأسعار"
"trend, english","اتّجاه، نزعة، الاتّجاه العام"
"trend","سائد (صفة)"
"trespass the house","التعدي على حرمة المنزل"
"trick, camouflage","تضليل، خدعة، خداع"
"tricky maneuver","مناورة تنويهية"
"trilateral agreement","عقد (اتفاقية) ثلاثي"
"trilateral alliance","حلف (اتّحاد) ثلاثي"
"trilateral conference","مؤشر ثلاثي"
"trilateral treaty","معاهدة (اتفاق) ثلاثي"
"trilateral","ثلاثي"
"tripartite system","نظام الأحزاب الثلاثة"
"Tripoli (in north Lebanon)","طرابلس (في شمال لبنان)"
"Tripoli (Libya)","طرابلس الغرب"
"triumph (to)","انتصر، فاز، ظفر"
"triumph","نصر، ظفر، فوز، انتصار"
"triumphal bow","قوس النصر"
"triumphal train","موكب النصر"
"triumphant","منتصر، غالب، ظافر"
"triumphantly, adj.","ظافر، فوزي، انتصاري (صفة)"
"troop accumulation","حشد القوات"
"troop association","فصيلة من الجنود"
"troop concentration","حشد (تركيز) القوات"
"troop contingent","فرقة (فصيلة) من الجنود، كونتجنت"
"troop contract","اتفاقية حول القوات العسكرية"
"troop contraction","حشد (تركيز) القوات"
"troop department","فرقة من الجيش"
"troop deployment","إقامة (وضع) القوات"
"troop divestiture agreements","اتفاقية تسريح القوات"
"troop divestiture negotiations","مفاوضات (حول) تسريح القوات"
"troop divestiture","تسريح (صرف) القوات"
"troop group","فرقة، زمرة (جماعة من الجند أو الكثافة)"
"troop infirmary","مستشفى الميدان"
"troop leaders","قائد (رئيس) الفرقة"
"troop leadership","قيادة الجيش"
"troop levy","تجنيد القوات"
"troop parade","إستعراض (عرض) عسكري، عرض القوات"
"troop postponement","تحرك الجنود (الجند)"
"troop practice","تدريب الجنود"
"troop retreat","إنسحاب القوات"
"troop show","عرض عسكري"
"troop sightseeing","إستعراض القوات"
"troop transportation ship","سفينة ناقلة (حاملة) جنود"
"troop transportation","ناقلة جنود"
"troop unit","وحدة من فرق الجيش"
"troop use","تدخل الجيش"
"troop","ثلة، جماعة، فرقة، شردمة"
"trouble (to) the order","أُحِلَّ بالنظام"
"trouble in the political balance","إختلال في التوازن السياسي"
"trouble spot","بؤرة الأزمات (مصدر الإضطرابات)"
"trouble","مضيق، مأزق، إزعاج، إخلال، اضطراب، تشويش"
"troublemaker","مُحَرِّض، مُتَحَرِّش، مُتَّحِد، مُسْتَفِز، مُهَيِّج"
"truce (ceasefire)","هدنة، وقف إطلاق النار"
"truce (halt)","وقف إطلاق النار"
"truce negotiations","مُفَاوَضات (مباحثات) الهدنة"
"truncheon","هراوة، عصا الشرطة"
"trust crisis","أزمة ثقة"
"trust disappearance","اضمحلال الثقة"
"trust engagements","اتِّفَاقية الوصاية"
"trust territory","منطقة (بلد) تحت الوصاية (الانتداب)"
"trust vote","تَصَوَّيْتُ عَلَى الثِّقَةِ"
"trust","تروست (اتِّحَاد احتكاري للمنتجين، في الاتِّحَاد السوفيتي مجموعة صناعية تحت إدارة موحدة)"
"trust","ولاء، إخلاص"
"trusteeship council","مجلس الوصاية (الانتداب)"
"trusteeship system","وصاية، انتداب، أمانة"
"trusteeship","وصاية، ولاية، مراقبة"
"trustworthy","مُوَثَّق به (صفة)"
"tsarism","القيصرية"
"tumult","صخب، ضجة، شغب"
"Tunisia","تونس"
"Tunisians","تونسي"
"Turk","تركي"
"Turkey republic","الجمهورية التركية"
"Turkey","تركيا"
"turkish, adj.","تركي (صفة)"
"turmoil's of war","اضطرابات الحرب"
"turn (to)","وَجْهٌ، تَوَجُّهٌ، وَلَّى، يُرَاجِعُ (فُلَانًا)"
"turning point in the domestic policy","نقطة تحول (منعطف) في السياسة الداخلية"
"turning point","نقطة تَحَوُّل"
"two brotherly, friendly people","شَعْبَان مُتَأَخِّيَان"
"two states theory","نَظَرِيَّةُ الدَّوْلَتَيْنِ"
"two-party system","نظام الحزبيين"
"two-thirds of the votes","ثُلُثَا الْأَصْوَاتِ"
"two","اثنين"
"Tyr","صور (في جنوب لبنان)"
"tyrannic, adj.","جائر، مستبد، ظالم (صفة)"
"tyrannize (to)","ظلم، بغى، طغى، اِسْتَبْدَ"
"tyranny","طغيان، اِسْتِبْدَاد، دكتاتورية، جور"
"tyrant procedures","إجراءات غاشمة"
"tyrant, despot","حاكم غاشم"
"tyrant","طاغية"
"tyrant","طاغية، طاغي، مُستَبْد"
"U.N. committee for peaceful use for space","لجنة الأمم المتحدة للاستخدام السلمي للقضاء"
"U.S.congress (consisting of the senate and the house of representatives)","الكونغرس الأمريكي (وفيه مجلس الشيوخ ومجلس النواب)"
"Uganda","أوغندا (أوغندا)"
"ultimatum","الإنذار الأخير، بلاغ نهائي"
"ultra links","يسار متطرف (صفة)"
"ultra right","يمين متطرف (صفة)"
"ultra Shiite","الشيعة المتطرفون"
"ultra","مُتَطَرِّف"
"UN (abbreviation) for united nations organi- ation","مصطلح يطلق على منظمة الأمم المتحدة"
"UN commission","لجنة الأمم المتحدة"
"UN commission","لجنة تابعة لأمم المتحدة"
"UN delegate","مندوب لدى الأمم المتحدة"
"UN secretary general","أمين عام منظمة الأمم المتحدة"
"UN troops","قوات الأمم المتحدة"
"UN, abbreviation for United Nations","مختصر يطلق على منظمة الأمم المتحدة"
"unaccepted","غير مشروع، غير مقبول، مرفوض، غير مستساغ (صفة)"
"unanimity","اتفاق الآراء، اتحاد (اجتماع) الكلمة"
"unanimous consent","موافقة بالإجماع"
"unanimous consent","موافقة إجمالية (بالإجماع)"
"unanimous decision","قرار بالإجماع"
"unanimous decision","قرار بالإجماع، قرار إجماعي"
"unanimous decision","قرار إجماعي (بالإجماع)"
"unanimous elections","إنتخاب بالإجماع"
"unanimous expressive acceptance","قبول بالإجماع"
"unanimous vote","انتخاب بالإجماع"
"unanimously we... decided that...","أجمعنا الرأي على أن"
"unanimously","إجماعي، بالإجماع (صفة)"
"unarmed, adj.","غَيْرُ مَسْلَحٍ، أَعْزِلُ مِنَ السِّلَاحِ"
"unbounded authority","صَلَاحِيَّةٌ مُطْلَقَةٌ"
"unbounded support","مُسَاعَدَةٌ (مَعُونَةٌ) بِلَا حُدُودٍ"
"unbounded","مَطْلَقٌ، كَامِلٌ، غَيْرُ مُقَيَّدٍ، بِلَا حُدُودٍ (صِفَة)"
"unconditional capitulation","استسلام بغير شروط (بلا قيد أو شرط)"
"unconditional consent","موافقة بدون تحفظ"
"unconditional expressive acceptance","قبول بدون تحفظ"
"unconditional","بدون قيد أو شرط"
"unconditionally","بِدُونِ قَيْدٍ أَوْ شَرْطٍ، غَيْرُ مَشْرُوطٍ (صِفَة)"
"unconstitutional party","حزب مخالف للدستور (غير دستوري)"
"unconstitutionality","عَدَمُ الدِّسْتُورِيَّةِ، مُخَالَفَةُ الدُّسْتُورِ، التَّعَارُضُ مَعَ الدُّسْتُورِ"
"unconstitutionally, adj.","مُخَالِفٌ (مُعَارِضٌ) لِلدُّسْتُورِ، غَيْرُ دُسْتُورِيٍّ (صِفَة)"
"undecided elector","نَاخِبٌ (نَاخِبَيْنِ) مُتَرَدِّدٌ"
"undefinite elector","نَاخِبٌ غَيْرُ مُحَلَّدٍ، نَاخِبَيْنِ غَيْرُ مُحَلَّدَيْنِ"
"undemocratic, adj.","غَيْرُ دِيمُوقْرَاطِيٍّ، لَا دِيمُوقْرَاطِيٍّ (صِفَة)"
"under pressure","تحت الضغط، يكون مضطراً"
"under secretary of exterior ministry","وكيل وِزَارَة الخارجية"
"under the competence","وقع ضمن الصلاحية (مجال الاختصاص)"
"under the presidency of","برئاسة"
"under the pressure of the public opinion","تحت (ممارسة) ضغط الرأي العام"
"under the supervision of the united nations","تحت إشراف (هيئة) الأمم المتحدة"
"under the use (application) of violence","تحت استعمال العنف (أو القوة)"
"underdeveloped area","منطقة متخلفة"
"underdeveloped, adj.","مُتَخَلِّفٌ (إِقْتِصَادِيًّا) نَامٍّ (صِفَة)"
"underground based rocket","صَارُوخ منصوب على قاعدة تحت الأرض"
"underground movement","حَرَكَةٌ (مُنَظَّمَةٌ) سَرِيَّةٌ"
"underground organization","مُنَظَّمَةٌ سَرِيَّةٌ"
"undermine (to)","أَعَدَّ (جَهَّزَ) لِلنَّسْفِ"
"understand (to)","يَتَفَهَّمُ، يُلِمُّ، يُطْلِعُ"
"undertake (to)","تَقَلَّدَ، تَوَلَّى"
"undertaking","مَشْرُوعٌ، مُؤَسَّسَةٌ، حَمْلَةٌ"
"underwater rocket shooting base","قاعدة إطلاق صَوَارِيخ بحرية (تحت الماء)"
"underwater rocket system","نِظَامٌ صَوَارِيخُ تَحْتَ الْمَاءِ"
"undesirable person","شَخْصُ غَيْرِ مَرْغُوبٍ فِيهِ"
"undesirable, adj.","غَيْرُ مَرْغُوبٍ بِهِ (فِيهِ) (صِفَة)"
"undiminished, adj.","ثَابِتٌ، بِذَاتِ الْحِدَّةِ، يَنْفَسُ الْقُوَّةُ"
"uneconomically, adj.","غَيْرُ اقْتِصَادِي، غَيْرُ مُرْبِحٍ (صِفَة)"
"unemployed money","مُخَصَّصَاتُ الْعَاطِلِينَ (عَنِ الْعَمَلِ)"
"unemployed","بَاطِلٌ (عَاطِل) عَنِ الْعَمَلِ (صِفَة)"
"unemployment benefit","مَعُونَةٌ (مُسَاعَدَةٌ) لِلْعَاطِلِينَ عَنِ الْعَمَلِ"
"unemployment figure","عَدَدُ الْعَاطِلِينَ عَنِ الْعَمَلِ"
"unemployment rate","نِسْبَةُ الْعَاطِلِينَ عَنِ الْعَمَلِ"
"unemployment","البَطَالَةُ (مُصْطَلَحٌ يُطْلَقُ عَلَى مَجْمُوعِ الْعَاطِلِينَ عَنِ الْعَمَلِ)"
"UNESCO (abbreviation) for united nations educational scientific and cultural organization","الْيُونِسْكُو (مَنْظَمَةُ الْأُمَمِ الْمُتَّحِدَةِ لِلتَّرْبِيَةِ وَالْعُلُومِ وَالثَّقَافَةِ)"
"UNESCO","منظمة الأمم المتحدة للتربية والعلوم والثقافة"
"unexciting of personal in public life","انْعِدَامُ الْفَرْدِيَّةِ (ذَوِيَانِ الشَّخْصِيَّةِ فِي الْجَمَاهِيرِ)"
"unexpectedly, adv.","طَارِيءٌ، غَيْرُ مُنْتَظَرٍ (صِفَة)"
"unfair distribution","توزيع غير عادل"
"unforeseen, adj.","طَارِيءٌ (صِفُو)"
"unified opinion","رأي موحد"
"uniform","بَدَلَةٌ (عَسْكَرِيَّة)"
"uniformed","مَجْنَدٌ (لَابِسُ الْبَدَلَةِ)"
"unify (to)","وَحْدٌ، جَمْعٌ، أَلِفٌ (بَيْن)"
"unilateral, adj.","أحادي الجانب، من طرف واحد (صفة)"
"union activity","النشاط النقابي"
"union cartel","إتحاد، اندماج و تكتّل"
"union industry","نقابة (إتحاد) صناعية"
"union leadership","قيادة نقابية (عمالية)"
"union member","عضو في النقابة"
"union membership","عضوية النقابة العمالية"
"union movement","حركة نقابية"
"union of tenants protection","إتحاد حماية المستأجرين"
"union policy","سياسة نقابية"
"union presidency","رئاسة (مجلس إدارة) النقابة"
"union president","رئيس النقابة العمالية"
"union rate","أجر تعريفي (راتب حسب تعريفة الأجور)"
"union representative","ممثل نقابي"
"union rights","حقوق نقابية"
"union","إتحاد، جمعية، مشاركة، إنضمام"
"unionist","نقابي"
"unique party","الحزب الواحد"
"unit","وحدة، قطعة"
"unite (to)","وحد، جمع (بين)"
"united nation committee for budget, and administration affairs","لجنة الأمم المتحدة الاستشارية للشؤون الإدارية والإدارية والميزانية"
"united nation committee for peace watch","لجنة الأمم المتحدة لمراقبة السلام"
"united nation committee for world trade law.","لجنة الأمم المتحدة لقانون التجارة الدولية"
"united nation constitution","ميثاق الأمم المتحدة"
"united nation educational scientific and cultural organization (UNESCO)","منظمة الأمم المتحدة للتربية والعلوم والثقافة (اليونسكو)"
"united nation forces","قوات الأمم المتحدة"
"united nation goals","أهداف الأمم المتحدة"
"united nation head office","مقر هيئة الأمم المتحدة"
"united nation help box for social development","صندوق الأمم المتحدة للتنمية الاجتماعية"
"united nation industry and development commission (FINA)","منظمة الأمم المتحدة للتنمية الصناعية (فينا)"
"united nation institute for social development","معهد الأمم المتحدة للتنمية الاجتماعية"
"united nation membership","العضوية في الأمم المتحدة"
"united nation office for training","معهد الأمم المتحدة للتدريب والأبحاث"
"united nation offices","أجهزة الأمم المتحدة"
"united nation organization for food and agriculture","مسئولة الأغذية والزراعة التابعة للأمم المتحدة"
"united nation principals","مبادئ الأمم المتحدة"
"united nation program for development","برنامج الأمم المتحدة للإنماء"
"united nation program for environment","برنامج الأمم المتحدة للبيئة"
"united nation representative for refugees cases (Geneva)","مستدوب (مفوض) الأمم المتحدة السامي لشؤون اللاجئين (جنيف)"
"united nation resolution","قرار مجلس الأمن التابع للأمم المتحدة"
"united nation secretary","أمانة سر (سكرتارية) الأمم المتحدة"
"united nations conference for trade and development","مؤتمر الأمم المتحدة للتجارة والتنمية"
"United Nations International Children's Emergency Fund, known as United Nations Children's Fund (UNICEF)","اليونيسيف (صندوق الأمم المتحدة الدولي لدعم الطفولة)"
"United Nations Organization","ميثاق منظمة الأمم المتحدة"
"united nations, member countries of the","الدول الأعضاء في الأمم المتحدة"
"unity in strength","في الاتحاد قوة"
"unity party","حزب الوحدة"
"unity","وحدة (توحيد)"
"universality","جمهور، عموم، العامة (من الناس)"
"unjustly, adj.","ظلماً، مُخفَّف، غير عادل"
"unkind act","عمل غير ودي"
"unlawfully acquired","غاصب"
"unlawfully, adj.","عديم الحق، لا يتمتع بحق"
"unmask (to)","كشف (نزع) القناع"
"unopposed","بلا منازع، دون منافس (صفة)"
"unoriginal documents (faked ones, illegal act)","تزوير الوثائق (أو المستندات)"
"unprejudiced","خالي من التحيز، غير منحاز"
"unproductive work","عمل غير إنتاجي، منتج"
"unproductively, adj.","غير منتج (صفة)"
"unquestionable-incontestable (discussion)","لا يقبل المُتأقِشَة، لا جدال فيه"
"unreservedly, without reserve","بدون تحفظ"
"unrest stove","بؤرة (منطقة) الاضطرابات، منطقة قلقة"
"unrest, disturbance","قلق، اضطراب، هياج، حركة شغب"
"UNRUA (united nations refuge Palestinian help)","وكالة الأمم المتحدة لإغاثة وتشغيل اللاجئين الفلسطينيين"
"unstable government","عدم استقرار الحُكُومَة"
"untouchable rights","حقوق لا يجوز التصرف بها، عدم جواز (قابلية) التصرف، امتناع التصرف"
"unwavering adj","صامد، صابر"
"unwritten authority","صلاحية غير مكتوبة"
"unwritten law","قانون غير مدون (غير مقنن) قانون بديهي (أو مسلم به)"
"uphold (to)","يحافظ على، يصون"
"upper price limit","الحد الأعلى للأسعار"
"upper","فوق، زيادة، عالي"
"uprising","انتفاضة"
"upset project","مشروع انقلاب"
"upset","انقلاب، قلب النظام"
"upswing phase","مرحلة الازدهار"
"upswing, prosperity","ازدهار"
"upswing, recovery","إحياء، إنعاش، تنشيط"
"urge","اضطرار، ضيق وقت، زحمة، تعطش، توسع"
"urgence, insistence","إلحاح"
"urgent debate","مناقشة طارئة"
"urgent demand","طلب عاجل (طارىء)"
"urgent measure","إجراء طارىء"
"urgent memorandum","رسالة (مذكرة) عاجلة"
"urgent session","جلسة طارئة"
"urgent","طاريء، مستعجل، ضرورة"
"urn","صندوق الاقتراع"
"Uruguay (Geogr.)","أروجواي، أوروغواي"
"USA policy has failed in the middle east","لقد فشلت الولايات المتحدة في سياستها في الشرق الأوسط"
"USA, abbreviation for United States of America = the United States (from America)","مختصر يطلق على (الولايات المتحدة الأمريكية)"
"usage of rights (law)","تطبيق قانون"
"use (to)","استهلك، أنفق"
"use force","استعمال العنف"
"useless, adj.","دون جدوى، غير مفيد، لا يحرك ساكناً"
"utility","مرفق، منشأة، مؤسسة"
"utilization for peaceful aims","الاستخدام لأغراض سلمية"
"utilization","استخدام، استعمال"
"vacuum","فراغ"
"valid effective","نافذ، ساري، معمول به، صحيح، صالح"
"valid law","القانون الساري المفعول"
"valid voice","أصوات صالحة"
"valid vote","ورقة تصويت صالحة"
"validity of the contract","صلاحية مُعَاهَدَة"
"validity","اعتبار، صلاحية، سريان المفعول"
"validness","نفاذ، سريان، صحة أو شرعية قانونية"
"vanguard, avant-garde","طليعة"
"vassal state","دولة تابعة، دولة منسقة أو خاضعة"
"Vatican State","دولة الفاتيكان"
"Vatican","الفاتيكان"
"vehement (intense) discussion","مُتأقِشَة حادة"
"Venezuela","فنزويلا"
"venezuelen","مواطن فنزويلي"
"vengeance attack","هجوم انتقامي، حملة انتقامية"
"vengeance force","قوة الردع"
"vengeance politics","سياسة التنكيل"
"vengeance theory of the massive nuclear","نظرية الردع النووي المركز"
"vengeance","انتقام، مجازاة، تعويض، ثأر، قصاص، جزاء"
"Venice, (Geogr.)","فينيسيا (البندقية)"
"venue","مَكَان الاجتماع (المؤتمر) مَكَان اللقاء، ملتقى"
"verbal agreement","اتفاق شفهي"
"verbal grade","مذكرة شفوية"
"verbal inquiry","السؤال الشفهي"
"verbal manipulations","مُلاعبات كلامية، تبادل كلامي"
"verification","تدقيق، مراجعة، تحقيق، إثبات صحة"
"verify (to)","حقق، راجع، فحص، دقق في، أثبت صحة"
"vested rights","حقوق مكتسبة"
"veteran","جندي قديم، مُحارب قديم"
"Veto","فيتو، حق النقض، اعتراض"
"vice admiral","نائب أميرال"
"vice chancellors","نائب المستشار"
"vice president of the party","نائب رئيس الحزب"
"vice president","نائب الرئيس"
"vice-consul","نائب القنصل"
"vice","نائب"
"vicious circle","حلقة مُفرغة"
"victim","ضحية، تضحية"
"victims of the aggression","ضحايا الاعتداء"
"victorious party","حزب منتصر، حزب فائز"
"victory","نصر، فوز، ظفر، انتصار"
"Vienna treaty","معاهدة فيينا"
"Vienna's convention","إتفاقية فيينا"
"Vienna","فيينا"
"Vietnam","فيتنام"
"violate (to)","طَرَدَ، خَرَقَ، أخل، خالف"
"violation of peace (security)","خرق السلام (الأمن)"
"violation of the law","خَرَقَ (مخالفة) القانون"
"violator, transgressor, desecrator","مُخالف"
"violence spiral","دَوْرَةُ العُنْف"
"violent acts","أعمال عنف"
"violent methods","أساليب العنف"
"visa","تَأْشِيرَة (مُرُور)، تَأْشِيرَة (إِذْن) الدخول، تصريح مرور، ترخيص مرور، فيزة"
"visitor","زائر المعرض"
"vital interests","مصالح حيوية"
"voice (invalid)","أصوات غير صالحة"
"voice abuse","إساءة استعمال حق التصويت"
"voice card","بطاقة الاقتراع"
"voice counter","تعداد (إحصاء) الأصوات"
"voice district","حي انتخابي، دائرة انتخابية"
"voice entitlement","حق التصويت"
"voice exercise","ممارسة حق التصويت"
"voice transfer","نقل (تحويل) حق التصويت"
"voice","صوت"
"voices","خاص بالتصويت أو الاقتراع"
"volunteer soldier","جندي متطوِّع"
"volunteer","تطوَّع"
"vote (to...in immediate election)","صَوَّتَ بِالْإِثْبِخَابَاتِ الْمُبَاشِرَةِ"
"vote (to) the (draft) budget","التَّصَوَّيْتُ عَلَى (مَشْرُوعِ) الْمُوَازَنَةِ"
"vote (to)","صَوَّتَ، ينتخب، يُصوَّت، يُدلي بصوته"
"vote abstention","لَمْ يَنْتَخِبْ"
"vote defeat","نَكْسَةُ، هَزِيمَةُ انْتِخَابِيَّةٍ"
"vote in the federal parliament","الاقتراع (التصويت) في مجلس النواب الاتحادي"
"vote in the parliament","تصويت (اقتراع) في البرِّلمان"
"vote of confidence resolution","قَرَارٌ (تَصَوَّيْتُ عَلَى) الثِّقَةِ"
"vote of confidence","التَّصَوَّيْتُ (الِاقْتِرَاعُ) عَلَى الثِّقَةِ"
"vote of on mistrust","تَصَوَّيْتُ بِطَرْحِ الثِّقَةِ"
"vote rules, regulations","قَوَانِينُ، أَحْكَامُ الِاقْتِرَاعِ"
"vote through raising the hand","الاقتراع بواسطة رفع اليد"
"vote through standing up or sitting down","الانتخاب بواسطة الوقوف والجلوس"
"vote","تصويت، أخذ الرأي (اقتراع)"
"voter","نَاخِبٌ"
"voters initiative","مبادرة من الناخبين"
"voters majority","أكثرية الناخبين"
"voters mobilization","حشد (تعبئة) الناخبين"
"voters register","سجل الناخبين"
"voters will","إرادة (رغبة) الناخبين"
"voting booth","مقصورة التصويت"
"voting for governmental confidence","الإقتراع على ثقة الحكومة"
"voting for removal","ينحني، نحى، التصويت (الاقتراع) على التحية"
"voting participation","مشاركة (مساهة) بالانتخابات"
"voting possibility","انتخابية، إمكانية انتخابية"
"voting right","حق الانتخاب"
"voting round, voting","جولة انتخابية، تصويت"
"voting system","نظام الانتخاب"
"wage policy","سِيَاسَةُ الأُجُور"
"wage settlement negotiates","فَاوَضَ حَوْلَ التَّفَاقِيَةِ الأُجُور"
"wage settlement","التَّفَاقِيَةُ الأُجُور"
"wage, salary","أَجْرَةُ الْعَمَلِ"
"wage","أجر، أجرة، مكافأة، جزاء"
"wailing wall","حَائِطُ الْمَبْكِي"
"wall","حَائِطٌ، جِدَارٌ، سُوْرٌ، حَاجِزٌ"
"wanted","مَطْلُوبٌ (صِفَة)"
"war (flash)","حَرْبٌ خاطفة"
"war academy","الكُلِّيَّة الحَرْبِيَّة"
"war action","عمل حَرْبِيّ"
"war admission","الدخول إلى الحَرْب (ضد)"
"war airplane","طائرة مقاتلة"
"war area","مِنْطَقَةُ الحَرْب"
"war arena","ميدان الحَرْب (القتال)"
"war armament","التسلح"
"war army","جيش"
"war art","الإستراتيجية، الفنون الحَرْبِيَّة، علم التحركات الحَرْبِيَّة"
"war blame","مسؤولية (ذنب) الحَرْب"
"war bond","قرض حَرْبِيّ"
"war budget","ميزانية الحَرْب"
"war burdens","أعباء الحَرْب"
"war cabinet","وزارة الحَرْبِيَّة"
"war campaign","حملة، غزوة"
"war case","حالة الحَرْب"
"war child i.e. born during war","طفل الحَرْب (وُلِدَ في زمن الحَرْب)"
"war compensations","تعويضات الحرب"
"war conflict","نزاع حربي"
"war consequence","عواقب الحَرْب"
"war costs","نفقات الحَرْب"
"war council","مجلس الحَرْب، المجلس الحَرْبِيّ"
"war crime","جريمة الحَرْب (ج جرائم الحَرْب)"
"war crimes","جرائم حَرْب"
"war criminals","مجرم حَرْب"
"war damage law","قانون أضرار الحَرْب"
"war danger","خطر الحَرْب"
"war debts","ديون الحَرْب"
"war declaration","إعلان الحَرْب"
"war destiny","مصير الحَرْب"
"war destruction","خراب (دمار) الحَرْب"
"war deterrence","التخويف الحَرْبِيّ (بالحَرْب)"
"war disorders, turbulences","اضطرابات الحرب"
"war drums","طبول الحَرْب"
"war economy","اقتصاد الحَرْب"
"war equipment","التسلح (السلاح والعتاد)"
"war escalation","تصعيد الحَرْب"
"war film","فلم حَرْبِيّ"
"war goal","هدف (غرض) الحَرْب"
"war horrors","ويلات الحَرْب، فظائع الحَرْب"
"war incitement","تحريض (حث، دعوة) على الحَرْب"
"war inciter","محرّض على الحَرْب"
"war indemnities","تعويضات الحَرْب، غرامة حَرْبِيّة"
"war industry","صناعة حَرْبِيّة"
"war law","قانون الحَرْب"
"war laws","قوانين وعرف الحرب"
"war leaders","زعماء (قادة) الحَرْب"
"war leadership","رئاسة (مقر) أركان حَرْب"
"war legislation","التشريع الحَرْبِيّ"
"war lords","زعماء الحَرْب"
"war loss","خسائر الحَرْب"
"war martyrs families","أهل (أسر) الشُّهَداء"
"war ministers","وَزِيرُ الْحَرْبِيَّةِ"
"war ministry","وِزَارَةُ الْحَرْبِيَّةِ (الدفاع)"
"war munitions","الْمُؤُونُ وَالذَّخَائِرُ الْحَرْبِيَّةُ"
"war mutilated","مُشَوَّهٌ حَرْبٌ (مُشَوَّهِي الْحَرْبِ)"
"war natures","الشُّؤُونُ الْحَرْبِيَّةُ، أُمُورُ الْحَرْبِ"
"war navy","السِّلَاحُ الْبَحْرِيُّ، الْقُوَّاتُ الْبَحْرِيَّةُ، الْبَحْرِيَّةُ الْحَرْبِيَّةُ"
"war of attrition","حرب استنزاف"
"war of nerves","حَرْبُ الْأَعْصَابِ"
"war on both sides","الحرب على جبهتين"
"war opponent","مَقَاوِمُ (مَعَارِضُ) لِلْحَرْبِ"
"war plan","خِطَّةُ حَرْبِيَّةٍ (عَسْكَرِيَّةٍ)"
"war policy","السِّيَاسَةُ الْحَرْبِيَّةُ"
"war potential","قُوَّةٌ (مُقَدَّرَةٌ) حَرْبِيَّةٌ"
"war power military power","قُوَّةٌ حَرْبِيَّةٌ، الْقُوَّةُ الضَّارِبَةُ"
"war power","جَيْشٌ، الْقُوَّةُ الْحَرْبِيَّةُ"
"war preparations","الِاسْتِعْدَادُ (التَّحْضِيرُ) لِلْحَرْبِ"
"war prevention","الْوِقَايَةُ مِنَ الْحَرْبِ"
"war prisoner camps","مَعْسِكِرُ الْأَسْرَى"
"war production","الِانْتِجَاجُ فِي زَمَنِ الْحَرْبِ"
"war propaganda","دَعَايَةُ الْحَرْبِ"
"war psychosis","حُمْسِيُّ الْحَرْبِ (الِاضْطِرَابُ النَّفْسِيُّ النَّاشِئُ عَنِ الْحَرْبِ)"
"war reason","سَبَبٌ (مَدْعَاةُ) الْحَرْبِ"
"war remains","بَقَايَا (رَوَاسِبُ) الْحَرْبِ"
"war report","بَيَانٌ حَرْبِيٌّ، تَقْرِيرُ حَرْبِيٍّ، مَقَالُ حَرْبِيٌّ"
"war reporter","مُرَاسِلُ حَرْبِيٍّ"
"war rumour","إِشَاعَةُ حَرْبٍ"
"war science","عِلْمُ الْحَرْبِ"
"war scourge","وَيْلَاتُ الْحَرْبِ"
"war shouting","صِيحَةُ (صَرْخَةُ) الْحَرْبِ"
"war situation","الْمُوقِفُ الْحَرْبِيُّ"
"war state","دَوْلَةُ مُحَارِبَةٍ"
"war stove","بؤرة الحرب"
"war strategy, war act","إستراتيجية الحرب، عمل حربي"
"war surcharge","زيادة حربية"
"war threat","التهديد (بشئ) بالحرب"
"war tiredness","ملل الحرب، تعب الحرب"
"war torch","شعلة (مشعل) الحرب"
"war training","تدريب حربي"
"war turmoil","ضجيج (معمعة) المعركة"
"war victims","ضحايا الحرب"
"war wounded","مشوه حرب"
"war zone","منطقة حربية"
"war-caught","أسير حرب"
"war","حَرْبٌ"
"warfare","قيادة الحرب، فن (أسلوب أو طريقة) الحرب"
"warhead","رأس متفجر، صاعق، مفجر"
"warlike state","دُوَل متحاربة"
"warlike","محارب، متحارب (صفة)"
"warlord","قائد الحرب، قائد حربي"
"warning siren","صفارة الأمان"
"warning system, n.","نظام إنذار"
"warning, remark","ملحوظة، تنبيه"
"warning","ملحوظة، تنبيه"
"warrant","أمر الاعتقال، أمر إلقاء القبض"
"warranty-responsibility","ضمان، التزام، مسؤولية"
"warrior","محارب، مقاتل"
"Warsaw's treaty","معاهدة (اتفاقية) وارسو"
"Warsaw","وراسو"
"warship","سفينة حربية، بارجة"
"wartime","زمن الحرب، أيام الحرب"
"wave of price increases","موجة الغلاء"
"way of negotiation","طريق المفاوضات"
"way or style","طريقة"
"we have common interests","عِنْدَنَا مُصَالِح مُشْتَرَكَة، عِنْدَنَا تَقَاطُع فِي المصالح"
"weak majority","أكثرية ضئيلة"
"weak majority","أكثرية ضعيفة"
"weapon arsenal","ترسانة أسلحة"
"weapon delivery","تزويد (شحن) الأسلحة"
"weapon development","نمو (تطوير) تقنية الأسلحة"
"weapon embargo","الحظر على الأسلحة"
"weapon fight","نزاع مسلح، معركة"
"weapon production","تصنيع الأسلحة"
"weapon purchase","شراء الأسلحة"
"weapon system","نظام أسلحة"
"weapon trade","تجارة الأسلحة"
"weapon trader","تاجر الأسلحة"
"weapon warehouse","مخزن أسلحة"
"weapon","سلاح"
"weapons of mass destruction","أسلحة الإبادة الجماعية"
"wear war","حَرْبُ اسْتِئْزَاف"
"welfare committee","لجنة اجتماعية"
"welfare policy","سياسة الرفاهية"
"welfare society","مُجْتَمَع رفاهي"
"welfare state","دولة الرفاهية"
"welfare","رفاهية، رخاء"
"well-informed circles","أوساط مُطلَعة (علمية)"
"well-informed observer","مراقب عليم (مطلع)"
"well-informed resources","مصادر علمية (مطلعة)"
"well-informed","مطلع، عليم"
"West Africa","غرب أفريقيا"
"West bloc","المعسكر الغربي"
"West Germany","غرب ألمانيا، ألمانيا الغربية"
"west","غرب"
"western alliance","حلف غربي"
"Western Europe","غرب أوروبا، أوروبا الغربية"
"Western European Union","الاتحاد الأوروبي الغربي"
"western policy","سياسة الغرب"
"western","غربي (صفة)"
"white book","الكتاب الأبيض"
"widen","وسّع، عَرْض"
"widening","توسيع"
"will expression","التعبير عن الإرادة"
"will formation","تكوين الإرادة"
"will","إرادة، مشيئة"
"willingness police","شرطة الطوارئ، شرطة إحتياطية"
"willingness to enter into negotiations","رغبة (استعداد) في المفاوضات"
"willingness","أهبة، تأهب، استعداد"
"win the elections","يجري إنتخابات"
"win the elections","كسب، فاز في الانتخابات"
"wing (extremist)","جَنَاح متطرف"
"wing formation","تشكيل جَنَاح"
"wing","جَنَاح الحَرْب (في البرلمان) جانب"
"wining barely the elections","يفوز بالإنتخابات بنسبة ضئيلة"
"wins the elections","يربح، يفوز بالإنتخابات"
"with a little popularity","لا يحظى بشعبية كبيرة"
"withdraw (to)","سحب (الجنود)"
"withdraw the candidacy","سحب ترشيحه، إنسحب من التَّرْشِيح"
"withdraw the membership","سحب العضوية"
"withdraw the troops","سحب القوات (من المعركة)"
"withdraw the trust from the government","سحب (حجز) الثقة عن الحكومة"
"withdrawal of the citizenship","الحرمان من الجنسية"
"withhold (to)","إختلس"
"within the spirit of the law","ضمن (روح) القانون"
"withstand (to)","قاوم، وقف في وجه"
"withstands an attack","ثبت في وجه الهجوم"
"women committee","لجنة نسائية"
"women movement","حركة نسائية"
"women's right to vote","حق المرأة بالتصويت"
"word protocol","برتوكول، محضر"
"word","كلمة"
"work (to) together, cooperate","تعاون مع، يتعاون"
"work contract","عقد عمل"
"work demand","طلب على العمل"
"work discipline","انضباط العمل"
"work field","مجال العمل (أو النشاط)"
"work fight","النضال (الكفاح) العُمالي"
"work market","سوق العمل"
"work mass","كمية العمل"
"work policy","السياسة العُمالية"
"work program","برنامج العمل"
"work reserves","الإحتياط العُمالي"
"work right","حق العمل"
"work","عمل"
"worker and farmer state","دولة العُمال والفلاحين"
"worker aristocracy","أرستقراطية عمالية"
"worker army","جيش العُمال"
"worker movement","حركة العُمال"
"worker","عامل، شغيل، كادح"
"workers and soldiers deputies","نواب العُمال والجنود"
"workers party","حزب العُمال"
"working class","طبقة العُمال"
"working class","طبقة عاملة"
"working paper, document","ورقة عمل"
"working performance","قدرة العمل"
"world bank","البنك الدولي"
"world council of churches (WCC)","المجلس العالمي للكنائس"
"world disarmament conference","مؤتمر تجريد العلم من السلاح، مؤتمر نزع السلاح من العالم"
"world division","تقاسم (أراضي) العالم"
"world economic situa- tion","الوَضْع الإقتصادي الدولي"
"world economy crisis","أزمة اقتصادية عالمية"
"world economy system","نظام اقتصادي عالمي"
"world economy","اقتصاد عالمي"
"world energy crisis","إزمة طاقة عالمية"
"world health organization","منظمة الصحة العالمية، المنظمة العالمية للصحة"
"world hegemony","سيطرة (هيمنة) عالمية"
"world market","السوق العالمية"
"world monetary fund","مؤتمر النقد الدولي"
"world monopoly","احتكار عالمي"
"world nutrition programme","برنامج تغذية عالمي"
"world peace organization","منظمة السلام العالمي"
"world peace threaten world peace","السلام العالمي تهديد (يُعرض للخطر) السلام العالمي"
"world politicy","سياسة عالمية"
"world population","سكان العالم"
"world post union","اتِّحَاد البريد العالمي، الإتِّحَاد العالمي للبريد"
"world power","دولة كُبْرَى، دولة عُظْمَى"
"world press","صحافة عالمية، الصحف العالمية"
"world reign","سيادة عالمية، السيادة في العالم"
"world revolution","ثورة عالمية"
"world security council","مجلس الأمن (العالمي)"
"world security","الأمن العالمي"
"world situation","الوضع العالمي، الموقف العالمي"
"world trade conference","مؤتمر التجارة العالمية"
"world trade union association (WFTU)","الإتِّحَاد العالمي للنقابات"
"world trade","التجارة العالمية"
"world war","حَرْبٌ عالمية"
"world","عالم"
"worn war","حرب الإستنزاف"
"worship","إحترام، توقير، إعزاز، إحلال"
"wreath deposit","وضع الإكليل"
"wreath","إكليل"
"written agreement","اتفاق خطي"
"written consent","موافقة حرفية، موافقة خطية"
"written constitution","دستور مدون"
"written contract","مُعَاهَدَة خطية"
"written inquiry","السؤال الخطي"
"written right","حق مدون"
"written","مدوَّن (صفة)"
"wrong, faulty interpretation","شرح (تفسير) خاطئ"
"wrongly","ظلم، جور، بغي"
"wrongness","خطأ"
"xenophobia (the hate of foreigners)","كره الأجانب"
"youth association","رابطة الشباب"
"Zionist entity","الكيان الصهيوني"
