term,definition,source_file
",",,downloadfile-1
y,,downloadfile-1
l,,downloadfile-1
eO y,,downloadfile-1
“,,downloadfile-1
am,,downloadfile-1
SCHEELE MEMORIAL LIBRARY,,downloadfile-1
3 6655 00135609 5,,downloadfile-1
PR 6065 <R7 C7,,downloadfile-1
"Orton, Joe.",,downloadfile-1
Crimes of passion,,downloadfile-1
fa,,downloadfile-1
Ae |,,downloadfile-1
pare,,downloadfile-1
Peeier |,,downloadfile-1
oS,,downloadfile-1
re eS,,downloadfile-1
cae | |,,downloadfile-1
i |,,downloadfile-1
reee,,downloadfile-1
ee ae,,downloadfile-1
Concordia College Library,,downloadfile-1
"Bronxville, NY 10708",,downloadfile-1
CRIMES OF PASSION,,downloadfile-1
"This volume contains two short plays, The Ruffian on the Stair",,downloadfile-1
"and The Erpingham Camp, which were performed together as",,downloadfile-1
a double bill at The Royal Court Theatre in June 1967. Joe,,downloadfile-1
Orton died in August 1967 while this edition was in prep-,,downloadfile-1
aration.,,downloadfile-1
The staging of Crimes of Passion evoked from Ronald,,downloadfile-1
Bryden in The Observer the comment that: ‘Orton has estab-,,downloadfile-1
lised himself as a master-satirist of our national style of,,downloadfile-1
gilding the verbal fig-leaf’. The surprising ‘crime of passion’,,downloadfile-1
in The Ruffian on the Stair is arrived at after careful prep-,,downloadfile-1
"aration — emotional, circumstantial and practical — on the",,downloadfile-1
part of the three characters. ‘The heart is situated just below,,downloadfile-1
"this badge on my pullover,’ the victim explains the day",,downloadfile-1
before the crime. ‘Don’t miss will you?’ The Erpingham,,downloadfile-1
"Camp is a holiday camp where, as a result of an audience",,downloadfile-1
"participation event in doubtful taste, a rebellion breaks out",,downloadfile-1
and a great man is martyred. His last words are: ‘I shall con-,,downloadfile-1
fiscate your luggage. What is your chalet number ?’,,downloadfile-1
Joe Orton’s characters grope their way through a series,,downloadfile-1
of often painful situations in search of the appropriate turn,,downloadfile-1
of phrase. The trouble they have with their vocabulary,,downloadfile-1
reflects the trouble they have with their lives.,,downloadfile-1
The photograph on the front of the cover shows Reginald Marsh,,downloadfile-1
as Erpingham in the Rediffusion production of The Erpingham,,downloadfile-1
Camp: the photograph on the back of the cover is reproduced,,downloadfile-1
by courtesy of Douglas Feffery.,,downloadfile-1
by the same author,,downloadfile-1
ENTERTAINING MR SLOANE,,downloadfile-1
LOOT,,downloadfile-1
WHAT THE BUTLER SAW,,downloadfile-1
FUNERAL GAMES AND THE GOOD,,downloadfile-1
AND FAITHFUL SERVANT,,downloadfile-1
EYRE METHUEN - LONDON,,downloadfile-1
Gob,,downloadfile-1
Joe Orton,,downloadfile-1
sss,,downloadfile-1
CRIMES OF PASSION: ~ce,,downloadfile-1
THE RUFFIAN ON THE STAIR,,downloadfile-1
THE ERPINGHAM CAMP,,downloadfile-1
CONCORDIA COLLEGE LIBRARY,,downloadfile-1
"BRONXVILLE, NY 10708",,downloadfile-1
All rights whatsoever in these plays are strictly,,downloadfile-1
"reserved and application for performance, etc.,",,downloadfile-1
"should be made to Margaret Ramsay Ltd,",,downloadfile-1
"14a Goodwin’s Court, London WC2. No",,downloadfile-1
performance may be given unless a licence,,downloadfile-1
has been obtained,,downloadfile-1
First published by Methuen and Co Ltd 1967,,downloadfile-1
Reprinted 1972,,downloadfile-1
"© 1967 by the Estate of Joe Orton, deceased",,downloadfile-1
SBN 416 48360 7,,downloadfile-1
This book is available in both,,downloadfile-1
hardbound and paperback editions,,downloadfile-1
The paperback edition is sold subject to the,,downloadfile-1
"condition that it shall not, by way of trade or",,downloadfile-1
"otherwise, be lent, resold, hired out, or other-",,downloadfile-1
wise circulated without the publisher’s prior,,downloadfile-1
consent in any form or binding or cover other,,downloadfile-1
than that in which it is published and without,,downloadfile-1
a similar condition including this condition,,downloadfile-1
being imposed on the subsequent purchaser,,downloadfile-1
Printed Offset Litho in Great Britain by,,downloadfile-1
"COX & WYMAN LTD.,",,downloadfile-1
"LONDON, FAKENHAM AND READING",,downloadfile-1
ACKNOWLEDGEMENT,,downloadfile-1
The lyric of the song ‘My Irish Song of Songs’,,downloadfile-1
is reproduced on page 62 by permission of,,downloadfile-1
B. Feldman & Co. Ltd.,,downloadfile-1
"© 1917 M. Whitmark & Sons, New York",,downloadfile-1
To,,downloadfile-1
PETER WILLES,,downloadfile-1
Digitized by the Internet Archive,,downloadfile-1
in 2022 with funding from,,downloadfile-1
Kahle/Austin Foundation,,downloadfile-1
https://archive.org/details/crimesofpassionrO000orto_z1f2,,downloadfile-1
CONTENTS,,downloadfile-1
THE RUFFIAN ON THE STAIR page 9,,downloadfile-1
THE ERPINGHAM CAMP 45,,downloadfile-1
The Ruffian on the Stair,,downloadfile-1
"‘Madam Life’s a piece in bloom,",,downloadfile-1
Death goes dogging everywhere:,,downloadfile-1
"She’s the tenant of the room,",,downloadfile-1
He’s the ruffian on the stair.’,,downloadfile-1
W. E. HENLEY,,downloadfile-1
The Ruffian on the Stair was given its first stage perform-,,downloadfile-1
ance in a production without decor by the English Stage,,downloadfile-1
Society on 21st August 1966 with the following cast:,,downloadfile-1
MIKE Bernard Gallagher,,downloadfile-1
JOYCE Sheila Ballantine,,downloadfile-1
WILSON Kenneth Cranham,,downloadfile-1
Directed by Peter Gill,,downloadfile-1
The Ruffian on the Stair was later produced at the Royal Court,,downloadfile-1
Theatre on 6th June 1967 in a double-bill entitled Crimes of,,downloadfile-1
Passion with the following cast:,,downloadfile-1
MIKE Bernard Gallagher,,downloadfile-1
JOYCE Avril Elgar,,downloadfile-1
WILSON Michael Standing,,downloadfile-1
Directed by Peter Gill,,downloadfile-1
Designed by Deirdre Clancy,,downloadfile-1
SCENE ONE,,downloadfile-1
A kitchen/living-room with a bedroom alcove. MIKE 1s,,downloadfile-1
shaving by the sink. JOYCE enters from the bedroom carrying,,downloadfile-1
"a tray with cups, saucers, egg cup, etc. She puts the tray on",,downloadfile-1
to the table.,,downloadfile-1
JOYCE. Have you got an appointment today?,,downloadfile-1
MIKE. Yes. I’m to be at King’s Cross station at eleven. I’m,,downloadfile-1
meeting a man in the toilet.,,downloadfile-1
He puts away his shaving materials.,,downloadfile-1
Joyce. You always go to such interesting places. Are you,,downloadfile-1
taking the van ?,,downloadfile-1
MIKE puts on a made-up bow tie.,,downloadfile-1
MIKE. No. It’s still under repair.,,downloadfile-1
JOYCE takes the tray to the sink and puts the dishes into a,,downloadfile-1
bowl. She pours water on them.,,downloadfile-1
JOYCE (putting on a pair of rubber gloves). Where did you go,,downloadfile-1
yesterday ?,,downloadfile-1
MIKE. I went to Mickey Pierce’s. I’d a message to deliver. I,,downloadfile-1
had a chat with a man who travels in electrically operated,,downloadfile-1
massage machines. He bought me a ham roll. It turns out,,downloadfile-1
he’s on the run. He didn’t say as much in so many words.,,downloadfile-1
(He winks.) But I gathered.,,downloadfile-1
joyce. A wanted man ?,,downloadfile-1
MIKE. I don’t suppose his firm would pay the insurance if they,,downloadfile-1
realised his position.,,downloadfile-1
JOYCE. No.,,downloadfile-1
She begins to wash the dishes. MIKE puts on his coat.,,downloadfile-1
JOYCE. You lead a more interesting life than I do.,,downloadfile-1
"MIKE. Hard, though.",,downloadfile-1
"JOYCE. Still, you’ve kept your looks.",,downloadfile-1
14 THE RUFFIAN ON THE STAIR,,downloadfile-1
MIKE. Yes. I’m a powerfully attractive figure. I can still cause,,downloadfile-1
a flutter in feminine hearts.,,downloadfile-1
"He puts a flower into his buttonhole, and brushes his coat",,downloadfile-1
down.,,downloadfile-1
JOYCE. Have you seen the date?,,downloadfile-1
MIKE. No.,,downloadfile-1
JOYCE. It’s our anniversary.,,downloadfile-1
"MIKE. As long as that, is it ? How time flies.",,downloadfile-1
JOYCE. Two years ago you came to my flat and persuaded me,,downloadfile-1
to give up the life I’d been leading.,,downloadfile-1
MIKE. You’re better off.,,downloadfile-1
JOYCE. Nobody ever calls me Maddy now.,,downloadfile-1
MIKE (pause). What ?,,downloadfile-1
JOYCE. Nobody calls me Madelein. I used that name for,,downloadfile-1
five years. Before that I was Sarah up North somewhere.,,downloadfile-1
"MIKE (pause, he frowns). Have you ever, since I met you,",,downloadfile-1
allowed another man to be intimate with you?,,downloadfile-1
JOYCE. No!,,downloadfile-1
"MIKE. Good. I'd kill any man who messed with you. Oh, yes.",,downloadfile-1
Vd murder him.,,downloadfile-1
Silence.,,downloadfile-1
JOYCE (taking off her rubber gloves). The papers were on form,,downloadfile-1
this morning.,,downloadfile-1
MIKE. Were they? I’m glad people are still reading them.,,downloadfile-1
JOYCE. I see where a man has appeared in court charged with,,downloadfile-1
locking his wife in a wardrobe. She tells of her night of,,downloadfile-1
terror. (Pause.) What a way to celebrate your wedding,,downloadfile-1
anniversary.,,downloadfile-1
MIKE picks up his raincoat and folds it across his arm.,,downloadfile-1
MIKE. I’d do the same. I’d lock you up if you gave me cause,,downloadfile-1
for displeasure.,,downloadfile-1
"Joyce. And, in the local paper, I saw there’d been an accident",,downloadfile-1
"involving a tattooed man. He had a heart, a clenched fist",,downloadfile-1
and a rose all on one arm. And the name ‘Ronny’ was on,,downloadfile-1
his body in two different places.,,downloadfile-1
SCENE ONE 15,,downloadfile-1
MIKE. Was that his name ?,,downloadfile-1
JOYCE. No. His name was Frank. A van ran him down.,,downloadfile-1
Silence.,,downloadfile-1
MIKE. I’m going now.,,downloadfile-1
JOYCE. Are your boots clean ?,,downloadfile-1
MIKE. Yes.,,downloadfile-1
JOYCE. Keep them clean. You may meet important people.,,downloadfile-1
You never know.,,downloadfile-1
MIKE. Cheerio.,,downloadfile-1
JOYCE. Give me a kiss. (He kisses her cheek.) Do I have to,,downloadfile-1
remind you now ? Two years ago you did it without thinking.,,downloadfile-1
MIKE. I was young then. See you tonight.,,downloadfile-1
"He exits. JOYCE goes into the bedroom, straightens the bed.",,downloadfile-1
She pushes MIKE’S pyjamas under the pillow. The doorbell,,downloadfile-1
rings. She answers it. WILSON ts standing outside.,,downloadfile-1
WILSON (smiling). I’ve come about the room.,,downloadfile-1
JOYCE. I’m afraid there’s been a mistake. I’ve nothing to do,,downloadfile-1
with allotting rooms. Make your enquiries elsewhere.,,downloadfile-1
WILSON. I’m not coloured. I was brought up in the Home,,downloadfile-1
Counties.,,downloadfile-1
"JOYCE. That doesn’t ring a bell with me, I’m afraid.",,downloadfile-1
WILSON. Is that the room?,,downloadfile-1
Joyce. That’s my room.,,downloadfile-1
WILSON. I couldn’t share. What rent are you asking?,,downloadfile-1
JOYCE. I’m not asking any.,,downloadfile-1
WILSON. I don’t want charity. ’'d pay for my room.,,downloadfile-1
JOYCE. You must’ve come to the wrong door. I’m sorry you’ve,,downloadfile-1
been troubled.,,downloadfile-1
"She tries to close the door, but WILSON blocks it with his",,downloadfile-1
foot.,,downloadfile-1
WILSON. Can I come in? I’ve walked all the way here.,,downloadfile-1
(Pause. He smiles.),,downloadfile-1
JOYCE. Just for a minute.,,downloadfile-1
She lets him in and closes the door. He sits down.,,downloadfile-1
I’m so busy. I’m run off my feet today.,,downloadfile-1
16 THE RUFFIAN’ON THE STAIR,,downloadfile-1
WILSON. How about a cup of tea? You usually make one,,downloadfile-1
about now.,,downloadfile-1
JOYCE nods. She goes to the sink but is pulled up sharp.,,downloadfile-1
JOYCE. How do you know?,,downloadfile-1
"WILSON. Oh, I pick up all sorts of useful information in my",,downloadfile-1
job.,,downloadfile-1
JoYcE. What’s that?,,downloadfile-1
She pours water from the kettle into the teapot.,,downloadfile-1
WILSON. I’m a Gents hairdresser. Qualified. My dad has a,,downloadfile-1
business. Just a couple of chairs. I’ve clipped some notable,,downloadfile-1
heads in my time. Mostly professional men. Though we,,downloadfile-1
had an amateur street musician ina few weeks ago. We gave,,downloadfile-1
"him satisfaction, I believe.",,downloadfile-1
JOYCE puts out two cups and pours his tea.,,downloadfile-1
WILSON. My brother was in the business too. Until he was,,downloadfile-1
involved in an accident.,,downloadfile-1
He puts sugar into his tea and milk.,,downloadfile-1
JoYcE. What happened ?,,downloadfile-1
WILSON. A van knocked him down.,,downloadfile-1
JOYCE pours her own tea.,,downloadfile-1
JOYCE. Was he tattooed?,,downloadfile-1
WILSON. You’ve heard of him?,,downloadfile-1
JOYCE. I’ve heard of his tattoos.,,downloadfile-1
WILSON. They were unique. He had them done by a well-,,downloadfile-1
known artist. (He takes a biscuit from the barrel.) His funeral,,downloadfile-1
was attended by some interesting people. He was a sports-,,downloadfile-1
man before his decease. He wore white shorts better than,,downloadfile-1
"any man I’ve ever come in contact with. As a matter of fact,",,downloadfile-1
"strictly off the record, I’m wearing a pair of his white shorts",,downloadfile-1
at this moment. They’re inconvenient ... because ... (He,,downloadfile-1
blurts it out.) — there’s no fly. (Pause.) He wore them two,,downloadfile-1
days before he was killed.,,downloadfile-1
JOYCE looks away in a brief spasm of embarrassment which,,downloadfile-1
quickly passes.,,downloadfile-1
I wasn’t mentioned in the press. They didn’t realise the,,downloadfile-1
SCENE ONE 17,,downloadfile-1
important part I played in Frank’s life. So I didn’t get,,downloadfile-1
the coverage. I thought of revealing myself. But what’s,,downloadfile-1
the good ? (Pause.) My brother’s fiancée had her photo taken.,,downloadfile-1
Bawling her head off. She insisted we bury the engagement,,downloadfile-1
"ring with him. It was just an idle, theatrical gesture. It’s too",,downloadfile-1
much trouble now to put a bunch of flowers on the grave.,,downloadfile-1
JOYCE. Perhaps the accident unhinged her mind.,,downloadfile-1
"WILSON. It wasn’t an accident. (He drinks his tea,) He was",,downloadfile-1
murdered.,,downloadfile-1
JOYCE. You don’t know that.,,downloadfile-1
WILSON. Don’t contradict me!,,downloadfile-1
JOYCE stares in surprise.,,downloadfile-1
JOYCE (angry). This is a private house. What do you mean by,,downloadfile-1
raising your voice ? I’m not having perfect strangers talking,,downloadfile-1
to me like that.,,downloadfile-1
WILSON drinks his tea and eats a biscuit.,,downloadfile-1
Drink that tea and clear off. I don’t want to see you here,,downloadfile-1
again. My husband will be back soon.,,downloadfile-1
WILSON. He’s not your husband.,,downloadfile-1
JOYCE (furious). How dare you. You’ve gone too far. Leave,,downloadfile-1
my room at once.,,downloadfile-1
WILSON. You're not married. You want to watch yourself.,,downloadfile-1
JOYCE. I’ve a good mind to call a policeman.,,downloadfile-1
WILSON. You aren’t on the phone.,,downloadfile-1
JOYCE. I can knock on the floor.,,downloadfile-1
WILSON. There’s nobody downstairs.,,downloadfile-1
JOYCE. I'll report you.,,downloadfile-1
WILSON stands to his feet.,,downloadfile-1
WILSON. Come here.,,downloadfile-1
JOYCE (alarmed). Keep away!,,downloadfile-1
"WILSON looks at her, cup in hand. He takes a sip of tea.",,downloadfile-1
WILSON. Do you know I could murder you. Easy as that.,,downloadfile-1
(He snaps his fingers.) That’s how these assaults on lonely,,downloadfile-1
women are all committed. I could make a very nasty attack,,downloadfile-1
on you at this moment. If I was so inclined.,,downloadfile-1
C.0:P.—B,,downloadfile-1
18 THE RUFFIAN ON THE STAIR,,downloadfile-1
JOYCE (with a note of hysteria). Don’t come any nearer.,,downloadfile-1
WILSON. Is your husband passionate with you?,,downloadfile-1
JOYCE draws in a sharp breath.,,downloadfile-1
JOYCE. I’m reporting you. Using filthy language.,,downloadfile-1
WILSON. If I were to assault you would he avenge it ?,,downloadfile-1
JOYCE. Yes.,,downloadfile-1
WILSON. Where does he keep his gun?,,downloadfile-1
JOYCE. He hasn’t got a gun.,,downloadfile-1
WILSON. I have it on good authority that he keeps it loaded.,,downloadfile-1
He takes a step towards her. She backs away.,,downloadfile-1
Where is it ?,,downloadfile-1
JOYCE. In the drawer. Over there. .,,downloadfile-1
"WILSON goes to the drawer. He puts down his cup, opens the",,downloadfile-1
"drawer and takes out a revolver. He checks that it is loaded,",,downloadfile-1
puts it back into the drawer and closes the drawer. Then he,,downloadfile-1
walks back to the table with the cup in his hand and drinks,,downloadfile-1
"the last of his tea, placing the cup back on to the saucer.",,downloadfile-1
WILSON (smiling). Thanks for the tea.,,downloadfile-1
"JOYCE stares, puzzled.",,downloadfile-1
JOYCE. Are you going ?,,downloadfile-1
"WILSON. The room’s not available, is it? I expect you think",,downloadfile-1
I’m Jewish or something. (Pause.) Have you got a couple of,,downloadfile-1
bob to spare? I can’t walk all the way back.,,downloadfile-1
JOYCE opens her handbag.,,downloadfile-1
JOYCE (giving him money). Here’s half-a-crown. Don’t let me,,downloadfile-1
see you round here again.,,downloadfile-1
WILSON goes off. JOYCE takes a bottle of pills from her,,downloadfile-1
handbag and swallows several.,,downloadfile-1
SCENE TWO,,downloadfile-1
Later.,,downloadfile-1
The remains of an evening meal are on the table. MIKE is,,downloadfile-1
smoking a small cigar. JOYCE is reading a book. She has a,,downloadfile-1
pair of glasses on.,,downloadfile-1
SCENE TWO 19,,downloadfile-1
MIKE. I went to the King’s Cross toilet like I told you. I met,,downloadfile-1
my contact. He was a man with bad feet. He looked as,,downloadfile-1
though life had treated him rough. He hadn’t much to live,,downloadfile-1
for. I gave him the message from the — er — (Pause.) The,,downloadfile-1
message was delivered. I went outside on to the platform.,,downloadfile-1
It was cold. I saw an old girl hardly able to breathe. Had,,downloadfile-1
something wrong with her. Hardly able to breathe. Her,,downloadfile-1
"face was blue. (Pause.) Are you listening, Joycie ?",,downloadfile-1
"JOYCE (taking off her glasses, and putting her book down). Yes.",,downloadfile-1
(Pause.) P’ve had a busy day.,,downloadfile-1
MIKE. Are you tired ?,,downloadfile-1
JOYCE. A bit.,,downloadfile-1
"MIKE. Have a busy day, did you ?",,downloadfile-1
JOYCE (sharply). Yes. Why don’t you listen ?Y ou never listen,,downloadfile-1
to anyone but yourself.,,downloadfile-1
MIKE. I do.,,downloadfile-1
JOYCE. You never listen to me.,,downloadfile-1
MIKE. You never say anything interesting.,,downloadfile-1
JOYCE. I might as well be dead. (Pause.) What if you came,,downloadfile-1
home and I was dead ?,,downloadfile-1
MIKE. Are you queer?,,downloadfile-1
JOYCE. No.,,downloadfile-1
MIKE (pause). Is your insides playing you up ?,,downloadfile-1
JOYCE. I’m all right.,,downloadfile-1
MIKE. Is your liver upset then?,,downloadfile-1
JOYCE. No.,,downloadfile-1
MIKE. It’s that fried food you eat. You wolf it down. Put,,downloadfile-1
something in the pan and have a fry. That’s your motto.,,downloadfile-1
JOYCE. You seem to thrive on it.,,downloadfile-1
MIKE. I’m a man. A man has different glands. You can’t go,,downloadfile-1
on what I eat.,,downloadfile-1
"JOYCE. Oh, well, if you must know, I think it’s my nerves.",,downloadfile-1
MIKE. You can’t die of nerves.,,downloadfile-1
JOYCE. Can’t you?,,downloadfile-1
MIKE. I’m going to the free library tomorrow. I'll look it up.,,downloadfile-1
20 THE RUFFIAN ON THE STAIR,,downloadfile-1
JOYCE (pause). What if I were done in?,,downloadfile-1
MIKE. Who'd do you in?,,downloadfile-1
JOYCE. Somebody might. You read of attacks every day on,,downloadfile-1
lonely defenceless women.,,downloadfile-1
MIKE. You could call for help.,,downloadfile-1
JOYCE. Who to?,,downloadfile-1
MIKE. Mary.,,downloadfile-1
JOYCE. She’s not in. She’s working again. I’m alone in the,,downloadfile-1
house.,,downloadfile-1
MIKE. You could break a window. That would attract at-,,downloadfile-1
tention.,,downloadfile-1
JOYCE (pause). Don’t go out tomorrow.,,downloadfile-1
MIKE. I can’t mope around here. I’m active. It gets on my,,downloadfile-1
tits.,,downloadfile-1
"JOYCE closes her book, marking the place. MIKE begins to",,downloadfile-1
clear the supper things away and puts them into the sink.,,downloadfile-1
Mary used to be on her own. She was all right.,,downloadfile-1
Joyce. Mary can cope.,,downloadfile-1
MIKE turns from the sink.,,downloadfile-1
MIKE. And why’s that ? Because she’s a Catholic. She carries,,downloadfile-1
her Faith into her private life. That’s what we’re taught to,,downloadfile-1
do. We don’t always succeed. But we try.,,downloadfile-1
He takes off his coat.,,downloadfile-1
Why don’t you have a chat with Mary ? She’d put you right.,,downloadfile-1
Give you the address of a priest with an enquiring mind.,,downloadfile-1
He’d stop your maundering.,,downloadfile-1
He takes off his shoes.,,downloadfile-1
You’ve a vivid imagination. A fertile mind. An asset in some,,downloadfile-1
people. But in your case it’s not. (Pause.) It’s in the mind.,,downloadfile-1
That’s what the Father would say. You’d be better if you’d,,downloadfile-1
accept the Communion. That’s what you need. I’ve said,,downloadfile-1
so for years.,,downloadfile-1
JOYCE. I'd still be alone.,,downloadfile-1
MIKE. You’d have the Sacrament inside you. That would be,,downloadfile-1
something. (Pause.) Anyway who'd assault you ? Who ? He’d,,downloadfile-1
SCENE THREE 21,,downloadfile-1
have to be out of his mind. Look at your face. When did,,downloadfile-1
it last see water ?,,downloadfile-1
JOYCE. I’ve been crying.,,downloadfile-1
MIKE. Crying ? Are you pregnant ?,,downloadfile-1
JOYCE. No. I’m worried.,,downloadfile-1
MIKE. No one would be interested in assaulting you. It’s pride,,downloadfile-1
to think they would. The idea is farcical. Please don’t,,downloadfile-1
burden me with it.,,downloadfile-1
"He takes off his bow tie, goes into the bedroom, turns back",,downloadfile-1
the sheets and picks up his pyjamas.,,downloadfile-1
JOYCE comes to the bedroom entrance.,,downloadfile-1
JOYCE. Mike... (Pause.) A kid came here today.,,downloadfile-1
MIKE takes off his waistcoat.,,downloadfile-1
MIKE. One of the Teds ?,,downloadfile-1
JOYCE. No. He tried to molest me.,,downloadfile-1
MIKE. These kids see you coming. Why didn’t you call for,,downloadfile-1
Mary ?,,downloadfile-1
JOYCE. She’s not in! She’s not in! Do I talk for the sake of it ?,,downloadfile-1
(Pause.) Mike ... If he pays another visit - what shall I,,downloadfile-1
do ? Give me a word of advice ?,,downloadfile-1
MIKE unbuttons his shirt.,,downloadfile-1
"MIKE. Bring me my overcoat, will you? It’s raw tonight.",,downloadfile-1
We'll need extra on the bed.,,downloadfile-1
SCENE THREE,,downloadfile-1
Morning.,,downloadfile-1
JOYCE pauses in cleaning the room.,,downloadfile-1
JOYCE. I can’t go to the park. I can’t sit on cold stone. I might,,downloadfile-1
get piles from the lowered temperature. I wouldn’t want,,downloadfile-1
them on top of everything else.,,downloadfile-1
"She puts down the duster, apathetically.",,downloadfile-1
"I’d try, maybe, a prayer. But the Virgin would turn a deaf",,downloadfile-1
ear to a Protestant. (Pause.) I can’t be as alone as all that.,,downloadfile-1
Nobody ought to be. It’s heartbreaking.,,downloadfile-1
22 THE RUFFIAN ON THE STAIR,,downloadfile-1
She listens. There is silence.,,downloadfile-1
The number of humiliating admissions I’ve made. You'd,,downloadfile-1
think it would draw me closer to somebody. But it doesn’t.,,downloadfile-1
Three short rings are given on the doorbell.,,downloadfile-1
Who’s there ?,,downloadfile-1
No answer.,,downloadfile-1
What do you want? (Making up her mind.) V'll answer the,,downloadfile-1
door to no one. They can hammer it down. (Pause.) Is it the,,downloadfile-1
"milk ? (Calling.) Are you deaf? No, it wouldn’t be him. He",,downloadfile-1
only rings for his money.,,downloadfile-1
She stands behind the door.,,downloadfile-1
(Loudly.) Are you the insurance ? (Pause.) But he comes on,,downloadfile-1
Friday. This is a Wednesday.,,downloadfile-1
"She backs away from the door, anxious.",,downloadfile-1
Nobody comes of a Wednesday. (She bends down and peeps,,downloadfile-1
"through the letter-box.) If it’s my money you're after, there’s",,downloadfile-1
not a thing in my purse.,,downloadfile-1
"She bites her lip, standing in thought.",,downloadfile-1
(Loudly.) Are you from the Assistance? They come any,,downloadfile-1
time. I’ve had them on Monday. They come whenever they,,downloadfile-1
choose. It’s their right. (With a smile and growing confidence.),,downloadfile-1
"You’re the Assistance, aren’t you ? (Her voice rises.) Are you",,downloadfile-1
or aren’t you?,,downloadfile-1
Glass is heard breaking from the bedroom. She runs to the,,downloadfile-1
"entrance of the bedroom and leaps back, startled; a piece of",,downloadfile-1
"brick has been thrown through the window. JOYCE stares, her",,downloadfile-1
mouth trembling. Another piece of brick hurtles through the,,downloadfile-1
"window, smashing another pane.",,downloadfile-1
"(Screaming.) It’s him! He’s breaking in. God Almighty, what",,downloadfile-1
shall I do ? He’ll murder me!,,downloadfile-1
She stamps on the floor.,,downloadfile-1
Mary! Mary!,,downloadfile-1
"She runs to the door, opens it and runs out into the passage.",,downloadfile-1
Her frantic tones can be heard crying:,,downloadfile-1
Mrs O’Connor! Mrs O’Connor!,,downloadfile-1
SCENE THREE 23,,downloadfile-1
She runs back into the room; slams the door shut. The lock,,downloadfile-1
drops with a crash on to the floor. She picks it up and stares,,downloadfile-1
at 1t and then shrieks with fright.,,downloadfile-1
It’s come off! It’s broke!,,downloadfile-1
She tries to fit the lock back on to the door.,,downloadfile-1
I’ve told him so often. I’ve — told him to — mend it!,,downloadfile-1
"She gives up, breathless. Then she tries to pull the settee out",,downloadfile-1
"into the room, but gives up and picks up a chair which she",,downloadfile-1
pushes against the door and sits on.,,downloadfile-1
"He’ll easily fling this aside. Oh, Michael, I’m to be murdered",,downloadfile-1
because you’re too bone idle to fix a lock.,,downloadfile-1
There is a prolonged ringing on the doorbell.,,downloadfile-1
Let me alone! I’m going to report you. I’ve seen them at the,,downloadfile-1
station. They’ve set a trap. I’m safe in here. We have an,,downloadfile-1
extremely strong and reliable Chubb lock on the door. So,,downloadfile-1
"you’re trapped. Ha, ha! The detectives are watching the",,downloadfile-1
house.,,downloadfile-1
The front door is kicked. The chair pushes away and JOYCE,,downloadfile-1
is flung aside. She backs into the bedroom.,,downloadfile-1
"If it’s the gun you want, I don’t know where he’s put it.",,downloadfile-1
He’s taken it. (Pause.) I may be able to find it. Is that what,,downloadfile-1
you want ?,,downloadfile-1
Outside the door a burst of music is heard from a transistor,,downloadfile-1
radio. There is knocking. The bell rings. A sudden silence.,,downloadfile-1
Laughter. Silence. A splintering of wood.,,downloadfile-1
(JOYCE calls shrilly.) ’ve told my hubby. He’s seeing some-,,downloadfile-1
one. You'll laugh on the other side of your face.,,downloadfile-1
"Suddenly, giving up all pretence, she bursts into tears.",,downloadfile-1
Go away. There’s a good boy. I don’t know what you want.,,downloadfile-1
"I’ve no money. Please go away. Please, please, please ...",,downloadfile-1
(She sobs.),,downloadfile-1
24 THE RUFFIAN ON THE STAIR,,downloadfile-1
SCENE FOUR,,downloadfile-1
Later.,,downloadfile-1
MIKE sits at the table reading a newspaper. JOYCE enters,,downloadfile-1
in outdoor clothes.,,downloadfile-1
MIKE. Where’ve you been? (He folds up the paper.),,downloadfile-1
JOYCE takes off her hat and coat and puts them into the,,downloadfile-1
wardrobe.,,downloadfile-1
JOYCE. Out.,,downloadfile-1
MIKE. Out ?W hat about my tea? It wasn’t ready.,,downloadfile-1
"JoYcE, I’ve been walking round. I didn’t come back till I",,downloadfile-1
saw the light in the window.,,downloadfile-1
MIKE. Where did you go?,,downloadfile-1
JOYCE. Into Woolworths.,,downloadfile-1
MIKE. What for?,,downloadfile-1
JOYCE. The people. The lights. The crowds. (Pause.) That kid,,downloadfile-1
came again. He broke two windows today in the bedroom.,,downloadfile-1
MIKE. I thought it was them next door.,,downloadfile-1
JoycE. Have you seen the banisters? Smashed to bits.,,downloadfile-1
Wantonness. I couldn’t stop him. (Lowering her voice.) He,,downloadfile-1
pissed on the floor in the passage. I had to clean it up. Been,,downloadfile-1
ringing the doorbell half the day. Running up and down the,,downloadfile-1
stairs. I’m nearly out of my mind. It didn’t stop till four.,,downloadfile-1
(Pause.) I can hardly think with worry.,,downloadfile-1
MIKE. Did you witness him ?,,downloadfile-1
JOYCE. I was in here.,,downloadfile-1
MIKE. Did you see him ?,,downloadfile-1
JOYCE (furiously). I won’t stand it. I want something done.,,downloadfile-1
Look at that lock. Why don’t you mend it ?,,downloadfile-1
MIKE. I'll try and borrow a set of screws.,,downloadfile-1
JOYCE. You can decide what you’re doing. I can’t keep pace,,downloadfile-1
with the excitement. I'll be in a home.,,downloadfile-1
MIKE. Did he try to get into the room ?,,downloadfile-1
SCENE FOUR 25,,downloadfile-1
JOYCE. No.,,downloadfile-1
MIKE. Could he have got in if he’d wanted?,,downloadfile-1
JOYCE (pause). Yes.,,downloadfile-1
MIKE. Did he speak ?,,downloadfile-1
JOYCE. No.,,downloadfile-1
MIKE. Then how d’you know it was him from yesterday? If,,downloadfile-1
you didn’t see him and he didn’t speak ?H ow d’you know?,,downloadfile-1
Silence.,,downloadfile-1
JOYCE. It must be the same man.,,downloadfile-1
MIKE. Why didn’t you go outside and see?,,downloadfile-1
JOYCE. He’d’ve killed me.,,downloadfile-1
MIKE. How do you know that ? You’ve no evidence to support,,downloadfile-1
your theory.,,downloadfile-1
JOYCE. But... (Wide-eyed.)... I'd be dead if I’d got evidence.,,downloadfile-1
"MIKE. I’d prosecute him on your behalf, Joycie.",,downloadfile-1
JOYCE blows her nose; she doesn’t speak.,,downloadfile-1
"JOYCE (at last, wearily). Will you mend the lock for me? I'll",,downloadfile-1
feel safer then.,,downloadfile-1
MIKE. I'll see to it when I get back.,,downloadfile-1
He goes into the bedroom and picks up his coat from the,,downloadfile-1
end of the bed.,,downloadfile-1
JOYCE. Back ? Back from where ?,,downloadfile-1
"MIKE (entering, putting on his coat). I’m seeing a man who could",,downloadfile-1
put me in touch with something.,,downloadfile-1
He goes to the sink and puts the flower into his buttonhole.,,downloadfile-1
JOYCE. I’ll go down to Mary. (Pause.) Would you like a bikky,,downloadfile-1
before you go?,,downloadfile-1
MIKE. No. I’ll have something on the way.,,downloadfile-1
JOYCE. Is it important tonight?,,downloadfile-1
MIKE. I may be employed to do another job in the van. We’re,,downloadfile-1
fixing the details.,,downloadfile-1
The doorbell is rung violently. MIKE puts the silver paper,,downloadfile-1
from the flower into the waste bin.,,downloadfile-1
MIKE. Is that the bell?,,downloadfile-1
FOVCE: Yes;,,downloadfile-1
26 THE RUFFIAN ON THE STAIR,,downloadfile-1
MIKE (going into the bedroom). Answer it-then. I’m here with,,downloadfile-1
you.,,downloadfile-1
The bell is rung again. MIKE takes the packet of cigarettes,,downloadfile-1
from the drawer and fills his cigarette case. JOYCE opens the,,downloadfile-1
door. WILSON 1s outside.,,downloadfile-1
WILSON (smiling). Are you the lady I saw yesterday?,,downloadfile-1
JOYCE. It’s you!,,downloadfile-1
WILSON. You are the lady?,,downloadfile-1
JOYCE. What do you mean by pestering me?,,downloadfile-1
WILSON. There’s no need to raise your voice.,,downloadfile-1
"joyce. My husband is in. Coming here, trying your tricks.",,downloadfile-1
Making a nuisance. I’ve only to.call and he’ll soon put a,,downloadfile-1
stop to you. Do you understand?,,downloadfile-1
WILSON. I’m afraid I don’t.,,downloadfile-1
JOYCE. Coming here playing me up. What do you mean by,,downloadfile-1
it? It’s disgusting. Anyone would think you were a kid.,,downloadfile-1
"Behaving like that. You know what I mean, don’t you ? You",,downloadfile-1
know. Like an animal. (Pause.) Are you paying for those,,downloadfile-1
windows ?,,downloadfile-1
WILSON. I don’t know what you're talking about.,,downloadfile-1
JOYCE. You’re a liar! A bloody little liar!,,downloadfile-1
"WILSON. Don’t speak to me like that, lady. I’m not used to it.",,downloadfile-1
JOYCE. I’ve had enough. I’m putting a stop to this. (Cails.),,downloadfile-1
Michael!,,downloadfile-1
MIKE enters from the bedroom. He slips his cigarette case,,downloadfile-1
into his pocket.,,downloadfile-1
JOYCE. Come here. (To WILSON.) Stay where you are! Stay,,downloadfile-1
here!,,downloadfile-1
She attempts to grab his arm. He tries to shake her off.,,downloadfile-1
"She hangs on. He shrugs her away, violently. She comes",,downloadfile-1
back. They struggle. MIKE goes to the mirror and runs a,,downloadfile-1
comb through his hair.,,downloadfile-1
JOYCE (shouting excited). Mike! Michael! (To witson.) Pll,,downloadfile-1
"have my husband to you. (Turning, excited.) Where are you,",,downloadfile-1
Michael! For God’s sake!,,downloadfile-1
SCERE FOUR 27,,downloadfile-1
MILLE Puls the comb away and strolls to the door.,,downloadfile-1
Uke (coolly). What's the matter?,,downloadfile-1
Joc. This is him. The one that’s been coming here.,,downloadfile-1
"MIKE (to WILZON). What's this, I hear? Have you been",,downloadfile-1
annoying my wife 7,,downloadfile-1
JOYcy. Yes. He has.,,downloadfile-1
MILE (to JOYCE). Let’s hear his version of it. (To WILSON.),,downloadfile-1
Tell me the truth.,,downloadfile-1
WILSON. I wanted a2 room.,,downloadfile-1
wniky. We haven't got 2 room.,,downloadfile-1
WILtON. You're Irish! My mother was Irish. My father was,,downloadfile-1
Mediterranean. I have difficulty with rooms for that reason.,,downloadfile-1
(Swmles.) Vve walked all the way from the bus station by,,downloadfile-1
Victoria. Do you know that district at all?,,downloadfile-1
wMikz. I know King’s Cross intimately.,,downloadfile-1
WILSON. Victoria is a different place entirely. In the summer,,downloadfile-1
it has 2 charactoef rit s own. Are you a Londoner?,,downloadfile-1
MIKE. No. 1 was born in the shadow of the hills of Donegal.,,downloadfile-1
We had a peat farm. It was the afteorf mthea ttrouhbl es,,downloadfile-1
drove we away. Otherwise there’d be people called Mike,,downloadfile-1
in Donegal to this day.,,downloadfile-1
Witton. I love Ireland. I’d go there tomorrow if it wasn’t,,downloadfile-1
for my dad. He's 2 hard man to please. My feet arek illing,,downloadfile-1
me. Conild I have a drink of water ?,,downloadfile-1
UIKE. Certainly. Come on in.,,downloadfile-1
JOYCE. You're not letting him in?,,downloadfile-1
MIKE. Be quict. You’re making yourself look ridiculous. (To,,downloadfile-1
WILSON.) This way. And take no notice of her. She can’t,,downloadfile-1
help herself.,,downloadfile-1
He leads the way into the room.,,downloadfile-1
"Get the lad a glass of water, Joyce.",,downloadfile-1
jovce goes to the sink and fills a glass with water.,,downloadfile-1
(To wiLsow.) What part of Ireland is your mother,,downloadfile-1
from?,,downloadfile-1
"WILSON, Sligo.",,downloadfile-1
28 THE RUFFIAN ON THE STAIR,,downloadfile-1
MIKE. I once knew a lad from Sligo..Name of Murphy. I,,downloadfile-1
wonder if maybe your Ma would’ve come across him ?,,downloadfile-1
WILSON. I'll make enquiries.,,downloadfile-1
MIKE. I’d be obliged if you would. He had dark curly hair,,downloadfile-1
and talked with a pronounced brogue. Not an easy man to,,downloadfile-1
miss in a crowd.,,downloadfile-1
JOYCE hands WILSON the glass of water.,,downloadfile-1
JOYCE (to MIKE). What did you let him in for?,,downloadfile-1
MIKE. He isn’t a leper.,,downloadfile-1
JOYCE. Ask him.,,downloadfile-1
MIKE. What ?,,downloadfile-1
Joyce. Ask him about his conduct. He won’t be able to face,,downloadfile-1
it out.,,downloadfile-1
MIKE (fo WILSON). About these things she tells me. Did you,,downloadfile-1
cheek her yesterday ?,,downloadfile-1
WILSON. It depends on which way you look at it. I thought,,downloadfile-1
my behaviour was exemplary.,,downloadfile-1
MIKE. Did you molest her?,,downloadfile-1
WILSON (to JOYCE). What’ve you been telling him? I never,,downloadfile-1
"tried to interfere with you, did I?",,downloadfile-1
JOYCE (angry). Stop using that kind of talk. (To MIKE.) You,,downloadfile-1
can see what I had to put up with.,,downloadfile-1
"MIKE. That’s medical talk, Joycie. You should learn to control",,downloadfile-1
"your temper, (To WILSON.) Why did you bring a suitcase",,downloadfile-1
with you ?,,downloadfile-1
WILSON. I wanted a room. (Nods to JOYCE.) I thought she,,downloadfile-1
might change her mind.,,downloadfile-1
Joyce. Who’s she? The cat’s mother.,,downloadfile-1
MIKE (to WILSON). Bring it in. You don’t want to leave it,,downloadfile-1
lying out there.,,downloadfile-1
WILSON exits.,,downloadfile-1
JOYCE. What are you playing at ? After what he’s done to me?,,downloadfile-1
MIKE. Quiet!,,downloadfile-1
JOYCE. What’s his background ? He could be anything.,,downloadfile-1
MIKE. Give the lad a chance.,,downloadfile-1
SCENE FOUR 29,,downloadfile-1
JOYCE. Chance? After what I’ve been through?,,downloadfile-1
MIKE. Shut up!,,downloadfile-1
JOYCE (bewildered). Shut up?,,downloadfile-1
MIKE. You’re heading for a belt around the ear. Go to Mary.,,downloadfile-1
Are you going?,,downloadfile-1
WILSON enters with a suitcase.,,downloadfile-1
"MIKE. Put it over there, lad. How about a cup of tea,",,downloadfile-1
Joycie ?,,downloadfile-1
JOYCE goes into the bedroom.,,downloadfile-1
MIKE. She’s taken offence. (Calls.) Did you hear me? Why,,downloadfile-1
don’t you show a few manners ? (To WILSON.) What’s your,,downloadfile-1
profession ?,,downloadfile-1
WILSON. I’m a Gents Hairdresser.,,downloadfile-1
MIKE. You wouldn’t have to be dabbling with birth-control,,downloadfile-1
devices ? That’s no way for a Catholic to carry on.,,downloadfile-1
WILSON. I don’t handle that part of the trade. My old man,,downloadfile-1
does it. He has the free-thinking frame of mind. I can’t,,downloadfile-1
"approve, of course. It’s the Latin temperament which has",,downloadfile-1
been the curse of our religion all along.,,downloadfile-1
MIKE. The Pope is Italian.,,downloadfile-1
WILSON. You have something there. I’d like to see a Liffey,,downloadfile-1
man on the throne of St Peter myself. I’d be proud to,,downloadfile-1
hear the Lateran ring with the full-throated blasphemies of,,downloadfile-1
our native land.,,downloadfile-1
MIKE. What are you thinking of ? The Vicar of Christ doesn’t,,downloadfile-1
blaspheme.,,downloadfile-1
WILSON. He would if he was Irish and drank Guinness.,,downloadfile-1
MIKE. You're a lad after my own heart. You'll not know me,,downloadfile-1
"by name, I suppose?",,downloadfile-1
WILSON. I didn’t quite catch it.,,downloadfile-1
MIKE. Michael O’Rourke. I was known as Mike or Mickey,,downloadfile-1
O’Rourke in the days when you were a nipper. I used to be,,downloadfile-1
respected in the boxing profession. I was thought to be,,downloadfile-1
heading for the top at one time. Then I had my trouble.,,downloadfile-1
(He turns to the bedroom and calls.) Isn’t that right ? Wasn’t I,,downloadfile-1
30 THE RUFFIAN ON THE STAIR,,downloadfile-1
handy with my fists then? In the days after the second,,downloadfile-1
German war ? (Turns back to WILSON.) Ignorant cow. (Into,,downloadfile-1
bedroom.) Are you going to behave decent ?,,downloadfile-1
JOYCE ts sitting on the bed. She gives a toss of her head.,,downloadfile-1
WILSON. Til go.,,downloadfile-1
MIKE. Don’t let her drive you away. You stay.,,downloadfile-1
JOYCE picks up a cardigan. She enters from the bedroom.,,downloadfile-1
"JOYCE (in a tight, angry voice). I’m going downstairs!",,downloadfile-1
"She goes off into the hall, slamming the door behind her.",,downloadfile-1
"MIKE. Take no notice. She’ll come round. She’s nervous, you",,downloadfile-1
know. It’s the life she led before I took up with her. I,,downloadfile-1
have to watch her. She’d get me into all sorts of trouble.,,downloadfile-1
She has no religious feelings. That’s the worst of it. She,,downloadfile-1
never had the benefit of the upbringing.,,downloadfile-1
WILSON. My mum was brought up by nuns.,,downloadfile-1
MIKE. Is she still alive?,,downloadfile-1
WILSON. She’s in hospital with an infectious disease of the,,downloadfile-1
hip-joint. The nuns think the world of her.,,downloadfile-1
MIKE. Is she in pain?,,downloadfile-1
WILSON. She screams out. It’s terrible to hear her.,,downloadfile-1
MIKE. I wish I could do something. Would it be any use to,,downloadfile-1
burn a candle ? I don’t think I’ve the cash on me.,,downloadfile-1
WILSON. Wouldn’t the priest lend you the cash ?,,downloadfile-1
MIKE. I’d not like to ask. I’d pop across and burn a candle,,downloadfile-1
"myself. But he might ask questions. It’s his business,",,downloadfile-1
of course. He’s a right to ask. But why should I subject,,downloadfile-1
myself to scrutiny? (Pause.) Is your mother expected to,,downloadfile-1
recover?,,downloadfile-1
WILSON. It’s touch and go.,,downloadfile-1
MIKE. She’s maybe doomed. She’s likely to be a candle herself,,downloadfile-1
already. She’s probably being stripped by the angels as we,,downloadfile-1
speak. I suppose we are roasted nude? I’ve never seen fit,,downloadfile-1
to ask. It’s not a question you can put to the Father.,,downloadfile-1
Though he is a Jesuit. And that makes a difference. (Pause.),,downloadfile-1
Is your da in good health?,,downloadfile-1
SCENE FOUR 31,,downloadfile-1
"WILSON. He’s fine. (Pause.) I’m not keeping you, amI?....",,downloadfile-1
"MIKE. No. (Pause, looks at his watch.) As a matter of fact",,downloadfile-1
you’ve kept me. I’ve missed my appointment. I shall have,,downloadfile-1
to drop them a line and apologise for my absence.,,downloadfile-1
"He takes off his coat, puts the flower from his buttonhole",,downloadfile-1
"into a glass, and puts water into the glass.",,downloadfile-1
(Putting the glass on to the draining board). If you’re,,downloadfile-1
desperate for a room we could put you up. On the bed-settee.,,downloadfile-1
It’s quite comfortable.,,downloadfile-1
WILSON. Is it new?,,downloadfile-1
MIKE. No.,,downloadfile-1
WILSON. You surprise me.,,downloadfile-1
MIKE. I bought it a long time ago. I couldn’t afford such,,downloadfile-1
luxury today. Financially I’m in a bad way.,,downloadfile-1
"WILSON. Well, my money will help you out.",,downloadfile-1
MIKE. It’s the Assistance Board. I’m not a believer in charity.,,downloadfile-1
Unless I need it. With the cost of living being so high ’m,,downloadfile-1
greatly in need of a weekly donation from the Government.,,downloadfile-1
They say my circumstances have altered. I haven’t any,,downloadfile-1
circumstances to alter. They should know that. I’ve filled,,downloadfile-1
in a form to the effect that I’m a derelict.,,downloadfile-1
WILSON. Yes. My brother and me had the same trouble.,,downloadfile-1
MIKE. They haven’t the insight into the human heart that we,,downloadfile-1
have in Ireland.,,downloadfile-1
WILSON. We lived in Shepherd’s Bush. We had a little room.,,downloadfile-1
And our life was made quite comfortable by the N.A.B. for,,downloadfile-1
almost a year. We had a lot of friends. All creeds and colours.,,downloadfile-1
"But no circumstances at all. We were happy, though. We",,downloadfile-1
were young. I was seventeen. He was twenty-three. You,,downloadfile-1
"can’t do better for yourself than that, can you? (He shrugs.)",,downloadfile-1
We were bosom friends. I’ve never told anyone that before.,,downloadfile-1
I hope I haven’t shocked you.,,downloadfile-1
MIKE. As close as that?,,downloadfile-1
WILSON. We had separate beds — he was a stickler for con-,,downloadfile-1
"vention, but that’s as far as it went. We spent every night",,downloadfile-1
32 THE RUFFIAN ON THE STAIR,,downloadfile-1
in each other’s company. It was the reason we never got,,downloadfile-1
any work done.,,downloadfile-1
MIKE: There’s no word in the Irish language for what you,,downloadfile-1
were doing.,,downloadfile-1
WILSON. In Lapland they have no word for snow.,,downloadfile-1
"MIKE. Id rather not hear. I’m not a priest, you know.",,downloadfile-1
WILSON. I wasn’t with him when he died. I’m going round,,downloadfile-1
the twist with heartbreak.,,downloadfile-1
MIKE. He’s dead ?,,downloadfile-1
WILSON. Yes. I thought of topping myself. As a gesture. I,,downloadfile-1
would’ve done but for my strict upbringing. Suicide is,,downloadfile-1
difficult when you’ve got a pious mum.,,downloadfile-1
MIKE. Kill yourself?,,downloadfile-1
"WILSON. I don’t want to live, see. That’s a crude way of",,downloadfile-1
putting it. I’ve lived among rough people.,,downloadfile-1
"MIKE. You won’t do it, though ?",,downloadfile-1
"WILSON. No. I’ve made a will, of course. In case anything",,downloadfile-1
should happen in the future.,,downloadfile-1
MIKE. What might happen ?,,downloadfile-1
WILSON. I might get killed.,,downloadfile-1
MIKE. How?,,downloadfile-1
WILSON. I don’t know. (Pause.) In my will I state that I want,,downloadfile-1
to be buried with Frank. It’s my last request. They'll be,,downloadfile-1
bound to honour it. His fiancée won’t mind. She’s off already,,downloadfile-1
with another man. He’s not cold and already it’s too much,,downloadfile-1
trouble for her to put a bunch of flowers on his grave. She’s,,downloadfile-1
a typical woman. You’ve met with it yourself?,,downloadfile-1
MIKE. I have. Some of them are unholy bitches.,,downloadfile-1
WILSON. He wouldn’t have benefited from her. I was more,,downloadfile-1
intimate with him than she was. I used to base my life,,downloadfile-1
"round him. You don’t often get that, do you?",,downloadfile-1
MIKE (uneasily). No.,,downloadfile-1
WILSON. I heard he was a friend of yours. You were pointed,,downloadfile-1
out as a man that knew him.,,downloadfile-1
He takes a snapshot from his pocket and hands it to MIKE.,,downloadfile-1
SCENE FOUR 33,,downloadfile-1
Recognise him ?,,downloadfile-1
MIKE looks at the snapshot.,,downloadfile-1
MIKE (pause). He was nice looking.,,downloadfile-1
WILSON. He had personality. That indefinable something.,,downloadfile-1
That was taken two days before he was killed. (Pause.),,downloadfile-1
What’s the matter ?T he light hurting your eyes.,,downloadfile-1
MIKE hands the snapshot back.,,downloadfile-1
MIKE. Take it away. It upsets me. The thought of him being,,downloadfile-1
dead. He was so young.,,downloadfile-1
WILSON. Do you recognise him ?,,downloadfile-1
MIKE. I may have seen him once or twice. I may have spoken,,downloadfile-1
to him.,,downloadfile-1
WILSON. A van knocked him down.,,downloadfile-1
MIKE (pause). Did he say anything? Was there a death-bed,,downloadfile-1
scene ?,,downloadfile-1
WILSON. He was killed instantaneous. (Pause.) You recently,,downloadfile-1
"had a smash-up in your van, didn’t you ? I checked with the",,downloadfile-1
garage. You’ve had five major repair jobs in under two years.,,downloadfile-1
Why don’t you learn to drive properly ? You’re a disgrace,,downloadfile-1
to your profession.,,downloadfile-1
MIKE. I feel bad. I’ll have to ask you to go now. It’s embarrass-,,downloadfile-1
ing to be ill in a stranger’s presence.,,downloadfile-1
WILSON smiles.,,downloadfile-1
"WILSON. I was going to live here, I thought.",,downloadfile-1
MIKE. I’ve just realised. We can’t put you up.,,downloadfile-1
WILSON. Why not ?,,downloadfile-1
MIKE. Her aunt may drop in. I’m sorry I raised your,,downloadfile-1
hopes.,,downloadfile-1
WILSON. Does she usually come this late?,,downloadfile-1
MIKE. She does.,,downloadfile-1
"WILSON. She must be an ignorant kind of woman, turning up",,downloadfile-1
in the middle of the night. No consideration for others.,,downloadfile-1
What’s her name ?,,downloadfile-1
MIKE. Snell.,,downloadfile-1
WILSON. What’s her first name ?,,downloadfile-1
C.0.P.—C,,downloadfile-1
34 THE RUFFIAN ON THE STAIR,,downloadfile-1
MIKE. Bridie Francine. She uses the second. Everyone knows,,downloadfile-1
Francine Snell.,,downloadfile-1
WILSON. I haven’t had the pleasure. What does she look,,downloadfile-1
like ?,,downloadfile-1
MIKE. She has a growth on the side of her neck. She walks,,downloadfile-1
with a limp.,,downloadfile-1
WILSON. She sounds a dear old lady. Where does she normally,,downloadfile-1
live? When she’s not up half the night careering about,,downloadfile-1
visiting ?,,downloadfile-1
MIKE. In the suburbs. She prefers it to the city centre.,,downloadfile-1
"WILSON. Well, I’m sorry I can’t stay. I must be going then.",,downloadfile-1
"Before I say goodbye would you mind telling me, as briefly",,downloadfile-1
"as possible, why you killed my brother.",,downloadfile-1
MIKE. I didn’t!,,downloadfile-1
WILSON. You did. You were paid two hundred and fifty,,downloadfile-1
quid. Exclusive ofrepairs to the van.,,downloadfile-1
MIKE. No!,,downloadfile-1
WILSON. It was on October the twenty-first he was killed.,,downloadfile-1
What were you doing that day ?,,downloadfile-1
MIKE. I was fishing.,,downloadfile-1
WILSON. Where ?,,downloadfile-1
MIKE. In the canal.,,downloadfile-1
WILSON. Did you catch much ?,,downloadfile-1
MIKE. i put it back. That’s the rules. The rules of the club.,,downloadfile-1
WILSON. My brother belonged to the club. He was the best,,downloadfile-1
angler you had. He gave out the cards. (Pause.) What did you,,downloadfile-1
catch on the day he died?,,downloadfile-1
MIKE. I can’t be expected to remember.,,downloadfile-1
WILSON. Did you have the good fortune to find a salmon on,,downloadfile-1
the end of your line?,,downloadfile-1
MIKE. No. Whoever heard of catching salmon in a canal ?,,downloadfile-1
WILSON. You killed my brother. Your denials fall on deaf,,downloadfile-1
ears. (Pause.) You’re a liar. That’s what it amounts to.,,downloadfile-1
MIKE (frightened). What are you going to do?,,downloadfile-1
"WILSON. Nothing I can do, is there ? (He picks up his suitcase",,downloadfile-1
SCENE FOUR 35,,downloadfile-1
"and goes to the door.) V'll be off. (He smiles, deliberately.)",,downloadfile-1
Give my love to Maddy.,,downloadfile-1
MIKE. Let me alone. I’m ill. (Pause.) What did you say?,,downloadfile-1
WILSON. Maddy. Your old scrubber.,,downloadfile-1
MIKE goes over to WILSON,,downloadfile-1
MIKE. Are you asking for a back-hander ? What is this about,,downloadfile-1
Maddy ? I don’t know any Maddy.,,downloadfile-1
WILSON. She lives here.,,downloadfile-1
MIKE. Her name’s Joyce.,,downloadfile-1
"WILSON shrugs, smiling.",,downloadfile-1
"Out you go, you young whore’s get!",,downloadfile-1
WILSON smiles.,,downloadfile-1
Piss off! Coming here trying to make trouble. I was,,downloadfile-1
handy with my fists once. I could make pulp of you.,,downloadfile-1
WILSON. All this energy. Nearly blowing your top. You ought,,downloadfile-1
to get it regular. You’d feel better then.,,downloadfile-1
MIKE. Don’t come to me with your gutter talk. I won’t listen,,downloadfile-1
to it.,,downloadfile-1
WILSON. You won’t have been capable of a jump since the,,downloadfile-1
Festival. It’s the usual story.,,downloadfile-1
MIKE grabs WILSON’S arm.,,downloadfile-1
MIKE. Why did you call her Maddy ?,,downloadfile-1
WILSON. She asked me to. In private. It’s her trade,,downloadfile-1
name.,,downloadfile-1
MIKE. She never saw you till two days ago.,,downloadfile-1
WILSON. She told you that ?D o you believe her?,,downloadfile-1
MIKE. Yes.,,downloadfile-1
WILSON. It’s your affair. I never believe a woman. I’ve had,,downloadfile-1
experience.,,downloadfile-1
MIKE. The only experience you’ve had is with your fist.,,downloadfile-1
WILSON. What a coarse remark. How typical. (He glances to,,downloadfile-1
the bedroom.) I wish she’d change the sheets on the bed.,,downloadfile-1
Have you noticed ? It’s a bad sign.,,downloadfile-1
MIKE. If you’ve had her I’ll swing for you.,,downloadfile-1
WILSON. Would you kill me?,,downloadfile-1
36 THE RUFFIAN ON THE STAIR,,downloadfile-1
MIKE. I would. I’d throttle you with my bare hands. I’d choke,,downloadfile-1
the filth out of you.,,downloadfile-1
WILSON. You’ve got a gun. Kill me with that. (Pause.) ll be,,downloadfile-1
back tomorrow. Tell Maddy I’ll see her.,,downloadfile-1
MIKE. You can believe me. I never murdered your brother.,,downloadfile-1
Don’t you believe me ?,,downloadfile-1
WILSON. No. (Pause.) I might decide to put Maddy in the,,downloadfile-1
pudding club. Just to show my contempt for your way of,,downloadfile-1
life. I never take precautions. We’re skin to skin. Nature’s,,downloadfile-1
method.,,downloadfile-1
"MIKE gives a groan of pain. He runs to the drawer, rum-",,downloadfile-1
mages and takes the gun from the drawer.,,downloadfile-1
MIKE (waving the gun before WILSON). See this? I'll use it if,,downloadfile-1
I catch you with her.,,downloadfile-1
WILSON. How good a shot are you?,,downloadfile-1
MIKE. I’m an expett.,,downloadfile-1
WILSON. The heart is situated ... (He points.) .. . just below,,downloadfile-1
"this badge on my pullover. Don’t miss, will you? I don’t",,downloadfile-1
want to be injured. I want to be dead.,,downloadfile-1
MIKE. You think I’m joking?,,downloadfile-1
WILSON. I hope you're not.,,downloadfile-1
MIKE. You’re an ignorant young sod! Like your brother. It,,downloadfile-1
must run in the family.,,downloadfile-1
WILSON. Have you noticed that mole she has ?,,downloadfile-1
MIKE. Where ?,,downloadfile-1
WILSON. In a private place. I don’t expect you’ve looked,,downloadfile-1
lately. That’s why she’s gone for someone younger.,,downloadfile-1
MIKE (screaming). Get out!,,downloadfile-1
WILSON smiles and exits.,,downloadfile-1
(Softly). I feel bad. I’m sickening for something.,,downloadfile-1
He puts the gun away in the drawer.,,downloadfile-1
They think because you’re a criminal they can treat you,,downloadfile-1
like dirt. Coming here like that. Telling a man to his face.,,downloadfile-1
The morals of Nineveh were hardly so lax.,,downloadfile-1
He sits at the table closing his eyes.,,downloadfile-1
SCENE FOUR 37,,downloadfile-1
"Oh, but he’s playing with fire. I'll shoot him. V’ll geld him.",,downloadfile-1
I’ve a clear case. I’m the injured party. I’ll have the stones,,downloadfile-1
off him if he’s done her. (Pause.) He’ll be putting her into,,downloadfile-1
a whorehouse next. These kids have only one idea.,,downloadfile-1
"He goes into the bedroom, picks up his pyjamas and slippers,",,downloadfile-1
pulls the clothing and a pillow from the bed and enters the,,downloadfile-1
main room.,,downloadfile-1
P’ll sleep out here. I can’t have her next to me.,,downloadfile-1
He sits on the settee and begins to undress.,,downloadfile-1
"Oh, oh! I’m cuckolded. What a spectacle. Yet you’d swear",,downloadfile-1
you were safe with her. She’s not much of a looker. The sex,,downloadfile-1
is rotten. Perfidious. Treacherous. She’s old enough to be,,downloadfile-1
his mother. (Pause.) I shouldn’t say that. That’s a terrible,,downloadfile-1
thing to say.,,downloadfile-1
He puts on his pyjama jacket.,,downloadfile-1
She’s whored herself under two assumed names. Before I,,downloadfile-1
met her she was known to the Directory of Directors as,,downloadfile-1
Madelein Scott-Palmer. And before that she’d led a loose,,downloadfile-1
life as Sarah Fielding. She wasted her auntie’s legacy on,,downloadfile-1
"cards for tobacconists’ windows. Oh, it’s too much! I'll have",,downloadfile-1
to kill her.,,downloadfile-1
He puts on his pyjama trousers.,,downloadfile-1
If I kill her P’ll have to say goodbye. I’ll never see her again.,,downloadfile-1
I'd be alone. The pain of it. I never realise the pain. ?’m,,downloadfile-1
too old to start again. Too old. I love her. My heart aches,,downloadfile-1
to admit it. She’s all I’ve got. I want her if she’s the biggest,,downloadfile-1
old tart since the mother of Solomon.,,downloadfile-1
He puts on his slippers.,,downloadfile-1
What a life it is living in a country full of whores and,,downloadfile-1
communists.,,downloadfile-1
He puts his coat on as a dressing-gown. JOYCE enters. She,,downloadfile-1
takes off her cardigan.,,downloadfile-1
JOYCE. Has he gone?,,downloadfile-1
"MIKE (looking up, narrowing his eyes). What d’you mean ?",,downloadfile-1
JOYCE. I thought he was staying here.,,downloadfile-1
38 THE RUFFIAN ON THE STAIR,,downloadfile-1
MIKE. Do you want him to?,,downloadfile-1
JOYCE. Do I want him to?,,downloadfile-1
MIKE (nodding his head). I see your plan. I see it. You’ve the,,downloadfile-1
cunning of Luther.,,downloadfile-1
JOYCE walks past him into the bedroom.,,downloadfile-1
Where are you going?,,downloadfile-1
JOYCE. To bed. I’m not listening to you.,,downloadfile-1
MIKE. What’s she up to? (Pause.) I'll maybe forgive her. Our,,downloadfile-1
Lord forgave the woman taken in adultery. But the cir-,,downloadfile-1
cumstances were different. (Pause.) It’s a ludicrous business.,,downloadfile-1
Ludicrous. The deceit. At. her age. She wants somebody,,downloadfile-1
younger. At her age they get the itch. It’s like a tale told by,,downloadfile-1
a commercial traveller. Just for a few minutes’ thrill. I don’t,,downloadfile-1
know what she’d be like if we had a television.,,downloadfile-1
JOYCE (undressing for bed). Are you giving a recitation out,,downloadfile-1
there ?,,downloadfile-1
MIKE (entering bedroom). What ?,,downloadfile-1
JOYCE. I thought you were entertaining the troops.,,downloadfile-1
"MIKE. I leave that to you. That’s more your line, isn’t it ?",,downloadfile-1
JOYCE. What’s the matter P,,downloadfile-1
MIKE. You cow! Playing me up.,,downloadfile-1
JOYCE. You shouldn’t’ve invited him in. You upset me.,,downloadfile-1
MIKE. I’ve heard about you. You'll be taking your clothes off,,downloadfile-1
in the street next.,,downloadfile-1
JOYCE. What’s got into you?,,downloadfile-1
MIKE. Some men would kill you. You’re lucky I’m not some.,,downloadfile-1
A fine family. Your mother was doing it in a doorway the,,downloadfile-1
night she was killed. If she hadn’t been such a wicked old,,downloadfile-1
brass she’d’ve been in the shelter with the rest. Taking the,,downloadfile-1
A.R.P. from their duty. Your granny spent Mafeking night,,downloadfile-1
on her back. That makes three generations of whores.,,downloadfile-1
He smacks her face. JOYCE shrieks with surprise and,,downloadfile-1
fright.,,downloadfile-1
Pll murder you!,,downloadfile-1
He leaps upon her. They fall across the bed.,,downloadfile-1
SCENE FIVE 39,,downloadfile-1
JOYCE (shouting). Mind the fish! You'll upset my goldfish.,,downloadfile-1
"MIKE (standing up, taking off his coat). What d’you want to",,downloadfile-1
keep fish in a bedroom for ? It’s not hygienic.,,downloadfile-1
He gets into bed. JOYCE fetches the pillow and blanket from,,downloadfile-1
the main room and puts them on the bed.,,downloadfile-1
JOYCE. What’s he been telling you ?,,downloadfile-1
MIKE. Did you let him ?,,downloadfile-1
JOYCE (indignantly). He never touched me.,,downloadfile-1
MIKE. You’d have to say that. I don’t want to lose you.,,downloadfile-1
I don’t want to be on my own again. I was so lonely,,downloadfile-1
before.,,downloadfile-1
JOYCE. Shall I put your coat on your feet ? It’s freezing again.,,downloadfile-1
SCENE FIVE,,downloadfile-1
Next morning.,,downloadfile-1
JOYCE is washing dishes. The doorbell rings. JOYCE takes,,downloadfile-1
off her gloves and wipes her hands. The door is pushed open,,downloadfile-1
and WILSON enters.,,downloadfile-1
joyce. What are you doing in here? That door is supposed,,downloadfile-1
to be locked.,,downloadfile-1
WILSON. There’s no lock.,,downloadfile-1
yoyce. My husband is downstairs. It’s true. This time it’s,,downloadfile-1
true.,,downloadfile-1
WILSON. I know. I saw him hanging about down there. I told,,downloadfile-1
him we were having an affair last night. It didn’t incon-,,downloadfile-1
venience you in any way ?,,downloadfile-1
He takes off his coat and spreads it on the settee.,,downloadfile-1
You don’t want to have an affair with me by any chance?,,downloadfile-1
JOYCE. You’re only a little boy.,,downloadfile-1
WILSON picks up a chair and wedges it under the handle of,,downloadfile-1
the door.,,downloadfile-1
What are you doing that for?,,downloadfile-1
40 THE RUFFIAN ON THE STAIR,,downloadfile-1
WILSON. So as when he comes up and-tries the handle he'll,,downloadfile-1
think we’re knocking it off.,,downloadfile-1
JOYCE (with distaste). Don’t use expressions like that. ’m not,,downloadfile-1
used to it.,,downloadfile-1
WILSON. When you were on the game you must’ve been.,,downloadfile-1
JOYCE. I never allowed anyone to take liberties with me. My,,downloadfile-1
people were good class. (Pause.) Who told you about me?,,downloadfile-1
WILSON. My brother. He had it off with you after seeing The,,downloadfile-1
Sound of Music. I waited downstairs. He was as pissed as a,,downloadfile-1
fart. He would never have had a prostitute and seen The,,downloadfile-1
Sound of Music otherwise. (Loosens his tie.) You’re like most,,downloadfile-1
women. Here today and gone tomorrow. My brother’s fiancée,,downloadfile-1
resembled you in many ways. Fickle in her emotions. She was,,downloadfile-1
trying on her wedding-gown when we got news of Frank’s,,downloadfile-1
death. Now she’s had it dyed ice-blue and wears it to dinner,,downloadfile-1
dances. My only-consolation is that she looks hideous in it.,,downloadfile-1
"But it shows what kind of woman she is, doesn’t it ? I knew",,downloadfile-1
the type by the way she moved her knees up against my,,downloadfile-1
thighs at the funeral. I felt like throttling her. A whole,,downloadfile-1
hour she was at it. We went the long way round to avoid,,downloadfile-1
the procession.,,downloadfile-1
JOYCE. What procession?,,downloadfile-1
WILSON. They were celebrating some victory or other. We,,downloadfile-1
heard the bands playing in the distance. The Royal Family,,downloadfile-1
were out in full force. Furs and garters flying. My old man,,downloadfile-1
was in it. He couldn’t come to the funeral because he was,,downloadfile-1
on the British Legion float. He represented something.,,downloadfile-1
"He sits, his shoulders hunched, staring into space.",,downloadfile-1
He thought more of tarting himself up than burying his son.,,downloadfile-1
All our family seem to be some kind of idiot. If anybody so,,downloadfile-1
much as mentions the British Legion to my dad he goes,,downloadfile-1
into a trance. On armistice day he takes part in all the,,downloadfile-1
rituals. He eats poppies for a week beforehand. I haven’t,,downloadfile-1
seen him since the funeral. I expect he’s in a home by now.,,downloadfile-1
He stands.,,downloadfile-1
SCENE FIVE 4I,,downloadfile-1
He should be up here.,,downloadfile-1
JOYCE. Who?,,downloadfile-1
WILSON. Your old man. We should have some warmth.,,downloadfile-1
Haven’t you got an electric fire ?I hadn’t anticipated being,,downloadfile-1
frozen to death.,,downloadfile-1
He goes off into the bedroom.,,downloadfile-1
WILSON (calling from the bedroom). Are these some kind of,,downloadfile-1
carp?,,downloadfile-1
JOYCE. No. Just goldfish.,,downloadfile-1
WILSON enters the main room.,,downloadfile-1
"WILSON. You can catch germs from them, you know.",,downloadfile-1
He takes off his tie.,,downloadfile-1
My brother would’ve been twenty-four in three days’ time.,,downloadfile-1
He had plans for a business.,,downloadfile-1
He kicks off his shoes.,,downloadfile-1
I expect he would have made good sooner or later. He was,,downloadfile-1
the go-ahead type. His mentality was fully developed. He,,downloadfile-1
used to read a lot about expansion. His death put a stop,,downloadfile-1
to that. I don’t take after him. Except in the physical sense.,,downloadfile-1
He sighs and shakes his head.,,downloadfile-1
"I get a bit lost without him, I don’t mind admitting. (Pause.)",,downloadfile-1
He might have made a lot of money in his own line. It was,,downloadfile-1
my ambition to become the brother of a millionaire. (Pause.),,downloadfile-1
I expect you’re bored. You didn’t know him. I can’t expect,,downloadfile-1
you to see my point of view.,,downloadfile-1
"He takes his pullover off, unbuttons his shirt, pins a badge",,downloadfile-1
"on his shirt above the heart, and unzips his fly.",,downloadfile-1
"JOYCE. Here, what are you doing?",,downloadfile-1
WILSON. It ought to look as if we’re on the job when he comes,,downloadfile-1
up.,,downloadfile-1
JOYCE. Stop it! Stop it! Whatever will Michael think ? He’ll,,downloadfile-1
think we’re carrying on. I never thought of that.,,downloadfile-1
WILSON. I banked on him being up here by now. Rattling the,,downloadfile-1
door. He’s probably gone back on his word.,,downloadfile-1
He goes into the bedroom and looks out of the window.,,downloadfile-1
42 THE RUFFIAN ON THE STAIR,,downloadfile-1
He’s not out there now.,,downloadfile-1
JOYCE picks up his pullover and goes into the bedroom.,,downloadfile-1
JOYCE (handing him his pullover). Put your clothes on. Don’t,,downloadfile-1
be so silly.,,downloadfile-1
WILSON (accepting the pullover). He won’t come up. He won’t.,,downloadfile-1
I can see this is a failure like everything else.,,downloadfile-1
MIKE ts heard coming up the stairs.,,downloadfile-1
MIKE. Joycie! Joycie...,,downloadfile-1
WILSON. I’m sorry if I’ve caused trouble. I’m not usually like,,downloadfile-1
this. My heart is breaking. I wish I’d been with him when,,downloadfile-1
he died.,,downloadfile-1
"JOYCE. You poor boy. Oh, you poor boy.",,downloadfile-1
She kisses his cheek tenderly. He holds her close. MIKE,,downloadfile-1
crashes into the room. He advances slowly. Pause. WILSON,,downloadfile-1
"turns from JOYCE, smiles at MIKE, and zips up his fly.",,downloadfile-1
MIKE fires the gun.,,downloadfile-1
The shot crashes into the goldfish bowl. JOYCE screams. A,,downloadfile-1
second shot hits W1LSON in the chest.,,downloadfile-1
WILSON. He’s shot me.,,downloadfile-1
He crashes to the floor on his knees.,,downloadfile-1
My will is in my overcoat pocket. My address in my,,downloadfile-1
pocket diary. Remember will you ?,,downloadfile-1
JOYCE (to MIKE). What’ve you done?,,downloadfile-1
"WILSON. He took it serious. How charming. (He coughs,",,downloadfile-1
blood spurts from his mouth.) He’s a bit of a nutter if you ask,,downloadfile-1
me. Am I dying? I think... Oh..,,downloadfile-1
He falls forward. Silence.,,downloadfile-1
JOYCE. He’s fainted.,,downloadfile-1
MIKE (laying the gun aside). He’s dead.,,downloadfile-1
JOYCE. But he can’t be. You haven’t killed him?,,downloadfile-1
MIKE. Bring a sheet. Cover his body.,,downloadfile-1
JOYCE. I’ve a bit of sacking somewhere.,,downloadfile-1
MIKE. I said a sheet! Give him the best.,,downloadfile-1
He goes into the bedroom and drags a sheet from the bed,,downloadfile-1
which he puts over W1LSON’S body.,,downloadfile-1
SCENE FIVE 43,,downloadfile-1
JOYCE. What excuse was there to shoot him?,,downloadfile-1
MIKE. He was misbehaving himself with my wife.,,downloadfile-1
JOYCE. But I’m not your wife. And he wasn’t.,,downloadfile-1
MIKE. He called you Maddy.,,downloadfile-1
JOYCE. Somebody must’ve told him about my past. You know,,downloadfile-1
what people are. (Pause.) Did you have anything to do with,,downloadfile-1
his brother’s death ?,,downloadfile-1
MIKE. Yes.,,downloadfile-1
JOYCE. This is what comes of having no regular job. (Pause.),,downloadfile-1
Is the phone box working by the Nag’s Head ?,,downloadfile-1
MIKE. Yes.,,downloadfile-1
JOYCE. Go to the telephone box. Dial 999. I’ll tell them I was,,downloadfile-1
assaulted.,,downloadfile-1
MIKE (horrified). It'll be in the papers.,,downloadfile-1
"JOYCE. Well, perhaps not assaulted. Not completely. You came",,downloadfile-1
in just in time.,,downloadfile-1
"MIKE. You'll stick by me, Joycie?",,downloadfile-1
"JOYCE. Of course, dear. (She kisses him.) I love you.",,downloadfile-1
She sees the shattered goldfish bowl.,,downloadfile-1
"Oh, look Michael! (Bursting into tears.) My goldfish!",,downloadfile-1
She picks up a fish.,,downloadfile-1
MIKE. One of the bullets must’ve hit the bowl.,,downloadfile-1
JOYCE. They’re dead. Poor things. And I reared them so,,downloadfile-1
carefully. And while all this was going on they died.,,downloadfile-1
She sobs. MIKE puts his arm round her and leads her to,,downloadfile-1
the settee. She sits.,,downloadfile-1
MIKE. Sit down. I'll fetch the police. This has been a crime,,downloadfile-1
of passion. They’ll understand. They have wives and gold-,,downloadfile-1
fish of their own.,,downloadfile-1
"JOYCE is too heartbroken to answer, She buries her face in",,downloadfile-1
MIKE’s shoulder. He holds her close.,,downloadfile-1
Curtain,,downloadfile-1
VULS wt ee,,downloadfile-1
DE SY Wwe,,downloadfile-1
=e sl) =,,downloadfile-1
"""7a < =z Paling",,downloadfile-1
. mre ai,,downloadfile-1
> aoe ‘ sa [a oS “4 o>,,downloadfile-1
LL = ’ 5 a Tae l@ 4] cu M7,,downloadfile-1
ru ¥ ~ q ahs,,downloadfile-1
\ ‘ae ers ce ) 7 Lapel,,downloadfile-1
7 ‘Ss,,downloadfile-1
<< 2 wae _,,downloadfile-1
"La 7 TA , 4",,downloadfile-1
=f <i — f j +e,,downloadfile-1
——— ay,,downloadfile-1
—,,downloadfile-1
of a - © - ‘ | a,,downloadfile-1
",;",,downloadfile-1
A - ¥,,downloadfile-1
"X,",,downloadfile-1
"——«~, ~~",,downloadfile-1
—— .,,downloadfile-1
The Erpingham Camp,,downloadfile-1
The Erpingham Camp was produced on television by,,downloadfile-1
Rediffusion on 27th June 1966 with the following cast:,,downloadfile-1
"EEPINGHAM™ &, eee. Oe) 6... Reginald Marsh",,downloadfile-1
RILEY ee et ey) eer CLOT AINCe VCS,,downloadfile-1
"POUe ee ee een eel, Ct ee ae ent",,downloadfile-1
"TEDL. ccpemmekst A... 5s, «« shatlespRea",,downloadfile-1
RENNY) 2 eet) 4... —.. Joh Forgeham,,downloadfile-1
"FICSENG . 0 5, ss 35 <3. we decid rieasence",,downloadfile-1
WHEE ARRISON woes. 0 sie os. Peter Honor,,downloadfile-1
JESSIE MASON tees: ate Avril Rane,,downloadfile-1
"PADRES sete oo Ceo, Vy Peter vans",,downloadfile-1
Directed by James Ormerod,,downloadfile-1
Designed by Frank Nerini,,downloadfile-1
The Erpingham Camp was first staged at the Royal Court Theatre,,downloadfile-1
on 6th June 1967 in a double-bill entitled Crimes of Passion,,downloadfile-1
with the following cast:,,downloadfile-1
ERPINGHAM Bernard Gallagher,,downloadfile-1
RILEY Roddy Maude-Roxby,,downloadfile-1
LOU Pauline Collins,,downloadfile-1
TED Johnny Wade,,downloadfile-1
EILEEN Yvonne Antrobus,,downloadfile-1
KENNY Michael Standing,,downloadfile-1
PADRE Roger Booth,,downloadfile-1
W. E. HARRISON Ken Wynne,,downloadfile-1
JESSIE MASON Josie Bradley,,downloadfile-1
REDCOATS and CAMPERS Andree Evans,,downloadfile-1
Rosemary McHale,,downloadfile-1
Peter John,,downloadfile-1
Malcolm Reid,,downloadfile-1
Directed by Peter Gill,,downloadfile-1
Designed by Deirdre Clancy,,downloadfile-1
No attempt must be made to reproduce the various locales in,,downloadfile-1
"a naturalistic manner. A small, permanent set of Erpingham’s",,downloadfile-1
office is set on a high level. The rest of the stage is an un-,,downloadfile-1
localised area. Changes of scene are suggested by lighting and,,downloadfile-1
banners after the manner of the Royal Shakespeare Company’s,,downloadfile-1
productions of Shakespeare’s histories.,,downloadfile-1
SCENE ONE,,downloadfile-1
ERPINGHAM’s office. It 1s evening. ERPINGHAM 1s seated,,downloadfile-1
at his desk. RILEY enters and ERPINGHAM looks up.,,downloadfile-1
ERPINGHAM. Where’s your badge of office?,,downloadfile-1
"RILEY. An oversight, sir. I’m sorry.",,downloadfile-1
ERPINGHAM. You should be wearing your decorations. You,,downloadfile-1
know the rules. Any member of the staff found improperly,,downloadfile-1
dressed on Saturday night is subject to instant dismissal.,,downloadfile-1
Only I am excused.,,downloadfile-1
RILEY. [ll put them on at once.,,downloadfile-1
"ERPINGHAM. I didn’t make the rules, Chief Redcoat Riley.",,downloadfile-1
I only carry them out. Is number four latrine unblocked ?,,downloadfile-1
RILEY. Yes.,,downloadfile-1
ERPINGHAM. And the toddlers’ paddling pool? Have you,,downloadfile-1
removed whatever was causing the disturbance ?,,downloadfile-1
RILEY. Yes.,,downloadfile-1
ERPINGHAM. Good. What was it ?,,downloadfile-1
RILEY. Two ducks. Made of plastic. They were stuck to-,,downloadfile-1
gether.,,downloadfile-1
ERPINGHAM. Beak to beak ? (Pause.) Was the joinery smutty ?,,downloadfile-1
"RILEY. Well, sir - the Engineer in charge had to perform",,downloadfile-1
surgery.,,downloadfile-1
ERPINGHAM. Did the kiddies see?,,downloadfile-1
RILEY. No. They were having a quick run round with Matron.,,downloadfile-1
ERPINGHAM. I want those ducks destroyed. We’ve no time,,downloadfile-1
for hedonists here. My camp is a pure camp. Give me the,,downloadfile-1
report for the day.,,downloadfile-1
RILEY hands him the report. ERPINGHAM glances at,,downloadfile-1
ie,,downloadfile-1
"Touching the subject of purity, ask Miss Mason to watch",,downloadfile-1
48 THE ERPINGHAM CAMP,,downloadfile-1
her language. She’s not the only one with heat rash. We all,,downloadfile-1
"suffer. I suffer myself. Considerably. Hand me that file, will",,downloadfile-1
you?,,downloadfile-1
RILEY gives him the file. ERPINGHAM puts the report into,,downloadfile-1
tt.,,downloadfile-1
Has the Padre been released from custody yet ?,,downloadfile-1
RILEY. Yes. He’s having a lie down. It’s been a shattering,,downloadfile-1
experience for him.,,downloadfile-1
ERPINGHAM. It'll be nice to have him back with us again.,,downloadfile-1
Id like to see him when he’s rested.,,downloadfile-1
"RILEY. Yes, sir. (He twists his hands together nervously:",,downloadfile-1
swallowing hard.) Sir...,,downloadfile-1
ERPINGHAM. What ?,,downloadfile-1
RILEY. Who will organise the Entertainments tonight ?,,downloadfile-1
ERPINGHAM. That’s been taken care of. Don’t worry. Let,,downloadfile-1
me do the worrying. My shoulders are broad.,,downloadfile-1
"RILEY. Should the Organiser not arrive, sir, would you",,downloadfile-1
consider giving me a chance?,,downloadfile-1
ERPINGHAM (without a second thought). No.,,downloadfile-1
RILEY. [ve the personality. Before I came to you I was Ring-,,downloadfile-1
master for Flanegan’s Travelling Circus. We did every port,,downloadfile-1
in Eire. When we played before the Brothers of St Vincent,,downloadfile-1
of Paul a Papal Medal was struck. (Pause.) You'll not find,,downloadfile-1
a harder audience than monks.,,downloadfile-1
"ERPINGHAM sighs. He puts the file away, opens the desk,",,downloadfile-1
takes out a bottle and pours himself a drink.,,downloadfile-1
"ERPINGHAM. You couldn’t organise your own backside, Chief",,downloadfile-1
Redcoat Riley. Chances I’ve given you. Look at the Mother,,downloadfile-1
and Child competition. Disastrous. (He sips his drink.),,downloadfile-1
Ugliest woman competition. You nearly won that yourself.,,downloadfile-1
"Causing scandal. Oh, no. You can’t possibly be considered",,downloadfile-1
for the job. I’m sorry to cause you disappointment. But there,,downloadfile-1
itis:,,downloadfile-1
He sips his drink. Pause.,,downloadfile-1
"Pick up that flag Pve dropped, will you.",,downloadfile-1
SCENE ONE 49,,downloadfile-1
RILEY picks a paper flag from the floor.,,downloadfile-1
Put it where you'd like a new camp founded.,,downloadfile-1
He turns to a map of the world hanging behind the desk.,,downloadfile-1
Go on. Anywhere on the map. I might even name the new,,downloadfile-1
camp after you.,,downloadfile-1
RILEY Sticks the flag into the map.,,downloadfile-1
"(ERPINGHAM, staring hard, shakes his head.) You’re not cut",,downloadfile-1
"out to be a pioneer, Riley. Dagenham is already over-",,downloadfile-1
developed.,,downloadfile-1
He takes the flag and pins it into the map.,,downloadfile-1
There. That’s the place for a new Holiday Centre.,,downloadfile-1
RILEY looks hard at the map.,,downloadfile-1
"RILEY. It’s National Trust territory, sir. There’s a bird",,downloadfile-1
sanctuary nearby.,,downloadfile-1
"ERPINGHAM. Human beings need sanctuaries, Riley, as well",,downloadfile-1
as birds. The world is in danger of forgetting the fact. Open,,downloadfile-1
my drawer. Take out my personal file.,,downloadfile-1
RILEY opens the drawer and takes out a heavy folder.,,downloadfile-1
(ERPINGHAM flicks open the file.) I shall be a millionaire by,,downloadfile-1
the ’seventies.,,downloadfile-1
RILEY. I'll take you up on it.,,downloadfile-1
ERPINGHAM. Make a note if you like.,,downloadfile-1
"He lights a cigar, blows a cloud of smoke into the air, smiles,",,downloadfile-1
and gives an expansive wave of his hand.,,downloadfile-1
"Rows of Entertainment Centres down lovely, unspoiled",,downloadfile-1
"bits of the coast, across deserted moorland and barren",,downloadfile-1
mountainside. The Earthly Paradise. Ah...,,downloadfile-1
He stares raptly into the distance.,,downloadfile-1
I can hear it. I can touch it. And the sight of it is hauntingly,,downloadfile-1
"beautiful, Riley.",,downloadfile-1
Music: ‘The Holy City’.,,downloadfile-1
There'll be dancing. And music. Colourful scenes. Official,,downloadfile-1
pageantry. Trained drum Majorettes will march hourly,,downloadfile-1
across the greensward. The shapeliest girls in Britain -,,downloadfile-1
picked from thousands of disappointed applicants. There’ll,,downloadfile-1
C.0.P.—D,,downloadfile-1
50 THE ERPINGHAM CAMP,,downloadfile-1
be no shortage of horses. And heated pools. The accom-,,downloadfile-1
modation will be lavish. Slot-machines will be employed,,downloadfile-1
for all tasks. They'll come from far and wide to stay at my,,downloadfile-1
"entertainment centres. The great ones of this world and,",,downloadfile-1
"if Fame’s trumpet blows long and hard enough, of the next.",,downloadfile-1
"The music fades. ERPINGHAM sinks back, shaking his head.",,downloadfile-1
The Vision that delighted has gone. But — in a short time -,,downloadfile-1
I'll have it here. (He bangs the folder.) In black and white.,,downloadfile-1
He puts the folder away. RILEY shakes his head.,,downloadfile-1
"RILEY. Oh, take care, sir. One flick of Fortune’s wheel and",,downloadfile-1
you'll be brought low. I was taught by a nun once who,,downloadfile-1
itched like the Devil to become Superior. One day the,,downloadfile-1
message came from the Eternal-City. Sister Mary had made,,downloadfile-1
it. Promoted to Higher Office. She was overjoyed. But -,,downloadfile-1
God’s anger light upon me if I’m not telling the truth -,,downloadfile-1
as they sang the Te Deum she was seized in a sudden fit,,downloadfile-1
and fell to the ground mouthing something that nobody,,downloadfile-1
understood - save an old lay sister who’d once been an,,downloadfile-1
usherette at the Roxy and was more worldly than the rest.,,downloadfile-1
"Sister Mary had got to be Superior, but she had to be put",,downloadfile-1
away for her foolish pride in believing she had it all worked,,downloadfile-1
"out. So, take care, sir. I know too well what the punishment",,downloadfile-1
is for your kind of sin. It’s written over and over again in,,downloadfile-1
the books of the Ancient East. And in the Bible too.,,downloadfile-1
ERPINGHAM Swallows the last of his whisky.,,downloadfile-1
"ERPINGHAM. We live in a rational world, Riley. I’ve no use",,downloadfile-1
for your Hibernian cant.,,downloadfile-1
The telephone rings. ERPINGHAM answers tt.,,downloadfile-1
Good. I'll send someone down. (He puts the phone down.),,downloadfile-1
The Entertainments Organiser has arrived. Go and,,downloadfile-1
welcome him.,,downloadfile-1
RILEY goes off.,,downloadfile-1
SCENE TWO 51,,downloadfile-1
SCENE TWO,,downloadfile-1
A chalet. LOU and TED are dressing.,,downloadfile-1
LOU. I’ve invited a young couple over. I gave her some help,,downloadfile-1
in the salad queue. We don’t have to see them again if we,,downloadfile-1
don’t get on.,,downloadfile-1
The loudspeaker crackles and ERPINGHAM’S voice is heard.,,downloadfile-1
"ERPINGHAM. Good evening, Ladies and Gentlemen. I’ve",,downloadfile-1
one or two announcements to make.,,downloadfile-1
TED puts on his coat. LOU brushes him down.,,downloadfile-1
The Glamorous Granny competition was won by Mrs,,downloadfile-1
"Anthea Wong of Gresham Road, London, E.17.",,downloadfile-1
"Lou. That Chinese woman. See, I told you she’d win.",,downloadfile-1
TED. They marry so young. Seems hardly fair on ordinary,,downloadfile-1
people.,,downloadfile-1
ERPINGHAM. The Mother and Child competition resulted in,,downloadfile-1
a dead heat. Mrs J. M. Nash of Palmers Green and Mrs,,downloadfile-1
Susanne Mitchel of Southampton both win cash prizes.,,downloadfile-1
TED. That fair woman who entered with the dog got nowhere,,downloadfile-1
then ?,,downloadfile-1
LOU puts the brush away.,,downloadfile-1
ERPINGHAM. Our disability bonus was won by Mr Laurie,,downloadfile-1
Russel of Market Harborough. Both Laurie’s legs were,,downloadfile-1
certified ‘absolutely useless’ by our Resident Medical,,downloadfile-1
Officer. Yet he performed the Twist and the Bossa Nova,,downloadfile-1
to the tune specified on the entrance form.,,downloadfile-1
"TED. He fell over, though. Twice.",,downloadfile-1
"Lou. They help them a lot, don’t they? That blind woman",,downloadfile-1
would’ve never found the diving-board if the audience,,downloadfile-1
hadn’t shouted out.,,downloadfile-1
ERPINGHAM. There are a number of lost children await-,,downloadfile-1
ing collection. Would you check your family? A Jewish,,downloadfile-1
52 THE ERPINGHAM CAMP,,downloadfile-1
ex-serviceman is at this moment telling of his experiences,,downloadfile-1
both during and after the Nazis’ rise to power. In the,,downloadfile-1
Number Two dining hall. Admission free.,,downloadfile-1
There is knocking at the chalet door.,,downloadfile-1
All holidaymakers intending taking part in our evening,,downloadfile-1
routine should report in person with your numbered card,,downloadfile-1
"to the Grand Ballroom at eight sharp. Thank you, Ladies",,downloadfile-1
and Gentlemen.,,downloadfile-1
"LOU opens the chalet door, and cries loudly.",,downloadfile-1
LOU. It’s Kenny and Eileen! Come in!,,downloadfile-1
"KENNY and EILEEN enter, smiling.",,downloadfile-1
EILEEN. Hope we’re not too early?,,downloadfile-1
"Lou. No. We’re just finishing? This is my husband, Ted.",,downloadfile-1
"Ted, this is Kenny and Eileen.",,downloadfile-1
There are smiles and handshakes. EILEEN gives a cry of,,downloadfile-1
surprise.,,downloadfile-1
"EILEEN. Oh, Louie! What lovely glasses. Pve always wanted",,downloadfile-1
a pair like that.,,downloadfile-1
Lou. Why don’t you get a pair ?,,downloadfile-1
EILEEN. My eyes aren’t bad enough. (She sits beside KENNY.),,downloadfile-1
"And I can’t take risks. I’m pregnant, you see.",,downloadfile-1
"KENNY. It’s our first. (He smiles, taking EILEEN by the hand.)",,downloadfile-1
"Not our last, though, eh ? (He kisses her cheek.) We’ve only",,downloadfile-1
been married a year. We had trouble.,,downloadfile-1
EILEEN. We were banned. I had a breakdown over it. We were,,downloadfile-1
"so much in love, see.",,downloadfile-1
She snuggles up against KENNY.,,downloadfile-1
KENNY. Her parents caused trouble. We met at a club. We,,downloadfile-1
knew we were made for each other from the first moment.,,downloadfile-1
It was persuading her parents to see our point of view.,,downloadfile-1
"That was the most urgent problem. Her father was stubborn,",,downloadfile-1
very much of his own frame of mind. Her mother sided,,downloadfile-1
"with him, naturally. I was at my wits end to find a solution.",,downloadfile-1
In the end I bashed them both about the ear. And after,,downloadfile-1
that we had no trouble.,,downloadfile-1
SCENE TWO 53,,downloadfile-1
EILEEN. We’re content now. We’re expecting our first child.,,downloadfile-1
We have to give up luxuries. Chief among them not going,,downloadfile-1
abroad for the sun.,,downloadfile-1
TED puts his hand over LOU’S.,,downloadfile-1
TED. Lou and I don’t have to bother with that sort of,,downloadfile-1
thing.,,downloadfile-1
"LOU (smiling). We’ve our sun-lamp, you see.",,downloadfile-1
Pause. Awkward smiles. Pause.,,downloadfile-1
"TED. It’s interesting you meeting your wife at a club, Ken. I",,downloadfile-1
met my wife outside the Young Conservatives.,,downloadfile-1
LOU. I’ve always found them polite and sympathetic people. I,,downloadfile-1
used to spend an hour or two there every Thursday and,,downloadfile-1
Saturday. I met the daughter of a brain-specialist on one,,downloadfile-1
occasion. She was playing table-tennis and she asked me,,downloadfile-1
"if I'd act as scorer. Of course, you get your snobs there, same",,downloadfile-1
"as anywhere else. But on the whole, I enjoyed myself.",,downloadfile-1
TED. Yes. It was outside the Young Conservative Club that,,downloadfile-1
I met my fate.,,downloadfile-1
Laughter. Pause.,,downloadfile-1
KENNY. I never liked the Tories ’cause I suspected they,,downloadfile-1
weren’t decent.,,downloadfile-1
TED frowns.,,downloadfile-1
TED. What d’you mean ?,,downloadfile-1
KENNY. Well — look how they carry on. (Laughing it off.) They,,downloadfile-1
"are the ‘blue’ party, aren’t they ?",,downloadfile-1
Silence.,,downloadfile-1
"TED. It’s clear, if you don’t mind me saying so, Kenneth, that",,downloadfile-1
you’ve no real knowledge of the English political scence.,,downloadfile-1
Your Labour party scandals have increased considerably of,,downloadfile-1
latter years.,,downloadfile-1
KENNY. I’m not a Labour man!,,downloadfile-1
LOU and TED smile.,,downloadfile-1
TED. I thought you were.,,downloadfile-1
KENNY. I keep away from all that. I owe it to Eileen.,,downloadfile-1
EILEEN. I’m expecting.,,downloadfile-1
54 THE ERPINGHAM CAMP,,downloadfile-1
TED (laughing lightly). Our Socialist friends would stop you,,downloadfile-1
doing that. They’d ban it.,,downloadfile-1
EILEEN. Our love was banned.,,downloadfile-1
KENNY. I knocked her dad’s teeth in. I can’t stand intolerance.,,downloadfile-1
EILEEN. We're saving up to buy a house.,,downloadfile-1
LOU smiles.,,downloadfile-1
Lou. We were left our house. There was never any question,,downloadfile-1
of paying for it.,,downloadfile-1
EILEEN colours pink.,,downloadfile-1
EILEEN. We’ve no use for that sort of thing. We don’t agree,,downloadfile-1
with it.,,downloadfile-1
"Lou. You can’t go all the way with that kind of philosophy,",,downloadfile-1
Eileen. You’ve got to face facts.,,downloadfile-1
EILEEN. I was brought up to think different. (Her voice rising.),,downloadfile-1
My mum was on a lecture once. She could tell you a thing,,downloadfile-1
or two. They exhibited her as a reference. My dad was with,,downloadfile-1
her. And although they got our love forbidden and made,,downloadfile-1
"life not worth living, ’m pregnant now and they’ve been",,downloadfile-1
"good parents. I can’t accept what you say, Louie. It seems",,downloadfile-1
wrong to me.,,downloadfile-1
She bursts into tears. KENNY comforts her. LOU and TED,,downloadfile-1
stand.,,downloadfile-1
"LOU (at last, brightly). I think it’s time we joined the festivities.",,downloadfile-1
EILEEN dries her tears.,,downloadfile-1
SGENE THREE,,downloadfile-1
ERPINGHAM’S office. RILEY enters.,,downloadfile-1
"RILEY. Oh, sir! Disaster has struck.",,downloadfile-1
ERPINGHAM. Has the Padre been up to his tricks again?,,downloadfile-1
RILEY. The Entertainments Organiser has been taken,,downloadfile-1
bad.,,downloadfile-1
ERPINGHAM. Is he drunk?,,downloadfile-1
SCENE THREE 55,,downloadfile-1
RILEY. We don’t know. It’s a mysterious affliction that’s,,downloadfile-1
come upon him.,,downloadfile-1
ERPINGHAM. Where is he ?,,downloadfile-1
"RILEY. In the Hospital Tent, sir. The Resident Medical",,downloadfile-1
Officer has given him up for lost.,,downloadfile-1
W. E. HARRISON enters.,,downloadfile-1
W. E. HARRISON. Sir! The Entertainments Organiser has been,,downloadfile-1
shown the four last things. The Padre is with him.,,downloadfile-1
The PADRE enters.,,downloadfile-1
PADRE. Sir! The Entertainments Organiser is dead.,,downloadfile-1
ERPINGHAM (to RILEY). Remind me to send one of our,,downloadfile-1
Class A (Highest Employee) wreaths to his next of kin.,,downloadfile-1
"RILEY. Yes, sir.",,downloadfile-1
ERPINGHAM turns sharply to W. E. HARRISON.,,downloadfile-1
"ERPINGHAM. Why aren’t you in the Music Room, W. E.",,downloadfile-1
Harrison ?,,downloadfile-1
"W. E. HARRISON. My partner, Miss Mason, is doing her solo",,downloadfile-1
"number, sir.",,downloadfile-1
ERPINGHAM. She can’t manage on her own. Go and help her.,,downloadfile-1
W. E. HARRISOgNoe s off.,,downloadfile-1
"ERPINGHAM. Did you see this thing happen, Riley?",,downloadfile-1
"RILEY. Yes, sir. He was a grand chap, it seems. He’d many",,downloadfile-1
original ideas on mass entertainment. I was lapping it up —,,downloadfile-1
seeing as I’m ambitious. I made a few notes and was about,,downloadfile-1
"to question him further when, without a word of warning,",,downloadfile-1
"he slumps forward in his chair. God help us all, I thought",,downloadfile-1
"to myself, though I didn’t breathe the worst of it out loud,",,downloadfile-1
he’s been done in.,,downloadfile-1
ERPINGHAM (fo the PADRE). Had he any enemies ?,,downloadfile-1
"PADRE. We’d no time to ascertain, sir, before he lost con-",,downloadfile-1
sciousness.,,downloadfile-1
"ERPINGHAM gives RILEY a shrewd, hard look.",,downloadfile-1
"ERPINGHAM. Did you murder him, Chief Redcoat Riley?",,downloadfile-1
RILEY. No.,,downloadfile-1
ERPINGHAM. We can’t have members of the staff taking,,downloadfile-1
56 THE ERPINGHAM CAMP,,downloadfile-1
human life. We’re not equipped to deal with such a situation.,,downloadfile-1
Consult the manual. You'll find funerals are frowned upon.,,downloadfile-1
RILEY. He was struck down by something unknown to,,downloadfile-1
medical science.,,downloadfile-1
"ERPINGHAM. I shall have to take your word for it, Chief",,downloadfile-1
Redcoat Riley. Though you’re a notorious liar.,,downloadfile-1
RILEY twists his fingers together in great excitement.,,downloadfile-1
RILEY. Sir — who will organise the entertainments tonight?,,downloadfile-1
We must make a quick decision. The campers are gathering,,downloadfile-1
under the bunting.,,downloadfile-1
ERPINGHAM chews his lip. RILEY holds his breath.,,downloadfile-1
"ERPINGHAM. I’ll be magnanimous, Riley, and give you the",,downloadfile-1
chance of a lifetime. Seize it with both hands.,,downloadfile-1
ERPINGHAM Zakes a box from the desk and hands it to the,,downloadfile-1
PADRE. The PADRE takes a sash from the box which he,,downloadfile-1
hands to ERPINGHAM. RILEY bows his head. ERPINGHAM,,downloadfile-1
puts the sash upon him. ERPINGHAM lifts another box and,,downloadfile-1
"hands it to the PADRE. The PADRE opens it, removes a",,downloadfile-1
badge and pins it upon RILEY’s blazer. RILEY 1s bathed in,,downloadfile-1
an unearthly radiance.,,downloadfile-1
Music: ‘Zadok the Priest and Nathan the Prophet Anointed,,downloadfile-1
Solomon King’.,,downloadfile-1
ERPINGHAM embraces RILEY.,,downloadfile-1
"ERPINGHAM. Serve us well, Chief Redcoat Riley. And my",,downloadfile-1
best wishes for the task ahead.,,downloadfile-1
Music: ‘Land of Hope and Glory’.,,downloadfile-1
Your reward will be the heartfelt thanks of the whole of our,,downloadfile-1
community. Tonight is your testing time. Let the spirit of,,downloadfile-1
Enterprise and Achievement go with you. Remember our,,downloadfile-1
Glorious Dead. How many soldiers have had tasks like,,downloadfile-1
yours ? And carried them through — though their lives were,,downloadfile-1
forfeit. The courage and grit that founded Empires still,,downloadfile-1
"stands. And when, Riley, we plant our first flag upon the",,downloadfile-1
"white, untouched plains of Asia — you will be in our thoughts",,downloadfile-1
"that day. The Camps of India, the Eternal Tents of the East",,downloadfile-1
SCENE THREE 57,,downloadfile-1
will echo to your name as we remember the deed with which,,downloadfile-1
you won your spurs. And in those times we shall rejoice,,downloadfile-1
"that, of your own free will, you were born an Englishman.",,downloadfile-1
The music fades.,,downloadfile-1
"RILEY. I was born in County Mayo, sir.",,downloadfile-1
ERPINGHAM. Ireland counts as England.,,downloadfile-1
"RILEY. Not with the Irish, sir.",,downloadfile-1
ERPINGHAM. It’s England youw’re representing in the Great,,downloadfile-1
"Fight. Ireland has empty roads, Galway Bay and the remains",,downloadfile-1
of Sir Roger Casement. Isn’t that enough?,,downloadfile-1
"RILEY. More than enough, sir. We’d be a nation of poets and",,downloadfile-1
talkers still with only two of them.,,downloadfile-1
ERPINGHAM Shakes him by the hand.,,downloadfile-1
ERPINGHAM. Good luck then. Away with you.,,downloadfile-1
"PADRE. Take God’s blessing with you, my son. And remember",,downloadfile-1
always to keep the little text I gave you. The words are,,downloadfile-1
obscure but the picture will keep you from harm.,,downloadfile-1
"RILEY. Thank you, Father. And thank you, sir. I shall prove",,downloadfile-1
myself worthy. Goodbye.,,downloadfile-1
He turns and goes off. ERPINGHAM Lakes off his coat.,,downloadfile-1
"ERPINGHAM. I’m going to undress, Padre. Cover up the",,downloadfile-1
portrait of Her Majesty.,,downloadfile-1
The PADRE covers over the large framed portrait of the,,downloadfile-1
Queen on the desk. ERPINGHAM Strips down to his under-,,downloadfile-1
wear.,,downloadfile-1
ERPINGHAM. Have you prepared your sermon for tomorrow ?,,downloadfile-1
"PADRE. Yes, sir.",,downloadfile-1
ERPINGHAM. Is it fit to be preached?,,downloadfile-1
"PADRE. I hope you'll give me any cuts that may be necessary,",,downloadfile-1
sir.,,downloadfile-1
ERPINGHAM. What is the subject?,,downloadfile-1
PADRE. The Miracles of Jesus.,,downloadfile-1
ERPINGHAM. I hope we’re not in for some far-fetched tale,,downloadfile-1
set among the Bedouin ?,,downloadfile-1
He hands his clothes to the PADRE who goes off.,,downloadfile-1
58 THE ERPINGHAM CAMP,,downloadfile-1
ERPINGHAM Jakes a pair of corsets from a drawer in the desk.,,downloadfile-1
The PADRE returns witha dress suit and shirt on ahanger. He,,downloadfile-1
lays them on the desk. EPPINGHAM puts on the corset.,,downloadfile-1
PADRE. I intend to deal with the meaning of the Gadarene,,downloadfile-1
demoniac. I shall draw one or two conclusions that may,,downloadfile-1
"surprise you, sir.",,downloadfile-1
ERPINGHAM. I don’t go to Church on Sunday morning to be,,downloadfile-1
"surprised, Padre. Lace me up, will you ?",,downloadfile-1
The PADRE laces up ERPINGHAM’S corset. ERPINGHAM,,downloadfile-1
lifts his leg. The PADRE fastens ERPINGHAM’S suspenders,,downloadfile-1
and laces ERPINGHAM’S shoes.,,downloadfile-1
"PADRE. I wonder, sir, whether you’ve ever stopped to con-",,downloadfile-1
sider the meaning of the Gadarene swine?,,downloadfile-1
"ERPINGHAM. I haven’t, Padre. Hand me my shirt.",,downloadfile-1
The PADRE hands ERPINGHAM his shirt and ERPINGHAM,,downloadfile-1
puts it on.,,downloadfile-1
"PADRE. You recall, sir, how a madman was cured of his de-",,downloadfile-1
lusions. How the devils within him took up abode in a herd,,downloadfile-1
of swine ? How the swine ran mad causing great destruction ?,,downloadfile-1
He hands ERPINGHAM his trousers and ERPINGHAM puts,,downloadfile-1
them on.,,downloadfile-1
ERPINGHAM. It’s a most instructive tale. What meaning do you,,downloadfile-1
attach to it?,,downloadfile-1
"PADRE. We are meant to understand, sir, that with madness,",,downloadfile-1
"as with vomit, it’s the passer-by who receives the in-",,downloadfile-1
convenience.,,downloadfile-1
ERPINGHAM. If Christianity had been as powerful as your,,downloadfile-1
"similes, Padre, it would’ve conquered the world. Pass my tie.",,downloadfile-1
The PADRE passes him the tie.,,downloadfile-1
SCENE FOUR,,downloadfile-1
RILEY and JESSIE MASON.,,downloadfile-1
SCENE FIVE 59,,downloadfile-1
"MASON. I’ll make the announcement, Chief Redcoat Riley.",,downloadfile-1
"And then, to follow, I suggest my juggling act. You may",,downloadfile-1
remember it proved extremely popular at Catlin’s Arcadia,,downloadfile-1
last summer ?,,downloadfile-1
RILEY. Just make the announcement. Leave the rest to me.,,downloadfile-1
MASON. The public appreciate a highly skilled performer.,,downloadfile-1
Nobody remains unimpressed by the sheer professionalism,,downloadfile-1
I bring to my act.,,downloadfile-1
RILEY. Just cue me in. That’s all I require.,,downloadfile-1
JESSIE MASON Losses her head.,,downloadfile-1
MASON. You’re making a big mistake in not taking advantage,,downloadfile-1
of my wide experience with the average holiday-maker.,,downloadfile-1
W. E. HARRISON enters.,,downloadfile-1
W. E. HARRISON. Everything is ready Chief Redcoat Riley.,,downloadfile-1
They’re waiting for you in the Grand Ballroom.,,downloadfile-1
RILEY. [ll require you and Mason to assist me with the dis-,,downloadfile-1
"tribution of prizes. And bring your squeeze-box, Mason.",,downloadfile-1
"Music is most important in creating a relaxed, informal",,downloadfile-1
atmosphere.,,downloadfile-1
He strides off. JESSIE MASON and W. E. HARRISON follow.,,downloadfile-1
SCENE FIVE,,downloadfile-1
ERPINGHAM’S office. ERPINGHAM has finished dressing.,,downloadfile-1
"ERPINGHAM. You're interested in religion then, Padre?",,downloadfile-1
"PADRE. From a purely Christian point of view, sir.",,downloadfile-1
He helps ERPINGHAM on with his tail-coat and brushes,,downloadfile-1
him down.,,downloadfile-1
I find great solace in the life of the Spirit.,,downloadfile-1
ERPINGHAM. I’m sure you do. (He turns to allow the PADRE,,downloadfile-1
to brush his back.) What happened to you in court this,,downloadfile-1
morning ?,,downloadfile-1
60 THE ERPINGHAM CAMP,,downloadfile-1
"PADRE. I was acquitted, sir. The young woman withdrew",,downloadfile-1
her charge.,,downloadfile-1
ERPINGHAM. I’m pleased to hear it. You must give up your,,downloadfile-1
evangelical forays into teenage chalets. They’re liable to,,downloadfile-1
misinterpretation. Take the blindfold from Her Majesty. I,,downloadfile-1
can give her an audience nov..,,downloadfile-1
The PADRE uncovers the Queen’s portrait.,,downloadfile-1
And you’d better find another subject for your sermon,,downloadfile-1
tomorrow. I don’t feel that the story of the Gadarene swine,,downloadfile-1
has any real meaning for us today.,,downloadfile-1
SCENE SLX,,downloadfile-1
RILEY 1s in the spotlight onstage in the Grand Ballroom.,,downloadfile-1
On either side of him stand JESSIE MASON and W. E.,,downloadfile-1
"HARRISON. MASON smiles, archly. HARRISON, MASON",,downloadfile-1
and the assembled Redcoats sing and dance a medley of,,downloadfile-1
"songs which includes ‘Put on your Ta-Ta Little Girlie’,",,downloadfile-1
"‘Linger a Little Longer’, ‘In a Little Gypsy Tearoom’, ‘If",,downloadfile-1
"I had my Way, Dear, You'd Never Grow Old’, and ‘Let",,downloadfile-1
the Great Big World go Turning’. JESSIE MASON ac-,,downloadfile-1
companies on her concertina.,,downloadfile-1
"MASON. And now, that likeable lad from across the Irish Sea,",,downloadfile-1
Chief Redcoat Kevin Riley!,,downloadfile-1
"RILEY steps forward, modestly, yet with a cool, relaxed",,downloadfile-1
manner.,,downloadfile-1
"RILEY. I’m in charge of entertainments tonight, Ladies and",,downloadfile-1
Gentlemen. And I’m going to see we all have a whale of a,,downloadfile-1
"time. Tonight is fun night. And, as many of our old campers",,downloadfile-1
knows anything can happen on fun night at Camp Erping-,,downloadfile-1
ham!,,downloadfile-1
JESSIE MASON plays a chord on her squeeze-box. W. E.,,downloadfile-1
HARRISON produces two flags and waves them with a gay,,downloadfile-1
flourish. RILEY beams.,,downloadfile-1
SCENE SIX 61,,downloadfile-1
Who’s going to be our ‘Tarzan of the Apes’ this week ?,,downloadfile-1
Who'll volunteer ? Come along now. Don’t hold back. Don’t,,downloadfile-1
spoil the fun. Our friend here (Nods to W.E. HARRISON.) has,,downloadfile-1
a prize for the gent who’ll volunteer. Now who’ll be,,downloadfile-1
‘Tarzan’ ?,,downloadfile-1
"KENNY Steps on to the stage, a little sheepishly.",,downloadfile-1
KENNY. I'll have a go.,,downloadfile-1
"RILEY. Good lad. First a kiss from Jessie Mason, our glamor-",,downloadfile-1
ous songstress! (Leads KENNY to MASON.) Mind her,,downloadfile-1
squeeze-box now! A fellow from Belfast got his hand caught,,downloadfile-1
"in it last week. (Laughs, beerily.) They all want to get their",,downloadfile-1
fingers on Miss Mason’s squeeze-box!,,downloadfile-1
MASON hisses KENNY. W. E. HARRISON produces a leopard,,downloadfile-1
skin with a gay flourish. MASON plays a chord.,,downloadfile-1
(To KENNY). I want you to put this on. It’s our resident,,downloadfile-1
‘Tarzan’ gear.,,downloadfile-1
KENNY takes the skin and is about to put it on. RILEY,,downloadfile-1
stops him.,,downloadfile-1
"You'll have to drop your slacks, my lad.",,downloadfile-1
KENNY looks dubious. MASON gives a giggle and a pro-,,downloadfile-1
fesstonally coy smile.,,downloadfile-1
MASON. He doesn’t want to take them off in front of a lady.,,downloadfile-1
RILEY. Where’s the lady? You’re not trying to tell us that,,downloadfile-1
"you’re a lady, Miss Mason ?",,downloadfile-1
MASON. I am.,,downloadfile-1
RILEY. We’ll have to check your credentials later. (To KENNY.),,downloadfile-1
Go with Miss Mason. She plays to the house. You’ll have,,downloadfile-1
"a whale of a time, but remember to keep your cheques and",,downloadfile-1
your legs crossed!,,downloadfile-1
"KENNY, with a blush, attempts a joke.",,downloadfile-1
KENNY. I don’t know whether I should do this. I’m a married,,downloadfile-1
man.,,downloadfile-1
RILEY. And Mason is a married woman. She’s married to the,,downloadfile-1
Chef. That’s how she got on the game!,,downloadfile-1
MASON leads KENNY off. W. E. HARRISON beams.,,downloadfile-1
62 THE ERPINGHAM CAMP,,downloadfile-1
RILEY. And while we’re waiting I’ll sing you a little song I,,downloadfile-1
was taught when I lived near Fermanagh as a youth.,,downloadfile-1
W. E. HARRISON accompanies RILEY on MASON’S squeezé-,,downloadfile-1
box. RILEY sings in a nasal Irish tenor.,,downloadfile-1
"‘Sure of all the Irish songs I know,",,downloadfile-1
"There’s one I love the best,",,downloadfile-1
’Tis a symphony of love to me—,,downloadfile-1
Tis sweeter than the rest.,,downloadfile-1
"My melody, my rosary, my tender lullaby",,downloadfile-1
"Tis you I mean,",,downloadfile-1
"My sweet Colleen,",,downloadfile-1
And here’s the reason why.,,downloadfile-1
Sure you have all the charms of my Mother Machree.,,downloadfile-1
You’re my wild Irish rose.,,downloadfile-1
"You remind me of a valley,",,downloadfile-1
Where the River Shannon flows.,,downloadfile-1
"When your Irish eyes are smiling,",,downloadfile-1
I know where my heart belongs.,,downloadfile-1
"You’re a little piece of Heaven,",,downloadfile-1
Youw’re my Irish song of songs.,,downloadfile-1
"Sure there’s music in your pretty smile,",,downloadfile-1
There’s music in your eyes.,,downloadfile-1
"There’s a rhythm too,",,downloadfile-1
"In all you do,",,downloadfile-1
That you don’t realise.,,downloadfile-1
"There seems to be,",,downloadfile-1
"A melody,",,downloadfile-1
In everything you say.,,downloadfile-1
"When you are near,",,downloadfile-1
I seem to hear,,downloadfile-1
The songs of yesterday.,,downloadfile-1
He gathers himself up and finishes with a fine flourish.,,downloadfile-1
"When your Irish eyes are smiling,",,downloadfile-1
SCENE SIX 63,,downloadfile-1
"I know where my heart belongs,",,downloadfile-1
"You're a little piece of Heaven,",,downloadfile-1
You’re my Irish song of songs!,,downloadfile-1
"As he acknowledges the end of the song, MASON returns with",,downloadfile-1
KENNY. He 1s dressed in the leopard skin. He looks sheepishly,,downloadfile-1
around. W. E. HARRISON plays a frenzied cadenza on the,,downloadfile-1
squeeze-box. JESSIE MASON produces two flags and waves,,downloadfile-1
"them with a gay flourish, RILEY approaches KENNY.",,downloadfile-1
Magnificent! Really wonderful!,,downloadfile-1
KENNY flexes his muscles. Everyone looks benevolent.,,downloadfile-1
You'll have a wonderful week as our resident “Tarzan,,downloadfile-1
of the Apes’. You'll be called upon to perform many,,downloadfile-1
interesting acts. I'll give you the details later. And now I’d,,downloadfile-1
"like two ladies please! Who'll oblige? Come along now,",,downloadfile-1
don’t be shy.,,downloadfile-1
EILEEN and LOU Step on to the stage.,,downloadfile-1
Ladies! Have you ever seen a finer specimen of young,,downloadfile-1
manhood ? (He points to KENNY.) Wouldn’t you like to,,downloadfile-1
find that in your ‘in tray’ ?,,downloadfile-1
EILEEN. I often do. (With a quick giggle.) He’s my husband!,,downloadfile-1
Everyone looks surprised. Laughter.,,downloadfile-1
"RILEY. Your husband, eh? Well, you almost lost him to",,downloadfile-1
Jessie Mason our resident nymphomaniac!,,downloadfile-1
"EILEEN pouts and pretends, rather archly, to be indifferent.",,downloadfile-1
EILEEN. She can have him if she fancies him. He’s no good to,,downloadfile-1
me!,,downloadfile-1
"RILEY. No good to you, eh ? (With a look at EILEEN’ pregnant",,downloadfile-1
"belly.) It looks as though you’ve been good to him, though ?",,downloadfile-1
Eh?,,downloadfile-1
Everybody laughs. EILEEN blushes. W. E. HARRISON hands,,downloadfile-1
the squeeze-box to MASON.,,downloadfile-1
(To EILEEN and LOU). Who’s going to scream the loudest ?,,downloadfile-1
Loudest scream wins a cash prize. Just scream. As loud,,downloadfile-1
as you like! The winner will be given a voucher for,,downloadfile-1
64 THE ERPINGHAM CAMP,,downloadfile-1
the Erpingham Stores. A voucher that will enable you to,,downloadfile-1
"buy a week’s groceries or, if you prefer, three days’ luxuries,",,downloadfile-1
free of charge. Who’s going to scream?,,downloadfile-1
JESSIE MASON Plays a few chords and a flourish on the,,downloadfile-1
squeeze-box. W. E. HARRISON produces two flags and waves,,downloadfile-1
them with a gay smile.,,downloadfile-1
(To Lov). All you’ve got to do is scream!,,downloadfile-1
"LOU begins to scream, but stops suddenly.",,downloadfile-1
(To EILEEN). All you’ve got to do is scream!,,downloadfile-1
"EILEEN screams and stops, then screams again. She gives a",,downloadfile-1
"giggle. LOU screams, louder this time. KENNY, losing his",,downloadfile-1
"shyness, flexes his muscalnde waslk s around MASON like an",,downloadfile-1
ape. MASON smiles. LOU and EILEEN are now screaming,,downloadfile-1
loudly.,,downloadfile-1
One more gentleman ? Who else is game ?,,downloadfile-1
TED runs on to.the stage.,,downloadfile-1
"Take your clothes off, sir. I'd like you to do the can-can.",,downloadfile-1
Needing no more persuading TED takes off his trousers and,,downloadfile-1
"coat and, to the tune of the can-can from ‘Orpheus in the",,downloadfile-1
"Underworld’ played on MASON’s squeeze-box, he dances a",,downloadfile-1
can-can with his shirt tails flying.,,downloadfile-1
"Oh, wonderful, wonderful! We’re going to have a",,downloadfile-1
"lovely time, Ladies and Gentlemen! A gorgeous time!",,downloadfile-1
"LOU and EILEEN are screaming, KENNY is grunting and",,downloadfile-1
"grinning like an ape, and flexing his muscles at an indifferent",,downloadfile-1
"MASON. TED 1s dancing the can-can, whilst MASON plays",,downloadfile-1
the squeeze-box. W. E. HARRISON produces flags and waves,,downloadfile-1
them with a gay flourish.,,downloadfile-1
(To LOU and EILEEN). All right now! O.K.! That’s,,downloadfile-1
enough of it. P’ll judge the loudest scream now.,,downloadfile-1
The two women continue to scream loudly and hysterically.,,downloadfile-1
"He puts his hand on E\LEEN’S shoulder, and drags her away",,downloadfile-1
from LOU.,,downloadfile-1
"O.K.! (EILEEN screams and weeps.) Oh, God! She’s",,downloadfile-1
"hysterical. (To EILEEN.) Stop it, will you ?",,downloadfile-1
SCENE SIX 65,,downloadfile-1
EILEEN clings to him. He pushes her away and slaps her,,downloadfile-1
face. EILEEN collapses into hysterical sobbing. There is a,,downloadfile-1
loud shout from KENNY and LOU abruptly stops screaming.,,downloadfile-1
KENNY hurries over to EILEEN.,,downloadfile-1
KENNY. What did you do to her ?,,downloadfile-1
RILEY (backing away from him). I smacked her face. She was,,downloadfile-1
becoming hysterical.,,downloadfile-1
KENNY. Is that your idea of a joke ?A sk a woman to scream,,downloadfile-1
and then smack her in the mouth ?,,downloadfile-1
RILEY draws himself up to his full height.,,downloadfile-1
RILEY. Get back to your place. There’s been a misunder-,,downloadfile-1
standing.,,downloadfile-1
KENNY. Hit a pregnant woman ? You pig!,,downloadfile-1
EILEEN weeps.,,downloadfile-1
EILEEN. He hit me! I’m an expectant mother!,,downloadfile-1
KENNY knocks RILEY to the floor with a blow to the mouth.,,downloadfile-1
"He falls upon him, and EILEEN dances over them screaming.",,downloadfile-1
Hit him! Hit him!,,downloadfile-1
"Seeing what is happening, LOU screams with fright and",,downloadfile-1
attempts to part the two men. TED 1s still dancing. Oblivious,,downloadfile-1
"to the scene in front of them, JESSIE MASON 1s playing the",,downloadfile-1
"squeeze-box and W. E. HARRISON, with a beaming smile,",,downloadfile-1
produces flags at intervals and waves them with a gay,,downloadfile-1
flourish. At last MASON becomes aware that something has,,downloadfile-1
"gone wrong. She stops playing and stares, open-mouthed.",,downloadfile-1
MASON. Here! You weren’t asked to do that. (To EILEEN.),,downloadfile-1
Make him stop!,,downloadfile-1
"TED, who has been dancing involuntarily without MASON’s",,downloadfile-1
"music, stops and ambles over with a cheeky expression.",,downloadfile-1
TED. When do we collect our prizes?,,downloadfile-1
RILEY staggers to his feet and wipes his nose with the back,,downloadfile-1
of his hand.,,downloadfile-1
RILEY. Get off the stage! You’ve forfeited your prizes.,,downloadfile-1
"TED, upset, turns away and stares about him, puzzled.",,downloadfile-1
KENNY Seizes RILEY by the lapels.,,downloadfile-1
C.0.P.—E «,,downloadfile-1
66 THE ERPINGHAM CAMP,,downloadfile-1
KENNY. I’m having an apology out of you! Call yourself a,,downloadfile-1
man ? Hitting a pregnant woman!,,downloadfile-1
"EILEEN weeps, occasionally she says ‘Why don’t you",,downloadfile-1
"thump him one?’ or ‘He hit me, Ken’.",,downloadfile-1
TED (to LOU). My trousers! Somebody’s nicked my trousers!,,downloadfile-1
LOU gives a cry of distress. She goes to RILEY.,,downloadfile-1
Lou. My husband’s trousers have been stolen! We shall hold,,downloadfile-1
you responsible for their loss.,,downloadfile-1
W. E. HARRISON looks on with a beaming smile and waves,,downloadfile-1
» his flags with a gay flourish. He winks at MASON.,,downloadfile-1
W. E. HARRISON. Chief Redcoat Riley has earned his money,,downloadfile-1
"tonight, Jes. Why, he’s got them eating out of his hand.",,downloadfile-1
"There is a sudden cry of pain from RILEY, accompanied by",,downloadfile-1
"shouts of rage from KENNY, hysterical sobbing from EILEEN",,downloadfile-1
and indignant bellows of ‘My husband has had his trousers,,downloadfile-1
: stolen!’ from*’LOU. TED is wandering about the stage,,downloadfile-1
7 searching.,,downloadfile-1
MASON (frigidly to W. E. HARRISON). This is what you can,,downloadfile-1
expect when you’re not an experienced all-round family,,downloadfile-1
entertainer. Go and tell Mr Erpingham what’s happened.,,downloadfile-1
W. E. HARRISON gives her a look of pained surprise and,,downloadfile-1
"hurries away. MASON comes downstage and, with the",,downloadfile-1
"screaming and arguing campers behind her, smiles brightly",,downloadfile-1
and begins to play and sing ‘Fold Your Wings of Love,,downloadfile-1
Around Me’.,,downloadfile-1
SCENE SEVEN,,downloadfile-1
ERPINGHAM’s office. ERPINGHAM 1s now fully dressed in,,downloadfile-1
white tie and tails. A noise of screaming is heard in the,,downloadfile-1
distance mingled with music and excited shouts.,,downloadfile-1
ERPINGHAM (smoothing his hair with a brush). Vd like your,,downloadfile-1
"presence at the bathing beauty contest tomorrow, Padre.",,downloadfile-1
SCENE SEVEN 67,,downloadfile-1
A clerical face always inspires confidence at a gathering of,,downloadfile-1
"semi-nude women. (He puts the brush down.) And, in the",,downloadfile-1
"evening, perhaps you’d mingle with the older men and tell",,downloadfile-1
a few of your ‘off-colour’ stories ?,,downloadfile-1
"PADRE. I'll make a note in my diary, sir.",,downloadfile-1
He does so.,,downloadfile-1
ERPINGHAM. Bearing in mind the large number of Roman,,downloadfile-1
Catholic guests we have this week it might be wise not to,,downloadfile-1
include the one about the Pope’s mother-in-law.,,downloadfile-1
The distant noise rises sharply.,,downloadfile-1
Can you hear anything ?,,downloadfile-1
"PADRE. I was aware of a growing tumult, sir. It’s coming from",,downloadfile-1
the Grand Ballroom.,,downloadfile-1
ERPINGHAM. It sounds like the Devil’s Mass.,,downloadfile-1
W. E. HARRISON enters. He is dishevelled and out of breath.,,downloadfile-1
W. E. HARRISON. Would you come and cast your eye over the,,downloadfile-1
"Grand Ballroom, sir?",,downloadfile-1
ERPINGHAM. Why? What’s going on?,,downloadfile-1
"W. E. HARRISON. Nothing, sir. Riley’s got them a bit over-",,downloadfile-1
excited that’s all. (He laughs a little breathlessly.),,downloadfile-1
ERPINGHAM. Pass me that gardenia.,,downloadfile-1
The PADRE hands him the gardenia. ERPINGHAM puts it,,downloadfile-1
into his buttonhole.,,downloadfile-1
Encouraging them to make that racket. He’s exceeding his,,downloadfile-1
brief. (He pins the gardenia on.) Pass the spray.,,downloadfile-1
W. E. HARRISON passes a scent spray.,,downloadfile-1
What was the row about ?D o you know ?,,downloadfile-1
W. E. HARRISON. Riley was trying to pacify some young chap’s,,downloadfile-1
"wife, sir. The husband got hold of the wrong end of the",,downloadfile-1
stick.,,downloadfile-1
ERPINGHAM Sprays the gardenia with scent.,,downloadfile-1
ERPINGHAM. If we have complaints from women Ill see,,downloadfile-1
Riley is prosecuted. (He puts the spray aside.) Give me a,,downloadfile-1
cigar.,,downloadfile-1
W. E. HARRISON hands him a cigar.,,downloadfile-1
68 THE ERPINGHAM CAMP,,downloadfile-1
Every one of us must behave like Caesar’s wife. (He cuts the,,downloadfile-1
cigar.),,downloadfile-1
MASON runs in. She looks pale and shaken. Her dress 1s,,downloadfile-1
torn and her hair is awry. She carries her squeeze-box.,,downloadfile-1
"MASON (to ERPINGHAM). Oh, sir! Would you go to the Grand",,downloadfile-1
Ballroom? Chief Redcoat Riley is in considerable diffi-,,downloadfile-1
culties. Certain elements in the camp have taken advantage,,downloadfile-1
of his inexperience to behave badly. They’ve broken the,,downloadfile-1
mirror at the back of ‘non-alcoholic’ drinks bar.,,downloadfile-1
ERPINGHAM turns to the PADRE with a frown.,,downloadfile-1
"ERPINGHAM. You see, Padre, I act like a Christian and",,downloadfile-1
"what happens ? Property is damaged, women insulted and",,downloadfile-1
the representatives of lawful government frightened out of,,downloadfile-1
their wits.,,downloadfile-1
He turns crisply to W. E. HARRISON and JESSIE MASON.,,downloadfile-1
I shan’t need your help. Run over the menu for dinner.,,downloadfile-1
"Come with me, Padre. I’ve made Riley and I’ll break him.",,downloadfile-1
He’ll be reduced to hanging around Irish Labour Rallies.,,downloadfile-1
Entertaining the Bishop of Armagh and that crowd.,,downloadfile-1
He sticks the cigar into the corner of his mouth and exits,,downloadfile-1
followed by the PADRE. W. E. HARRISON and MASON,,downloadfile-1
stand at ease.,,downloadfile-1
W. E. HARRISON. My nerves will be on the twitch for weeks,,downloadfile-1
after this. A grown woman came up and spat in my face.,,downloadfile-1
MASON. Would you recognise her again ?,,downloadfile-1
W. E. HARRISON. I wouldn’t want to. Gob all over my car-,,downloadfile-1
nation. Disgusting. I had to flush it down the teenagers,,downloadfile-1
toilet. (He takes a notebook from his pocket.) Chief Redcoat,,downloadfile-1
bloody Riley showed his incompetence tonight all right.,,downloadfile-1
MASON. It went from bad to worse after you left. Some great,,downloadfile-1
lout climbed on the stage and tried to take my clothes off!,,downloadfile-1
"(With a smile.) You see, Wally, he’d got a totally false",,downloadfile-1
impression of my character. When Riley said I was the,,downloadfile-1
resident nympho they took it as gospel. He had his hand up,,downloadfile-1
my skirt and my briefs round my ankles before I knew,,downloadfile-1
SCENE EIGHT 69,,downloadfile-1
what had happened. Kept shrieking ‘Give us a feel of your,,downloadfile-1
squeeze-box’. (With a shrug.) There should be a distance,,downloadfile-1
between the artist and her public. I don’t like rowdy,,downloadfile-1
behaviour from my fans.,,downloadfile-1
W. E. HARRISON opens his note-book.,,downloadfile-1
W. E. HARRISON. We'll begin the inspection with the cold,,downloadfile-1
meats.,,downloadfile-1
MASON Claps her hands.,,downloadfile-1
Music: ‘Dead March’ from ‘Saul’.,,downloadfile-1
WAITERS enter slowly pushing a trolley upon which is a,,downloadfile-1
"variety of cold meats: hams, cold chickens, sausages, a pig’s",,downloadfile-1
head and trotters. The cortége passes in front of MASON and,,downloadfile-1
W. E. HARRISON who bow their heads. The music fades as,,downloadfile-1
the WAITERS go off.,,downloadfile-1
SCENE EIGHT,,downloadfile-1
ERPINGHAM and the PADRE are walking swiftly to the,,downloadfile-1
Grand Ballroom.,,downloadfile-1
"ERPINGHAM. You realise, of course, that Riley’s behaviour is",,downloadfile-1
a legacy of the potato famine?,,downloadfile-1
PADRE. I’m reminded of Moses on Sinai discovering the,,downloadfile-1
excesses of the Children of Israel. Once again the literal,,downloadfile-1
truth of the Bible has been demonstrated!,,downloadfile-1
ERPINGHAM. I’d rather you didn’t mention these Jewish,,downloadfile-1
"myths, Padre. I don’t know about you, but I’m a Christian.",,downloadfile-1
"RILEY 7s seen between two men. LOU, EILEEN and several",,downloadfile-1
CAMPERS stand round him. Many have bleeding faces.,,downloadfile-1
TED 7s still without his trousers. LOU has wound bunting,,downloadfile-1
"round herself. She has a distracted air. KENNY, still in the",,downloadfile-1
"leopard skin, holds RILEY under the chin. Blood pours from",,downloadfile-1
RILEY’s mouth and nose.,,downloadfile-1
"KENNY. Apologise, you cowson! Give me an apology!",,downloadfile-1
70 THE ERPINGHAM CAMP,,downloadfile-1
RILEY shakes his head; he is hardly conscious.,,downloadfile-1
EILEEN (with a shriek). Hit him again! Give him a good,,downloadfile-1
hiding!,,downloadfile-1
"Lou passes a hand across her brow, dazed. She laughs",,downloadfile-1
weakly.,,downloadfile-1
"KENNY. Pregnant women, eh? I’ll teach you to hit pregnant",,downloadfile-1
women!,,downloadfile-1
ERPINGHAM and the PADRE advance upon the group in,,downloadfile-1
horror.,,downloadfile-1
ERPINGHAM. Leave that man alone! He’s a member of the,,downloadfile-1
"staff,",,downloadfile-1
"KENNY smacks RILEY’S face, first with the flat of his hand,",,downloadfile-1
then with the back.,,downloadfile-1
KENNY. I won’t have pregnant women insulted.,,downloadfile-1
ERPINGHAM. Any disciplinary action will be taken by me.,,downloadfile-1
You’ve no right to strike an official of the Camp.,,downloadfile-1
He tries to thrust KENNY out of the way. He struggles,,downloadfile-1
with KENNY. LOU tries to intervene.,,downloadfile-1
LOU. His wife was insulted.,,downloadfile-1
TED. Carrying she is. She’s four months.,,downloadfile-1
"ERPINGHAM (staring at TED, outraged). What has become of",,downloadfile-1
your trousers ? (To the PADRE.) This is no place for a priest.,,downloadfile-1
(Back to TED.) I don’t allow indecent exposure in my camp.,,downloadfile-1
Consult the manual. You'll find it in the drawer beside your,,downloadfile-1
bed.,,downloadfile-1
"KENNY, emotionally, appeals to ERPINGHAM.",,downloadfile-1
KENNY. It’s our first child. We’ve only been married a year.,,downloadfile-1
We were refused permission to wed.,,downloadfile-1
EILEEN (weeping). We defied the ban on our love! (She cries,,downloadfile-1
"hysterically.) ’m pregnant. I’ve a right to protection, haven’t",,downloadfile-1
ee,,downloadfile-1
LOU bangs RILEY in the groin with her handbag. RILEY,,downloadfile-1
screams in pain and would collapse if TED didn’t drag him,,downloadfile-1
"to his feet. ERPINGHAM, extremely angry at the turn of",,downloadfile-1
"events, tries to push KENNY aside and bring RILEY to safety.",,downloadfile-1
SCENE NINE Te,,downloadfile-1
KENNY. Hanging’s too good for the bleeder!,,downloadfile-1
ERPINGHAM gives KENNY a shove which sends him,,downloadfile-1
spinning. He grabs RILEY by the arm. KENNY comes back;,,downloadfile-1
EILEEN hits ERPINGHAM on the back of the head with a,,downloadfile-1
bottle. ERPINGHAM sinks to his knees.,,downloadfile-1
PADRE (lifting his hands in horror). That’s Mr Erpingham!,,downloadfile-1
He subports ERPINGHAM and helps him to rise.,,downloadfile-1
(White-faced). You’ve struck a figure of authority!,,downloadfile-1
"ERPINGHAM shakes his head, dizzily. He stands upright,",,downloadfile-1
frees himself from the PADRE and turns coldly upon,,downloadfile-1
EILEEN.,,downloadfile-1
ERPINGHAM. You are banned from the Erpingham Camp for,,downloadfile-1
life!,,downloadfile-1
EILEEN makes a farting noise. The rest of the CAMPERS,,downloadfile-1
jeer. The PADRE wrings his hands.,,downloadfile-1
(Rounding upon the campers). All of you return to your,,downloadfile-1
chalets! Quick now! I shall make an announcement!,,downloadfile-1
There is angry jeering laughter and mocking whistles from,,downloadfile-1
KENNY.,,downloadfile-1
"Let’s get out of this, Padre. (He turns to go.)",,downloadfile-1
"PADRE. What about Chief Redcoat Riley, sir?",,downloadfile-1
TED releases RILEY who drops to the ground in a faint.,,downloadfile-1
ERPINGHAM. Send the doctor over. The evening has been a,,downloadfile-1
complete disaster.,,downloadfile-1
ERPINGHAM makes a speedy exit followed by the PADRE.,,downloadfile-1
SCENE NINE,,downloadfile-1
W. E. HARRISON and JESSIE MASON are inspecting the,,downloadfile-1
food. MASON holds a menu. W. E. HARRISON has his note-,,downloadfile-1
book open.,,downloadfile-1
W. E. HARRISON. Trifles and assorted savouries.,,downloadfile-1
MASON claps her hands.,,downloadfile-1
72 THE ERPINGHAM CAMP,,downloadfile-1
Music: ‘Chinese Dance’ from ‘The Nutcracker Suite’.,,downloadfile-1
WAITERS enter quickly pushing a trolley upon which ts a,,downloadfile-1
"variety of jellies, pastries, trifles and sweets.",,downloadfile-1
"W. E. HARRISON. Taste that trifle, Mason.",,downloadfile-1
MASON takes a cardboard spoon from the trolley and tastes,,downloadfile-1
the trifle.,,downloadfile-1
"MASON. Very good, I’d say.",,downloadfile-1
W. E. HARRISON. Destroy the spoon.,,downloadfile-1
MASON screws up the spoon and gives it toa waiter.,,downloadfile-1
WAITERS push the trolley out of sight. The music fades.,,downloadfile-1
MASON looks at the menu. W. E. HARRISON writes in his,,downloadfile-1
book. .,,downloadfile-1
W. E. HARRISON. Drinks of choice with meal. We'll do them,,downloadfile-1
and sign the Chef’s report.,,downloadfile-1
ERPINGHAM’s voice 1s heard.,,downloadfile-1
ERPINGHAM. Harrison! Harrison!,,downloadfile-1
ERPINGHAM enters with the PADRE. Both are distressed.,,downloadfile-1
MASON. Shall we inspect the doilies now or later ?,,downloadfile-1
"ERPINGHAM. See the Main Gate is locked, Harrison. Bring",,downloadfile-1
the keys to me!,,downloadfile-1
HARRISON goes off.,,downloadfile-1
"MASON (with a charming smile, in a soothing voice). We've",,downloadfile-1
"checked the menu for tonight, sir. It’s quite in order. Would",,downloadfile-1
you care to sign the Chef’s report?,,downloadfile-1
ERPINGHAM. No. (He tears the menu apart.) Lock the food,,downloadfile-1
away! I’m not feeding that Hellish squadron out there.,,downloadfile-1
MASON gives a squeak of surprise and alarm.,,downloadfile-1
"MASON. Whatever has happened, sir?",,downloadfile-1
"PADRE. It was dreadful. Quite dreadful, Miss Mason. The",,downloadfile-1
bunting has been torn down from the Beauty Queen’s,,downloadfile-1
Parade.,,downloadfile-1
ERPINGHAM. They were running about half-naked spewing,,downloadfile-1
up their pork ’n beans. I counted eight pairs of women’s,,downloadfile-1
briefs on the stairs. There’ll be some unexpected visits to,,downloadfile-1
the Pre-natal clinic after tonight. (He mops his brow.) It,,downloadfile-1
SCENE NINE 73,,downloadfile-1
would take the pen of our National poet to describe the,,downloadfile-1
scene that met my eyes upon entering the Grand Ballroom.,,downloadfile-1
My Chief Redcoat was being savagely beaten about the,,downloadfile-1
face by a man dressed as a leopard.,,downloadfile-1
PADRE. It was like an allegorical painting by one of the lesser,,downloadfile-1
Masters. I was forcibly reminded of a ‘Christ Mocked’,,downloadfile-1
"which was, until recently, hanging in the cellar of the Walker",,downloadfile-1
"Art Gallery, Liverpool.",,downloadfile-1
ERPINGHAM. When I remonstrated with them I was sub-,,downloadfile-1
jected to abuse. I was struck upon the head by a bottle. They,,downloadfile-1
were completely out of control.,,downloadfile-1
MASON (with wonder). Hit an official of the Camp? That’s,,downloadfile-1
never been done before.,,downloadfile-1
RILEY enters; his uniform 1s torn; his face bleeding. He is,,downloadfile-1
dispirited and ashamed. ERPINGHAM rounds on him at once.,,downloadfile-1
ERPINGHAM. Another disaster to add to your ever-growing,,downloadfile-1
"list of failures, Riley!",,downloadfile-1
"RILEY, overcome by emotion, hangs his head.",,downloadfile-1
"Your technique might have been admirable at Nuremberg,",,downloadfile-1
but it’s still in advance of the Home Counties.Give me,,downloadfile-1
your sash and medal. You’ve proved yourself unworthy,,downloadfile-1
of them.,,downloadfile-1
He strips RILEY’S honours from him.,,downloadfile-1
Music: A single trumpet.,,downloadfile-1
W. E. HARRISON enters.,,downloadfile-1
"W. E. HARRISON. They’ve sent a deputation, sir. They want",,downloadfile-1
a word with you.,,downloadfile-1
ERPINGHAM. Show them in.,,downloadfile-1
ERPINGHAM stands to one side surrounded by his staff.,,downloadfile-1
W. E. HARRISON ushers in KENNY and TED. TED 1s fully,,downloadfile-1
dressed. KENNY still wears the leopard skin. He has put a,,downloadfile-1
woolly cardigan over it.,,downloadfile-1
"What can I do for you, gentlemen?",,downloadfile-1
TED. Mr Erpingham we won’t waste time on coming to the,,downloadfile-1
point. You know why we’re here. The chalet area has,,downloadfile-1
74 THE ERPINGHAM CAMP,,downloadfile-1
"been locked. And, on your orders we’re told, no meal will",,downloadfile-1
be served tonight. Is this true ?,,downloadfile-1
ERPINGHAM. Perfectly true. I intend to exact reparations for,,downloadfile-1
the damage done tonight.,,downloadfile-1
TED. Certain elements on both sides are to blame for what has,,downloadfile-1
happened. We all of us regret it. Will you be reasonable and,,downloadfile-1
forget the whole sorry business ?,,downloadfile-1
"ERPINGHAM (with a charming smile). I can’t promise that, ’m",,downloadfile-1
afraid.,,downloadfile-1
TED. Why not?,,downloadfile-1
ERPINGHAM. You must realise that property has been,,downloadfile-1
damaged.,,downloadfile-1
TED. The majority can’t be held Gacndebible for the exploits of,,downloadfile-1
an irresponsible minority.,,downloadfile-1
ERPINGHAM. If majorities allow themselves to be swayed by,,downloadfile-1
"minorities, irresponsible or not, they must take the conse-",,downloadfile-1
quences.,,downloadfile-1
"KENNY, who has been listening with mounting impatience,",,downloadfile-1
explodes with rage.,,downloadfile-1
KENNY. You can’t repair the damage to your property by,,downloadfile-1
denying us food. Where’s your logic ?,,downloadfile-1
ERPINGHAM gives KENNY a look of quiet contempt.,,downloadfile-1
ERPINGHAM. You stand dressed in a leopard skin and woolly,,downloadfile-1
cardigan calling on logic? You’re like an atheist praying,,downloadfile-1
to his God.,,downloadfile-1
The staff laugh. KENNY flushes angrily.,,downloadfile-1
KENNY. We want food and shelter and something to eat.,,downloadfile-1
Are you going to give it to us?,,downloadfile-1
ERPINGHAM. Can’t you even arrive on a Peace mission,,downloadfile-1
properly dressed ?,,downloadfile-1
KENNY. My clothes have been nicked. I can’t get into my,,downloadfile-1
chalet.,,downloadfile-1
ERPINGHAM. Why were you using violence on a member of,,downloadfile-1
my staff ?,,downloadfile-1
KENNY. He’d abused my wife. She’s pregnant. He hit her.,,downloadfile-1
SCENE NINE 75,,downloadfile-1
ERPINGHAM. Why?,,downloadfile-1
"RILEY. She was screaming, sir.",,downloadfile-1
ERPINGHAM. What was she screaming for?,,downloadfile-1
KENNY. He asked her to. And then he hit her. I’ve never hit,,downloadfile-1
her. I agreed to waive my rights till she had the baby. I’d’ve,,downloadfile-1
killed him if I’d been left alone. It’s every man’s right to,,downloadfile-1
protect his wife.,,downloadfile-1
ERPINGHAM smiles. There is contempt in his smile. He,,downloadfile-1
faces KENNY coolly.,,downloadfile-1
ERPINGHAM. You're talking nonsense. You have no rights.,,downloadfile-1
You have certain privileges which can be withdrawn. I am,,downloadfile-1
withdrawing them.,,downloadfile-1
"KENNY. You'll pay for this, you ignorant fucker!",,downloadfile-1
There are cries of horror from the staff.,,downloadfile-1
ERPINGHAM. I think you’re forgetting to whom you’re,,downloadfile-1
speaking. Calm down before I have you thrown out.,,downloadfile-1
KENNY. We want food. We demand bread. We expect shelter!,,downloadfile-1
ERPINGHAM is made angry by the tone of KENNY’S voice.,,downloadfile-1
"ERPINGHAM. You have damaged my property, poured scorn",,downloadfile-1
upon my staff and insulted me. You’ve cast my hospitality in,,downloadfile-1
"my face. And yet, the bitter taste of ingratitude not dry",,downloadfile-1
"upon my lips, you come to me with your arrogant demands.",,downloadfile-1
No. You must be taught a lesson. There will be no food,,downloadfile-1
tonight. I shall not give way. You can sleep in the open. The,,downloadfile-1
chalet area is closed until further notice.,,downloadfile-1
TED. We'll go to the village.,,downloadfile-1
KENNY. Open the gates!,,downloadfile-1
ERPINGHAM. No!,,downloadfile-1
TED. You can’t keep us here against our will.,,downloadfile-1
"RILEY. Let them go, sir. Cast them into the wilderness.",,downloadfile-1
ERPINGHAM. No.,,downloadfile-1
W. E. HARRISON. Your stiff-necked attitude will bring untold,,downloadfile-1
harm. Be warned before it’s too late.,,downloadfile-1
"MASON. Let discretion play the better part, sir.",,downloadfile-1
ERPINGHAM. Never! This is my kingdom. I make the laws.,,downloadfile-1
76 THE ERPINGHAM CAMP,,downloadfile-1
We've our traditions. And they’re not to be lightly cast aside,,downloadfile-1
at the whim of a handful of troublemakers. I’ll never agree,,downloadfile-1
to their demands.,,downloadfile-1
KENNY. Is that the message you want us to take back to the,,downloadfile-1
people ?,,downloadfile-1
ERPINGHAM. Yes. And now get your leopard-skin legs out of,,downloadfile-1
here!,,downloadfile-1
TED. Very well then. We’ll make the best of it tonight. In the,,downloadfile-1
morning I intend to lodge a formal protest with the Camps,,downloadfile-1
and Caravans Association. Holidaymakers must be protected,,downloadfile-1
from people like you!,,downloadfile-1
TED and KENNY go off. Q,,downloadfile-1
"RILEY. Oh, sir, (Pleadingly.) call them back. Let’s thrash it",,downloadfile-1
out over a cup of instant.,,downloadfile-1
"PADRE. Had Pharaoh done as Chief Redcoat Riley suggests,",,downloadfile-1
"sir, the ten plagues would not have been inflicted on the",,downloadfile-1
fair land of Egypt.,,downloadfile-1
MASON. All avenues haven’t been explored.,,downloadfile-1
"HARRISON. Chief Redcoat Riley has the true liberal spirit, sir.",,downloadfile-1
Let’s give his idea a try.,,downloadfile-1
ERPINGHAM (to RILEY). I won’t have your rubbishy ideas,,downloadfile-1
brought into my camp. If it’s your ambition to be Secretary,,downloadfile-1
"General of the United Nations, you’re at liberty to apply",,downloadfile-1
for the post. Personally I think you’re better employed,,downloadfile-1
blowing up balloons for the under-fives. (He draws himself,,downloadfile-1
up with dignity.) This whole episode has been fermented by,,downloadfile-1
a handful of intellectuals. If we stand firm by the principles,,downloadfile-1
on which the camp was founded the clouds will pass. To,,downloadfile-1
give in now would be madness.,,downloadfile-1
He takes a deep breath. He has recovered his composure.,,downloadfile-1
Behave as though nothing had happened. It’s my intention,,downloadfile-1
to defy the forces of Anarchy with all that is best in twen-,,downloadfile-1
tieth century civilisation. I shall put a record of Russ,,downloadfile-1
Conway on the gram and browse through a James Bond.,,downloadfile-1
He turns and goes off. The STAFF follow him.,,downloadfile-1
SCENE TEN aa.,,downloadfile-1
SCENE TEN,,downloadfile-1
KENNY and TED are silhouetted against the sky. LOU and,,downloadfile-1
EILEEN are with them. KENNY addresses a crowd.,,downloadfile-1
"KENNY. They have denied our children bread, insulted our",,downloadfile-1
womenfolk and ignored our every plea. There is nothing,,downloadfile-1
left but direct action. I say we should break open the Stores.,,downloadfile-1
Take the means of supply into our own hands!,,downloadfile-1
TED. No! We’d be placing ourselves outside the law.,,downloadfile-1
Lov. I have complete faith in my husband. He’s had a lot of,,downloadfile-1
experience with disputes. He’s in cakes.,,downloadfile-1
KENNY. Trained locksmiths could open the food depot. It’s,,downloadfile-1
not difficult.,,downloadfile-1
TED. We’ve no authority to force the locks.,,downloadfile-1
KENNY. We’ll take the authority then.,,downloadfile-1
"KENNY flings out his arms, embracing the crowd.",,downloadfile-1
I’m an ordinary man — I’ve no wish to be a leader — my only,,downloadfile-1
"ambition is to rest in peace by my own fireside. But, in the",,downloadfile-1
"life of every one of us, there comes a time when he must",,downloadfile-1
choose — whether to be treated in the manner of the bad old,,downloadfile-1
days. Or whether to take by force those common human,,downloadfile-1
rights which should be denied no man. (He raises his voice.),,downloadfile-1
"A place to sleep, food for our kids, and respect. That’s all we",,downloadfile-1
ask. Is it too much ?,,downloadfile-1
TED. We must behave in a reasonable manner. Our hands are,,downloadfile-1
clean so far. We’ve acted entirely in accordance with the,,downloadfile-1
law. What Ken here proposes is illegal.,,downloadfile-1
KENNY. So is insulting pregnant women.,,downloadfile-1
EILEEN (weeping). Yes. I’m pregnant. I was insulted. Made to,,downloadfile-1
feel awful.,,downloadfile-1
She weeps. TED holds up his hands and speaks to the crowd,,downloadfile-1
"in a calm, rational manner.",,downloadfile-1
78 THE ERPINGHAM CAMP,,downloadfile-1
TED. Ladies and Gentlemen. Listen to what I’ve got to say.,,downloadfile-1
Don’t interrupt me. Form your own opinions and bring your,,downloadfile-1
intelligence to bear on the facts so that you can make an,,downloadfile-1
accurate decision. What are we losing ? One night’s sleep.,,downloadfile-1
One meal. I’ve arranged that our wives and children will,,downloadfile-1
"have a roof over their heads. A makeshift one, it’s true.",,downloadfile-1
Nevertheless somewhere to rest. In the morning we can,,downloadfile-1
make our complaints to the proper authorities. Nobody has,,downloadfile-1
been harmed. Let’s keep it that way. We’ve the law on our,,downloadfile-1
side.,,downloadfile-1
LOU applauds. She smiles.,,downloadfile-1
Lou. My husband and I are civil defence workers. This is an,,downloadfile-1
emergency. We’re taking over.,,downloadfile-1
KENNY addresses the crowd. His face flushed.,,downloadfile-1
KENNY. What Ted says is true. He’s a good fella. We all,,downloadfile-1
know that. He’s a reasonable man. We shouldn’t forget,,downloadfile-1
it. But neither let us forget those pregnant women that’ve,,downloadfile-1
been insulted. And little kiddies crying for something to eat.,,downloadfile-1
(Emotionally.) Man does not live by bread alone! It’s the,,downloadfile-1
small things in life that matter. And I’m prepared to risk a,,downloadfile-1
lot for those!,,downloadfile-1
EILEEN rests her head against KENNY.,,downloadfile-1
My missus and me — we’ve only been married a year. We’re,,downloadfile-1
expecting our first baby. I’m terrified of anything happening,,downloadfile-1
"to her. We’re doing this thing not for ourselves, but for our",,downloadfile-1
wives and loved ones — pregnant now and in the times to,,downloadfile-1
"come, that they may be safe from never knowing where the",,downloadfile-1
"next meal is coming from. Have a bash, I say. Have a bash",,downloadfile-1
for the pregnant woman next door!,,downloadfile-1
EILEEN waves her hands. She jumps up and down.,,downloadfile-1
EILEEN (screaming). I’m in the family way!,,downloadfile-1
KENNY. It’s our first!,,downloadfile-1
LOU turns to the crowd.,,downloadfile-1
LOU. We're proceeding from page twenty of the Civil Defence,,downloadfile-1
Booklet. Will you all take up your respective positions ?,,downloadfile-1
SCENE ELEVEN 79,,downloadfile-1
EILEEN runs across and smacks her across the face and pulls,,downloadfile-1
her hair. They fall screaming to the floor.,,downloadfile-1
LOU. What’y’r doing ?,,downloadfile-1
"EILEEN. Get out of here, you silly bitch! Go on before I kick",,downloadfile-1
your dental plate to pieces.,,downloadfile-1
TED runs across and parts EILEEN and LOU. He lifts Lou,,downloadfile-1
up.,,downloadfile-1
TED. This is most unpleasant. (He protects LOU from EILEEN.),,downloadfile-1
Stop playing the goat Eileen and behave like a grown-up.,,downloadfile-1
EILEEN (to TED). Piss off you dirty middle-class prat! And,,downloadfile-1
take your poxy wife with you.,,downloadfile-1
"KENNY (coming over, to EILEEN). Did he insult you ?",,downloadfile-1
"TED (to LOU). We'd better leave them to it, dear. You don’t",,downloadfile-1
"want to listen to a lot of foul language, do you ?",,downloadfile-1
LOU. I certainly don’t. It won’t make my holiday any more,,downloadfile-1
enjoyable.,,downloadfile-1
TED and LOU go off. KENNY and EILEEN stand upon the,,downloadfile-1
chairs.,,downloadfile-1
KENNY. To the Stores!,,downloadfile-1
EILEEN. To the Stores!,,downloadfile-1
Music: ‘La Marseillaise’.,,downloadfile-1
SCENE ELEVEN,,downloadfile-1
"ERPINGHAM’S office. ERPINGHAM Js sitting reading, with",,downloadfile-1
a cigar in his hand and a glass of brandy beside him. There,,downloadfile-1
"are distant sounds of cheering, breaking glass and music.",,downloadfile-1
ERPINGHAM turns a page in his book. W. E. HARRISON,,downloadfile-1
runs in.,,downloadfile-1
W. E. HARRISON. Sir! (ERPINGHAM looks up.) There’s been a,,downloadfile-1
meeting in the Old Folks Wheelchair Court. A subversive,,downloadfile-1
element in the camp has taken the law into its own hands.,,downloadfile-1
80 THE ERPINGHAM CAMP,,downloadfile-1
They’re using deckchair loungettes to break the windows of,,downloadfile-1
the food store!,,downloadfile-1
ERPINGHApuMt s his book down. JESSIE MASON hurries,,downloadfile-1
in.,,downloadfile-1
"MASON. Oh, Mr Erpingham, they’ve elected a leader! There",,downloadfile-1
are unconfirmed reports of looting. The food store has been,,downloadfile-1
ransacked. And some of the younger men have started,,downloadfile-1
raping.,,downloadfile-1
"ERPINGHAM rises. The PADRE enters, quickly, his face a",,downloadfile-1
mask of horror.,,downloadfile-1
"PADRE. Oh, sir! Let us pray for guidance. Your car has been",,downloadfile-1
pushed into the Experienced Swimmers Only.,,downloadfile-1
There is a distant noise. Rockets are heard and a sudden,,downloadfile-1
roar. The room ts lit by a sheet of flame. RILEY enters.,,downloadfile-1
"RILEY. They’ve set fire to the Grand Ballroom, sir. They’re",,downloadfile-1
marching this way.,,downloadfile-1
ERPINGHAM. Who gave them permission to do these things ?,,downloadfile-1
Switch on the public address system. I shall broadcast an,,downloadfile-1
appeal for calm.,,downloadfile-1
RILEY switches on the address system. EILEEN’S voice 1s,,downloadfile-1
heard singing.,,downloadfile-1
"EILEEN. Eee-eye, Eee-eye, Eeee-eye-O!",,downloadfile-1
Under the table you must go.,,downloadfile-1
"If I catch you bending,",,downloadfile-1
Pll have your knickers down.,,downloadfile-1
"Knees-up, Knees-up,",,downloadfile-1
Don’t get the breeze-up.,,downloadfile-1
"Knees-up, Mother Brown-O!!",,downloadfile-1
There are loud cheers and she begins again. ERPINGHAM,,downloadfile-1
switches off the address system.,,downloadfile-1
ERPINGHAM (outraged). Who is that woman? Sack her at,,downloadfile-1
once!,,downloadfile-1
"RILEY. She’s the wife of their leader, sir. She’s dancing on",,downloadfile-1
Mason’s baby grand.,,downloadfile-1
MASON gives a squeak of horror.,,downloadfile-1
SCENE ELEVEN 61,,downloadfile-1
ERPINGHAM. Call a staff meeting. The situation must be,,downloadfile-1
thoroughly looked into.,,downloadfile-1
"RILEY. You haven’t got a staff, sir. The Resident Medical",,downloadfile-1
Officer went an hour ago. The Chief Engineer and the,,downloadfile-1
Security Officer have gone within the last few minutes.,,downloadfile-1
"ERPINGHAM. We've lost Medicine, Science and Defence.",,downloadfile-1
Any more?,,downloadfile-1
"RILEY. The Liberal Arts, sir. Represented by the woman at",,downloadfile-1
the postcard stand.,,downloadfile-1
"ERPINGHAM. What am I left with? (He looks at the PADRE,",,downloadfile-1
"HARRISON, MASON and RILEY.) Music, Religion and the",,downloadfile-1
Spirit of Independent Ireland. The cause is lost.,,downloadfile-1
KILEY. Let me make a suggestion.,,downloadfile-1
ERPINGHAM. No!,,downloadfile-1
"W. Z. HARRISON. We must do something, sir. And quick.",,downloadfile-1
"RILEY. I was brought up, as I expect you know, in the Ancient",,downloadfile-1
"Faith. The Faith that nurtured Raphael, gentle artist of the",,downloadfile-1
Renaissance. As 2 child I was profoundly impressed by his,,downloadfile-1
picture — gem of the Vatican collection — ‘Pope Leo turning,,downloadfile-1
"back the Hordes of Attilla’. You recall, sir, the calm, un-",,downloadfile-1
"wavering glance of the saint, at which the barbarian chieftain",,downloadfile-1
quails and gives up his avowed design of sacking the City,,downloadfile-1
"of the Seven Hills, burial place of the Holy Martyrs ?",,downloadfile-1
ERPINGHAM. I know the picture well.,,downloadfile-1
"RILZY. Why can’t we use the padre, as God used St Leo?",,downloadfile-1
ERPINGHAM considers.,,downloadfile-1
ERPINGHAM. Yes. It’s not a bad idea. We'll give it a try.,,downloadfile-1
"Have you got a crucifix, Padre?",,downloadfile-1
"PADBE. No, sir. I’ve come out without it.",,downloadfile-1
"ERPINGHAM. Lend him yours, Chief Redcoat Riley.",,downloadfile-1
RILEY takes offlu s crucifix and gives it to the PADRE.,,downloadfile-1
"ERPINGHAM. Accompanied by a simple virgin — do your best,",,downloadfile-1
Mason — you will parley with these people. We shall await,,downloadfile-1
the result of your mission with interest. Off you go.,,downloadfile-1
The PADRE and JESSIE MASON go off.,,downloadfile-1
82 THE ERPINGHAM CAMP,,downloadfile-1
"ERPINGHAM. My field-glasses, Riley. In. the drawer.",,downloadfile-1
RILEY takes the field-glasses from the drawer. He hands,,downloadfile-1
them to ERPINGHAM. ERPINGHAM Stares through them.,,downloadfile-1
"The rabble, led by their leader, approaches the very doors",,downloadfile-1
of Government.,,downloadfile-1
There are faintly heard cries and the crash off alling timbers.,,downloadfile-1
The red glare of fire fills the room. Distant strains of ‘La,,downloadfile-1
Marseillaise’ are heard.,,downloadfile-1
With revolutionary banners flying they stream through,,downloadfile-1
the mists of a bloody dawn!,,downloadfile-1
There is a sound of wood and glass being smashed.,,downloadfile-1
RILEY (beside ERPINGHAM). They’re tearing down the,,downloadfile-1
Pavilion of the Judges!,,downloadfile-1
W. E. HARRISON. Where will the Lady Mayoress stand_for,,downloadfile-1
tomorrow’s march past of lovelies ?,,downloadfile-1
The air is filled with smoke and flame.,,downloadfile-1
ERPINGHAM. Clothed in the glory of God the Church,,downloadfile-1
approaches!,,downloadfile-1
"The PADRE, followed by JESSIE MASON, cross, slowly, with",,downloadfile-1
"great dignity. A lambent light, not of this world, accom-",,downloadfile-1
panies them.,,downloadfile-1
Music: Gounod ‘Ave Maria’.,,downloadfile-1
"They go off. A sudden silence falls. ERPINGHAM, staring",,downloadfile-1
"through the field-glasses, gives an exclamation of wonder.",,downloadfile-1
ERPINGHAM. Blessed are the Meek! (He lowers the glasses and,,downloadfile-1
turns to RILEY in joy.) A simple parish priest has quelled,,downloadfile-1
the anger of the politically unawakened. As the dove,,downloadfile-1
"alighted on the Ark after the Flood, bringing hope to those",,downloadfile-1
"within, so too he settles our fears and calms our troubled",,downloadfile-1
thoughts.,,downloadfile-1
There 1s a sudden howl from the mob and cheers. ERPING-,,downloadfile-1
HAM looks through the field-glasses.,,downloadfile-1
Oh! Oh!,,downloadfile-1
He turns aghast to W. E. HARRISON and RILEY.,,downloadfile-1
RILEY. What is it ?,,downloadfile-1
SCENE ELEVEN 83,,downloadfile-1
ERPINGHAM. The Man of God is down! Twenty Christian,,downloadfile-1
centuries in the dust. The Devil’s Congress has belted the,,downloadfile-1
Lord’s Annointed.,,downloadfile-1
W. E. HARRISON takes up the glasses and stares. There is a,,downloadfile-1
squeal from MASON and cries of fright.,,downloadfile-1
W. E. HARRISON. They’re molesting Mason.,,downloadfile-1
ERPINGHAM. She’s no stranger to it. Virgin was an honorary,,downloadfile-1
title.,,downloadfile-1
"There is an explosion, and dust and plaster fall from the",,downloadfile-1
ceiling. They drop to their knees.,,downloadfile-1
RILEY. The power plant.,,downloadfile-1
The lights go out. The room is lit only by the fire outside.,,downloadfile-1
Smoke drifts across the room. ERPINGHAM Stands and dusts,,downloadfile-1
himself down.,,downloadfile-1
"ERPINGHAM. What do you advise now, Chief Redcoat",,downloadfile-1
Riley ?,,downloadfile-1
"RILEY. Flight, sir.",,downloadfile-1
ERPINGHAM. I’m inclined to agree.,,downloadfile-1
ERPINGHAM Clears his desk of papers. He puts them into,,downloadfile-1
a brief-case.,,downloadfile-1
"W. E. HARRISON. If we can get to the Transport Section, sir,",,downloadfile-1
we might find the Night Porter’s bicycle.,,downloadfile-1
"ERPINGHAM. Oh, what a dreadful experience. Remind me to",,downloadfile-1
ring the insurance people first thing.,,downloadfile-1
"The PADRE and JESSIE MASON Stagger in, bruised, and",,downloadfile-1
"bleeding, their clothes torn.",,downloadfile-1
"PADRE. Oh, sir, Miss Mason and I have had a dreadful",,downloadfile-1
experience.,,downloadfile-1
"ERPINGHAM. Not the same experience, I hope, Padre.",,downloadfile-1
"MASON. Everything is in a terrible state downstairs, sir. They’ve",,downloadfile-1
torn your Canvatex Van Gogh to shreds.,,downloadfile-1
ERPINGHAM flushes with anger.,,downloadfile-1
"ERPINGHAM. We’ll have a couple of verses of ‘Love Divine,",,downloadfile-1
"All Loves Excelling’, Padre. It’s fire-hoses, tear-gas and the",,downloadfile-1
boot from then on.,,downloadfile-1
84 THE ERPINGHAM CAMP,,downloadfile-1
They kneel. JESSIE MASON accompanies the hymn on her,,downloadfile-1
squeeze-box.,,downloadfile-1
"Love Divine, all loves excelling,",,downloadfile-1
"Joy of Heaven to earth come down,",,downloadfile-1
"Fix in us Thy humble dwelling,",,downloadfile-1
All Thy faithful mercies crown.,,downloadfile-1
"Jesu, Thou art all compassion,",,downloadfile-1
Pure unbounded Love Thou art:,,downloadfile-1
"Visit us with Thy salvation,",,downloadfile-1
Enter every trembling heart.,,downloadfile-1
"Come Almighty to deliver,",,downloadfile-1
Let us all Thy grace receive;,,downloadfile-1
"Suddenly return and never,",,downloadfile-1
Never more Thy temples leave.,,downloadfile-1
Aaaaamen.’,,downloadfile-1
They bow their heads. KENNY and EILEEN and several,,downloadfile-1
CAMPERS burst into the room.,,downloadfile-1
KENNY. The time of reckoning has come.,,downloadfile-1
He advances. ERPINGHAM and his STAFF rise.,,downloadfile-1
What’ve you got to say about pregnancy now ?,,downloadfile-1
ERPINGHAM. Pregnancy has nothing to do with me.,,downloadfile-1
"EILEEN (hysterically), Hit him! Go on, hit him! He insulted",,downloadfile-1
me.,,downloadfile-1
KENNY flings aside his woolly cardigan.,,downloadfile-1
"KENNY. I’m going to give you a good hiding, Erpingham. I’m",,downloadfile-1
going to smash your face in for the gratification of those in,,downloadfile-1
the family way everywhere.,,downloadfile-1
ERPINGHAM. I shall confiscate your luggage. What is your,,downloadfile-1
chalet number ?,,downloadfile-1
KENNY butts ERPINGHAM in the stomach. ERPINGHAM,,downloadfile-1
crumples up in agony. JESSIE MASON seizes KENNY by the,,downloadfile-1
arm.,,downloadfile-1
MASON. You can’t do this. Mr Erpingham is a gentleman.,,downloadfile-1
SCENE ELEVEN 85,,downloadfile-1
EILEEN drags MASON away.,,downloadfile-1
EILEEN (screaming). We were refused permission to wed.,,downloadfile-1
We defied the ban on our love. I was insulted. I’m an,,downloadfile-1
expectant mother.,,downloadfile-1
KENNY punches ERPINGHAM in the mouth. MASON,,downloadfile-1
screams. EILEEN struggles with her. The PADRE tries to,,downloadfile-1
separate them.,,downloadfile-1
PADRE. Leave Miss Mason alone. She’s a sensitive artiste.,,downloadfile-1
RILEY and W. E. HARRISON are fighting off the attacks of,,downloadfile-1
the other CAMPERS. KENNY 1s viciously beating up,,downloadfile-1
ERPINGHAM. EILEEN 7s screaming and hitting JESSIE,,downloadfile-1
MASON. The PADRE kneels amid the carnage. His hands,,downloadfile-1
folded in prayer.,,downloadfile-1
"PADRE. Oh, Merciful Father, in Thee we trust when dangers",,downloadfile-1
threaten.,,downloadfile-1
He is hit by an egg. The CAMPERS and STAFF struggle,,downloadfile-1
and scream around the figures of KENNY and ERPINGHAM.,,downloadfile-1
Disaster strikes when ERPINGHAM abruptly disappears,,downloadfile-1
through a hole which opens up in the floor. A silence falls.,,downloadfile-1
They look down the hole. The PADRE rises and joins them.,,downloadfile-1
He looks down and shakes his head.,,downloadfile-1
"PADRE. As the little foxes gnaw at the roots of the vine, so",,downloadfile-1
anarchy weakens the fibres of society.,,downloadfile-1
EILEEN (weeping). I’m a mother-to-be. I should be protected,,downloadfile-1
from this kind of thing.,,downloadfile-1
TED and LOU enter quietly. They are awed and amazed.,,downloadfile-1
Lou. Mr Erpingham has fallen through the ceiling on to a,,downloadfile-1
dancing couple! There’s blood all over the place.,,downloadfile-1
TED. They’re in pretty bad shape. Erpingham is dead.,,downloadfile-1
"Everybody is distressed. JESSIE MASON weeps, dabbing her",,downloadfile-1
eyes with a handkerchief. RILEY turns to the PADRE.,,downloadfile-1
"RILEY. I'll take charge downstairs, sir. Will you be able to",,downloadfile-1
manage up here ?,,downloadfile-1
The PADRE beams.,,downloadfile-1
"PADRE. Have no worries, Chief Redcoat Riley. It’s Life that",,downloadfile-1
86 THE ERPINGHAM CAMP,,downloadfile-1
defeats the Christian Church. She’s always been well-,,downloadfile-1
equipped to deal with Death.,,downloadfile-1
RILEY and W. E. HARRISON go off. The PADRE turns to,,downloadfile-1
the sorrowing STAFF and CAMPERS.,,downloadfile-1
As witnesses to the surprising disappearance of Mr,,downloadfile-1
Erpingham you will all no doubt be called upon to give,,downloadfile-1
evidence before the authorities. Let us remember that in the,,downloadfile-1
days after Christ’s glorious ascension into Heaven the apostles,,downloadfile-1
too must’ve appeared before some kind of Magistrates court,,downloadfile-1
to account for the no-less surprising disappearance of Jesus.,,downloadfile-1
The gospels are silent on that memorable encounter with a,,downloadfile-1
"Jerusalem J.P. And if, in answer to your interrogator’s",,downloadfile-1
"question, ‘What happened ?’ you reply, ‘He fell through the",,downloadfile-1
"floor’, and are rewarded with incredulity; how much nearer",,downloadfile-1
the hairline the eyebrows of the Magistrate to whom Simon,,downloadfile-1
"Peter made answer, ‘He went up into the air’? In small",,downloadfile-1
"things, as in great things, the disciples were remarkable men.",,downloadfile-1
Music: A roll of drums.,,downloadfile-1
RILEY and W. E. HARRISON enter slowly with ERPING-,,downloadfile-1
HAM’s body on a bier. They lay it across the desk.,,downloadfile-1
KENNY (emotionally). It was that bastard insulting Eileen.,,downloadfile-1
It need never have happened. (He shakes his head.),,downloadfile-1
"TED. No matter what happens, Louie and me will back you",,downloadfile-1
"up, Ken. You'll find the Police sympathetic. They know",,downloadfile-1
how it feels. Most of them have had their own wives in-,,downloadfile-1
sulted at some time or another.,,downloadfile-1
LOU. If there’s any question of bail Ted and me will stand as,,downloadfile-1
surety. We can afford the money more than you.,,downloadfile-1
EILEEN sniffs.,,downloadfile-1
EILEEN. I’m terrified all this will affect my baby. I’d hate it to,,downloadfile-1
grow up warped.,,downloadfile-1
KENNY comforts her. The assembled STAFF and CAMPERS,,downloadfile-1
"stand round the bier. A great cross of coloured light, as from",,downloadfile-1
"distant stained glass, falls across ERPINGHAM’S body.",,downloadfile-1
Everyone bows their heads in silence.,,downloadfile-1
SCENE ELEVEN 87,,downloadfile-1
Music: Bach ‘Toccata and Fugue’.,,downloadfile-1
RILEY. He was a great man. One of the very greatest of our,,downloadfile-1
"time. Poet, philosopher and friend of rich and poor alike.",,downloadfile-1
Distinctions were foreign to his nature. He was at all times,,downloadfile-1
a simple man. Little children loved him.,,downloadfile-1
MASON breaks down and weeps uncontrollably.,,downloadfile-1
He gave up a career as a missionary to come to us. Our need,,downloadfile-1
is greater than theirs. It was in the Erpingham Holiday,,downloadfile-1
Centre that he found the spiritual peace he had long been,,downloadfile-1
"secking. His death, when it came, found him quite pre-",,downloadfile-1
pared. He went quietly and with great dignity.,,downloadfile-1
Music fades. The PADRE speaks in a low voice at the head,,downloadfile-1
of the bier.,,downloadfile-1
"PADRE. Day by day the Voice saith, ““Come,",,downloadfile-1
Enter thine eternal home”’;,,downloadfile-1
Asking not if we can spare,,downloadfile-1
This dear soul it summons there.,,downloadfile-1
"But the Lord doth nought amiss,",,downloadfile-1
"And since he hath ordered this,",,downloadfile-1
We have nought to do but still,,downloadfile-1
Rest in silence on his will.,,downloadfile-1
Music The Last Post.,,downloadfile-1
Four dozen red balloons — one for each year of ERPING-,,downloadfile-1
HAM’s life — fall slowly upon the hier. As the last balloon,,downloadfile-1
descends the trumpet fades. RILEY lifts his head.,,downloadfile-1
RILEY. We will now file past our beloved friend and leader,,downloadfile-1
for the last time.,,downloadfile-1
Organ music.,,downloadfile-1
The mourners file past the body and go off. RILEY 1s left,,downloadfile-1
alone.,,downloadfile-1
Your tie is crooked. I’ll straighten it before I go. (He,,downloadfile-1
straightens ERPINGHAM’S tie.) I’ll have this as a relic. (He,,downloadfile-1
takes the gardenia from ERPINGHAM’S buttonhole.) Vl,,downloadfile-1
"arrange a Class A (Higher Employee) wreath, sir. I hope",,downloadfile-1
that will be all right ?,,downloadfile-1
88 THE ERPINGHAM CAMP,,downloadfile-1
Turns to go. Looks back.,,downloadfile-1
"Goodbye, sir. Be seeing you.",,downloadfile-1
He goes off. The body of ERPINGHAM 1s left alone in the,,downloadfile-1
moonlight with the red balloons and dying flames in a blaze,,downloadfile-1
from the distant stained glass. A great choir 1s heard singing,,downloadfile-1
‘The Holy City’.,,downloadfile-1
Curtain,,downloadfile-1
Methuen’s Modern Plays,,downloadfile-1
EDITED BY JOHN CULLEN,,downloadfile-1
Paul Ableman Peter Handke,,downloadfile-1
Green Fulia Offending the Audience and,,downloadfile-1
Jean Anouilh Self-Accusation,,downloadfile-1
Kaspar,,downloadfile-1
Antigone,,downloadfile-1
Becket Rolf Hochhuth,,downloadfile-1
Poor Bitos The Representative,,downloadfile-1
Ring Round the Moon,,downloadfile-1
he Lark Heinar Kipphardt,,downloadfile-1
The Rehearsal In the Matter of F. Robert Oppenheimer,,downloadfile-1
The Fighting Cock Arthur Kopit,,downloadfile-1
Dear Antoine Chamber Music and other plays,,downloadfile-1
John Arden Indians,,downloadfile-1
Serjeant Musgrave’s Dance Jakov Lind,,downloadfile-1
The Workhouse Donkey The Silver Foxes are Dead and other,,downloadfile-1
Armstrong’s Last Goodnight plays,,downloadfile-1
Left-Handed Liberty,,downloadfile-1
"Soldier, Soldier and other plays David Mercer",,downloadfile-1
Two Autobiographical Plays On the Eve of Publication,,downloadfile-1
After Haggerty,,downloadfile-1
John Arden and Margaretta D’Arcy Flint,,downloadfile-1
The Business of Good Government,,downloadfile-1
The Royal Pardon John Mortimer,,downloadfile-1
The Hero Rises Up The Fudge,,downloadfile-1
Five Plays,,downloadfile-1
"Ayckbourn, Bowen, Brook, Campton, Come as You Are",,downloadfile-1
"Melly, Owen, Pinter, Saunders, Weldon A Voyage Round my Father",,downloadfile-1
Mixed Doubles,,downloadfile-1
Joe Orton,,downloadfile-1
Brendan Behan Crimes of Passion,,downloadfile-1
The Quare Fellow Loot,,downloadfile-1
The Hostage What the Butler Saw,,downloadfile-1
Funeral Games and The Good and,,downloadfile-1
Barry Bermange Faithful Servant,,downloadfile-1
No Quarter and The Interview,,downloadfile-1
Harold Pinter,,downloadfile-1
Edward Bond The Birthday Party,,downloadfile-1
Saved The Room and The Dumb Waiter,,downloadfile-1
Narrow Road to the Deep North The Caretaker,,downloadfile-1
The Pope’s Wedding A Slight Ache and other plays,,downloadfile-1
Lear The Collection and The Lover,,downloadfile-1
The Homecoming,,downloadfile-1
John Bowen Tea Party and other plays,,downloadfile-1
Little Boxes Landscape and Silence,,downloadfile-1
The Disorderly Women Old Times,,downloadfile-1
Bertolt Brecht David Selbourne,,downloadfile-1
Mother Courage The Damned,,downloadfile-1
The Caucasian Chalk Circle,,downloadfile-1
The Good Person of Szechwan Jean-Paul Sartre,,downloadfile-1
The Life of Galileo Crime Passionnel,,downloadfile-1
Syd Cheatle Wole Soyinka,,downloadfile-1
Straight Up Madmen and Specialists,,downloadfile-1
Shelagh Delaney Boris Vian,,downloadfile-1
A Taste of Honey The Empire Builders,,downloadfile-1
The Lion in Love Peter Weiss,,downloadfile-1
Max Frisch Trotsky in Exile,,downloadfile-1
The Fire Raisers Theatre Workshop and Charles Chilton,,downloadfile-1
Andorra Oh What a Lovely War,,downloadfile-1
Jean Giraudoux Charles Wood,,downloadfile-1
Tiger at the Gates ‘H’,,downloadfile-1
Veterans,,downloadfile-1
Simon Gray,,downloadfile-1
"Spotled Carl Zuckmayer ee,",,downloadfile-1
Builey The Captain of Kopenick,,downloadfile-1
Lb : Ry p ae .,,downloadfile-1
JOE ORTON was born in Leicester in 1933 and died in 1967. He left school,,downloadfile-1
at sixteen and two years later went to the Royal Academy of Dramatic Art.,,downloadfile-1
"His first play to be staged, Entertaining Mr Sloane, won the London Critics’",,downloadfile-1
"Variety’. Award as the best play of 1964. Loot, his second play to be staged,",,downloadfile-1
won the Evening Standard Drama Award for the best play of 1966. The Ruffian,,downloadfile-1
on the Stairand The Erpingham Camp were performed as a double bill at the,,downloadfile-1
Royal Court Theatre in 1967 under the title Crimes of Passion. His television,,downloadfile-1
"plays, The Good and Faithful Servant and Funeral Games were shown in 1967",,downloadfile-1
"and 1968. What the Butler Saw, his last play, was staged in London in 1969.",,downloadfile-1
A METHUEN MODERN PLAY 60p net in U.K. only,,downloadfile-1
