term,definition,source_file
ملاعلإا تاحلطصم مجعم,,معجم مصطلحات الإعلام
ةيبرعلا ةغللا عمجم,,معجم مصطلحات الإعلام
ةرهاقلا,,معجم مصطلحات الإعلام
م4002-ـه9241,,معجم مصطلحات الإعلام
,,معجم مصطلحات الإعلام
ريدصت,,معجم مصطلحات الإعلام
ظفاح دومحم روتكدلا ذاتسلأل,,معجم مصطلحات الإعلام
عمجملا سيئر,,معجم مصطلحات الإعلام
"فررف "" مرر م رر ررقف ارر ل بررماق ل لاررج مررياذ أررح ىفررر أ أ ىررسي",,معجم مصطلحات الإعلام
". لو س ةدع ىلدق ألع ملصذق ل ميقلا ل فجدوهم ةىقث ،عقمق ف ""ةىفضا ل",,معجم مصطلحات الإعلام
ً,,معجم مصطلحات الإعلام
أ درررا ،بررر ،ق ل ررر و ل أرررح ب،رررعلل مرررال مررر مل ل بفرررقذجل افرررم دررر و,,معجم مصطلحات الإعلام
ةىرريث فررمق أرر ك فررجافف و فهذىفيررسو فجىفرررذ لو فهعويررر مرر مل ل لارره ل ررص,,معجم مصطلحات الإعلام
لادر ب،رعلل فرسو ر بوربذ ار ل ىودر ل ب فراذ مرميذ ةىصفاق ل ف ذفيا أح,,معجم مصطلحات الإعلام
ً,,معجم مصطلحات الإعلام
أررح عررسلو ل فررجىيثفذ فرره أررذ ل في فررضف ل بررث أورري فيلذ لو مررعلالفح محفاررص ف,,معجم مصطلحات الإعلام
.بوي ل ب فع,,معجم مصطلحات الإعلام
بدبذرس ،برماق ل لارج فهقرضي أرذ ل مليصا ل لاج أ يح ر ا لو,,معجم مصطلحات الإعلام
، ريح مرسىل د لو ورا ف أيلاذررق لو أق،علل فمق ل أح أيلقفال ى ةد فح,,معجم مصطلحات الإعلام
ليارص ل أر ىا ل ىري اذ ل ر ةىريث ف سف ق أح ر دبذفذ أذ ل ماسلو ل ىيجفقمل و,,معجم مصطلحات الإعلام
فرررحفبث ل عرررق درررحلو أررر م لىرررث و ،ب،رررعلل مرررا أرررح ولدرررذقو ع فرررر ورررج فرررقع,,معجم مصطلحات الإعلام
.ةدداذق ل فهذفا و ميق فا ل ميق،علل,,معجم مصطلحات الإعلام
فررف مرر م رر بورربذ ىرر ررقا مررقدبق ررقا ل لاررج أورر ي أ ررقلألو,,معجم مصطلحات الإعلام
ةدرريدم مليررصا بورري ل ررذ م فررق أرر ك رر ايررضذ ،مررقدف مررلاىق أررح ةىفررضا ل,,معجم مصطلحات الإعلام
رررلف ذ أرررجو ،مرررقدفب ل لو رررس ل أرررح ب،رررعلل مرررا فرررهلقاذ فالفرررصق ل أرررق,,معجم مصطلحات الإعلام
ةددررمذق ل فرر ذفمفيذالو ىررصا ل ل ررم ق أررع ىرري اذ ل فررمق أررح مررل فج معىررس,,معجم مصطلحات الإعلام
. يح,,معجم مصطلحات الإعلام
افررضع أرق ريلم ل رقا ل لارج أرح بجفرس أرق ر ى رر ف بدربذ فرق,,معجم مصطلحات الإعلام
:بضذ أذ ل ةىفضا ل فف م م أح ا،ملأل عقمق ل,,معجم مصطلحات الإعلام
)للهل قاى – اىل ل ىى بق ل( ىيمذسق دقا .د.,,معجم مصطلحات الإعلام
ىلىبق مرور وىفح .,,معجم مصطلحات الإعلام
ً,,معجم مصطلحات الإعلام
لوضع أ ق ىجفف ل دقا .د.,,معجم مصطلحات الإعلام
ً,,معجم مصطلحات الإعلام
لوضع أفسا بفقذ .د.,,معجم مصطلحات الإعلام
ً,,معجم مصطلحات الإعلام
لوضع ضح ح،ص .د.,,معجم مصطلحات الإعلام
ً,,معجم مصطلحات الإعلام
لوضع عي ى أي سا .د.,,معجم مصطلحات الإعلام
ً,,معجم مصطلحات الإعلام
لوضع ايفل ل د ع مسفقا دقاق .د.,,معجم مصطلحات الإعلام
ً,,معجم مصطلحات الإعلام
لوضع وف ق ل دوقاق .د.,,معجم مصطلحات الإعلام
ً,,معجم مصطلحات الإعلام
ىل ي خ بيجىل ك وىفح سد هق ل .,,معجم مصطلحات الإعلام
ً,,معجم مصطلحات الإعلام
ىل ي خ يلخ دوقاق .د.,,معجم مصطلحات الإعلام
ً,,معجم مصطلحات الإعلام
ىل ي خ ةدفقا أ ويس .د.,,معجم مصطلحات الإعلام
ً,,معجم مصطلحات الإعلام
)أيثاف ىي ( بفع ىيدقو ةىىاق برفج اففص .,,معجم مصطلحات الإعلام
بماق ل لاج جىل خك أح فهحىل رك ألع,,معجم مصطلحات الإعلام
ميدقت,,معجم مصطلحات الإعلام
ةشوش قوراف ملقب,,معجم مصطلحات الإعلام
ةراضحلا ظافلأ ةنجل ررقم,,معجم مصطلحات الإعلام
ىمع ةفكاع ةراضحلا ظافلأ ةنجلو ،تاونس ثلاث نم رثكأ ذنم,,معجم مصطلحات الإعلام
ةغمب اءدب ،ةثيدحلاو ةيديمقتلا ةفمتخملا ايتلااجم يف ،ملاعلإا ةغل تاحمطصم,,معجم مصطلحات الإعلام
ً,,معجم مصطلحات الإعلام
ىتش يف ةمدختسملا ةغملا ىلإ ًلاوصو ،نويزفيمتلاو ةعاذلإا ةغلو ،ةفاحصلا,,معجم مصطلحات الإعلام
.ىللآا بساحلا تاكبش ربع يمقرلا لاصتلاا لاكشأ,,معجم مصطلحات الإعلام
،ةرصاعملاو ةثيدحلا باطخلا ةغل ىمع ،ايسفن ملاعلإا ةغل تضرف دقو,,معجم مصطلحات الإعلام
انتاعمتجم يف يوغملا مادختسلاا رئاود نم ةيسيئر ىربك ةرئاد لثمت تحبصأو,,معجم مصطلحات الإعلام
لحرا لا اىررقم ديع يف -ةراضحلا ظافلأ ةنجل ىمع ضرف يذلا رملأا .ةثيدحلا,,معجم مصطلحات الإعلام
ةغملا هذى وتزرفأ ام عم لماعتلا يف أدبت نأ -ريجتسم دمحأ روتكدلا ريبكلا ملاعلا,,معجم مصطلحات الإعلام
ةيبرتلا تاحمطصم نم ايئايتنا روف ،ةديدج ريباعتو تادرفمو تاحمطصم نم,,معجم مصطلحات الإعلام
.تاونسلا نم ددع ةميط ايب تمغش ىتلا ةيضايرلا,,معجم مصطلحات الإعلام
ديدج ىمع حابص لك وينذأو وينيع حتفي ملاعلا نأ ويف كش لا يذلاو,,معجم مصطلحات الإعلام
ايعلاطن ةفيحص للاخ نم ،ملاعلإا ةغل يف لامعتسلاا تلااجم لخدي,,معجم مصطلحات الإعلام
بساحلا ةزيجأ ربع وأ اينيب لقنتن تايئاضف وأ وعباتن نويزفيمت وأ ةعاذإ وأ,,معجم مصطلحات الإعلام
،ملاعلا نم ناكم لك ىلإ قربلا ةعرسب ديدجلا اذى لقتنيو .تنرتنلإا ةكبشو يللآا,,معجم مصطلحات الإعلام
.ةيبر علا انتغل اينيب نمو ،ةفمتخملا تاغمل ةبسنلاب ايًّموي ايدحت لكشيل,,معجم مصطلحات الإعلام
ً,,معجم مصطلحات الإعلام
انبكوكو ،يلاصتا رصع ونأب فصوي ويف شيعن يذلا انرصع حبصأ دقل,,معجم مصطلحات الإعلام
تممح يتلا ،ةمئايلا ةيلاصتلاا ةروثلا هذيل ةجيتن ،ةريغص ةيرق ونأب نلآا فصوي,,معجم مصطلحات الإعلام
ةماعلا ةايحلا ظافلأو ةيملاعلإا تادرفملاو تاحمطصملا نم ةفلؤم اًفولأ ايعم,,معجم مصطلحات الإعلام
ضينت نأ ،ةفاك ةيبرعلا عماجملابو ،انعمجمب بييي ام وىو .ةديدجلا ريباعتلاو,,معجم مصطلحات الإعلام
ىمع ،ةفمتخملا ملاعلإا تلااجم يف نيمماعلا ةدعاسمو ،يبرعلا لباقملا عضوب,,معجم مصطلحات الإعلام
نيذلا صوصخلا وجو ىمعو ةحيحصلا ةيوغملا ةيعجرملا مييديأ نيب نوكت نأ,,معجم مصطلحات الإعلام
، تايئاضفلاو نويزفيمتلاو ةعاذلإاو ةفاحصلا يف رابخلأا عنص لاجم يف نوممعي,,معجم مصطلحات الإعلام
باحصأ طشنيو عماجملا كرحتت ىتح اورظتني نأ وباحصأ عيطتسي لا لاجم وىو,,معجم مصطلحات الإعلام
ربع ةيمويلا ةيرابخلإا جمرا بلاو رابخلأا ترا شنب قاحملاب نوبلاطم مينلأ ،يرأ لا,,معجم مصطلحات الإعلام
نمم نيريثك دويجل ةنيدم ةرصاعملاو ةثيدحلا ةيبرعلا انتغلو .نمزلا نم ةميمق قئاقد,,معجم مصطلحات الإعلام
يف ،مويلا ىتحو رشع عساتلا نرقلا تايادب ذنم يفحصلا لاجملا ىف اوممع,,معجم مصطلحات الإعلام
اعاستا رثكأ ايمعجو ،ةيبرعلا ةغملا نتم ىلإ ملاعلإا ةغل جاتن نم ريثكلا ةفاضإ,,معجم مصطلحات الإعلام
ً,,معجم مصطلحات الإعلام
.ةحمملاو ةددجتملا وبلاطمب ضوينلا ىمع ةردق رثكأو ،رصعلا تاجايتحلا,,معجم مصطلحات الإعلام
اومصاوت ،عمجملا ءاضعأ نم ةريبك ةبخن ةراضحلا ظافلأ ةنجمل حيتأ دقو,,معجم مصطلحات الإعلام
،ةددعتملا وتلااجم يف ملاعلإا ءرا بخ نم ةثلاثو ،ةفمتخم ةينمز لحرا م يف ايعم,,معجم مصطلحات الإعلام
وىو مييناث امأ ،ةريصق ةكراشم دعب ميثلاث عطقناو ،طوشلا ةيادب يف ميلوأ فقوت,,معجم مصطلحات الإعلام
ويف ةرىاقلا ةعماج ملاعلإا ةيمكب ذاتسلأا ليمخ دومحم روتكدلا زيمتملا ريبخلا,,معجم مصطلحات الإعلام
ىمع ضرعمل ةزىاج نوكتل تاحمطصملا هذى دادعإ يف يسيئرلا ديجلاب ماق يذلا,,معجم مصطلحات الإعلام
ةيحتلا بجوتسي يذلا رملأا ثلاثلا تاونسلا هذى للاخ اىررا قاو ايتشقانمل ةنجملا,,معجم مصطلحات الإعلام
.ريدقتلاو,,معجم مصطلحات الإعلام
ىلولأا ةميصحلا هذى تزجنأ يتلا ةراضحلا ظافلأ ةنجل ىلإ ريشا نأ ىقبي,,معجم مصطلحات الإعلام
:مضت يتلاو ،ملاعلإا تاحمطصم نم,,معجم مصطلحات الإعلام
)للها ومحر – لحرا لا ررقملا( ريجتسم دمحأ .د.أ,,معجم مصطلحات الإعلام
رارقم ةشوش قوراف .أ,,معجم مصطلحات الإعلام
ً,,معجم مصطلحات الإعلام
اوضع ىكم رىاطلا دمحأ .د.أ,,معجم مصطلحات الإعلام
ً,,معجم مصطلحات الإعلام
اوضع ناسح مامت .د.أ,,معجم مصطلحات الإعلام
ً,,معجم مصطلحات الإعلام
اوضع لضف حلاص .د.أ,,معجم مصطلحات الإعلام
ً,,معجم مصطلحات الإعلام
اوضع عيبر نينسح .د.أ,,معجم مصطلحات الإعلام
ً,,معجم مصطلحات الإعلام
اوضع فيطملا دبع ةسامح دمحم .د.أ,,معجم مصطلحات الإعلام
ً,,معجم مصطلحات الإعلام
اوضع ىوانملا دومحم .د.أ,,معجم مصطلحات الإعلام
ً,,معجم مصطلحات الإعلام
را يبخ ميىرا بإ قوراف سدنيملا .أ,,معجم مصطلحات الإعلام
ً,,معجم مصطلحات الإعلام
را يبخ ليمخ دومحم .د.أ,,معجم مصطلحات الإعلام
ً,,معجم مصطلحات الإعلام
را يبخ ةدامح ىنويسب .د.أ,,معجم مصطلحات الإعلام
ً,,معجم مصطلحات الإعلام
)نيثحاب ريبك( ماع ريدمو ةررحم مشاى ءافص .أ,,معجم مصطلحات الإعلام
مجعملا اذى جرا خإ ىمع ةفرشملا,,معجم مصطلحات الإعلام
ىبرعلا درسملا,,معجم مصطلحات الإعلام
ةداج رابخأ,,معجم مصطلحات الإعلام
أ,,معجم مصطلحات الإعلام
hard news,,معجم مصطلحات الإعلام
ةفيفخ رابخأ,,معجم مصطلحات الإعلام
"""ىفحص زرابإ"" زرابإ",,معجم مصطلحات الإعلام
soft news,,معجم مصطلحات الإعلام
emphasis,,معجم مصطلحات الإعلام
ةراس رابخأ,,معجم مصطلحات الإعلام
)فلاعلإا ىف( ىلاحلا هاجتلاا,,معجم مصطلحات الإعلام
good news,,معجم مصطلحات الإعلام
running attitude,,معجم مصطلحات الإعلام
ةئيس رابخأ,,معجم مصطلحات الإعلام
ىفرعم ؽاستا,,معجم مصطلحات الإعلام
bad news,,معجم مصطلحات الإعلام
cognitive consistency,,معجم مصطلحات الإعلام
ةمتتلا رابتخا,,معجم مصطلحات الإعلام
ّ ىومنت ؿاصتا,,معجم مصطلحات الإعلام
close procedure,,معجم مصطلحات الإعلام
development communication,,معجم مصطلحات الإعلام
ةشاش رابتخا ىباطخِ ؿاصتا,,معجم مصطلحات الإعلام
screen test,,معجم مصطلحات الإعلام
discoursive communication,,معجم مصطلحات الإعلام
ءابنلأا رخآ,,معجم مصطلحات الإعلام
ىعافد ؿاصتا,,معجم مصطلحات الإعلام
latest news,,معجم مصطلحات الإعلام
defensive communication,,معجم مصطلحات الإعلام
جراخإ,,معجم مصطلحات الإعلام
ىناكس ؿاصتا,,معجم مصطلحات الإعلام
direction,,معجم مصطلحات الإعلام
population communication,,معجم مصطلحات الإعلام
تايقلاخأ وجِ اوم ؿاصتا,,معجم مصطلحات الإعلام
ُ,,معجم مصطلحات الإعلام
ethics,,معجم مصطلحات الإعلام
face to face communication,,معجم مصطلحات الإعلام
ىفحص ؼيشرأ,,معجم مصطلحات الإعلام
ةيبتكم ةَتمْتَأ,,معجم مصطلحات الإعلام
press archive,,معجم مصطلحات الإعلام
office automation,,معجم مصطلحات الإعلام
رايتخا ةءاسإ,,معجم مصطلحات الإعلام
ؾر,,معجم مصطلحات الإعلام
َ,,معجم مصطلحات الإعلام
شّ لا رثأ,,معجم مصطلحات الإعلام
miscast,,معجم مصطلحات الإعلام
trap effect,,معجم مصطلحات الإعلام
ةنابتسا,,معجم مصطلحات الإعلام
ةفيحصلا باجتحا,,معجم مصطلحات الإعلام
mail questionnaire,,معجم مصطلحات الإعلام
demise,,معجم مصطلحات الإعلام
تاعابشلإاو تامادختسلاا,,معجم مصطلحات الإعلام
ةراجتلاو ؿاملا رابخأ,,معجم مصطلحات الإعلام
uses and gratifications,,معجم مصطلحات الإعلام
business news,,معجم مصطلحات الإعلام
ىرألا تاعلاطتسا,,معجم مصطلحات الإعلام
ةيومنت رابخأ,,معجم مصطلحات الإعلام
opinion polls,,معجم مصطلحات الإعلام
developmental news,,معجم مصطلحات الإعلام
ةرهاقلاب ةيبرعلا ةغللا عمجم,,معجم مصطلحات الإعلام
ةرماغ ةءاضإ ىفاقث رامعتسا,,معجم مصطلحات الإعلام
flood lights cultural imperialism,,معجم مصطلحات الإعلام
ةدكِّؤم ةءاضإ ؽئاقحلا ءاصقتسا,,معجم مصطلحات الإعلام
ُ,,معجم مصطلحات الإعلام
accent light fact finding,,معجم مصطلحات الإعلام
ةرشابم ةءاضإ ذيفنتلا ويدوتسأ,,معجم مصطلحات الإعلام
direct lighting execution studio,,معجم مصطلحات الإعلام
ةزكِّرم ةءاضإ باعيتسا,,معجم مصطلحات الإعلام
ُ,,معجم مصطلحات الإعلام
hard lighting comprehension,,معجم مصطلحات الإعلام
)ةيرابخإ( ةفاضإ ىفحص بومسأ,,معجم مصطلحات الإعلام
adds journalese,,معجم مصطلحات الإعلام
)رداك( راطإ ىوسنِ بومسأ,,معجم مصطلحات الإعلام
ْ,,معجم مصطلحات الإعلام
frame female style,,معجم مصطلحات الإعلام
ةيرابخإ رطأ ةيبومسلأا,,معجم مصطلحات الإعلام
ٌ,,معجم مصطلحات الإعلام
news frameworks stylistics,,معجم مصطلحات الإعلام
ىجراخ ـلاعإ ىراجت ـسا,,معجم مصطلحات الإعلام
foreign information brand name,,معجم مصطلحات الإعلام
فلاعإ راعتسم ـسا,,معجم مصطلحات الإعلام
advertisement (ad) pen name,,معجم مصطلحات الإعلام
ىسايس فلاعإ ةراشإ,,معجم مصطلحات الإعلام
political advertising signal,,معجم مصطلحات الإعلام
ىناجم فلاعإ عاعشإ,,معجم مصطلحات الإعلام
plug radiation,,معجم مصطلحات الإعلام
ةبوبم تانلاعإ ةيمامأ ةءاضإ,,معجم مصطلحات الإعلام
َُّ,,معجم مصطلحات الإعلام
classified advertising front lighting,,معجم مصطلحات الإعلام
ةيحاتتفا ةيفمخ ةءاضإ,,معجم مصطلحات الإعلام
editorial back lighting,,معجم مصطلحات الإعلام
ئطاخ سابتقا ةماع ةءاضإ,,معجم مصطلحات الإعلام
misquote foundation lighting,,معجم مصطلحات الإعلام
2,,معجم مصطلحات الإعلام
ملاعلإا تاحلطصم مجعم,,معجم مصطلحات الإعلام
ـلاعلإا تايداصتقا,,معجم مصطلحات الإعلام
ب,,معجم مصطلحات الإعلام
media economics,,معجم مصطلحات الإعلام
زراب,,معجم مصطلحات الإعلام
عانقإ,,معجم مصطلحات الإعلام
prominent,,معجم مصطلحات الإعلام
persuasion,,معجم مصطلحات الإعلام
... عم ؾراتشلااب,,معجم مصطلحات الإعلام
ىراعتسا عانقإ,,معجم مصطلحات الإعلام
co-staring,,معجم مصطلحات الإعلام
metaphorical persuasion,,معجم مصطلحات الإعلام
ـاعلا ىرألا ثوحب,,معجم مصطلحات الإعلام
ؼيرحتلاب ؿامكإ,,معجم مصطلحات الإعلام
public opinion research,,معجم مصطلحات الإعلام
interpolation,,معجم مصطلحات الإعلام
ؽوسلا ثوحب,,معجم مصطلحات الإعلام
ةكرمأ,,معجم مصطلحات الإعلام
market research,,معجم مصطلحات الإعلام
americanization,,معجم مصطلحات الإعلام
ىقمتملا ثوحب,,معجم مصطلحات الإعلام
هابتنا,,معجم مصطلحات الإعلام
audience research,,معجم مصطلحات الإعلام
attention,,معجم مصطلحات الإعلام
ةينقت جمراب,,معجم مصطلحات الإعلام
ّ ةيسائر تاباختنا,,معجم مصطلحات الإعلام
technique programs,,معجم مصطلحات الإعلام
presidential election,,معجم مصطلحات الإعلام
ةيلدج جمراب,,معجم مصطلحات الإعلام
ّ رابخلأا ءاقتنا,,معجم مصطلحات الإعلام
argument programs,,معجم مصطلحات الإعلام
news selection,,معجم مصطلحات الإعلام
ةيجوم جمراب,,معجم مصطلحات الإعلام
ّ ىتاذلا جامدنلاا,,معجم مصطلحات الإعلام
foreign service,,معجم مصطلحات الإعلام
ego involvement,,معجم مصطلحات الإعلام
ىرابخإ جمانرب,,معجم مصطلحات الإعلام
ـلاعلإا ؿئاسو جامدنا,,معجم مصطلحات الإعلام
news program,,معجم مصطلحات الإعلام
media convergence,,معجم مصطلحات الإعلام
صوصنلا ؿيمحت جمانرب,,معجم مصطلحات الإعلام
ةيئراقنا,,معجم مصطلحات الإعلام
text analyzer,,معجم مصطلحات الإعلام
readability,,معجم مصطلحات الإعلام
ىنورتكلإ ؿودج جمانرب,,معجم مصطلحات الإعلام
)ةينويزفيمت امراد( فوباصلا رابوأ,,معجم مصطلحات الإعلام
spreadsheet software,,معجم مصطلحات الإعلام
soap opera,,معجم مصطلحات الإعلام
ؼيفخ جمانرب,,معجم مصطلحات الإعلام
ءاحيإ,,معجم مصطلحات الإعلام
light program,,معجم مصطلحات الإعلام
suggestion,,معجم مصطلحات الإعلام
ءاويلا ىمع جمانر ب,,معجم مصطلحات الإعلام
live program,,معجم مصطلحات الإعلام
3,,معجم مصطلحات الإعلام
ةرهاقلاب ةيبرعلا ةغللا عمجم,,معجم مصطلحات الإعلام
ت ةباتكلا ؿبق ام جمانرب,,معجم مصطلحات الإعلام
prewriting computer,,معجم مصطلحات الإعلام
ريثأت,,معجم مصطلحات الإعلام
effect program,,معجم مصطلحات الإعلام
ـلاعلإا ؿئاسو ريثأت ءراقلا ديرب,,معجم مصطلحات الإعلام
media impact,,معجم مصطلحات الإعلام
letters to the editor,,معجم مصطلحات الإعلام
ءرالآا ؿدابت,,معجم مصطلحات الإعلام
exchange of views )ؼرحلا ـجح( طنب,,معجم مصطلحات الإعلام
ُ,,معجم مصطلحات الإعلام
رايماكلا ديعبت point,,معجم مصطلحات الإعلام
dolly out,,معجم مصطلحات الإعلام
ضيبأ طنب,,معجم مصطلحات الإعلام
ُ,,معجم مصطلحات الإعلام
ةركفلا ىنبت,,معجم مصطلحات الإعلام
light face,,معجم مصطلحات الإعلام
adoption of the idea,,معجم مصطلحات الإعلام
بذاك فايب,,معجم مصطلحات الإعلام
تيبثت,,معجم مصطلحات الإعلام
misstatement,,معجم مصطلحات الإعلام
fixing,,معجم مصطلحات الإعلام
ةيطغتلا تانايب,,معجم مصطلحات الإعلام
ةيونعملا حورلا طيبثت,,معجم مصطلحات الإعلام
covering statements,,معجم مصطلحات الإعلام
demoralization,,معجم مصطلحات الإعلام
اكيب,,معجم مصطلحات الإعلام
ؼيقثت,,معجم مصطلحات الإعلام
pica,,معجم مصطلحات الإعلام
cultivation,,معجم مصطلحات الإعلام
ةفاقثلا تويب,,معجم مصطلحات الإعلام
)ةفورب( ةيعابط ةبرجت,,معجم مصطلحات الإعلام
houses of culture,,معجم مصطلحات الإعلام
proof,,معجم مصطلحات الإعلام
بيرجت,,معجم مصطلحات الإعلام
trial,,معجم مصطلحات الإعلام
عبطلا تحت,,معجم مصطلحات الإعلام
in press,,معجم مصطلحات الإعلام
4,,معجم مصطلحات الإعلام
ملاعلإا تاحلطصم مجعم,,معجم مصطلحات الإعلام
ةيكمملا زيكرت,,معجم مصطلحات الإعلام
ةيميظنتلا دويقلا فم ررحت,,معجم مصطلحات الإعلام
concentration of ownership,,معجم مصطلحات الإعلام
deregulation,,معجم مصطلحات الإعلام
ؽيوست,,معجم مصطلحات الإعلام
marketing ؼيرحت,,معجم مصطلحات الإعلام
ةيملاعإ تاعيرشت distortion,,معجم مصطلحات الإعلام
information legislations,,معجم مصطلحات الإعلام
ىبدأ ؽيقحت,,معجم مصطلحات الإعلام
ريفشت,,معجم مصطلحات الإعلام
encoding literary reportage,,معجم مصطلحات الإعلام
فايب ، حيرصت تاحورطلأا ؿيمحت,,معجم مصطلحات الإعلام
statement,,معجم مصطلحات الإعلام
argumentation analysis,,معجم مصطلحات الإعلام
تاحفصلا ـيمصت,,معجم مصطلحات الإعلام
layout ىناثلا ؿيمحتلا,,معجم مصطلحات الإعلام
ثحب ـيمصت second analysis,,معجم مصطلحات الإعلام
research design,,معجم مصطلحات الإعلام
باطخِ لا ؿيمحت,,معجم مصطلحات الإعلام
ةيصخشلا ريوصت,,معجم مصطلحات الإعلام
discourse analysis,,معجم مصطلحات الإعلام
characterization,,معجم مصطلحات الإعلام
ىملاعإ ؿيمضت فومضملا ؿيمحت,,معجم مصطلحات الإعلام
misinformation,,معجم مصطلحات الإعلام
content analysis,,معجم مصطلحات الإعلام
صراعت,,معجم مصطلحات الإعلام
ُ ـُظنُّلا ؿيمحت,,معجم مصطلحات الإعلام
contest,,معجم مصطلحات الإعلام
system analysis,,معجم مصطلحات الإعلام
ةيددعت,,معجم مصطلحات الإعلام
ىمبقتسم ؿيمحت,,معجم مصطلحات الإعلام
pluralism,,معجم مصطلحات الإعلام
future analysis,,معجم مصطلحات الإعلام
ؿيدعت,,معجم مصطلحات الإعلام
داضم ريبدت,,معجم مصطلحات الإعلام
modulation,,معجم مصطلحات الإعلام
counter measure,,معجم مصطلحات الإعلام
ؼعاضم ضيرعت,,معجم مصطلحات الإعلام
ةيفحص ةمجرت,,معجم مصطلحات الإعلام
double exposure,,معجم مصطلحات الإعلام
journalistic translation,,معجم مصطلحات الإعلام
فلاعلإا ةفيرعت,,معجم مصطلحات الإعلام
)جاتنوموتوف( روصلا بيكرت,,معجم مصطلحات الإعلام
advertising rate,,معجم مصطلحات الإعلام
photomontage,,معجم مصطلحات الإعلام
5,,معجم مصطلحات الإعلام
ةرهاقلاب ةيبرعلا ةغللا عمجم,,معجم مصطلحات الإعلام
ئطاخ ريرقت ـسر وأ ةروص ىمع ؽيمعت,,معجم مصطلحات الإعلام
misreport caption,,معجم مصطلحات الإعلام
ىربخ ريرقت ةعقوتم ةيدغت,,معجم مصطلحات الإعلام
news report feed forward,,معجم مصطلحات الإعلام
تامومعم ريرقت ةدترم ةيذغت,,معجم مصطلحات الإعلام
information report feedback,,معجم مصطلحات الإعلام
ةيصخشلا صمَُّقَت ةيرابخإ ةيطغت,,معجم مصطلحات الإعلام
character in(to) news coverage,,معجم مصطلحات الإعلام
ىسرأ ؿماكت ةيمعافت ةيطغت,,معجم مصطلحات الإعلام
vertical integration interactive coverage,,معجم مصطلحات الإعلام
ىملاعإ ؿتكت ةيح ةيطغت,,معجم مصطلحات الإعلام
conglomerate live coverage,,معجم مصطلحات الإعلام
بيذكت ةيمقر ةيطغت,,معجم مصطلحات الإعلام
denial digital coverage,,معجم مصطلحات الإعلام
ىمسر بيذكت ةقمعتم ةيطغت,,معجم مصطلحات الإعلام
formal denial in-depth coverage,,معجم مصطلحات الإعلام
رراكت ةثدَّحم ةيطغت,,معجم مصطلحات الإعلام
َ ُ,,معجم مصطلحات الإعلام
repetition updated coverage,,معجم مصطلحات الإعلام
ؿاصتلااو تامومعملا ايجولونكت ةيعوضوم ةيطغت,,معجم مصطلحات الإعلام
Information and objective coverage,,معجم مصطلحات الإعلام
communication technologies,,معجم مصطلحات الإعلام
رييغت,,معجم مصطلحات الإعلام
(I.C.T),,معجم مصطلحات الإعلام
flipping,,معجم مصطلحات الإعلام
ىجيردت شٍ لات,,معجم مصطلحات الإعلام
ّ رايماكلا بيرقت,,معجم مصطلحات الإعلام
fade out,,معجم مصطلحات الإعلام
dolly in,,معجم مصطلحات الإعلام
تامومعملاب بعلاتلا,,معجم مصطلحات الإعلام
ىئاصقتسا ريرقت,,معجم مصطلحات الإعلام
information manipulation,,معجم مصطلحات الإعلام
investigative report,,معجم مصطلحات الإعلام
ةماعلا ةمدخلا فويزفيمت,,معجم مصطلحات الإعلام
ةعباتملا ريرقت,,معجم مصطلحات الإعلام
public service TV,,معجم مصطلحات الإعلام
continuity sheet,,معجم مصطلحات الإعلام
6,,معجم مصطلحات الإعلام
ملاعلإا تاحلطصم مجعم,,معجم مصطلحات الإعلام
ةيسفنلا برحلا ح,,معجم مصطلحات الإعلام
psychological war,,معجم مصطلحات الإعلام
رتوتلا فم ررحتلا تاجاح,,معجم مصطلحات الإعلام
ىنامور ؼرح tension release needs,,معجم مصطلحات الإعلام
roman ىعامتجا ؿماكت تاجاح,,معجم مصطلحات الإعلام
social integrative needs,,معجم مصطلحات الإعلام
رايماكلا ةكرح,,معجم مصطلحات الإعلام
ىصخش ؿماكت تاجاح,,معجم مصطلحات الإعلام
camera movement personal integrative needs,,معجم مصطلحات الإعلام
ةئيطب ةكرح ةيفرعم تاجاح,,معجم مصطلحات الإعلام
cognitive needs,,معجم مصطلحات الإعلام
slow motion,,معجم مصطلحات الإعلام
ةينادجو تاجاح,,معجم مصطلحات الإعلام
فيوانعلا ؼورح affective needs,,معجم مصطلحات الإعلام
display type رايماكلا ةمماح,,معجم مصطلحات الإعلام
dolly,,معجم مصطلحات الإعلام
ريبعتلا ةيرح,,معجم مصطلحات الإعلام
تبََّثم ربحِ,,معجم مصطلحات الإعلام
ُ,,معجم مصطلحات الإعلام
freedom of speech,,معجم مصطلحات الإعلام
encaustic ink,,معجم مصطلحات الإعلام
ةفاحصلا ةيرح ةيمتحلا,,معجم مصطلحات الإعلام
determinism,,معجم مصطلحات الإعلام
liberty of the press,,معجم مصطلحات الإعلام
ةجح,,معجم مصطلحات الإعلام
ّ ُ,,معجم مصطلحات الإعلام
ايمادختسا ءاسملا ةفاحصلا ةيرح argument,,معجم مصطلحات الإعلام
ُ,,معجم مصطلحات الإعلام
abused freedom of press ىدصلا ةرجح,,معجم مصطلحات الإعلام
ْ ُ,,معجم مصطلحات الإعلام
echo chamber,,معجم مصطلحات الإعلام
دقنلا ةيرح,,معجم مصطلحات الإعلام
ءراضخ ةرجح,,معجم مصطلحات الإعلام
ْ ُ,,معجم مصطلحات الإعلام
freedom of criticism,,معجم مصطلحات الإعلام
green room,,معجم مصطلحات الإعلام
وشح ثدح,,معجم مصطلحات الإعلام
episode,,معجم مصطلحات الإعلام
redundancy,,معجم مصطلحات الإعلام
ثدح,,معجم مصطلحات الإعلام
event,,معجم مصطلحات الإعلام
9,,معجم مصطلحات الإعلام
ةرهاقلاب ةيبرعلا ةغللا عمجم,,معجم مصطلحات الإعلام
خ ىرصح,,معجم مصطلحات الإعلام
ّ ْ َ,,معجم مصطلحات الإعلام
exclusive,,معجم مصطلحات الإعلام
ؿجاع ربخ,,معجم مصطلحات الإعلام
breaking news,,معجم مصطلحات الإعلام
زفح,,معجم مصطلحات الإعلام
ـيدق ربخ,,معجم مصطلحات الإعلام
motivation,,معجم مصطلحات الإعلام
outdated news,,معجم مصطلحات الإعلام
ريصق ربخ,,معجم مصطلحات الإعلام
ىبدأ ؽح,,معجم مصطلحات الإعلام
spot news,,معجم مصطلحات الإعلام
literary property,,معجم مصطلحات الإعلام
رسَفم ربخ,,معجم مصطلحات الإعلام
ّ ُ ٌ,,معجم مصطلحات الإعلام
interpreted news,,معجم مصطلحات الإعلام
ةيصوصخلا ؽح,,معجم مصطلحات الإعلام
عادخ,,معجم مصطلحات الإعلام
cheat privacy right,,معجم مصطلحات الإعلام
عادخ,,معجم مصطلحات الإعلام
رشنلا ؽح,,معجم مصطلحات الإعلام
tricking,,معجم مصطلحات الإعلام
copyright,,معجم مصطلحات الإعلام
ةصخصخ,,معجم مصطلحات الإعلام
privatization ةيباختنا ةممح,,معجم مصطلحات الإعلام
election campaign,,معجم مصطلحات الإعلام
فخاس طخ,,معجم مصطلحات الإعلام
hot line,,معجم مصطلحات الإعلام
ةيقيوست ةممح,,معجم مصطلحات الإعلام
باطخِ,,معجم مصطلحات الإعلام
marketing campaign,,معجم مصطلحات الإعلام
discourse,,معجم مصطلحات الإعلام
ةيسائر ةممح,,معجم مصطلحات الإعلام
دعم باطخ,,معجم مصطلحات الإعلام
َُّ presidential campaign,,معجم مصطلحات الإعلام
set speech,,معجم مصطلحات الإعلام
ؽوطنم باطخ ةيفحص ةممح,,معجم مصطلحات الإعلام
spoken discourse journalistic campaign,,معجم مصطلحات الإعلام
طاطخ ةيصخش راوح,,معجم مصطلحات الإعلام
calligrapher,,معجم مصطلحات الإعلام
personality interview,,معجم مصطلحات الإعلام
داوسلا ىلإ ةروصلا ضفخ,,معجم مصطلحات الإعلام
ةيئامنيس ةميحِ,,معجم مصطلحات الإعلام
fade to black,,معجم مصطلحات الإعلام
shooting trick,,معجم مصطلحات الإعلام
ىجيردت ضفخ,,معجم مصطلحات الإعلام
ّ,,معجم مصطلحات الإعلام
fade down,,معجم مصطلحات الإعلام
ةصلاخ,,معجم مصطلحات الإعلام
Synopsis,,معجم مصطلحات الإعلام
01,,معجم مصطلحات الإعلام
ملاعلإا تاحلطصم مجعم,,معجم مصطلحات الإعلام
ذ د,,معجم مصطلحات الإعلام
ةيللادِ ةركاذ,,معجم مصطلحات الإعلام
ةيلاصتا ةرئاد,,معجم مصطلحات الإعلام
semantic memory,,معجم مصطلحات الإعلام
channel of communication,,معجم مصطلحات الإعلام
ىدملا ةميوط ةركاذ,,معجم مصطلحات الإعلام
عفاد,,معجم مصطلحات الإعلام
long term memory,,معجم مصطلحات الإعلام
motive,,معجم مصطلحات الإعلام
ىدملا ةريصق ةركاذ,,معجم مصطلحات الإعلام
ةجمبد,,معجم مصطلحات الإعلام
َْ,,معجم مصطلحات الإعلام
short term memory,,معجم مصطلحات الإعلام
dubbing,,معجم مصطلحات الإعلام
رايماكلا عراذ,,معجم مصطلحات الإعلام
ةياعد,,معجم مصطلحات الإعلام
camera boom,,معجم مصطلحات الإعلام
propaganda,,معجم مصطلحات الإعلام
ةيدامر ةياعد,,معجم مصطلحات الإعلام
gray propaganda,,معجم مصطلحات الإعلام
ةداضم ةياعد,,معجم مصطلحات الإعلام
anti propaganda,,معجم مصطلحات الإعلام
ؿيلد,,معجم مصطلحات الإعلام
guidebook,,معجم مصطلحات الإعلام
)بيولا( ةكبشلا ؿيلد,,معجم مصطلحات الإعلام
web directory,,معجم مصطلحات الإعلام
)ريرحتلا ةعاق( ؾسيدِ,,معجم مصطلحات الإعلام
ْ,,معجم مصطلحات الإعلام
desk,,معجم مصطلحات الإعلام
ةينورتكلإ ةيطراقميد,,معجم مصطلحات الإعلام
electronic democracy,,معجم مصطلحات الإعلام
ةيلرابيل ةيطراقميد,,معجم مصطلحات الإعلام
"democracy, liberal",,معجم مصطلحات الإعلام
ةظفاحم ةيطراقميد,,معجم مصطلحات الإعلام
"democracy, conservative",,معجم مصطلحات الإعلام
11,,معجم مصطلحات الإعلام
ةرهاقلاب ةيبرعلا ةغللا عمجم,,معجم مصطلحات الإعلام
ز ر,,معجم مصطلحات الإعلام
رايماكلا ةيوزا,,معجم مصطلحات الإعلام
ريوصتلا ؽيرف سيئر,,معجم مصطلحات الإعلام
camera angle,,معجم مصطلحات الإعلام
chief camera man,,معجم مصطلحات الإعلام
)ؿتاسلا ويدرا( ىئاضف ويدرا,,معجم مصطلحات الإعلام
س satellite radio,,معجم مصطلحات الإعلام
ىورالا,,معجم مصطلحات الإعلام
ىئاحيإ ؿاؤس,,معجم مصطلحات الإعلام
narrator,,معجم مصطلحات الإعلام
leading question,,معجم مصطلحات الإعلام
ـاعلا ىرألا,,معجم مصطلحات الإعلام
ىف( ةدىاشملا ةورذ تاعاس,,معجم مصطلحات الإعلام
public opinion,,معجم مصطلحات الإعلام
)فويزفيمتلا,,معجم مصطلحات الإعلام
peak viewing hours فماك ـاع ىرأ,,معجم مصطلحات الإعلام
latent public opinion,,معجم مصطلحات الإعلام
ىفحص ريتركس,,معجم مصطلحات الإعلام
press secretary ؼرطتم ىرأ,,معجم مصطلحات الإعلام
ٌ,,معجم مصطلحات الإعلام
extreme opinion,,معجم مصطلحات الإعلام
"ةيفحصلا ""تيناج"" ةمسمس",,معجم مصطلحات الإعلام
"chain, Gannet ةلاسر",,معجم مصطلحات الإعلام
message,,معجم مصطلحات الإعلام
ةعبرالا ةطمسلا,,معجم مصطلحات الإعلام
fourth estate ةيئاحيإ ةلاسر,,معجم مصطلحات الإعلام
ةيلرابيل ةيوطمس suggestive message,,معجم مصطلحات الإعلام
ُ,,معجم مصطلحات الإعلام
"authoritarianism, liberal",,معجم مصطلحات الإعلام
ريكذت ةلاسر,,معجم مصطلحات الإعلام
ةظفاحم ةيوطمس reminder letter,,معجم مصطلحات الإعلام
ُ,,معجم مصطلحات الإعلام
"authoritarianism,",,معجم مصطلحات الإعلام
ةناصحلا عفر,,معجم مصطلحات الإعلام
conservative,,معجم مصطلحات الإعلام
lifting immunity,,معجم مصطلحات الإعلام
ىريىامج ؾومس,,معجم مصطلحات الإعلام
mass behavior يجيردت عفر,,معجم مصطلحات الإعلام
ّ,,معجم مصطلحات الإعلام
fade up,,معجم مصطلحات الإعلام
ةيملاعإ ةسايس,,معجم مصطلحات الإعلام
communication policy ةباقرِ,,معجم مصطلحات الإعلام
censorship,,معجم مصطلحات الإعلام
ريرحتلا ةسايس,,معجم مصطلحات الإعلام
editorial policy ةيريىامج ةباقر,,معجم مصطلحات الإعلام
mass control,,معجم مصطلحات الإعلام
)ىمبقتسم روصت( ويرانيس,,معجم مصطلحات الإعلام
scenario ىعامتجا زمر,,معجم مصطلحات الإعلام
بوكس امنيس social symbol,,معجم مصطلحات الإعلام
cinemascope,,معجم مصطلحات الإعلام
02,,معجم مصطلحات الإعلام
ملاعلإا تاحلطصم مجعم,,معجم مصطلحات الإعلام
ص ش,,معجم مصطلحات الإعلام
جذامنلا عناص تايونعملا طيبثت تاعئاش,,معجم مصطلحات الإعلام
model maker demoralization rumors,,معجم مصطلحات الإعلام
ةيريسفت ةفاحص ةعئاش,,معجم مصطلحات الإعلام
interpretative journalism rumour / rumor,,معجم مصطلحات الإعلام
ةيركسع ةفاحص ىسايسلا عراشلا,,معجم مصطلحات الإعلام
military journalism political street,,معجم مصطلحات الإعلام
)فيلا فوُأ( طخلا ىمع ةفاحص فايعِ دىاش,,معجم مصطلحات الإعلام
ْ,,معجم مصطلحات الإعلام
online journalism eyewitness,,معجم مصطلحات الإعلام
ةراثلإا ؼحص ةيعاذإ ةكبش,,معجم مصطلحات الإعلام
ُ,,معجم مصطلحات الإعلام
dreadful papers broadcast network,,معجم مصطلحات الإعلام
ةيبعش ؼحص ةيعاذإ ةكبش,,معجم مصطلحات الإعلام
ُ,,معجم مصطلحات الإعلام
popular press radio network,,معجم مصطلحات الإعلام
ءرافص ؼحص ) فاو ( ةعستم ةكبش,,معجم مصطلحات الإعلام
ْ َ,,معجم مصطلحات الإعلام
yellow papers wide area network ( WAN ),,معجم مصطلحات الإعلام
ىربك ؼحص )فلا( ةيمحم ةكبش,,معجم مصطلحات الإعلام
ُ,,معجم مصطلحات الإعلام
leadership papers local area network (LAN),,معجم مصطلحات الإعلام
ةعومجمل ؼٌ حص ةبذاج ةيصخش,,معجم مصطلحات الإعلام
group papers magnate,,معجم مصطلحات الإعلام
ةيلام ؼحص ةفاحصلا ةفرش,,معجم مصطلحات الإعلام
financial papers press gallery,,معجم مصطلحات الإعلام
ةيمحم ؼحص عيزوت ةكرش,,معجم مصطلحات الإعلام
local papers distribution company,,معجم مصطلحات الإعلام
ىفحص راعش,,معجم مصطلحات الإعلام
َ َ,,معجم مصطلحات الإعلام
journalist slogan,,معجم مصطلحات الإعلام
ىلام ىفحص ةرفْشِ,,معجم مصطلحات الإعلام
financial journalist code,,معجم مصطلحات الإعلام
13,,معجم مصطلحات الإعلام
ملاعلإا تاحلطصم مجعم,,معجم مصطلحات الإعلام
ض,,معجم مصطلحات الإعلام
ظ,,معجم مصطلحات الإعلام
رطسلأا طبض,,معجم مصطلحات الإعلام
ؿولأا رويظلا,,معجم مصطلحات الإعلام
justification,,معجم مصطلحات الإعلام
debut,,معجم مصطلحات الإعلام
ىمقر لا طغضلا,,معجم مصطلحات الإعلام
ىجيردت رويظ,,معجم مصطلحات الإعلام
ّ digital compression,,معجم مصطلحات الإعلام
fade in,,معجم مصطلحات الإعلام
ؼرش ؼيض,,معجم مصطلحات الإعلام
guest star,,معجم مصطلحات الإعلام
ع,,معجم مصطلحات الإعلام
ط,,معجم مصطلحات الإعلام
ئفاط,,معجم مصطلحات الإعلام
ةءراقلا تاداع,,معجم مصطلحات الإعلام
matting,,معجم مصطلحات الإعلام
reading habits,,معجم مصطلحات الإعلام
رشابم عبط,,معجم مصطلحات الإعلام
)ةمجم وأ ةديرج( ؽباس ددع,,معجم مصطلحات الإعلام
direct printing,,معجم مصطلحات الإعلام
back number (of a,,معجم مصطلحات الإعلام
newspaper) ىلوأ ةعبط,,معجم مصطلحات الإعلام
first edition,,معجم مصطلحات الإعلام
ىملاعإ فاودع,,معجم مصطلحات الإعلام
information aggression ةيجراخ ةعبط,,معجم مصطلحات الإعلام
foreign edition,,معجم مصطلحات الإعلام
فييفحصمل صاخ ضرع,,معجم مصطلحات الإعلام
press show ةرصتخم ةعبط,,معجم مصطلحات الإعلام
abridged edition,,معجم مصطلحات الإعلام
باتك ضرع,,معجم مصطلحات الإعلام
book review تامومعممل عيرسلا ؽيرطلا,,معجم مصطلحات الإعلام
information super highway,,معجم مصطلحات الإعلام
رمتسم ضرع,,معجم مصطلحات الإعلام
continuous performance,,معجم مصطلحات الإعلام
توصلا ؿزع,,معجم مصطلحات الإعلام
deadening,,معجم مصطلحات الإعلام
توصلا ؿزع,,معجم مصطلحات الإعلام
insulation,,معجم مصطلحات الإعلام
15,,معجم مصطلحات الإعلام
ةرهاقلاب ةيبرعلا ةغللا عمجم,,معجم مصطلحات الإعلام
تامومعملا تاوجف ىعمجلا ؿقعلا,,معجم مصطلحات الإعلام
information gaps,,معجم مصطلحات الإعلام
social mind,,معجم مصطلحات الإعلام
ةيمقر ةوجف,,معجم مصطلحات الإعلام
ةأشنْملا ةملاع,,معجم مصطلحات الإعلام
digital divide ُ,,معجم مصطلحات الإعلام
house mark,,معجم مصطلحات الإعلام
ريوصتلا ؽيرف,,معجم مصطلحات الإعلام
camera crew )ةيئايميسلا( ةيئامنيسلا تاملاعلا ـمع,,معجم مصطلحات الإعلام
ةرفْشِ لا ؾف semiotics,,معجم مصطلحات الإعلام
decoding,,معجم مصطلحات الإعلام
ربخلا رصانع,,معجم مصطلحات الإعلام
ؾيفراجلا فف news elements,,معجم مصطلحات الإعلام
graphics,,معجم مصطلحات الإعلام
ىراعتسا فاونع,,معجم مصطلحات الإعلام
ةكرحتملا ـوسرلا فف,,معجم مصطلحات الإعلام
metaphorical headline,,معجم مصطلحات الإعلام
animation,,معجم مصطلحات الإعلام
ىبناج فاونع,,معجم مصطلحات الإعلام
ةيروفلا,,معجم مصطلحات الإعلام
immediacy kicker,,معجم مصطلحات الإعلام
ؿافطأ ـميف ىئاكح فاونع,,معجم مصطلحات الإعلام
children's film narrative title,,معجم مصطلحات الإعلام
بلاسلا ـميفلا,,معجم مصطلحات الإعلام
ةيمحم ةملوع,,معجم مصطلحات الإعلام
camera negative film,,معجم مصطلحات الإعلام
localism,,معجم مصطلحات الإعلام
ىنايب ـميف,,معجم مصطلحات الإعلام
diagram film,,معجم مصطلحات الإعلام
غ,,معجم مصطلحات الإعلام
ىخيرات ـميف,,معجم مصطلحات الإعلام
historical film,,معجم مصطلحات الإعلام
)ىقئاثو( ىميجست ـميف,,معجم مصطلحات الإعلام
ةيسيئرلا ةبقراملا ةفرغ,,معجم مصطلحات الإعلام
documentary film,,معجم مصطلحات الإعلام
central control room,,معجم مصطلحات الإعلام
ىميمعت ـميف,,معجم مصطلحات الإعلام
teaching film,,معجم مصطلحات الإعلام
ىئامنيس ـميف,,معجم مصطلحات الإعلام
ؼ,,معجم مصطلحات الإعلام
cine,,معجم مصطلحات الإعلام
ىسردم ـميف,,معجم مصطلحات الإعلام
خوسان – سكاف,,معجم مصطلحات الإعلام
classroom film,,معجم مصطلحات الإعلام
facsimile (fax),,معجم مصطلحات الإعلام
06,,معجم مصطلحات الإعلام
ملاعلإا تاحلطصم مجعم,,معجم مصطلحات الإعلام
عيزوتلا ـسق,,معجم مصطلحات الإعلام
distribution section ؽ,,معجم مصطلحات الإعلام
ىنفلا ـسقلا,,معجم مصطلحات الإعلام
ؿاصتلااب ـئاق,,معجم مصطلحات الإعلام
make-up section,,معجم مصطلحات الإعلام
communicator,,معجم مصطلحات الإعلام
ةصاصُق,,معجم مصطلحات الإعلام
بيوصتلا ةمئاق,,معجم مصطلحات الإعلام
clipping,,معجم مصطلحات الإعلام
errata list,,معجم مصطلحات الإعلام
ةيربخ ةصق,,معجم مصطلحات الإعلام
ةمجملا بَلاق,,معجم مصطلحات الإعلام
story,,معجم مصطلحات الإعلام
magazine format,,معجم مصطلحات الإعلام
ةعاسلا ةيضق,,معجم مصطلحات الإعلام
امنيسلا فوناق,,معجم مصطلحات الإعلام
burning question,,معجم مصطلحات الإعلام
cinematograph act,,معجم مصطلحات الإعلام
عطْ َقلا,,معجم مصطلحات الإعلام
ؼذق,,معجم مصطلحات الإعلام
format,,معجم مصطلحات الإعلام
muck,,معجم مصطلحات الإعلام
ؿسمستلا عطق,,معجم مصطلحات الإعلام
ةيئراق,,معجم مصطلحات الإعلام
cut back,,معجم مصطلحات الإعلام
readership,,معجم مصطلحات الإعلام
رشابم عطْ َق,,معجم مصطلحات الإعلام
برُقلا,,معجم مصطلحات الإعلام
direct cut ْ,,معجم مصطلحات الإعلام
nearness,,معجم مصطلحات الإعلام
ةلاعفلا ؿاصتلاا تاونق,,معجم مصطلحات الإعلام
ثدحلا فم برقلا,,معجم مصطلحات الإعلام
effective channels of,,معجم مصطلحات الإعلام
proximity,,معجم مصطلحات الإعلام
communication,,معجم مصطلحات الإعلام
ةنصرق,,معجم مصطلحات الإعلام
ىرألا فيوكت تاونق,,معجم مصطلحات الإعلام
piracy,,معجم مصطلحات الإعلام
channels of opinion forming,,معجم مصطلحات الإعلام
رابخلأا ـسق,,معجم مصطلحات الإعلام
ةدايق,,معجم مصطلحات الإعلام
news section,,معجم مصطلحات الإعلام
leadership,,معجم مصطلحات الإعلام
عيزوتلا ـسق,,معجم مصطلحات الإعلام
ةيربخ ـيق,,معجم مصطلحات الإعلام
circulation department,,معجم مصطلحات الإعلام
news values,,معجم مصطلحات الإعلام
17,,معجم مصطلحات الإعلام
ةرهاقلاب ةيبرعلا ةغللا عمجم,,معجم مصطلحات الإعلام
ؿ,,معجم مصطلحات الإعلام
ؾ,,معجم مصطلحات الإعلام
افمْحلا بُّ ُل,,معجم مصطلحات الإعلام
esparto pulp,,معجم مصطلحات الإعلام
ةريصقلا تلااقملا بتاك,,معجم مصطلحات الإعلام
ـيكحت ةنجل paragrapher,,معجم مصطلحات الإعلام
jury,,معجم مصطلحات الإعلام
دومع بتاك,,معجم مصطلحات الإعلام
ةغايص ةنجل,,معجم مصطلحات الإعلام
columnist,,معجم مصطلحات الإعلام
drafting committee,,معجم مصطلحات الإعلام
ةيزاجم ةغل ةيجراخ رايماك,,معجم مصطلحات الإعلام
figurative language field camera,,معجم مصطلحات الإعلام
ةيضراعتسا ةطقل,,معجم مصطلحات الإعلام
ةرئاط رايماك,,معجم مصطلحات الإعلام
pan shot,,معجم مصطلحات الإعلام
flying camera,,معجم مصطلحات الإعلام
راسيلا ىلإ ةيضراعتسا ةطقل,,معجم مصطلحات الإعلام
pan left تاميمعتلا باتك,,معجم مصطلحات الإعلام
فيميلا ىلإ ةيضراعتسا ةطقل style book,,معجم مصطلحات الإعلام
pan right,,معجم مصطلحات الإعلام
روصم باتك,,معجم مصطلحات الإعلام
َّ ُ,,معجم مصطلحات الإعلام
ةيسيئر ةطقل,,معجم مصطلحات الإعلام
picture book,,معجم مصطلحات الإعلام
master shot,,معجم مصطلحات الإعلام
ةمماش ةطقل,,معجم مصطلحات الإعلام
بيَِّتكُ,,معجم مصطلحات الإعلام
full shot booklet,,معجم مصطلحات الإعلام
ةكرحتم ةطقل حاتفم ةممك,,معجم مصطلحات الإعلام
moving shot,,معجم مصطلحات الإعلام
keyword,,معجم مصطلحات الإعلام
ؿفسأ فم ةطقل,,معجم مصطلحات الإعلام
low angle shot ةلذتبم ايديموك,,معجم مصطلحات الإعلام
low comedy,,معجم مصطلحات الإعلام
ىمعأ فم ةطقل,,معجم مصطلحات الإعلام
high- angle shot,,معجم مصطلحات الإعلام
ريكذت ةحول,,معجم مصطلحات الإعلام
idiat card,,معجم مصطلحات الإعلام
تىاب فول,,معجم مصطلحات الإعلام
faded color,,معجم مصطلحات الإعلام
دتمم فول,,معجم مصطلحات الإعلام
extended colour,,معجم مصطلحات الإعلام
رشنمل سيل,,معجم مصطلحات الإعلام
off the record,,معجم مصطلحات الإعلام
08,,معجم مصطلحات الإعلام
ملاعلإا تاحلطصم مجعم,,معجم مصطلحات الإعلام
ىضراتفا عمتجم,,معجم مصطلحات الإعلام
ـ,,معجم مصطلحات الإعلام
virtual society,,معجم مصطلحات الإعلام
ىريىامج عمتجم,,معجم مصطلحات الإعلام
ـلاعلإا ؿئاسو ةمادتسا رشّ ؤم,,معجم مصطلحات الإعلام
mass society,,معجم مصطلحات الإعلام
media sustainability index,,معجم مصطلحات الإعلام
ةرسلأا تلاجم (MSI),,معجم مصطلحات الإعلام
family magazines,,معجم مصطلحات الإعلام
ةيئاحيإ تراشؤم,,معجم مصطلحات الإعلام
ةيبدأ ةمجم leading indicators,,معجم مصطلحات الإعلام
literary magazine,,معجم مصطلحات الإعلام
ىمراد ؼِّلؤم,,معجم مصطلحات الإعلام
ُ,,معجم مصطلحات الإعلام
ؿافطأ ةمجم dramatist,,معجم مصطلحات الإعلام
children's magazine,,معجم مصطلحات الإعلام
تايرج ََام,,معجم مصطلحات الإعلام
فيعزوملا ةمجم current events,,معجم مصطلحات الإعلام
dealers magazine,,معجم مصطلحات الإعلام
ةيقيقح ةدام,,معجم مصطلحات الإعلام
ةيفاقث ةمجم factual,,معجم مصطلحات الإعلام
cultural magazine,,معجم مصطلحات الإعلام
ةيفحص ةدام,,معجم مصطلحات الإعلام
ةيممع ةمجم press material,,معجم مصطلحات الإعلام
technical journal,,معجم مصطلحات الإعلام
ةيناىومكاملا,,معجم مصطلحات الإعلام
ةروصم ةمجم macluhanism,,معجم مصطلحات الإعلام
pictorial magazine,,معجم مصطلحات الإعلام
فيوانعلا ةنيكام,,معجم مصطلحات الإعلام
ةفاحصمل ىمعلأا سمجملا display machine,,معجم مصطلحات الإعلام
supreme council for,,معجم مصطلحات الإعلام
ىمسر ثدحتم,,معجم مصطلحات الإعلام
journalism,,معجم مصطلحات الإعلام
government spokesman,,معجم مصطلحات الإعلام
ريرحتلا سمجم,,معجم مصطلحات الإعلام
ؼرطتم,,معجم مصطلحات الإعلام
editorial board,,معجم مصطلحات الإعلام
extremist,,معجم مصطلحات الإعلام
طبرلا ررحم,,معجم مصطلحات الإعلام
فاوللأا ددعتم,,معجم مصطلحات الإعلام
continuity writer,,معجم مصطلحات الإعلام
multicolor,,معجم مصطلحات الإعلام
تايمحم ررحم,,معجم مصطلحات الإعلام
ّ فوُقمتم,,معجم مصطلحات الإعلام
city editor ُ,,معجم مصطلحات الإعلام
audience,,معجم مصطلحات الإعلام
ثحبلا ؾرحم,,معجم مصطلحات الإعلام
search engine,,معجم مصطلحات الإعلام
19,,معجم مصطلحات الإعلام
ةرهاقلاب ةيبرعلا ةغللا عمجم,,معجم مصطلحات الإعلام
ؿسِرم ةيوقت ةطحم,,معجم مصطلحات الإعلام
ُ,,معجم مصطلحات الإعلام
messenger intensifying station,,معجم مصطلحات الإعلام
حشِّرم جرِخْ م,,معجم مصطلحات الإعلام
َُ ُ,,معجم مصطلحات الإعلام
filter director,,معجم مصطلحات الإعلام
ةعئاش جوِّرم ةطوطخم,,معجم مصطلحات الإعلام
ُ,,معجم مصطلحات الإعلام
rumor spreader manuscript,,معجم مصطلحات الإعلام
جزم ضرعلا ةدم,,معجم مصطلحات الإعلام
mixing running time,,معجم مصطلحات الإعلام
ةيمبقتسملا ىئلامإ ؽقدم,,معجم مصطلحات الإعلام
ُ,,معجم مصطلحات الإعلام
futurism spell checker,,معجم مصطلحات الإعلام
ةدوَّس,,معجم مصطلحات الإعلام
َ,,معجم مصطلحات الإعلام
م,,معجم مصطلحات الإعلام
ُ,,معجم مصطلحات الإعلام
ى,,معجم مصطلحات الإعلام
ّ,,معجم مصطلحات الإعلام
وِغَُل ؽِّقدم,,معجم مصطلحات الإعلام
draft grammar checkers,,معجم مصطلحات الإعلام
ةممح ىف ؾراشم ريوصتلا ريدم,,معجم مصطلحات الإعلام
ُ,,معجم مصطلحات الإعلام
campaigner director cameraman,,معجم مصطلحات الإعلام
ةدراطملا دىاشَ م,,معجم مصطلحات الإعلام
َ,,معجم مصطلحات الإعلام
ريرحت ريدم,,معجم مصطلحات الإعلام
chase scenes managing editor,,معجم مصطلحات الإعلام
ةءاضإ ؼرشم تانايب ةدعاق ريدم,,معجم مصطلحات الإعلام
lighting supervisor data-base manager,,معجم مصطلحات الإعلام
صنلا ؼرشم جمثلا بيذم,,معجم مصطلحات الإعلام
script supervisor icebreaker,,معجم مصطلحات الإعلام
فايبلا عورشم طبر عيذم,,معجم مصطلحات الإعلام
draft declaration continuity announcer,,معجم مصطلحات الإعلام
ىجراخ ديشم ةغايص عجرام,,معجم مصطلحات الإعلام
ُ,,معجم مصطلحات الإعلام
exterior scene rewriter,,معجم مصطلحات الإعلام
ىسيئر ديشم ىجراخ ؿسرام,,معجم مصطلحات الإعلام
master scene correspondent abroad,,معجم مصطلحات الإعلام
ةينيجولاى حيباصم عجَترم,,معجم مصطلحات الإعلام
ُ,,معجم مصطلحات الإعلام
لا,,معجم مصطلحات الإعلام
halogen lamps over issues,,معجم مصطلحات الإعلام
21,,معجم مصطلحات الإعلام
ملاعلإا تاحلطصم مجعم,,معجم مصطلحات الإعلام
ضرعم ةميمع رداصم,,معجم مصطلحات الإعلام
ََْ,,معجم مصطلحات الإعلام
exhibition informed sources,,معجم مصطلحات الإعلام
ىفرعم ةرداصم,,معجم مصطلحات الإعلام
cognitive confiscation,,معجم مصطلحات الإعلام
فِمعم ةيقادصم,,معجم مصطلحات الإعلام
ُْ,,معجم مصطلحات الإعلام
advertiser credibility,,معجم مصطلحات الإعلام
ةيمسر تامومعم فورجأتسم فوقفصم,,معجم مصطلحات الإعلام
َ,,معجم مصطلحات الإعلام
official information claque,,معجم مصطلحات الإعلام
ةيتامومعملا سبلاملا ـمصم,,معجم مصطلحات الإعلام
informatics costume designer,,معجم مصطلحات الإعلام
بولاج ديعم )ىنف ريرحت ريتركس (ـمِّصم,,معجم مصطلحات الإعلام
Gallop institute designer,,معجم مصطلحات الإعلام
ةيرصب تانيعِم )ةفاحصلا ىف( روِّصم,,معجم مصطلحات الإعلام
ُ ُ,,معجم مصطلحات الإعلام
visual aids photographer,,معجم مصطلحات الإعلام
ـلاعلإا ؿئاسو ؿوعفم ريِظْ ملا,,معجم مصطلحات الإعلام
ُ,,معجم مصطلحات الإعلام
media effects developer,,معجم مصطلحات الإعلام
ئطاخ ـويفم روصلا جِلاعم,,معجم مصطلحات الإعلام
ُ,,معجم مصطلحات الإعلام
misconception image processor,,معجم مصطلحات الإعلام
ةيعامج ةمباقم تاممكلا جلاعم,,معجم مصطلحات الإعلام
ُ,,معجم مصطلحات الإعلام
group interview word processor,,معجم مصطلحات الإعلام
ةيرصح ةمباقم تامومعم ةجلاعم,,معجم مصطلحات الإعلام
ّ ْ,,معجم مصطلحات الإعلام
exclusive interview information processing,,معجم مصطلحات الإعلام
ىميمحت ؿاقم ةيعامتجا ريياعم,,معجم مصطلحات الإعلام
analytical article social norms,,معجم مصطلحات الإعلام
هرشن داعم ؿاقم ةيدمتعم,,معجم مصطلحات الإعلام
exchange essay reliability,,معجم مصطلحات الإعلام
ةيجراخ ةعاذإ تادعم,,معجم مصطلحات الإعلام
ىدقن ؿاقم,,معجم مصطلحات الإعلام
field equipment,,معجم مصطلحات الإعلام
critical article,,معجم مصطلحات الإعلام
راشتنلاا ؿدعم,,معجم مصطلحات الإعلام
ةمدقم,,معجم مصطلحات الإعلام
penetration rate,,معجم مصطلحات الإعلام
lead,,معجم مصطلحات الإعلام
رراكتلا ؿدعم,,معجم مصطلحات الإعلام
repetition rate,,معجم مصطلحات الإعلام
11,,معجم مصطلحات الإعلام
ةرهاقلاب ةيبرعلا ةغللا عمجم,,معجم مصطلحات الإعلام
ةعونتم ةيملاعإ ؿئاسو ةيكمم ةيبدأ ةمدقم,,معجم مصطلحات الإعلام
cross-media ownership literary lead,,معجم مصطلحات الإعلام
ةرظانم فيابتلا ةمدقم,,معجم مصطلحات الإعلام
debate contrast lead,,معجم مصطلحات الإعلام
ذِّفنم جتنم ةيصيخمت ةمدقم,,معجم مصطلحات الإعلام
executive producer summary lead,,معجم مصطلحات الإعلام
ىدتنم ةيراوح ةمدقم,,معجم مصطلحات الإعلام
forum dialogue lead,,معجم مصطلحات الإعلام
بودنم ةرخاس ةمدقم,,معجم مصطلحات الإعلام
reporter mocking lead,,معجم مصطلحات الإعلام
دمَتعم,,معجم مصطلحات الإعلام
ُ,,معجم مصطلحات الإعلام
ىفحص بودنم ةرثؤم ةمدقم,,معجم مصطلحات الإعلام
accredited representative of effective lead,,معجم مصطلحات الإعلام
the press,,معجم مصطلحات الإعلام
ةيفصو ةمدقم,,معجم مصطلحات الإعلام
روشنم descriptive lead,,معجم مصطلحات الإعلام
circular,,معجم مصطلحات الإعلام
فاوللأا ةفاثك سايقم,,معجم مصطلحات الإعلام
ىديرجت رظنم colorimeter,,معجم مصطلحات الإعلام
abstract set,,معجم مصطلحات الإعلام
تاملاعتسلاا بتكم,,معجم مصطلحات الإعلام
عيزوت ذَفنْم inquiring office,,معجم مصطلحات الإعلام
َ,,معجم مصطلحات الإعلام
outlet,,معجم مصطلحات الإعلام
ىفحص بتكم,,معجم مصطلحات الإعلام
ءابنلأا زجوم press office,,معجم مصطلحات الإعلام
news summary,,معجم مصطلحات الإعلام
اقيسوملا ةبتكم,,معجم مصطلحات الإعلام
ةيريو صت اقيسوم music library,,معجم مصطلحات الإعلام
background music,,معجم مصطلحات الإعلام
ريوصتمل ـئلام,,معجم مصطلحات الإعلام
رايماكلا عضوم photogenic,,معجم مصطلحات الإعلام
camera set-up ىبدأ ؽحمم,,معجم مصطلحات الإعلام
literary supplement,,معجم مصطلحات الإعلام
ةيعوضوم,,معجم مصطلحات الإعلام
objectivity تانلاعإ ؽحمم,,معجم مصطلحات الإعلام
advertisement supplement,,معجم مصطلحات الإعلام
ىجراخلا ريوصتلا عقوم,,معجم مصطلحات الإعلام
ىفحص ؽحمم,,معجم مصطلحات الإعلام
location,,معجم مصطلحات الإعلام
press attaché,,معجم مصطلحات الإعلام
)ؼيلوت( جاتنوم )ىملاعإ( ؽصمْم,,معجم مصطلحات الإعلام
َ ُ,,معجم مصطلحات الإعلام
montage poster,,معجم مصطلحات الإعلام
22,,معجم مصطلحات الإعلام
ملاعلإا تاحلطصم مجعم,,معجم مصطلحات الإعلام
ىئامنيس صن,,معجم مصطلحات الإعلام
screenplay ف,,معجم مصطلحات الإعلام
ؿجاع أبن,,معجم مصطلحات الإعلام
)تبيركػسإ( بوتكم صن,,معجم مصطلحات الإعلام
ْ,,معجم مصطلحات الإعلام
flash,,معجم مصطلحات الإعلام
script,,معجم مصطلحات الإعلام
ةبخن,,معجم مصطلحات الإعلام
طيشنَ ص,,معجم مصطلحات الإعلام
ّ,,معجم مصطلحات الإعلام
ن,,معجم مصطلحات الإعلام
elite,,معجم مصطلحات الإعلام
hyper text,,معجم مصطلحات الإعلام
ةيركف ةبخن,,معجم مصطلحات الإعلام
ىونس ؼصن,,معجم مصطلحات الإعلام
intellectuals,,معجم مصطلحات الإعلام
half-yearly,,معجم مصطلحات الإعلام
خسن,,معجم مصطلحات الإعلام
)تسكتيمت( ةمسرم صوصن ْ,,معجم مصطلحات الإعلام
ُ reproduction,,معجم مصطلحات الإعلام
teletext,,معجم مصطلحات الإعلام
)ةيبيرجت( ةدوسم ةخسن,,معجم مصطلحات الإعلام
ىلاصتا ـاظن ّ ُ,,معجم مصطلحات الإعلام
rough copy,,معجم مصطلحات الإعلام
communication system,,معجم مصطلحات الإعلام
ةرغصم ةخسن,,معجم مصطلحات الإعلام
ىكبش ـاظن,,معجم مصطلحات الإعلام
microcopy,,معجم مصطلحات الإعلام
grid system,,معجم مصطلحات الإعلام
ةعطقلاب ؿمع ـاظن ثب – رشن,,معجم مصطلحات الإعلام
piece- rate system diffusion,,معجم مصطلحات الإعلام
دامتعلاا ةيرظن طلابلا ةرشن,,معجم مصطلحات الإعلام
dependency theory court circular,,معجم مصطلحات الإعلام
ىتوص ءاقن,,معجم مصطلحات الإعلام
ةسسؤملا ةرشن,,معجم مصطلحات الإعلام
high fidelity ) hi – fi ( house organ,,معجم مصطلحات الإعلام
فييفحصلا ةباقن ةيئاعد ةرشن,,معجم مصطلحات الإعلام
press syndicate,,معجم مصطلحات الإعلام
prestige publication,,معجم مصطلحات الإعلام
درسلا جذومن,,معجم مصطلحات الإعلام
narrative- paradigm,,معجم مصطلحات الإعلام
13,,معجم مصطلحات الإعلام
ةرهاقلاب ةيبرعلا ةغللا عمجم,,معجم مصطلحات الإعلام
تايولولأا عضو,,معجم مصطلحات الإعلام
agenda building ى,,معجم مصطلحات الإعلام
تايولولأا عضو,,معجم مصطلحات الإعلام
بومقملا ـريلا,,معجم مصطلحات الإعلام
agenda setting,,معجم مصطلحات الإعلام
inverted pyramid,,معجم مصطلحات الإعلام
ىموق ىعو,,معجم مصطلحات الإعلام
ةيو ى,,معجم مصطلحات الإعلام
ّ ُ,,معجم مصطلحات الإعلام
national consciousness,,معجم مصطلحات الإعلام
ID (identification),,معجم مصطلحات الإعلام
ةميمعرداصمل اًقفْو,,معجم مصطلحات الإعلام
َ ةسسؤملا ةيوى,,معجم مصطلحات الإعلام
according to informed,,معجم مصطلحات الإعلام
corporate identity,,معجم مصطلحات الإعلام
sources,,معجم مصطلحات الإعلام
)ةعاذلإا ىف( عامتسلاا ةورذ تقو,,معجم مصطلحات الإعلام
peak listening time و,,معجم مصطلحات الإعلام
ةينلاعإ ةلاكو,,معجم مصطلحات الإعلام
advertising agency,,معجم مصطلحات الإعلام
ةكرحتم ةدحو,,معجم مصطلحات الإعلام
ىفحص ريوصت ةلاكو mobile unit,,معجم مصطلحات الإعلام
photographic agency,,معجم مصطلحات الإعلام
ةددعتم طئاسو,,معجم مصطلحات الإعلام
multimedia,,معجم مصطلحات الإعلام
ي ةيديمقت ـلاعإ ؿئاسو,,معجم مصطلحات الإعلام
traditional media,,معجم مصطلحات الإعلام
ةديدج ـلاعإ ؿئاسو,,معجم مصطلحات الإعلام
ةيفحص تايموي,,معجم مصطلحات الإعلام
new media,,معجم مصطلحات الإعلام
dailies,,معجم مصطلحات الإعلام
)ةيملوع( ةيبكوك ـلاعإ ؿئاسو,,معجم مصطلحات الإعلام
global media,,معجم مصطلحات الإعلام
ةيمحم ـلاعإ ؿئاسو,,معجم مصطلحات الإعلام
local media,,معجم مصطلحات الإعلام
ةيموق ةيملاعإ ؿئاسو,,معجم مصطلحات الإعلام
national media,,معجم مصطلحات الإعلام
ةديََّقملا ـلاعلإا ؿئاسو,,معجم مصطلحات الإعلام
ُ,,معجم مصطلحات الإعلام
fettered media,,معجم مصطلحات الإعلام
24,,معجم مصطلحات الإعلام
ملاعلإا تاحلطصم مجعم,,معجم مصطلحات الإعلام
""" ةيريىامجلا "" ةكراشملا نويزفيمت",,معجم مصطلحات الإعلام
A,,معجم مصطلحات الإعلام
access television,,معجم مصطلحات الإعلام
رررررم طررررر يعم تكررررر ل ررررر ي ررررريعفي ت,,معجم مصطلحات الإعلام
ةرصتخم ةعبط ل رررهمجدا لا ررر م ليرررتت طررري يعفي ت لملا رررن,,معجم مصطلحات الإعلام
abridged edition,,معجم مصطلحات الإعلام
.لهلظ تتهج ى لينعتدا,,معجم مصطلحات الإعلام
لرررر نرررر ع ررررنطم سررررصم لررررصتخم,,معجم مصطلحات الإعلام
سرر ت ل سررتدا تتيرر ت ما سرر ى عرركلي ُ ةميمعرداصمل اًقفْو َ,,معجم مصطلحات الإعلام
.سصما according to informed sources,,معجم مصطلحات الإعلام
لررررنخ لررررك رررر ى ة تررررى ل خترررر ت ةلتررررنى,,معجم مصطلحات الإعلام
ُ,,معجم مصطلحات الإعلام
ىديرجت رظنم,,معجم مصطلحات الإعلام
abstract set ل ررررررررصم ررررررررى حتررررررررص ا يررررررررعم,,معجم مصطلحات الإعلام
س تم يرر ي ترر ا سررخا ي ّ رر َ ي ُ لررظ م سررتدا لتررنخما ررم رركي رر س ررصما,,معجم مصطلحات الإعلام
سكتحيد لظت مدا س هم عي س يعفي ت,,معجم مصطلحات الإعلام
تفررررر إ لا ررررري سرررررتدا رررررعن ررررركعتت لرررررد,,معجم مصطلحات الإعلام
ةل رررررص سررررر ررررر ا دا سررررر تيق رررررص لا رررررظ م,,معجم مصطلحات الإعلام
ل .تهي ى طيمه,,معجم مصطلحات الإعلام
سخا رررررررررررمدا ط ا رررررررررررحدا رررررررررررم طررررررررررري يلجت,,معجم مصطلحات الإعلام
.ة مىما دمَتعم,,معجم مصطلحات الإعلام
ُ,,معجم مصطلحات الإعلام
ىفحص بودنم,,معجم مصطلحات الإعلام
accredited representative of,,معجم مصطلحات الإعلام
ايمادختسا ءاسملا ةفاحصلا ةيرح the press,,معجم مصطلحات الإعلام
ُ,,معجم مصطلحات الإعلام
abused freedom of press,,معجم مصطلحات الإعلام
طرىا إ ططحم طفيحصد سمعي ب م,,معجم مصطلحات الإعلام
ترررم مررر تت ة ترررم لررر ن ط تحرررصدا لتررري,,معجم مصطلحات الإعلام
طررررد سرررر تررررن طرررردتك رررريعفي ت,,معجم مصطلحات الإعلام
ي ا رررر دا طررررمتعدا با اا ررررم س ترررر تي,,معجم مصطلحات الإعلام
.تهت ا م س ى ت ن ط يعم,,معجم مصطلحات الإعلام
.تم ن س تهن س معمدا,,معجم مصطلحات الإعلام
ةتباث روص,,معجم مصطلحات الإعلام
ةدكِّؤم ةءاضإ,,معجم مصطلحات الإعلام
ُ action still,,معجم مصطلحات الإعلام
accent light,,معجم مصطلحات الإعلام
ل يررررر مررررر طرررررتنت طررررري لا غ ت ل رررررص,,معجم مصطلحات الإعلام
ترره م ضلررهدا طررين تج طرريف خ ة ترر إ لريغ طتنت طي تم ي ةل ص س تم ي,,معجم مصطلحات الإعلام
.لظ مدا م يعم م علا نإ .طكلحتم,,معجم مصطلحات الإعلام
ةرهاقلاب ةيبرعلا ةغللا عمجم,,معجم مصطلحات الإعلام
)ةيرابخإ( ةفاضإ نلاعلإا ةعانص,,معجم مصطلحات الإعلام
adds advertising,,معجم مصطلحات الإعلام
تررررررهن ثررررررعنت لررررررنخ سرررررر ى ط ترررررر إ سررررررك تررررفْ ْد ه ي رررر ت لاررررى ا جتررررت إ طرررري مى,,معجم مصطلحات الإعلام
نرر لررنخ سرردإ ةليرر م تررن ما ت تررك طررررررم خ طع ررررر سررررردإ ل رررررهمجدا لرررررظ,,معجم مصطلحات الإعلام
.ه ن تهد .تهما ختر ا ر هري د طرنغل خ ط يعم,,معجم مصطلحات الإعلام
) لاىإ :لظ ا(,,معجم مصطلحات الإعلام
ةركفلا ىنبت,,معجم مصطلحات الإعلام
adoption of the idea,,معجم مصطلحات الإعلام
ةينلاعإ ةلاكو,,معجم مصطلحات الإعلام
رررمتجمدا لرررفدا ا رررد سرررمتكدا عتررر ت ا advertising agency,,معجم مصطلحات الإعلام
.ته ي حت س ى سمعدا ط يعم ةلكفن ررررررر عمدا يرررررررن تلطيررررررر سرررررررمعت طكلررررررر,,معجم مصطلحات الإعلام
ُ,,معجم مصطلحات الإعلام
ل ررررررررر ت هتترررررررر م لرررررررر دا تتكلرررررررر,,معجم مصطلحات الإعلام
نلاعإ ل رر ت تررمك تهلرر تترر لاى ا ليمررصتن,,معجم مصطلحات الإعلام
advertisement (ad),,معجم مصطلحات الإعلام
حررررررررررررصدا رررررررررررر تتحترررررررررررر م عررررررررررررجحن,,معجم مصطلحات الإعلام
ل رهمجدا سردإ ر عمدا ترههج ي س ت ل,,معجم مصطلحات الإعلام
ررررررررررررريعفي تدا تترررررررررررررطحم تترررررررررررررىا ا,,معجم مصطلحات الإعلام
لترررررررك ما تتم رررررررخِ دا ررررررر دتن هرررررررفيلعتد,,معجم مصطلحات الإعلام
.ضلهدا ا هد طمتعدا كتمما,,معجم مصطلحات الإعلام
لا ختررر تن ترررهيدإ هتدتمتررر ا ط حتررر مدا,,معجم مصطلحات الإعلام
.ل دا س ت نلاعلإا ةفيرعت,,معجم مصطلحات الإعلام
advertising rate,,معجم مصطلحات الإعلام
تانلاعإ قحمم ررررم ة رررح دا سررررنت م سررر ررررحمدا لعررر دا,,معجم مصطلحات الإعلام
advertisement supplement,,معجم مصطلحات الإعلام
رررركت سرررر لاى ا ترررر دا طحترررر مدا,,معجم مصطلحات الإعلام
طفيحرررررررصدتن رررررررح ت ط تررررررر م تتحفرررررررص,,معجم مصطلحات الإعلام
طرردتح سرر ررمى سرر لا طرر ة ررح دا رره,,معجم مصطلحات الإعلام
ل,,معجم مصطلحات الإعلام
ى لاىلإد صصخت طى نطمدا,,معجم مصطلحات الإعلام
طررررىا ا طرررردتح سرررر طرررر ي حررررصدا,,معجم مصطلحات الإعلام
التررررررررررررررجت طترررررررررررررر تتم ررررررررررررررخ,,معجم مصطلحات الإعلام
. يعفي تدا,,معجم مصطلحات الإعلام
.ا تصت ا,,معجم مصطلحات الإعلام
نِمعم ةينادجو تاجاح,,معجم مصطلحات الإعلام
ُْ affective needs,,معجم مصطلحات الإعلام
advertiser,,معجم مصطلحات الإعلام
هجت ت تمى ته ف ن لاى تن ل ت ةع م س ترررر طررررعنتتم سرررردإ سرررر تمدا رررري تررررم,,معجم مصطلحات الإعلام
ُ,,معجم مصطلحات الإعلام
لارررىإ طررردتك سررردإ عرررج ت ررر ررر ررم طرريدتمج تلا ررنخ بترر تكا ررهن للاررى ا,,معجم مصطلحات الإعلام
.كد ي حتد .طيهي لت طيفطتى,,معجم مصطلحات الإعلام
2,,معجم مصطلحات الإعلام
ملاعلإا تاحلطصم مجعم,,معجم مصطلحات الإعلام
تايولولأا عضو ىميمحت لاقم,,معجم مصطلحات الإعلام
agenda building,,معجم مصطلحات الإعلام
analytical article,,معجم مصطلحات الإعلام
سررررررررر عي للارررررررررى ا سررررررررر سررررررررر حن ترررررررررجتا,,معجم مصطلحات الإعلام
ُ ينرعم,,معجم مصطلحات الإعلام
ُ,,معجم مصطلحات الإعلام
ث ح ضلعن س عي,,معجم مصطلحات الإعلام
ُ,,معجم مصطلحات الإعلام
س,,معجم مصطلحات الإعلام
ّ,,معجم مصطلحات الإعلام
فحص سٌت م,,معجم مصطلحات الإعلام
س ترررررر تترررررري د ترررررر ن سرررررر سرررررري حتن,,معجم مصطلحات الإعلام
يررن طنلرردا رريلط ررى ليرر فت هحلرر,,معجم مصطلحات الإعلام
.للاى ا,,معجم مصطلحات الإعلام
هرن ط صتمدا ط نت دا طيدتحدا تتم عمدا,,معجم مصطلحات الإعلام
ل ررررررررطت س ررررررررح تلا ررررررررصت رررررررر ررررررررم,,معجم مصطلحات الإعلام
تايولولأا عضو,,معجم مصطلحات الإعلام
agenda setting,,معجم مصطلحات الإعلام
.س ن ت مدا,,معجم مصطلحات الإعلام
طرررررررصتخن - للارررررررى ا س تررررررر سخُّ رررررررت,,معجم مصطلحات الإعلام
ّ,,معجم مصطلحات الإعلام
رررم هرررم ت ترررم سلارررخ رررم - ررريعفي تدا,,معجم مصطلحات الإعلام
ةكرحتملا موسرلا نف,,معجم مصطلحات الإعلام
بررررريتلت سررررردإ سررررر تمدا هررررريج ت سررررر ا رررررم,,معجم مصطلحات الإعلام
animation,,معجم مصطلحات الإعلام
تتري د م ترل نط طمتعدا دا تيت دا,,معجم مصطلحات الإعلام
طمررر جمدا ستكررر ما ل ررر لدا كررريلحت,,معجم مصطلحات الإعلام
.ط يعم,,معجم مصطلحات الإعلام
طي تررررررر م تتحطررررررر م سررررررر ى طم ررررررر لمدا,,معجم مصطلحات الإعلام
سرررر تهما خترررر طررررصتخ طرررري س ترررر ن,,معجم مصطلحات الإعلام
ةكرمأ,,معجم مصطلحات الإعلام
americanization . يعفي تدا تم ي دا,,معجم مصطلحات الإعلام
سررملاى ا لترر مدا هررن ل رر ي ا رردا ل رردا,,معجم مصطلحات الإعلام
َ ُْ,,معجم مصطلحات الإعلام
لرررملام سيكررر ت سررر سررركيلمما س تررر دا,,معجم مصطلحات الإعلام
ةداضم ةياعد,,معجم مصطلحات الإعلام
.ب ع دا ا د ةلصتعمدا ط ت دا,,معجم مصطلحات الإعلام
anti propaganda,,معجم مصطلحات الإعلام
لرررر د ا ررررصتت طررري تى طرررريملاىإ ططررر,,معجم مصطلحات الإعلام
ةيمستلا ةحفص .طي تعم طيتى س ى,,معجم مصطلحات الإعلام
amusement page,,معجم مصطلحات الإعلام
صصخت ط جمدا ة يلجدا م طحفص,,معجم مصطلحات الإعلام
ّ ُ,,معجم مصطلحات الإعلام
ةجح,,معجم مصطلحات الإعلام
لي لتدتررن طررصتخدا طررفيفخدا ا ررمدا لرر د ّ ُ,,معجم مصطلحات الإعلام
argument,,معجم مصطلحات الإعلام
سررررر ى سمتررررر ت .هتي ررررر ت ئلتررررر دا رررررى,,معجم مصطلحات الإعلام
تررررررهي ى ررررررمتعت سررررررتدا طرررررريىت ا طررررررد ما,,معجم مصطلحات الإعلام
ل ررصدا رر لا طدا تت نترر مدا عتررهدما,,معجم مصطلحات الإعلام
لتررررك ما لررريلمت سرررر طررريملاى ا طدتررر لدا,,معجم مصطلحات الإعلام
.ط ت دا طيل تتكيلتكدا ل لدا,,معجم مصطلحات الإعلام
.س تمدا سدإ لظ دا تتهج,,معجم مصطلحات الإعلام
3,,معجم مصطلحات الإعلام
ةرهاقلاب ةيبرعلا ةغللا عمجم,,معجم مصطلحات الإعلام
ةي ّ لدج جمراب,,معجم مصطلحات الإعلام
نوُقمتم,,معجم مصطلحات الإعلام
ُ,,معجم مصطلحات الإعلام
audience,,معجم مصطلحات الإعلام
argument programs,,معجم مصطلحات الإعلام
سرررررررررررررر ى هررررررررررررررهتنت ا عرررررررررررررركلتي ل ررررررررررررررهمج,,معجم مصطلحات الإعلام
صررررررصن خت طرررررري يعفي ت طرررررريىا إ برررررردا,,معجم مصطلحات الإعلام
ُ تم يرر دا يعفي تدتررك سجلتررخ ل ررم,,معجم مصطلحات الإعلام
ترررررهتيا ع رررررعتت طررررر يعم طيررررر طررررر ت مد رررم طرررف تخم ل رررص سلارررخ رررم طرررىا ا,,معجم مصطلحات الإعلام
.هتنتجت ا طيى س ل ت س تدا,,معجم مصطلحات الإعلام
.تهد ح لظ دا تتهج يتنتت,,معجم مصطلحات الإعلام
ىقمتملا ثوحب,,معجم مصطلحات الإعلام
audience research,,معجم مصطلحات الإعلام
تاحورطلأا ليمحت,,معجم مصطلحات الإعلام
ل رهمج ص تصخ سي حتن لتهت تت لا,,معجم مصطلحات الإعلام
argumentation analysis,,معجم مصطلحات الإعلام
هم ت تم ح هتتهتجتا للاى ا س ت,,معجم مصطلحات الإعلام
ررررررص سرررررردإ ررررررهي سررررررجه م ب رررررر,,معجم مصطلحات الإعلام
.هي ى تهلي عت س ت دا ه,,معجم مصطلحات الإعلام
ترررررهي ى رررررمتعت سرررررتدا ي تررررر ما لرررررج حدا,,معجم مصطلحات الإعلام
ُ,,معجم مصطلحات الإعلام
ةيلرابيل ةيوطمس,,معجم مصطلحات الإعلام
"لرررررظ طرررررهج ن عتررررر ا سررررر طدتررررر لدا authoritarianism, liberal ُ",,معجم مصطلحات الإعلام
س رح ضعنردا ت نتي تم ٍتجتا س لي عتدا هررري لررركحدا لترررظ ض لررري سررر تي لترررظ,,معجم مصطلحات الإعلام
ضرررعن ررركد .لرررحدا لرررينعتدا ررر دا رررح,,معجم مصطلحات الإعلام
.صخ ةلك طي,,معجم مصطلحات الإعلام
تررر ي للارررى ا س تررر سررر ي مترررعدا,,معجم مصطلحات الإعلام
تررررررمي سىتررررررمتج ا حلاررررررص ا تترررررري مى,,معجم مصطلحات الإعلام
. يمت م م م ي,,معجم مصطلحات الإعلام
هابتنا,,معجم مصطلحات الإعلام
attention,,معجم مصطلحات الإعلام
ةظفاحم ةيوطمس,,معجم مصطلحات الإعلام
سرررر يررررعم لرررري م ررررج د لررررفدا تتررررفتدا ُ,,معجم مصطلحات الإعلام
"authoritarianism, conservative",,معجم مصطلحات الإعلام
رررم هررر ي ترررم ستن تررر ا طرررطيحمدا طررر يندا طرررررمظ ما هررررري لطيررررر ت سررررر تي لترررررظ,,معجم مصطلحات الإعلام
تهم ررر ت سرررتدا يمتررر مدا سررر ى طرررمكتحدا,,معجم مصطلحات الإعلام
مررررر دا ستررررر تح سلارررررخ رررررم تترررررم عم,,معجم مصطلحات الإعلام
تررهي متررعدا ترر ي للاررى ا س ترر,,معجم مصطلحات الإعلام
.لصندا,,معجم مصطلحات الإعلام
.ةلطي دا ه,,معجم مصطلحات الإعلام
4,,معجم مصطلحات الإعلام
ملاعلإا تاحلطصم مجعم,,معجم مصطلحات الإعلام
ةئيس رابخأ,,معجم مصطلحات الإعلام
B bad news,,معجم مصطلحات الإعلام
سررصتت طين رر طررم عم سرر ت طرريلنخ ة تررم,,معجم مصطلحات الإعلام
طنتلررت سرر تمدا سرر ى رر ي رر للرر ن,,معجم مصطلحات الإعلام
ةيفمخ ةءاضإ طررمع طرر تح طرر لتك ررى تررن عن,,معجم مصطلحات الإعلام
back lighting,,معجم مصطلحات الإعلام
.كد ليغ,,معجم مصطلحات الإعلام
كت تم ين خدا م ل ج ا ة ت إ,,معجم مصطلحات الإعلام
سررررررص ررررررهن طرررررهجا مدا سرررررر لا يمتررررركدا باتك ضرع,,معجم مصطلحات الإعلام
book review,,معجم مصطلحات الإعلام
سررررر هرررررف خ لرررررهظي ترررررمى لررررر جدا سكررررر,,معجم مصطلحات الإعلام
ضلررررررعي بتررررررتك ررررررى ثي ررررررح سترررررر م,,معجم مصطلحات الإعلام
.ةل صدا,,معجم مصطلحات الإعلام
.ليي تدا سي حتدتن هد ت تي هى مد,,معجم مصطلحات الإعلام
)ةمجم وأ ةديرج( قباس ددع,,معجم مصطلحات الإعلام
back number (of a newspaper) بيَِّت كُ,,معجم مصطلحات الإعلام
booklet,,معجم مصطلحات الإعلام
طرري طرر جم ة رريلج ررم نترر ررى,,معجم مصطلحات الإعلام
ل رهمج سردإ هرجن ي لرجحدا رحم بتتك,,معجم مصطلحات الإعلام
ُ,,معجم مصطلحات الإعلام
.ةل م طيل,,معجم مصطلحات الإعلام
طرررن تكمدا طرررم كدتن لترررك ما سررر د يرررعم,,معجم مصطلحات الإعلام
لررررررريغ ةل رررررررصن تررررررريقل ل رررررررصي ررررررر,,معجم مصطلحات الإعلام
ةيريوصت اقيسوم,,معجم مصطلحات الإعلام
.طمظت م,,معجم مصطلحات الإعلام
background music,,معجم مصطلحات الإعلام
لا ررحدا رري عتدا بحتررصت ت يرر م,,معجم مصطلحات الإعلام
ىراجت مسا,,معجم مصطلحات الإعلام
رررر مدا برررر ت ت طيت ررررصدا تلا ررررمدا,,معجم مصطلحات الإعلام
brand name,,معجم مصطلحات الإعلام
نتررررتت سرررركلحدا لررررينعتدا سملا رررردا يرررررررعم لتررررررر م سررررررر ى ررررررر طي ل طرررررررصم,,معجم مصطلحات الإعلام
َ ُْ ُ,,معجم مصطلحات الإعلام
لررينعتدا سرر ة ىترر مدا ررهن ثا ررحما ك هتررررر مدا هرررررد ا تي طررررر يعم طرررررم خ,,معجم مصطلحات الإعلام
.تيق لاىإ هى ي د طجيت,,معجم مصطلحات الإعلام
.س فدا,,معجم مصطلحات الإعلام
5,,معجم مصطلحات الإعلام
ةرهاقلاب ةيبرعلا ةغللا عمجم,,معجم مصطلحات الإعلام
ةيراجتلا ةملاعلا زييمت ةعاسلا ةيضق,,معجم مصطلحات الإعلام
brand perception,,معجم مصطلحات الإعلام
burning question,,معجم مصطلحات الإعلام
طرررررررملاعدا كلا إ سررررررر ى ك هتررررررر مدا ةل ررررررر,,معجم مصطلحات الإعلام
لترمتها سر ى هر ف ضلرفي لهم ع م,,معجم مصطلحات الإعلام
تررره يعن طرررم خ يرررعم لتررر مد طررريلتجتدا,,معجم مصطلحات الإعلام
َ,,معجم مصطلحات الإعلام
سرررر تيقرررر ت لا ررررحم لنررررصي ليهتررررمجدا,,معجم مصطلحات الإعلام
سررررعجت سررررتدا ترررريعا مدا تتمرررر دا ططرررر ا ن ل,,معجم مصطلحات الإعلام
ررى ةعرريمتم طررف تخم طررم خدا لترر مدا سررررر ى حتررررر ي لهتتررررر ت م له ي ترررررح,,معجم مصطلحات الإعلام
.تهليغ .لههتنت ا,,معجم مصطلحات الإعلام
لجاع ربخ,,معجم مصطلحات الإعلام
breaking news,,معجم مصطلحات الإعلام
ةراجتلاو لاملا رابخأ,,معجم مصطلحات الإعلام
تيرررر دا هررررد ررررط ي لجتررررفم لررررهم ث ررررح,,معجم مصطلحات الإعلام
ُ business news,,معجم مصطلحات الإعلام
.هتىا لملا ن د تتعمدا,,معجم مصطلحات الإعلام
تلاررررررررمعدا طرررررررركلحن طرررررررر عتمدا لتررررررررنخما,,معجم مصطلحات الإعلام
طير ت ما لترخدا ا مدا لتع تهلتع,,معجم مصطلحات الإعلام
ةيعاذإ ةكبش,,معجم مصطلحات الإعلام
broadcast network,,معجم مصطلحات الإعلام
طرررركلح طرررعفتلمدا طرررمي دا تا ترررعمدا,,معجم مصطلحات الإعلام
طرررررررررررررررررريىا ا تتررررررررررررررررررطحمدا طرررررررررررررررررى مجم,,معجم مصطلحات الإعلام
سررررر لهررررر ما لتعررررر طررررريمدتعدا ررررر دا,,معجم مصطلحات الإعلام
ترررررل لملا رررررندا ل ارررررَ,,معجم مصطلحات الإعلام
ُ,,معجم مصطلحات الإعلام
ت سرررررتدا طررررري يعفي تدا,,معجم مصطلحات الإعلام
.كد ح طصل ندا,,معجم مصطلحات الإعلام
ررررررركت ررررررر ة رررررررحم ا ررررررره طرررررررطخد,,معجم مصطلحات الإعلام
.صتخدا عتط د طد د طك مم,,معجم مصطلحات الإعلام
6,,معجم مصطلحات الإعلام
ملاعلإا تاحلطصم مجعم,,معجم مصطلحات الإعلام
C,,معجم مصطلحات الإعلام
ل رررررصمدا ررررركمت لا يمتررررركدتن طررررر ح م علا,,معجم مصطلحات الإعلام
.طد ه ن تهكيلحت تهي ى ةلطي دا م,,معجم مصطلحات الإعلام
راثرَث,,معجم مصطلحات الإعلام
ْ,,معجم مصطلحات الإعلام
cackler,,معجم مصطلحات الإعلام
ريوصتلا قيرف,,معجم مصطلحات الإعلام
هررررري عي ترررررمي ث رررررحتي صخررررر د رررررص,,معجم مصطلحات الإعلام
camera crew,,معجم مصطلحات الإعلام
ةعررررررررهج سلاررررررررخ ررررررررم هرررررررري عي تررررررررمي,,معجم مصطلحات الإعلام
ركتت س يعفي تدا لي صتدا طى مجم,,معجم مصطلحات الإعلام
ضرررررررررررررعن سررررررررررررر ى ررررررررررررر طي .للارررررررررررررى ا,,معجم مصطلحات الإعلام
ىترر م لي ررصتدا لي ررم ررم ة تررعدا سرر,,معجم مصطلحات الإعلام
ةعررررررهج تهفيرررررر ت ت سررررررتدا تتيررررررصخ دا,,معجم مصطلحات الإعلام
.لا يمتكدا س ل صمدا,,معجم مصطلحات الإعلام
.ة ت لان للاى ا,,معجم مصطلحات الإعلام
رايماكلا ةكرح,,معجم مصطلحات الإعلام
طاطخ,,معجم مصطلحات الإعلام
calligrapher camera movement,,معجم مصطلحات الإعلام
ررر خدا لترررمما سررردإ لا يمتررركدا ررر,,معجم مصطلحات الإعلام
حررصدا سرر ي ترر عدا طررنتتكن ل رر ي ررم,,معجم مصطلحات الإعلام
ْ َ,,معجم مصطلحات الإعلام
.ستم دا يميدا,,معجم مصطلحات الإعلام
لملا رررررررررررندا سرررررررررر ي ترررررررررر عدا تتررررررررررح د,,معجم مصطلحات الإعلام
.طي يعفي تدا,,معجم مصطلحات الإعلام
بلاسلا مميفلا,,معجم مصطلحات الإعلام
camera negative film,,معجم مصطلحات الإعلام
رايماكلا ةيوزا,,معجم مصطلحات الإعلام
camera angle طترررررر تدا ررررررعن ل يررررررف د طي ررررررصما طخرررررر دا,,معجم مصطلحات الإعلام
لا يمترررررررك تهل رررررررصت سرررررررتدا طررررررري لدا طررررررري عا .تهعنط سن تهي ى ل صدا,,معجم مصطلحات الإعلام
. يعفي تدا تم ي دا,,معجم مصطلحات الإعلام
رايماكلا عضوم,,معجم مصطلحات الإعلام
رايماكلا عراذ,,معجم مصطلحات الإعلام
camera set-up,,معجم مصطلحات الإعلام
camera boom,,معجم مصطلحات الإعلام
لرظ م طت تد لا يمتكدا هي ت تكم,,معجم مصطلحات الإعلام
7,,معجم مصطلحات الإعلام
ةرهاقلاب ةيبرعلا ةغللا عمجم,,معجم مصطلحات الإعلام
. يعم تم يرررر دا رررريعفي تدا طررررىا ا ي ترررر,,معجم مصطلحات الإعلام
لترررررررريتخا لكحترررررررردا ةعررررررررهج تررررررررهن ررررررررج ت,,معجم مصطلحات الإعلام
ةممح ىف كراشم,,معجم مصطلحات الإعلام
ُ ة تررررر ا ت رررررصدا ليتترررررفم تترررررط دا,,معجم مصطلحات الإعلام
campaigner,,معجم مصطلحات الإعلام
جلرررررخمدا سررررر جي ترررررهي كرررررد سررررردإ ترررررم,,معجم مصطلحات الإعلام
رى س ر م ريل مر سرمعي صخ,,معجم مصطلحات الإعلام
.سمعدا ت س ىت م,,معجم مصطلحات الإعلام
طيفحررررررص طيرررررر تي طرررررر يعم طرررررر مح,,معجم مصطلحات الإعلام
.تهليغ طينتخت ا,,معجم مصطلحات الإعلام
"ةيفحصلا ""تيناج"" ةمسمس",,معجم مصطلحات الإعلام
"chain, Gannet",,معجم مصطلحات الإعلام
مسر وأ ةروص ىمع قيمعت,,معجم مصطلحات الإعلام
طك ممدا حصدا م لينك عد مُّجت,,معجم مصطلحات الإعلام
َ,,معجم مصطلحات الإعلام
caption,,معجم مصطلحات الإعلام
"ةل رررررررصد طنحِ ترررررررصم لررررررر ك ةلترررررررنى ترع ل نل لر ت طيكيلمما "" تي تج"" طكل د",,معجم مصطلحات الإعلام
ُ,,معجم مصطلحات الإعلام
.هد طحلت ل ل,,معجم مصطلحات الإعلام
م للاك عي,,معجم مصطلحات الإعلام
ُ,,معجم مصطلحات الإعلام
طيم ي طفيحص يعن,,معجم مصطلحات الإعلام
سرررر ى طيفحررررصدا طرررريك ْمدا عرررريكلت ستكرررر,,معجم مصطلحات الإعلام
ةباقرِ .لدتعدا ا ت م,,معجم مصطلحات الإعلام
censorship,,معجم مصطلحات الإعلام
سترصت ا س ت ه ت تم س ى لا ا ةيلاصتا ةرئاد,,معجم مصطلحات الإعلام
تررررره رررررم ررررركعت د طرررررف تخمدا تررررهىا عن channel of communication,,معجم مصطلحات الإعلام
طرررررررررمكتحدا طط ررررررررر دا رررررررررم ضلترررررررررعتت .سِن ت م س ِلم ين ستصتا ةل ا ا,,معجم مصطلحات الإعلام
ُ ُ,,معجم مصطلحات الإعلام
.طمتعدا با اا ىرألا نيوكت تاونق,,معجم مصطلحات الإعلام
channels of opinion forming,,معجم مصطلحات الإعلام
ةيسيئرلا ةبقراملا ةفرغ,,معجم مصطلحات الإعلام
تهل تررررصم رررم تترررم عمدا رررت ررر ت م,,معجم مصطلحات الإعلام
central control room,,معجم مصطلحات الإعلام
ة تررررر تا ررررر دا ررررره سمررررر ت طرررررف تخمدا,,معجم مصطلحات الإعلام
ررررم عررررج ي ترررر متن طرررر ح م طرررر لغ,,معجم مصطلحات الإعلام
طرررررررررررريى للاررررررررررررى ا س ترررررررررررر ال رررررررررررردا,,معجم مصطلحات الإعلام
8,,معجم مصطلحات الإعلام
ملاعلإا تاحلطصم مجعم,,معجم مصطلحات الإعلام
. يي تعدا صتخ ما تتم ع م د ا ة تررررررررررررر ا ررررررررررررريع ت رررررررررررررى س ررررررررررررر مدا,,معجم مصطلحات الإعلام
ي رررررررررركت لي ررررررررررصتدا طرررررررررري عا لترررررررررريتخا,,معجم مصطلحات الإعلام
ةيصخشلا صمَُّقَت .لظت مدا,,معجم مصطلحات الإعلام
character in(to),,معجم مصطلحات الإعلام
لافطأ مميف,,معجم مصطلحات الإعلام
هررررج رررر ح سرررر ى ل رررردا سرررر ممدا ا,,معجم مصطلحات الإعلام
children's film,,معجم مصطلحات الإعلام
تررررررهتتكلحن طي ررررررصما طيررررررصخ دا هرررررر عك,,معجم مصطلحات الإعلام
له تررررر لا سترررررفطما هررررريج تد رررررعي,,معجم مصطلحات الإعلام
ُ,,معجم مصطلحات الإعلام
ل يررررر,,معجم مصطلحات الإعلام
.الخما تهتتم سررر ى ترررندتغ رررمتعي لهتي ررر ت لهميررر عت,,معجم مصطلحات الإعلام
ل,,معجم مصطلحات الإعلام
ا هترر ا سرر ى تهتل رر د طرركلحتمدا ل رر لدا,,معجم مصطلحات الإعلام
ةيصخشلا ريوصت .سفطدا,,معجم مصطلحات الإعلام
characterization,,معجم مصطلحات الإعلام
تتيررصخ دا لي ررصت سرر ى بررتتكدا ةل رر لافطأ ةمجم,,معجم مصطلحات الإعلام
children's magazine,,معجم مصطلحات الإعلام
رركت رركمي تررمك سملا رردا سررمعدا سرر,,معجم مصطلحات الإعلام
تررهيج ت ل ارر ت ستررفطمتن طررصتخ طفيحررص,,معجم مصطلحات الإعلام
ل,,معجم مصطلحات الإعلام
. ا دا س,,معجم مصطلحات الإعلام
سررررررر ى ترررررررن,,معجم مصطلحات الإعلام
ل,,معجم مصطلحات الإعلام
دتغ رررررررمتعت ترررررررم,,معجم مصطلحات الإعلام
ل,,معجم مصطلحات الإعلام
ي عت ا,,معجم مصطلحات الإعلام
ل,,معجم مصطلحات الإعلام
تررررررر لا,,معجم مصطلحات الإعلام
طم رر لمدا ةليررص دا ط رر مدا صررص دا,,معجم مصطلحات الإعلام
ةدراطملا دىاشَ م,,معجم مصطلحات الإعلام
َ,,معجم مصطلحات الإعلام
با ررررررررتج طرررررررريهعا دا ا رررررررردما ل خترررررررر,,معجم مصطلحات الإعلام
َ,,معجم مصطلحات الإعلام
ت,,معجم مصطلحات الإعلام
chase scenes,,معجم مصطلحات الإعلام
تت نتر مدا عترهدما رّظ ت تمك سفطدا,,معجم مصطلحات الإعلام
طرررررري يعفي تدا تلارررررر مدا سرررررر تتررررررط د طررررعتم د طم رررر لمدا طررررن تكمدا بتررررعدما,,معجم مصطلحات الإعلام
تترريا لدا صررص دا للارر ما طرريىا ا .طي تدا,,معجم مصطلحات الإعلام
.ة لتطمدا هت َ م َ س ت طيفحصدا ىئامنيس مميف,,معجم مصطلحات الإعلام
cine,,معجم مصطلحات الإعلام
عادخ,,معجم مصطلحات الإعلام
cheat تلا يمترررررررركن لي ررررررررصت د سترررررررر ح طيلررررررر,,معجم مصطلحات الإعلام
طيلررصندا تلا ررمدا تلا يمترركدا لا خترر ا,,معجم مصطلحات الإعلام
.ط يعم,,معجم مصطلحات الإعلام
رررر ن تررررحي ا سرررر,,معجم مصطلحات الإعلام
. ا دا س هي ى كي تمن لي صت بوكس امنيس,,معجم مصطلحات الإعلام
cinemascope,,معجم مصطلحات الإعلام
ريوصتلا قيرف سيئر,,معجم مصطلحات الإعلام
لي رررررصتدا سررررر صترررررخ لترررررظ لا ختررررر ا,,معجم مصطلحات الإعلام
chief camera man,,معجم مصطلحات الإعلام
9,,معجم مصطلحات الإعلام
ةرهاقلاب ةيبرعلا ةغللا عمجم,,معجم مصطلحات الإعلام
هترر َ م َ دا يرر جتد يي تم يرر دا ضلررعدا تايمحم ررحم,,معجم مصطلحات الإعلام
city editor,,معجم مصطلحات الإعلام
.طف تخمدا ته تعنعن,,معجم مصطلحات الإعلام
لتررررنخما ررررمج سرررر صررررصختم للاررررحم,,معجم مصطلحات الإعلام
سرتدا ط ي مدا تط س تهتنتتك طي حمدا,,معجم مصطلحات الإعلام
امنيسلا نوناق,,معجم مصطلحات الإعلام
cinematograph act .ط تهن سمعي,,معجم مصطلحات الإعلام
طي تم يرررر دا للارررر ما جتررررت إ لاظ رررري يلرررر ت,,معجم مصطلحات الإعلام
ُ,,معجم مصطلحات الإعلام
نورجأتسم نوقفصم,,معجم مصطلحات الإعلام
َ,,معجم مصطلحات الإعلام
.تهعيع ت ته لى claque,,معجم مصطلحات الإعلام
سرررفح سررر يفرررصت د ةلجعتررر م تترررىتمج,,معجم مصطلحات الإعلام
َ,,معجم مصطلحات الإعلام
روشنم,,معجم مصطلحات الإعلام
عتررنط ا تررطى طيحلرر م لمترر لن,,معجم مصطلحات الإعلام
circular,,معجم مصطلحات الإعلام
تررررم رررر حت ي سمحتررررم ل ررررهمجدا عررررن,,معجم مصطلحات الإعلام
َ َ,,معجم مصطلحات الإعلام
تر يلحت ا ر تر تين سرمحي ع نطم,,معجم مصطلحات الإعلام
ل ل ل,,معجم مصطلحات الإعلام
.هي ى ضلعي,,معجم مصطلحات الإعلام
ُ,,معجم مصطلحات الإعلام
. يع تدا هن ت لاىإ تتم عم,,معجم مصطلحات الإعلام
ل,,معجم مصطلحات الإعلام
ةبوبم تانلاعإ,,معجم مصطلحات الإعلام
َُّ,,معجم مصطلحات الإعلام
classified advertising,,معجم مصطلحات الإعلام
ةفيحصلا عيزوت,,معجم مصطلحات الإعلام
circulation سرررر لرررر ُ ت سررررتدا طيفحررررصدا تترررر لاى ا,,معجم مصطلحات الإعلام
رم يرعم ع ر ن تره م سرك صتخي با ن,,معجم مصطلحات الإعلام
تررررم طفيحررررص ررررم طررررعينمدا ةرررر دا ررررى,,معجم مصطلحات الإعلام
.تتم خدا دا,,معجم مصطلحات الإعلام
.ط يعم ةلت سلاخ,,معجم مصطلحات الإعلام
ىسردم مميف,,معجم مصطلحات الإعلام
عيزوتلا مسق classroom film,,معجم مصطلحات الإعلام
circulation department,,معجم مصطلحات الإعلام
بلارررررط د طررررريمي عتدا للاررررر ما رررررم ع ررررر,,معجم مصطلحات الإعلام
ترررررم طفيحرررررص ررررريع تن طرررررصتخمدا ةلا ا,,معجم مصطلحات الإعلام
.طتحن طي لا ط يلطن ع مدا ضلعي,,معجم مصطلحات الإعلام
رررر ت طررررف تخمدا سرررر دا س ترررر ططرررر ا ن,,معجم مصطلحات الإعلام
سرر ةل ررمدا سررما عدا طرر لا طررمهم تررهي ى,,معجم مصطلحات الإعلام
ةصاصُق,,معجم مصطلحات الإعلام
تلا رررررريهتمدا سل ررررررت طفيحررررررصدا رررررريع ت clipping,,معجم مصطلحات الإعلام
.تهجا ل تهلت ت ا س ل ت ستدا ّ رررررص ُ ت طفيحرررررص رررررم طرررررعطت م ة ترررررم,,معجم مصطلحات الإعلام
صتخر عن طر عتم تترّف م سر ظَفح,,معجم مصطلحات الإعلام
ُ,,معجم مصطلحات الإعلام
ت,,معجم مصطلحات الإعلام
رررم لنرررصتد تتررر م تتى ررر م,,معجم مصطلحات الإعلام
01,,معجم مصطلحات الإعلام
ملاعلإا تاحلطصم مجعم,,معجم مصطلحات الإعلام
سرررررررر تررررررررهي ى ررررررررمتعي سررررررررتدا ل تررررررررصمدا .طيملاى ا طدت لدا هم ت تم,,معجم مصطلحات الإعلام
ُ,,معجم مصطلحات الإعلام
.تتم عمدا س ى س صحدا,,معجم مصطلحات الإعلام
ىفرعم رفانت,,معجم مصطلحات الإعلام
ةم ّ تتلا رابتخا cognitive dissonance,,معجم مصطلحات الإعلام
close procedure,,معجم مصطلحات الإعلام
لير دا لترك ما تترم عمدا تر تا ل ى,,معجم مصطلحات الإعلام
سرررر ى ئلترررر دا ةل رررر سترررري د طرررريجه م ةا,,معجم مصطلحات الإعلام
ترم رم طريملاى ا س تر لدا لنى طم ن مدا,,معجم مصطلحات الإعلام
رررررح سلارررررخ رررررم يرررررعم صررررر لررررره,,معجم مصطلحات الإعلام
.س تم د س لعمدا ت ندا س ل ت م ه,,معجم مصطلحات الإعلام
رررررى ةلرررررنعمدا تا لرررررفمدا رررررم طرررررى مجم,,معجم مصطلحات الإعلام
رررم بررر طي هررر خا طيررر ت يمتررر م,,معجم مصطلحات الإعلام
ُ,,معجم مصطلحات الإعلام
كررررد سرررر لررررج تررررم ك تررررهدتمكإ ئل ترررر دا ةيفرعم تاجاح,,معجم مصطلحات الإعلام
cognitive needs,,معجم مصطلحات الإعلام
. هد طن دتن تم هفم ص دا تك,,معجم مصطلحات الإعلام
ل,,معجم مصطلحات الإعلام
س ترررر طررررعنتتم سرررردإ سرررر تمدا رررري تررررم,,معجم مصطلحات الإعلام
ةرفْ شَ تتررررررم عمدا بترررررر تكا ررررررهن للاررررررى ا,,معجم مصطلحات الإعلام
code,,معجم مصطلحات الإعلام
. متجمدا س ت ستدا ثا حما له,,معجم مصطلحات الإعلام
ع ررررملدا تتررررم كدا ررررم صتررررخ لتررررظ ناوللأا ةفاثك سايقم,,معجم مصطلحات الإعلام
colorimeter,,معجم مصطلحات الإعلام
.س تعمدا س س ل خت ي,,معجم مصطلحات الإعلام
ُ,,معجم مصطلحات الإعلام
ررررري حت ا ررررردما طررررر لت م لررررر يي عترررررهج,,معجم مصطلحات الإعلام
ىفرعم,,معجم مصطلحات الإعلام
cognitive .ته م سك ط ت ك,,معجم مصطلحات الإعلام
طرررررررررري عدا تترررررررررري معدا ضعنررررررررررد ررررررررررص,,معجم مصطلحات الإعلام
سررتدا لك ررتدا ليرر فتدا لررهفدا كلا تررك دومع بتاك,,معجم مصطلحات الإعلام
columnist,,معجم مصطلحات الإعلام
.طيملاى ا طدت ل د س تمدا تهن ل ي,,معجم مصطلحات الإعلام
سررر لرررظ طرررهج ةلرررك برررتكي للرررحم,,معجم مصطلحات الإعلام
ررمى طحترر م سرر ى ث ررح طيرر,,معجم مصطلحات الإعلام
ىفرعم قاستا,,معجم مصطلحات الإعلام
cognitive consistency ةل رصن طريم ي ة يلج س مى م عج,,معجم مصطلحات الإعلام
ليررررررررر دا لترررررررررك ما تترررررررررم عمدا لغتررررررررر ت ا ررررر عن ترررررنت ررررر م سررررر ى طرررررم اظت م,,معجم مصطلحات الإعلام
رم سر تم د سر لعمدا ت ندا س ةل ت مدا,,معجم مصطلحات الإعلام
.تنت,,معجم مصطلحات الإعلام
11,,معجم مصطلحات الإعلام
ةرهاقلاب ةيبرعلا ةغللا عمجم,,معجم مصطلحات الإعلام
لاصتلااب مئاق,,معجم مصطلحات الإعلام
communicator,,معجم مصطلحات الإعلام
ةينلاعإ ةفيحص,,معجم مصطلحات الإعلام
commercial paper سررر ن ل ررر ت سرررتدا طرررهجدا صخررر دا,,معجم مصطلحات الإعلام
تتر لاى ا لر سر صصختت طفيحص سلارررخ رررم ةلررر تنم ةل رررصن تترررم عمدا,,معجم مصطلحات الإعلام
لررررريغ سررررصخ دا سترررررصت ا ستكرررر,,معجم مصطلحات الإعلام
طرررررريليلحت ا ررررررم لرررررر ت رررررر طرررررريلتجتدا,,معجم مصطلحات الإعلام
.للاى ا س ت لنى ةل تنم,,معجم مصطلحات الإعلام
.تت لاى ا سدإ ئلت دا ب ج هن,,معجم مصطلحات الإعلام
ىراجت نويزفيمت ىمحم نويزفيمت,,معجم مصطلحات الإعلام
community television,,معجم مصطلحات الإعلام
commercial television,,معجم مصطلحات الإعلام
سردإ ي تمدترن هجملا ن ا ا ت يعفي ت,,معجم مصطلحات الإعلام
تت لاى ا سلاخ م س ن م م يعفي ت,,معجم مصطلحات الإعلام
َُ,,معجم مصطلحات الإعلام
لرى سىترمتج ا لرييهتدا سر طكلت مدا,,معجم مصطلحات الإعلام
ةترىلدا ترهف كي سرتدا لملا رندا طحيلصدا,,معجم مصطلحات الإعلام
.طصتخدا طي حمدا ط ت دا سدإ له تمت ا,,معجم مصطلحات الإعلام
.تتم كحدا ةلطي ى ا يعن,,معجم مصطلحات الإعلام
ل )فو رحلا عماج ( عيمِّج,,معجم مصطلحات الإعلام
َ,,معجم مصطلحات الإعلام
ةيملاعإ ةسايس compositor,,معجم مصطلحات الإعلام
communication policy,,معجم مصطلحات الإعلام
ا رررررريهمت طيفحررررررصدا ا ررررررمدا ررررررمجي ررررررم,,معجم مصطلحات الإعلام
ل,,معجم مصطلحات الإعلام
طررررررررمتى تتررررررررهج م ئ تررررررررنم طررررررررى مجم,,معجم مصطلحات الإعلام
لررررنى طرررريد طرررري ي طرررر يلطن تررررهتىتنطد,,معجم مصطلحات الإعلام
حلررررر ت سرررررملاىإ لتررررظ طفررررر لرررر ت,,معجم مصطلحات الإعلام
ةعررررررررهج الي رررررررصتدا ررررررررمجدا ةعرررررررهج,,معجم مصطلحات الإعلام
طمتعدا ط طخدا ت هجملا ن ه ا ه,,معجم مصطلحات الإعلام
.لت ينمكدا,,معجم مصطلحات الإعلام
طررررررررررريك مدا عا ررررررررررر سرررررررررررمعدا ب ررررررررررر م,,معجم مصطلحات الإعلام
.تلا مدا م تهليغ طيملاى ا,,معجم مصطلحات الإعلام
باعيتسا,,معجم مصطلحات الإعلام
comprehension,,معجم مصطلحات الإعلام
ىلاصتا ماظن ترهدلاخ رم سر تمدا ل ر ي طري لعم طري مى,,معجم مصطلحات الإعلام
communication system,,معجم مصطلحات الإعلام
تلا ررررري مدا سررررر ى طررررر يعم ٍترررررعم تفررررر إن,,معجم مصطلحات الإعلام
تتررررر كمدا تا رررررح دا رررررم طرررررى مجم,,معجم مصطلحات الإعلام
.ته ن ت ي ستدا,,معجم مصطلحات الإعلام
تررررررظ ن ل رررررر ت طررررررطنلا تمدا طرررررريملاى ا,,معجم مصطلحات الإعلام
. يعم متجم لتطإ س ط يعم طيملاىإ,,معجم مصطلحات الإعلام
ةيكمملا زيكرت,,معجم مصطلحات الإعلام
concentration of ownership,,معجم مصطلحات الإعلام
طرررررررررررر يعم تتررررررررررررىتمج لا رررررررررررر كررررررررررررُّ مت,,معجم مصطلحات الإعلام
02,,معجم مصطلحات الإعلام
ملاعلإا تاحلطصم مجعم,,معجم مصطلحات الإعلام
سررر تد للارررى ا س تررر سررر ى لهتلطيررر نومضملا ليمحت,,معجم مصطلحات الإعلام
content analysis,,معجم مصطلحات الإعلام
سررررررررردإ ترررررررررهلظ تترررررررررهج ترررررررررهدلاخ رررررررررم,,معجم مصطلحات الإعلام
يررررررررص تدا سرررررررر ل خترررررررر ت طرررررررري حن ةا,,معجم مصطلحات الإعلام
هررري بررريهت ا ررردا تررر دا سررر ل رررهمجدا ََْ ْ ُ,,معجم مصطلحات الإعلام
طدتر لدا ص ترصخد سى ر مدا سرمكدا,,معجم مصطلحات الإعلام
ا رررردا لررررمما الررررخما لررررظ دا تتررررهج,,معجم مصطلحات الإعلام
.طي عتدا ل هفم جلا ت سدإ ا ي س رررررررررح تلا ررررررررر م ررررررررر طيدترررررررررصت ا,,معجم مصطلحات الإعلام
.تهي تم تهجِ ت م,,معجم مصطلحات الإعلام
ُ,,معجم مصطلحات الإعلام
ةرداصم,,معجم مصطلحات الإعلام
ضر اعت,,معجم مصطلحات الإعلام
confiscation ُ,,معجم مصطلحات الإعلام
contest,,معجم مصطلحات الإعلام
تتى نطم س ا ت طصتخمدا طط دا م,,معجم مصطلحات الإعلام
لررررررنخدا طرررررري يح لررررررصت ى ررررررم لررررررص ى,,معجم مصطلحات الإعلام
.ط يعم,,معجم مصطلحات الإعلام
سرررررر ضلتررررررعتدا لررررررصت ى ررررررم هفررررررص ن,,معجم مصطلحات الإعلام
.ةتيحدا,,معجم مصطلحات الإعلام
عراص,,معجم مصطلحات الإعلام
طبر عيذم,,معجم مصطلحات الإعلام
conflict,,معجم مصطلحات الإعلام
continuity announcer,,معجم مصطلحات الإعلام
سر طريلنخدا ةلتر ا لصت ى م لص ى,,معجم مصطلحات الإعلام
طررىا مدا تلا رر فدا يررن طنلدتررن ل رر ي ي ررم,,معجم مصطلحات الإعلام
.ط تحصدا ُ,,معجم مصطلحات الإعلام
ا رر سم رريدا لمترر لندا رريف ت ترر سرر,,معجم مصطلحات الإعلام
ل تته ي تررر ة رررى رررم عا رررت تررر تك,,معجم مصطلحات الإعلام
ىملاعإ لتكت,,معجم مصطلحات الإعلام
conglomerate,,معجم مصطلحات الإعلام
. حا ي ت م,,معجم مصطلحات الإعلام
سرررررتدا طررررريملاى ا طررررريك مدا ستكررررر رررررح,,معجم مصطلحات الإعلام
ررم تررهليغ للاررى ا س ترر يررن ررمجت,,معجم مصطلحات الإعلام
عباتت فيلوت,,معجم مصطلحات الإعلام
سرررر م تررررهن ط ررررصدا تا لرررريغ تتررررجت مدا continuity cut,,معجم مصطلحات الإعلام
ررررعت .طرررري لتكد ا ةعررررهجما تلا تيرررر دا,,معجم مصطلحات الإعلام
تيررر دا سررر تهعررر تترررط دا ررريمجت,,معجم مصطلحات الإعلام
Sony,,معجم مصطلحات الإعلام
طررررررر مما رررررررح طررررررري تنتيدا طكلررررررر,,معجم مصطلحات الإعلام
سملا رردا ص رردا سرر ت ل تررمك سررعينطدا,,معجم مصطلحات الإعلام
.ستجمدا ا ه س ط لامعدا تتكل د,,معجم مصطلحات الإعلام
رررررص دا رررررط دا سرررررتي مى لا رررررجإ رررررعن,,معجم مصطلحات الإعلام
ْ,,معجم مصطلحات الإعلام
يررع د تررحيلم نتررتتدا رركي طلترر ي,,معجم مصطلحات الإعلام
ل ُ,,معجم مصطلحات الإعلام
13,,معجم مصطلحات الإعلام
ةرهاقلاب ةيبرعلا ةغللا عمجم,,معجم مصطلحات الإعلام
سررررمعدا ع رررر م ررررى لررررنعي ُ ما علرررن ُ ت سفحرررص ع ررر م لرررنخ طرررم م,,معجم مصطلحات الإعلام
.سملا دا .ع مدا س ل تصتدا لاتخ ا,,معجم مصطلحات الإعلام
رشنلا قح,,معجم مصطلحات الإعلام
ةعباتملا ريرقت,,معجم مصطلحات الإعلام
copyright,,معجم مصطلحات الإعلام
continuity sheet,,معجم مصطلحات الإعلام
تيقىا رنإ ترك ا ر الك ل,,معجم مصطلحات الإعلام
َ,,معجم مصطلحات الإعلام
ت م ُطيك م,,معجم مصطلحات الإعلام
ترررررطخما تترررررظحلامدتن سم ررررري لررررريل ت,,معجم مصطلحات الإعلام
طررررريك مدا ررررره ليرررررظ ت تررررريقم ى تررررريق ت,,معجم مصطلحات الإعلام
طررررررىا ا سرررررر طررررررعنتتمدا لرررررر ررررررعي,,معجم مصطلحات الإعلام
ةلررررررم ررررررم صخرررررر سررررررك رررررريفي ثرررررريحن,,معجم مصطلحات الإعلام
تررررم سررررك طررررعنتتم سلاررررخ ررررم رررريعفي تدا,,معجم مصطلحات الإعلام
.هجتت إ,,معجم مصطلحات الإعلام
.عا ي,,معجم مصطلحات الإعلام
ةسسؤملا ةيوى,,معجم مصطلحات الإعلام
طبرلا ررحم corporate identity,,معجم مصطلحات الإعلام
continuity writer,,معجم مصطلحات الإعلام
طرري عمدا طرري تمدا ص تررصخدا طررى مجم,,معجم مصطلحات الإعلام
سرتدا ة ترمدا طرنتتك سر صرصختي للحم,,معجم مصطلحات الإعلام
رررررررريفي تررررررررمن تررررررررم طرررررررر م عرررررررريمت سررررررررتدا,,معجم مصطلحات الإعلام
ُ,,معجم مصطلحات الإعلام
رررم رررى لمتررر لن تلا ررر يرررن طنلرررت,,معجم مصطلحات الإعلام
.للا ت ا ك تمتدا طيص صخدا,,معجم مصطلحات الإعلام
.طىا مدا لملا ندا,,معجم مصطلحات الإعلام
ىجراخ لسرام,,معجم مصطلحات الإعلام
correspondent abroad,,معجم مصطلحات الإعلام
رمتسم ضرع,,معجم مصطلحات الإعلام
continuous performance,,معجم مصطلحات الإعلام
سررررتدا ثا ررررحما طرررريطهتن ل رررر ي سفحررررص,,معجم مصطلحات الإعلام
ر ت س تم ير دا ضلعدا للا مت ا,,معجم مصطلحات الإعلام
هت يرررر د سرررر لا هجدا تررررط دا جلتررررخ رررر ت,,معجم مصطلحات الإعلام
لرخ سردإ ل ير رم ستر ت ا الجي ثيح,,معجم مصطلحات الإعلام
.طيملاى ا,,معجم مصطلحات الإعلام
.سصا ج,,معجم مصطلحات الإعلام
... عم كراتشلااب,,معجم مصطلحات الإعلام
co-staring,,معجم مصطلحات الإعلام
نيابتلا ةمدقم,,معجم مصطلحات الإعلام
contrast lead سررررررتدا تتررررررح دا مرررررر طررررررصتخ طررررررح د,,معجم مصطلحات الإعلام
04,,معجم مصطلحات الإعلام
ملاعلإا تاحلطصم مجعم,,معجم مصطلحات الإعلام
سرملا سمى س ي ممدا تم ضلعت .طي تي دا ته ا ه ي حت مما,,معجم مصطلحات الإعلام
سررر مم لررر ا علا رررن ة ترررى ل ختررر ت ترررم,,معجم مصطلحات الإعلام
ُ,,معجم مصطلحات الإعلام
.طد طندا ل ن ل ي ل ك لينك ةيقادصم,,معجم مصطلحات الإعلام
credibility,,معجم مصطلحات الإعلام
سبلاملا ممصم هررررم ت تررررم ررررص سرررر سرررر تمدا طرررر,,معجم مصطلحات الإعلام
costume designer,,معجم مصطلحات الإعلام
رررمتعت سرررتدا ل ترررصمدا للارررى ا س تررر,,معجم مصطلحات الإعلام
طررن طمدا تتميمررصتدا رر ن ل رر ي ررم,,معجم مصطلحات الإعلام
ْ َ,,معجم مصطلحات الإعلام
.تهي ى,,معجم مصطلحات الإعلام
.ط يعم طيخيلتت ط حلم سنلام يف تد,,معجم مصطلحات الإعلام
ىدقن لاقم,,معجم مصطلحات الإعلام
داضم ريبدت critical article,,معجم مصطلحات الإعلام
counter measure,,معجم مصطلحات الإعلام
هررررررتمهم صررررررصختم رررررر ت هررررررنتكي سترررررر م,,معجم مصطلحات الإعلام
طرع تم ثا حم ت تا ختت تا لا جإ,,معجم مصطلحات الإعلام
ستررمىما ررحم ليرري تدا ليرر فتدا حلرر دا,,معجم مصطلحات الإعلام
.سعفدتن تم طهجا مد,,معجم مصطلحات الإعلام
.طي فدا طين ما,,معجم مصطلحات الإعلام
طلابلا ةرشن,,معجم مصطلحات الإعلام
ةعونتم ةيملاعإ لئاسو ةيكمم,,معجم مصطلحات الإعلام
court circular,,معجم مصطلحات الإعلام
cross-media ownership,,معجم مصطلحات الإعلام
تررررريقم ي ل رررررصي سمررررر ل لررررريل ت ةلررررر,,معجم مصطلحات الإعلام
رررررررررم لررررررررر كم طررررررررر يعم طكلررررررررر كلاتررررررررما,,معجم مصطلحات الإعلام
سررررررر لررررررر د سرررررررك مدا طلانررررررردا لترررررررنخعن,,معجم مصطلحات الإعلام
سررررررررررر م للارررررررررررى ا س تررررررررررر رررررررررررم ع ررررررررررر,,معجم مصطلحات الإعلام
. حصدا طررررررررررررررررررررىا ا تلاررررررررررررررررررررجمدا رررررررررررررررررررر لا جدا,,معجم مصطلحات الإعلام
ررررررررعت تررررررررهليغ طرررررررري لمدا طى مرررررررر مدا,,معجم مصطلحات الإعلام
ُ,,معجم مصطلحات الإعلام
ةيطغتلا تانايب,,معجم مصطلحات الإعلام
تررررررررررررهك تمي سررررررررررررتدا لتررررررررررررنخما طرررررررررررر م,,معجم مصطلحات الإعلام
covering statements,,معجم مصطلحات الإعلام
Robert Merdok,,معجم مصطلحات الإعلام
ك لرريم تلررن ل,,معجم مصطلحات الإعلام
تتحيلرررررصت رررررم طرررررم كحدا ل رررررصت ترررررم,,معجم مصطلحات الإعلام
.طيك مدا م ع دا ا هد تج م,,معجم مصطلحات الإعلام
ل,,معجم مصطلحات الإعلام
سررررردإ ا رررررت تت لرررررصت تلالا ررررر لررررريلنتد,,معجم مصطلحات الإعلام
تترررن طتمن طررر عتم لترررعدا ال ررردا تيتررر ا,,معجم مصطلحات الإعلام
15,,معجم مصطلحات الإعلام
ةرهاقلاب ةيبرعلا ةغللا عمجم,,معجم مصطلحات الإعلام
فيقثت,,معجم مصطلحات الإعلام
cultivation,,معجم مصطلحات الإعلام
لسمستلا عطق,,معجم مصطلحات الإعلام
طررررررررررريملاى ا طدتررررررررررر ل دا هررررررررررر حت لي عرررررررررررت,,معجم مصطلحات الإعلام
cut back,,معجم مصطلحات الإعلام
سرررررري طدا ا رررررمدا سرررررر ى سرررررمكلا ت سكررررر ن,,معجم مصطلحات الإعلام
ررررررم رررررر تت طرررررر جتفم ثا ررررررح لتررررررح إ,,معجم مصطلحات الإعلام
ستكرررر ل ررررص يمترررر م سلاررررخ ررررم,,معجم مصطلحات الإعلام
لرررررر لررررررت ا رررررردا التررررررجدا ث ررررررحدا,,معجم مصطلحات الإعلام
تملا رررردا سرررر طررررصتخن ةللرررركتم طرررريملاىإ,,معجم مصطلحات الإعلام
.ط نت ثا ح سدإ ة عدا,,معجم مصطلحات الإعلام
.طي يعفي تدا,,معجم مصطلحات الإعلام
ىفاقث رامعتسا D,,معجم مصطلحات الإعلام
cultural imperialism,,معجم مصطلحات الإعلام
تلا رررر م سرررر ى طررررينلهدا ةلطيرررر دا لترررركحإ,,معجم مصطلحات الإعلام
ةيفحص تايموي,,معجم مصطلحات الإعلام
رررررتدا سلاررررخ رررررم ثرررردت دا لدتررررعدا س,,معجم مصطلحات الإعلام
dailies,,معجم مصطلحات الإعلام
.سملاى ا,,معجم مصطلحات الإعلام
ضلررعي سفحررصدا سترر مدا رر ررم رر,,معجم مصطلحات الإعلام
طرررريتا دا بلتررررجتدا تلامعررررتدا لطا ررررخدا,,معجم مصطلحات الإعلام
ةيفاقث ةمجم,,معجم مصطلحات الإعلام
cultural magazine .هنتتكد,,معجم مصطلحات الإعلام
لي ررررر تن صترررررخت تررررريقل ل,,معجم مصطلحات الإعلام
ُ,,معجم مصطلحات الإعلام
رررررصت طررررر جم,,معجم مصطلحات الإعلام
.تهليغ با م طيلكفدا ا مدا تانايب ةدعاق ريدم,,معجم مصطلحات الإعلام
data-base manager,,معجم مصطلحات الإعلام
تايرج ََام ل ترررررصمدا ظرررررفح سررررر ل ختررررر ي,,معجم مصطلحات الإعلام
ُ,,معجم مصطلحات الإعلام
لمتررررر لن,,معجم مصطلحات الإعلام
current events,,معجم مصطلحات الإعلام
تتررررررف مدا طررررررنل تتررررررم عمدا رررررريمجت,,معجم مصطلحات الإعلام
سرررخا تتررر ت م تررر رررم الرررجي ترررم,,معجم مصطلحات الإعلام
سر ى ساهر ي ا ردا لمما ضعنن ته عن,,معجم مصطلحات الإعلام
تت ج كد م تم عتمتجا ط ج,,معجم مصطلحات الإعلام
ررررررررررررررى ثررررررررررررررحندا طرررررررررررررري مى سفحررررررررررررررصدا,,معجم مصطلحات الإعلام
.ال دا بع دا س جم,,معجم مصطلحات الإعلام
.تتم عمدا,,معجم مصطلحات الإعلام
06,,معجم مصطلحات الإعلام
ملاعلإا تاحلطصم مجعم,,معجم مصطلحات الإعلام
سررررر ي رررررمدا حلررررر مدا طنررررر خ سررررر ى,,معجم مصطلحات الإعلام
توصلا لزع لرريغ تم يرر دا سرر سرر ممدا رريعفي تدا,,معجم مصطلحات الإعلام
deadening,,معجم مصطلحات الإعلام
.كد,,معجم مصطلحات الإعلام
لا ررج سرر ت ررص د طرردعتى ا ررم رر,,معجم مصطلحات الإعلام
رراقلا عانَّص,,معجم مصطلحات الإعلام
ُ,,معجم مصطلحات الإعلام
سعررررعد تهرررر ل تهف رررر تته ي ترررر ما decision makers,,معجم مصطلحات الإعلام
طري يف تدا طط دا س يد مدا لتنك,,معجم مصطلحات الإعلام
.طيجلتخدا تا صما,,معجم مصطلحات الإعلام
سرر ررمكحتي ي رردا الررنكدا تترر مدا,,معجم مصطلحات الإعلام
نيعزوملا ةمجم,,معجم مصطلحات الإعلام
dealers magazine سرر ى رر دا لهيرر عي طررمهمدا تلالا رر دا,,معجم مصطلحات الإعلام
طرمتعدا تتر لاعدا تهل رصت طرصتخ ةل .لتعدا ال دا تتهتجتا,,معجم مصطلحات الإعلام
سرررتدا طع ررر دا سىع رررمد ترررم طررر م سررر,,معجم مصطلحات الإعلام
ةرفْ شَّ لا كف,,معجم مصطلحات الإعلام
طترر ن صتررخت طرر مدا كرر ت تررهجت ت decoding,,معجم مصطلحات الإعلام
بتعيترررررررررر طدترررررررررر لدا ع ررررررررررمل ليرررررررررر فت,,معجم مصطلحات الإعلام
ترهي جترت ا ة رج ط مدا,,معجم مصطلحات الإعلام
س ترررررعمدا رررررم رررررفتت ةل رررررصن ته مرررر م,,معجم مصطلحات الإعلام
.تتجت مدا ي حتد طد نمدا هجدا,,معجم مصطلحات الإعلام
.س ِلمدا ته هت ا ستدا,,معجم مصطلحات الإعلام
ةرظانم ىعافد لاصتا,,معجم مصطلحات الإعلام
debate defensive communication,,معجم مصطلحات الإعلام
يرصخ يرن ترم ع ر م سر لا ح س تررررررررر لدا ضعنرررررررررد سررررررررر تمدا طرررررررررم ت م,,معجم مصطلحات الإعلام
.ضلتعم لخاا يا م تمه ح ي يل تتررررررررررم عم سررررررررررمحت سررررررررررتدا طررررررررريملاى ا,,معجم مصطلحات الإعلام
ُ,,معجم مصطلحات الإعلام
ررم هررن م رري تررم ررم ض ترر تت لتررعم,,معجم مصطلحات الإعلام
ةلطير دا س ترحي س لمدا ل ع د لي,,معجم مصطلحات الإعلام
لولأا رويظلا,,معجم مصطلحات الإعلام
.تهدلاخ م هي ى,,معجم مصطلحات الإعلام
debut,,معجم مصطلحات الإعلام
صخررر ترررهي لرررهظي سرررتدا سرررد ما ةلرررمدا,,معجم مصطلحات الإعلام
ةفيحصلا باجتحا,,معجم مصطلحات الإعلام
سرر ممدا طررصتخ ليهتررمجدا طررهجا م سرر demise,,معجم مصطلحات الإعلام
17,,معجم مصطلحات الإعلام
ةرهاقلاب ةيبرعلا ةغللا عمجم,,معجم مصطلحات الإعلام
بنررررر ن ل رررررصدا رررررى طفيحرررررص ررررر ت ررر دا ليررر للارررى ا طررر هم سررر مترررعدا,,معجم مصطلحات الإعلام
ٍ ررررري طررررري ررررر لرررررحدا لرررررينعتدا,,معجم مصطلحات الإعلام
ةتررررررر د س تررررررر للا ررررررر ن سلاررررررر ا,,معجم مصطلحات الإعلام
. كد س ى طٍينفِخ ةٍلهتظ,,معجم مصطلحات الإعلام
.هف خي م ج ل ى تهنحتص َ,,معجم مصطلحات الإعلام
ةيونعملا حورلا طيبثت,,معجم مصطلحات الإعلام
رودصلا نع فقوت,,معجم مصطلحات الإعلام
demoralization,,معجم مصطلحات الإعلام
demise,,معجم مصطلحات الإعلام
طرررر تهدا طيدتررررصت ا طرررريملاى ا ررررهجدا,,معجم مصطلحات الإعلام
ترررهف ت طررر جم ترررم طفيحرررص بترررجتحا,,معجم مصطلحات الإعلام
ب عرررر د طرررري عمدا ح لرررردا ليررررطحت سرررردإ,,معجم مصطلحات الإعلام
سلا ا بن ن تمإ ل صدا ى,,معجم مصطلحات الإعلام
.ش يجدا,,معجم مصطلحات الإعلام
لمعررررن طرررري يف تدا طط رررر دا ررررم للا رررر ن,,معجم مصطلحات الإعلام
ررج ل رى تهنحتررص ةتر د س تر,,معجم مصطلحات الإعلام
تايونعملا طيبثت تاعئاش,,معجم مصطلحات الإعلام
.كد ليغ هف خي م demoralization rumors,,معجم مصطلحات الإعلام
طررررنلتحمدا تا رررر دا سرررردإ هررررجن ت تتع ترررر,,معجم مصطلحات الإعلام
َُ,,معجم مصطلحات الإعلام
ةظفاحم ةيطراقميد,,معجم مصطلحات الإعلام
ثررررن هترررر ت ب عرررر دا سرررردإ ترررر تيح,,معجم مصطلحات الإعلام
"democracy, conservative ل",,معجم مصطلحات الإعلام
سر لرص دا ي حت طدتحت ا تهي سعيدا,,معجم مصطلحات الإعلام
للاررررررى ا هرررررري رررررر خي سرررررر تي لتررررررظ,,معجم مصطلحات الإعلام
.كلتعمدا,,معجم مصطلحات الإعلام
طرري همدا ليرر دا رركت طيرر تي دا طط رر د,,معجم مصطلحات الإعلام
ثيح طرررظ تحم يررريملاى ا بررر غم هررري,,معجم مصطلحات الإعلام
بيذكت,,معجم مصطلحات الإعلام
تررنا دا طررى مجم ة ترر م سرر ى رر معي,,معجم مصطلحات الإعلام
denial,,معجم مصطلحات الإعلام
سرر متت سررتدا ررمتجمدا تررهي ى ل رر ي سررتدا,,معجم مصطلحات الإعلام
ع رر م عرر ن تتررم عم سا رر سررف,,معجم مصطلحات الإعلام
ا تررررررررررررر مدا سررررررررررررر ى طيدتمررررررررررررر ل دا سررررررررررررر,,معجم مصطلحات الإعلام
)ليحصت :لظ ا( . يعم,,معجم مصطلحات الإعلام
ا ترر مدا سر ى طرريطلا مي دا ا ترصت ا,,معجم مصطلحات الإعلام
.س تي دا,,معجم مصطلحات الإعلام
دامتعلاا ةيرظن,,معجم مصطلحات الإعلام
dependency theory,,معجم مصطلحات الإعلام
ةيلرابيل ةيطراقميد ترررررررمتىا طرررررررجل سررررررر حي سررررررر حن ج رررررررم,,معجم مصطلحات الإعلام
"democracy, liberal",,معجم مصطلحات الإعلام
سررررررر للارررررررى ا س تررررررر سررررررر ى سررررررر تمدا,,معجم مصطلحات الإعلام
يررررر تي دا هررررري سررررر نتي سررررر تي لترررررظ,,معجم مصطلحات الإعلام
08,,معجم مصطلحات الإعلام
ملاعلإا تاحلطصم مجعم,,معجم مصطلحات الإعلام
سررر طرررصتخ تترررم عمدا سررر ى س رررصحدا .ئلت دا يى,,معجم مصطلحات الإعلام
.تتمعما ت,,معجم مصطلحات الإعلام
)ريرحتلا ةعاق( كسيدِ,,معجم مصطلحات الإعلام
ْ,,معجم مصطلحات الإعلام
ةيميظنتلا دويقلا نم ررحت,,معجم مصطلحات الإعلام
desk,,معجم مصطلحات الإعلام
deregulation,,معجم مصطلحات الإعلام
بترتكدا رم طى مجم ل ي ا دا تكمدا,,معجم مصطلحات الإعلام
ي ا رررر دا رررري دا ررررىا دا ررررم للررررحتدا,,معجم مصطلحات الإعلام
ة تررمدا ا ررىإن ررم ي ي رردا ييفحررصدا,,معجم مصطلحات الإعلام
طررريك م ليرررظ تد تترررم كحدا تهعررر ت سرررتدا,,معجم مصطلحات الإعلام
ررررريعي طررررر جمدا ة ررررريلج د طيفحرررررصدا,,معجم مصطلحات الإعلام
رح ترجت ا رم ته ا للاى ا س ت,,معجم مصطلحات الإعلام
كررررد سرررردإ جتررررتحت سررررتدا ا ررررمدا طغتيررررص,,معجم مصطلحات الإعلام
طي تفرررر دا طرررريملاى ا طرررريلحدا ررررم رررريعم,,معجم مصطلحات الإعلام
ل دا كتم ي حت ي ت عدا جلا خت ا,,معجم مصطلحات الإعلام
.طنت لدا لا ع ا ا ما س,,معجم مصطلحات الإعلام
تترررررررعنطدا طرررررررعنتتم تتحفرررررررصدا سررررررر ى,,معجم مصطلحات الإعلام
.تيقم ي ط جمدا طفيحصدا م طف تخمدا,,معجم مصطلحات الإعلام
ةيفصو ةمدقم,,معجم مصطلحات الإعلام
descriptive lead,,معجم مصطلحات الإعلام
ةيمتحلا,,معجم مصطلحات الإعلام
ررررررصي طيفحررررررصدا تترررررنتتكدا ررررررم ع ررررر determinism,,معجم مصطلحات الإعلام
ثا رررحما سرررك عرررن سررر ي سفررر رررنم,,معجم مصطلحات الإعلام
ترررررررررطتح سرررررررررتدا لرررررررررظدا سا رررررررررحما,,معجم مصطلحات الإعلام
طرررررجيت سررررره سن تررررر مدا سررررر ررررر ت سرررررتدا,,معجم مصطلحات الإعلام
.ث حدتن,,معجم مصطلحات الإعلام
ترررررررر لإد طط رررررررر ط نترررررررر ثا ررررررررحم,,معجم مصطلحات الإعلام
.تهي ى,,معجم مصطلحات الإعلام
)ىنف ريرحت ريتركس (ممِّصم,,معجم مصطلحات الإعلام
designer,,معجم مصطلحات الإعلام
ريِظْ ملا,,معجم مصطلحات الإعلام
سررررررر تتحفرررررررصدا ليمرررررررصت سد رررررررتي رررررررم ُ,,معجم مصطلحات الإعلام
ْ َ developer,,معجم مصطلحات الإعلام
ررررررريع ت تررررررريخ تم طررررررر جمدا طفيحرررررررصدا,,معجم مصطلحات الإعلام
ل لترررررهظإ طيرررررصتخ هرررررد س تررررريميك س ررررر حم,,معجم مصطلحات الإعلام
طحفررررصدا سرررر ى طرررري لا غ ن طدا لررررصت عدا,,معجم مصطلحات الإعلام
ثرررريحن للارررر ما سرررر ى طررررط ت مدا ل ررررصدا,,معجم مصطلحات الإعلام
ب ررررجي تح رررر تررررهي ى سفرررر ي سكرررر ن,,معجم مصطلحات الإعلام
ل,,معجم مصطلحات الإعلام
19,,معجم مصطلحات الإعلام
ةرهاقلاب ةيبرعلا ةغللا عمجم,,معجم مصطلحات الإعلام
. يعدتن تهتي ل كمي .لنخدا,,معجم مصطلحات الإعلام
ُ,,معجم مصطلحات الإعلام
ىومنت لاصتا ثب – رشن,,معجم مصطلحات الإعلام
development communication diffusion,,معجم مصطلحات الإعلام
ضلا ررررغ طرررم خد هررررج م سدترررصتا طتررر لترررررررك ما ثرررررررنن للارررررررى ا س تررررررر لتررررررري,,معجم مصطلحات الإعلام
ّ ُ,,معجم مصطلحات الإعلام
متجمدا تلاك م سحد سع ي طيم تدا .ل همجدا لا س ى ة ي جدا,,معجم مصطلحات الإعلام
بررررر هتدا طي ترررررصت ا طررررريم تدا ررررري حت,,معجم مصطلحات الإعلام
سررر نت تت حتررر مدا لررر لررر فدا سررر ى,,معجم مصطلحات الإعلام
ىمقرلا طغضلا,,معجم مصطلحات الإعلام
.ة ي جدا لتك ما digital compression,,معجم مصطلحات الإعلام
لتررررررم ما تررررررهن عرررررريمتت طرررررريج د كت طررررري ت,,معجم مصطلحات الإعلام
رررررم لرررررنك رررررى ثرررررن ليرررررتت طيىت رررررصدا,,معجم مصطلحات الإعلام
ةيومنت رابخأ,,معجم مصطلحات الإعلام
developmental news,,معجم مصطلحات الإعلام
ة ررررررج ت ررررررعمن طرررررري يعفي تدا تا رررررر دا,,معجم مصطلحات الإعلام
ررركمي ثا رررح رررى ةلرررناعمدا لترررنخما,,معجم مصطلحات الإعلام
َ ُ . ةل صدا ت صدا ا ت م س ى ةعيمتم,,معجم مصطلحات الإعلام
س رررررررردا عترررررررر يررررررر حت سرررررررر لهررررررر ت,,معجم مصطلحات الإعلام
.طيمت دا,,معجم مصطلحات الإعلام
ةيمقر ةيطغت,,معجم مصطلحات الإعلام
digital coverage,,معجم مصطلحات الإعلام
ىنايب مميف,,معجم مصطلحات الإعلام
تتررم عمدا ررم للاررى ا س ترر ة تفترر ا,,معجم مصطلحات الإعلام
diagram film,,معجم مصطلحات الإعلام
طكنرر سرر ى طررحتتمدا ل ررصدا تترر تيندا,,معجم مصطلحات الإعلام
ى لينعت د طي تيندا ل لدا ل خت ي ل ي,,معجم مصطلحات الإعلام
َ,,معجم مصطلحات الإعلام
ةلهتررظد ت ررح سررتدا تلا ررييهتدا ةلركفدا .ثا حما طيطهت س ت لت ا,,معجم مصطلحات الإعلام
للاررررر سررررر ث رررررحي ترررررمك لها رررررظدا رررررم,,معجم مصطلحات الإعلام
طرررررريم عدا للارررررر ما طرررررركلحتمدا ل رررررر لدا,,معجم مصطلحات الإعلام
ةيمقر ةوجف,,معجم مصطلحات الإعلام
.طيمي عتدا,,معجم مصطلحات الإعلام
digital divide,,معجم مصطلحات الإعلام
ترريج د كت كلاتررما سرر س رردا يررن لررفدا,,معجم مصطلحات الإعلام
ةيراوح ةمدقم,,معجم مصطلحات الإعلام
.ترررر لت ا طررررصتخن طرررريم لدا ستررررصت ا,,معجم مصطلحات الإعلام
dialogue lead,,معجم مصطلحات الإعلام
ة جفدتررررررررررررن طرررررررررررريم لدا ة ررررررررررررجفدا طنتلررررررررررررت,,معجم مصطلحات الإعلام
لا رررررررررح سكررررررررر سررررررررر طيفحرررررررررص طرررررررررم م,,معجم مصطلحات الإعلام
.طي لعمدا ة جفدا طي تصت ا,,معجم مصطلحات الإعلام
ع ررر مدا سررر س خ ررر د رررهمي سرررملا,,معجم مصطلحات الإعلام
21,,معجم مصطلحات الإعلام
ملاعلإا تاحلطصم مجعم,,معجم مصطلحات الإعلام
رشابم عطْ َق جراخإ,,معجم مصطلحات الإعلام
direct cut direction,,معجم مصطلحات الإعلام
الررررخ طررررط د سرررردإ طررررط د ررررم سترررر ت ا هرررررررررتا ح سررررررررر فدا سرررررررررمعدا لتررررررررر ةلا إ,,معجم مصطلحات الإعلام
س رررررريعفي تدا لي ررررررصتدا سررررر كررررررد لتررررري طررىا ا تم يرر دا حلرر مدا سرر طررف تخمدا,,معجم مصطلحات الإعلام
لا يمترك سردإ لا يمتك م ل تنمدا ست ت تن سرررررمعدا سررررري حتد ررررريعفي تدا,,معجم مصطلحات الإعلام
ررط ن كررد لترري تم يرر دا سرر تررم الررخ ع مررررررررر م ضلررررررررى سرررررررردإ ب ررررررررتكمدا,,معجم مصطلحات الإعلام
سررررردإ سترررر ت لاد هرررر ف ل يررررفدا طيلرررر سرررر .ل صم س لم ع م م,,معجم مصطلحات الإعلام
.طف تخم طط د,,معجم مصطلحات الإعلام
جرِخْ م,,معجم مصطلحات الإعلام
ُ,,معجم مصطلحات الإعلام
ةرشابم ةءاضإ director,,معجم مصطلحات الإعلام
direct lighting,,معجم مصطلحات الإعلام
سررر سررر فدا سرررمعدا عترررج إ رررى س ررر مدا,,معجم مصطلحات الإعلام
س ررررر ل رررررصم رررررم طرررررهج م ة تررررر إ,,معجم مصطلحات الإعلام
ُ .حل مدا تم ي دا يعفي تدا طىا ا,,معجم مصطلحات الإعلام
سرررررررردإ سىت ررررررررص سررررررررعينط سرررررررر ي ل,,معجم مصطلحات الإعلام
. لي صت لا مدا س دا,,معجم مصطلحات الإعلام
ريوصتلا ريدم,,معجم مصطلحات الإعلام
director cameraman,,معجم مصطلحات الإعلام
رشابم عبط,,معجم مصطلحات الإعلام
طري فدا هرتلنخ ين مجي ا دا س تم ي دا,,معجم مصطلحات الإعلام
direct printing,,معجم مصطلحات الإعلام
سرررررر طرررررري معدا هترررررر لتمم جلا ررررررخ ا سرررررر,,معجم مصطلحات الإعلام
سر ى ترهلينحت رعن لرحدا رنط طي مى,,معجم مصطلحات الإعلام
جلا رخ ا طرمهمن لتي دا ه كمي لي صتدا,,معجم مصطلحات الإعلام
طرررررررىتنط سرررررركى سررررررره ةلرررررر تنم ل رررررردا,,معجم مصطلحات الإعلام
. حا ت س لي صتدا,,معجم مصطلحات الإعلام
سرررر ى لررررحدا ررررنطت ثرررريح ترررر ما,,معجم مصطلحات الإعلام
ُ,,معجم مصطلحات الإعلام
ترره م سر ت لرر ل طترطمدا ررم ط ا طر باطخِ,,معجم مصطلحات الإعلام
discourse,,معجم مصطلحات الإعلام
.كد عن ل دا سدإ,,معجم مصطلحات الإعلام
11,,معجم مصطلحات الإعلام
ةرهاقلاب ةيبرعلا ةغللا عمجم,,معجم مصطلحات الإعلام
كت طه دا لا خت ا س طصتخ ط يلط .طف تخم لتجحعن ط طخدا,,معجم مصطلحات الإعلام
صخر د طريلكفدا طي ه دا طي ندا ى,,معجم مصطلحات الإعلام
س ترررر سرررر .تررررهيدإ سررررمت ي سررررتدا طرررر فدا,,معجم مصطلحات الإعلام
نيوانعلا فورح,,معجم مصطلحات الإعلام
سلاررررررخ ررررررم بترررررطخدا لررررررهظي للارررررى ا display type,,معجم مصطلحات الإعلام
سررررررر سررررررركعت سرررررررتدا طررررررريملاى ا ة ترررررررمدا رمج سر ل خت ت ةلينك طيىتنطِ لح,,معجم مصطلحات الإعلام
ُ,,معجم مصطلحات الإعلام
تهمي ررررررر ت ب ررررررر طررررررري ه دا ترررررررهتلا تيتخا,,معجم مصطلحات الإعلام
.س ي ل سك ن ي ت عدا,,معجم مصطلحات الإعلام
طررررررررررررريىتمتج ا تت تيررررررررررررر دا مررررررررررررر مد,,معجم مصطلحات الإعلام
.طي ت دا طي تي دا طي تصت ا,,معجم مصطلحات الإعلام
فيرحت,,معجم مصطلحات الإعلام
distortion,,معجم مصطلحات الإعلام
باطخِ لا ليمحت,,معجم مصطلحات الإعلام
طدتررر لدا سررر للرررحمدا برررتتكدا سخ رررت,,معجم مصطلحات الإعلام
discourse analysis,,معجم مصطلحات الإعلام
سررررررر ى للارررررررى ا سررررررر ررررررر طي ل طرررررررصم ط تررررررر تن رررررررحدتن طررررررريملاى ا,,معجم مصطلحات الإعلام
ُ,,معجم مصطلحات الإعلام
س ترر تررهن سرر ت سررتدا طرريفيكدا ترر تكا مررر مدا سررر ى تن ررر لي عرررت د لييهتدترررن,,معجم مصطلحات الإعلام
ل,,معجم مصطلحات الإعلام
تره تمتىا سلارخ م تتم عمدا للاى ا,,معجم مصطلحات الإعلام
.س تمدا سدإ ه ت ا دا,,معجم مصطلحات الإعلام
طررري هد تلا تررريتخا ة نرررحم بيدتررر سررر ى,,معجم مصطلحات الإعلام
َ ُ,,معجم مصطلحات الإعلام
.طدت لدا ته م سك تت ط يعم,,معجم مصطلحات الإعلام
عيزوت ةكرش,,معجم مصطلحات الإعلام
distribution company,,معجم مصطلحات الإعلام
ىباطخِ لاصتا,,معجم مصطلحات الإعلام
discoursive communication حررصدا للارر ما رريع تن ل رر ت طكلرر,,معجم مصطلحات الإعلام
طي ه دا س ت لدا لنى لتي ا دا ستصت ا رررررررم ة رررررررحم طنررررررر لررررررريظ برررررررتكدا,,معجم مصطلحات الإعلام
طررررررر يلطن شيرررررررعِمدا ررررررر ا دا سررررررر ت سرررررررتدا,,معجم مصطلحات الإعلام
َ . تعدا,,معجم مصطلحات الإعلام
. طيى م,,معجم مصطلحات الإعلام
عيزوتلا مسق,,معجم مصطلحات الإعلام
distribution section,,معجم مصطلحات الإعلام
نيوانعلا ةنيكام,,معجم مصطلحات الإعلام
display machine ته يرررص ت رررى طد ررر م طفيحرررصدتن ةلا إ,,معجم مصطلحات الإعلام
ر تخم رم ي تر عدتن طرصتخ رمج طد,,معجم مصطلحات الإعلام
22,,معجم مصطلحات الإعلام
ملاعلإا تاحلطصم مجعم,,معجم مصطلحات الإعلام
. ا ما س لا د تهحلط يكلت م د رايماكلا ةمماح,,معجم مصطلحات الإعلام
dolly,,معجم مصطلحات الإعلام
عونت,,معجم مصطلحات الإعلام
طرصتخ تتفصا مد تل نط طممنص,,معجم مصطلحات الإعلام
َ,,معجم مصطلحات الإعلام
م,,معجم مصطلحات الإعلام
ُ,,معجم مصطلحات الإعلام
طنكَل,,معجم مصطلحات الإعلام
ْ,,معجم مصطلحات الإعلام
م,,معجم مصطلحات الإعلام
َ,,معجم مصطلحات الإعلام
diversity ته فخ تهع ل لا يمتكدا كيلحت سيه تد,,معجم مصطلحات الإعلام
سرركعت يمترر م للاررى ا س ترر لي رر ت ت رررررص ثا رررررحإ لي رررررصتدا تررررر,,معجم مصطلحات الإعلام
رم ع ر تدا ر حت ة رعتم لرظ تتهج تم يررررررر دا تته ي تررررررر سررررررر ل ختررررررر ت,,معجم مصطلحات الإعلام
ُ,,معجم مصطلحات الإعلام
طيرر تي دا تلا ترريت د طررصلفدا طررحتتإ سلاررخ . يعفي تدا,,معجم مصطلحات الإعلام
.لينعت د طف تخمدا طيىتمتج ا,,معجم مصطلحات الإعلام
رايماكلا بيرقت,,معجم مصطلحات الإعلام
)ىقئاثو( ىميجست مميف,,معجم مصطلحات الإعلام
dolly in,,معجم مصطلحات الإعلام
documentary film,,معجم مصطلحات الإعلام
ترررررررجتا سررررررر تيقجيل رررررررت لا يمتررررررركدا كررررررريلحت,,معجم مصطلحات الإعلام
رررررختي طررررري ا لدا لررررريغ للاررررر ما رررررم ع ررررر,,معجم مصطلحات الإعلام
هري ى برتلتي تمم لي صت لا مدا س دا,,معجم مصطلحات الإعلام
سرررررر ن ا رررررر ةترررررريحدا رررررر ا ررررررم هررررررت تم,,معجم مصطلحات الإعلام
سررردإ طرررمتعدا طرررط دا رررم لرررظ مدا س رررحت,,معجم مصطلحات الإعلام
رر ا دا سرر تلررج تررمك ةلرر تنم ثا ررحما,,معجم مصطلحات الإعلام
. ط ةلينكدا طنيل دا طط دا,,معجم مصطلحات الإعلام
رر ا دا ا رره ي رركت ة تررىإ رريلط ررى,,معجم مصطلحات الإعلام
.ه م بلت ي ح س ى ه ي عت,,معجم مصطلحات الإعلام
رايماكلا ديعبت,,معجم مصطلحات الإعلام
قيثوت dolly out,,معجم مصطلحات الإعلام
documentation,,معجم مصطلحات الإعلام
ررررررى ا رررررريعن تيقجيل ررررررت لا يمترررررركدا كرررررريلحت,,معجم مصطلحات الإعلام
ل,,معجم مصطلحات الإعلام
طررررر عتمدا تترررررم عمدا تررررر دا ررررريمجت ا ررررردا لرررررمما لي رررررصت لا رررررمدا سررررر دا,,معجم مصطلحات الإعلام
طررري مى سيهررر تد تررهميظ ت يرررعم ث ررحن رررم لرررظ مدا لرررجح س رررحت هررري ى برررتلتي,,معجم مصطلحات الإعلام
طرمتعدا طرط دا سدإ ةلينكدا طنيل دا طط دا,,معجم مصطلحات الإعلام
.طجتحدا ى تهيدإ ة عدا,,معجم مصطلحات الإعلام
. ط ة يعندا,,معجم مصطلحات الإعلام
13,,معجم مصطلحات الإعلام
ةرهاقلاب ةيبرعلا ةغللا عمجم,,معجم مصطلحات الإعلام
نيدومع ىمع عمج,,معجم مصطلحات الإعلام
double columned,,معجم مصطلحات الإعلام
نايبلا عورشم,,معجم مصطلحات الإعلام
تره م ركتت سرتدا لطر ما رمجد ط يلط,,معجم مصطلحات الإعلام
draft declaration,,معجم مصطلحات الإعلام
. ي مى طحت م س ى طيفحصدا ة تمدا,,معجم مصطلحات الإعلام
لررر رررم ترررين طرررنتتكد سرررد ما ة نررر مدا,,معجم مصطلحات الإعلام
ُ,,معجم مصطلحات الإعلام
فعاضم ضيرعت,,معجم مصطلحات الإعلام
double exposure ررحدتن تلاي رعت لا ررج طر نت سره,,معجم مصطلحات الإعلام
طي مى ت س د ةل صدا ضيلعت,,معجم مصطلحات الإعلام
.ط ت ا,,معجم مصطلحات الإعلام
س رررصح د تلفىتررر م تررر,,معجم مصطلحات الإعلام
ل,,معجم مصطلحات الإعلام
يلعت ضيرررمحتدا,,معجم مصطلحات الإعلام
.ط يعم ل تت س ى,,معجم مصطلحات الإعلام
ةغايص ةنجل,,معجم مصطلحات الإعلام
"""لبودلا"" ةجودزملا طسولا ةحفص",,معجم مصطلحات الإعلام
drafting committee,,معجم مصطلحات الإعلام
double page,,معجم مصطلحات الإعلام
طرر سرر تررمتمت تت ررصتمدا تتحفررصدا طرررنتتكد سكنررر ت يرررصصختمدا رررم طررر جد,,معجم مصطلحات الإعلام
ل ُ,,معجم مصطلحات الإعلام
""" ررري نتتدا"" طيفررص دا ة ررريلجدا طرر جمدا",,معجم مصطلحات الإعلام
ع رر م س رح طري تفتا لريل ت ترين,,معجم مصطلحات الإعلام
رررررحا ع ررررر مد ة ترررررى ترررررصصخت,,معجم مصطلحات الإعلام
ُ,,معجم مصطلحات الإعلام
.ط ص ته ين ج ت تتى م ة عد .ته لاى ا يهمت تم,,معجم مصطلحات الإعلام
ل,,معجم مصطلحات الإعلام
ةدوَّسم,,معجم مصطلحات الإعلام
َ ُ ىمراد فِّلؤم,,معجم مصطلحات الإعلام
ُ,,معجم مصطلحات الإعلام
draft,,معجم مصطلحات الإعلام
dramatist,,معجم مصطلحات الإعلام
بترتك سٍتر م طرنتتكد سرد ما طد تحمدا,,معجم مصطلحات الإعلام
ا ررررر طررررريملا دا ص رررررص دا برررررتكي رررررم,,معجم مصطلحات الإعلام
َ,,معجم مصطلحات الإعلام
طرررررررنتتك كرررررررد رررررررعن هتتني رررررررصت ررررررركت,,معجم مصطلحات الإعلام
طرررررررررررررررىا لإد تم يررررررررررررررر دا حلررررررررررررررر م د,,معجم مصطلحات الإعلام
بتتكدا د مدا تهي ى الجي طي يهمت,,معجم مصطلحات الإعلام
َ . يعفي تدا,,معجم مصطلحات الإعلام
.كد عن هتتحيحصت,,معجم مصطلحات الإعلام
24,,معجم مصطلحات الإعلام
ملاعلإا تاحلطصم مجعم,,معجم مصطلحات الإعلام
ةراثلإا فحص .تهليغ لملا ندا تتي ي متدا,,معجم مصطلحات الإعلام
ُ,,معجم مصطلحات الإعلام
dreadful papers,,معجم مصطلحات الإعلام
ىدصلا ةرجح,,معجم مصطلحات الإعلام
ْ ُ,,معجم مصطلحات الإعلام
نتررررررط تررررررهي ى برررررر هي تلاررررررجم رررررر لا ج echo chamber,,معجم مصطلحات الإعلام
س رررررررجدا لترررررررنخ لا سعررررررر ت ةلتررررررر ا,,معجم مصطلحات الإعلام
طيت رررص تتفرررصا مد ترررل نط طرررمت م ةلرررجح,,معجم مصطلحات الإعلام
ا ررررص سرررر ى س ررررصحدا ليررررتت طررررصتخ,,معجم مصطلحات الإعلام
طرررررصتخدا ةتررررريحدا ل تررررر فدا طرررررميلجدا,,معجم مصطلحات الإعلام
صا خ س لكحتدا م كمت ت صدا,,معجم مصطلحات الإعلام
.ليهت م د,,معجم مصطلحات الإعلام
.ة دا لي عتدا ثيح م ا صدا,,معجم مصطلحات الإعلام
ةيحاتتفا,,معجم مصطلحات الإعلام
ةجمبد,,معجم مصطلحات الإعلام
َْ,,معجم مصطلحات الإعلام
editorial,,معجم مصطلحات الإعلام
dubbing,,معجم مصطلحات الإعلام
لرررررظ طرررررهج ررررى لرررررناع ي سررررر ي ل سترررر م,,معجم مصطلحات الإعلام
ُ,,معجم مصطلحات الإعلام
رررم هرررتمجلت رررعن للاررركدا سيجررر ت ة ترررىإ,,معجم مصطلحات الإعلام
ثا ررررررررحما سرررررررر طرررررررر جمدا طفيحررررررررصدا,,معجم مصطلحات الإعلام
ل يرررر سرررر لا ررررح سرررر طي ررررصما هررررتهد ررّ م لرريغ سترر م رره طررمهمدا طرريلتجدا,,معجم مصطلحات الإعلام
ُ,,معجم مصطلحات الإعلام
. ة تى,,معجم مصطلحات الإعلام
ل,,معجم مصطلحات الإعلام
.الخ طهد سدإ ليغ,,معجم مصطلحات الإعلام
ريرحتلا سمجم,,معجم مصطلحات الإعلام
editorial board,,معجم مصطلحات الإعلام
E لتنك لت ما ت ل م كم س جم,,معجم مصطلحات الإعلام
ّ,,معجم مصطلحات الإعلام
با ررررررر لررررررريلحتدا الي رررررررم يللرررررررحمدا,,معجم مصطلحات الإعلام
ىدص سي ل ه ل تي طفيحصدتن ليلحتدا سي ل,,معجم مصطلحات الإعلام
echo,,معجم مصطلحات الإعلام
.ليلحتدا,,معجم مصطلحات الإعلام
رررعن مررر ت طررر كع م طيت رررص تترررج م,,معجم مصطلحات الإعلام
ُ,,معجم مصطلحات الإعلام
ل خترررررر ي .س ررررررصما ت ررررررصدا ث ررررررح,,معجم مصطلحات الإعلام
ُ,,معجم مصطلحات الإعلام
سر يعم تحيإ ي جتد ت صدا ا ص,,معجم مصطلحات الإعلام
15,,معجم مصطلحات الإعلام
ةرهاقلاب ةيبرعلا ةغللا عمجم,,معجم مصطلحات الإعلام
ريرحتلا ةسايس,,معجم مصطلحات الإعلام
editorial policy,,معجم مصطلحات الإعلام
ةلاعفلا لاصتلاا تاونق,,معجم مصطلحات الإعلام
رررحت سرررتدا ئ ترررنمدا رررىا دا طرررى مجم,,معجم مصطلحات الإعلام
effective channels of,,معجم مصطلحات الإعلام
ترررررم لتررررريتختن طفيحرررررص د لترررررعدا هرررررج تدا communication,,معجم مصطلحات الإعلام
سررتدا طرريفيكدا تررهي لرر ي تررم لرر ي لا رررهمج بررر ت ت سرررتدا سترررصت ا س تررر,,معجم مصطلحات الإعلام
ل,,معجم مصطلحات الإعلام
لريغ رىا سره .لر دا طري مى تهن لتت رركت ثرريحن طرر يعم لررظ سرر ا ررحم,,معجم مصطلحات الإعلام
ل,,معجم مصطلحات الإعلام
.ت م ْ ط لعم ته كد طن تكم .تهتدت ل ا س طدتع ةل م,,معجم مصطلحات الإعلام
ىميمعت نويزفيمت ةرثؤم ةمدقم,,معجم مصطلحات الإعلام
educational television effective lead,,معجم مصطلحات الإعلام
لملا رندا رم طرى مجم ثرن َُ ت لر ك ةت عركلت طيفحرصدا ا رمدا تتم ر م رم ع,,معجم مصطلحات الإعلام
سررررحلا مدا سرررر طرررريمي عتدا تلالرررر مدا ل رررر ت,,معجم مصطلحات الإعلام
ع ررر مدا سررر ترررم لررره سررر ى تررر ت,,معجم مصطلحات الإعلام
ل,,معجم مصطلحات الإعلام
سترفطما ضتريلن ا رن طف تخمدا طي لا دا,,معجم مصطلحات الإعلام
ل طيفطتى طي ت إ تعم م ث حدا,,معجم مصطلحات الإعلام
.سعمتجدا لي عتدتن تهت ا,,معجم مصطلحات الإعلام
ل .تهليغ,,معجم مصطلحات الإعلام
ىتاذلا جامدنلاا,,معجم مصطلحات الإعلام
ريثأت,,معجم مصطلحات الإعلام
ego involvement,,معجم مصطلحات الإعلام
effect,,معجم مصطلحات الإعلام
سرررتح هررري ي ا ررردا ل ررردتن سررر ممدا لُّ عرررت,,معجم مصطلحات الإعلام
سررررر تمدا سررررر ى سرررر طدتررررر لدا هررررر حت تررررم,,معجم مصطلحات الإعلام
ترررك رررد ترررمك هرررن سترررعف ا هررري ى بررر هي,,معجم مصطلحات الإعلام
سرررررررر تمدا بتجترررررررر ا تررررررررم ك هرررررررر ا ج,,معجم مصطلحات الإعلام
.تيق ي ح تلف م ا ي,,معجم مصطلحات الإعلام
ترررره سرررر ى كررررد س طدترررر لدا مرررر مد,,معجم مصطلحات الإعلام
ل تررررر دا ه هتررررر ا ا ررررردا لي عرررررتدا ت رررررح,,معجم مصطلحات الإعلام
.ستصت تن,,معجم مصطلحات الإعلام
26,,معجم مصطلحات الإعلام
ملاعلإا تاحلطصم مجعم,,معجم مصطلحات الإعلام
ةيباختنا ةممح ةبخن,,معجم مصطلحات الإعلام
elite,,معجم مصطلحات الإعلام
election campaign,,معجم مصطلحات الإعلام
سرررخا لا ررر ما رررم ةعررريمتم طرررى مجم,,معجم مصطلحات الإعلام
هررررررر لا يحررررررر لمدا رررررررح لترررررررك لررررررر,,معجم مصطلحات الإعلام
ةل رررررررر تهي ررررررررد يررررررررعم سىتررررررررمتجا لتررررررررظ,,معجم مصطلحات الإعلام
رررم سررر تي دا هرررجمت لن هرررتتيح ةيلترررت,,معجم مصطلحات الإعلام
.لتظ دا لا س تن س ى ةلطي دا,,معجم مصطلحات الإعلام
ةعهج سصخ دا ستصت ا هج سلاخ,,معجم مصطلحات الإعلام
.للاى ا,,معجم مصطلحات الإعلام
"""ىفحص زرابإ"" زرابإ",,معجم مصطلحات الإعلام
emphasis,,معجم مصطلحات الإعلام
ا رم علرنت سفحرصدا جلا خ ا س ط ي,,معجم مصطلحات الإعلام
ةينورتكلإ ةيطراقميد ُ,,معجم مصطلحات الإعلام
electronic democracy ئلتر دا لرظ تفد تهتيمه يكعتد ط يعم,,معجم مصطلحات الإعلام
ال ررررررردا رررررررى لرررررررينعتدا طررررررري مى طررررررر لتمم .تهيدإ,,معجم مصطلحات الإعلام
يلرررررخاا رررررم لرررررظ دا تترررررهج س ترررررنت,,معجم مصطلحات الإعلام
ط ترر سلاررخ ررم طررمتعدا رر دا س ررح تبََّثم ربحِ,,معجم مصطلحات الإعلام
ُ,,معجم مصطلحات الإعلام
encaustic ink,,معجم مصطلحات الإعلام
سرر ى لا ررحدا تتي ررت م تررهعلن طرري لتكدإ,,معجم مصطلحات الإعلام
طم ت مد ط يعم طيصتخ سىتنط لنح,,معجم مصطلحات الإعلام
.ت لت ا,,معجم مصطلحات الإعلام
. حمدا,,معجم مصطلحات الإعلام
ةينورتكلإ ةفيحص,,معجم مصطلحات الإعلام
ريفشت,,معجم مصطلحات الإعلام
electronic newspaper,,معجم مصطلحات الإعلام
encoding,,معجم مصطلحات الإعلام
طكنررر سررر ى ترررهت تم لررر ت طفيحرررص س تررعم د رر ررم سرر ِلمدا هررن ل رر ي تررم,,معجم مصطلحات الإعلام
طخررررررر ترررررررهد ررررررركي تررررررر لت ا,,معجم مصطلحات الإعلام
.طدا ع مل س لتك ما,,معجم مصطلحات الإعلام
.طى نطم,,معجم مصطلحات الإعلام
ثدح,,معجم مصطلحات الإعلام
episode,,معجم مصطلحات الإعلام
17,,معجم مصطلحات الإعلام
ةرهاقلاب ةيبرعلا ةغللا عمجم,,معجم مصطلحات الإعلام
. ا دا س ث حي س -,,معجم مصطلحات الإعلام
سرر م سرر طرر ْح ررط م -ب ميقرتلا ةيجوز ةحفص,,معجم مصطلحات الإعلام
even page,,معجم مصطلحات الإعلام
. طيا ل س سص,,معجم مصطلحات الإعلام
سرررره طرررريج ع تررررمت ل سررررمحت تتحفررررص,,معجم مصطلحات الإعلام
ل,,معجم مصطلحات الإعلام
تترررررررى نطمدا سررررررر سررررررر ميدا تتحفرررررررصدا,,معجم مصطلحات الإعلام
بيوصتلا ةمئاق,,معجم مصطلحات الإعلام
errata list,,معجم مصطلحات الإعلام
تترررررررررى نطمدا سررررررررر الررررررررر يدا طرررررررررينلعدا,,معجم مصطلحات الإعلام
سررتدا طرريعنطمدا ترطخما ليحررصت طرم ت,,معجم مصطلحات الإعلام
.طين جما,,معجم مصطلحات الإعلام
سرررررن هرررررعنط رررررعن ب رررررتكم سررررر ترررررع,,معجم مصطلحات الإعلام
.بتتكدا لخآن ة تى ح ت ل,,معجم مصطلحات الإعلام
ُ ّ ُ ةيئاسم ةفيحص,,معجم مصطلحات الإعلام
evening paper,,معجم مصطلحات الإعلام
افمْحلا بُّ ُل لا ررهظ ةلرر ى طرري ت دا ررعن ل ررصت طفيحرص,,معجم مصطلحات الإعلام
ل,,معجم مصطلحات الإعلام
esparto pulp,,معجم مصطلحات الإعلام
.طيحتنصدا ط تحصدا ل هظ عن ا,,معجم مصطلحات الإعلام
سرتدا ترف حدا بت ى م يى ح بد,,معجم مصطلحات الإعلام
سدتمررر سررر تي تنررر إ ب ررر ج سررر رررم ت,,معجم مصطلحات الإعلام
ثدح,,معجم مصطلحات الإعلام
ل ررررردا طىت رررررص سررررر ل ختررررر ت تررررري يل إ,,معجم مصطلحات الإعلام
event,,معجم مصطلحات الإعلام
.طي حما ستنحدا تهلرررررر ن للاررررررى ا س ترررررر لتررررررهت طررررررع ا,,معجم مصطلحات الإعلام
تايقلاخأ,,معجم مصطلحات الإعلام
.ته يصتفت ط لعمن ل همجدا لتمته,,معجم مصطلحات الإعلام
ethics,,معجم مصطلحات الإعلام
طرررررررررري همدا ررررررررررىا دا ررررررررررم طررررررررررى مجم,,معجم مصطلحات الإعلام
هرشن داعم لاقم,,معجم مصطلحات الإعلام
لرر رري ا م سرر ط منرر تمدا طرري لاخما,,معجم مصطلحات الإعلام
َ ُ exchange essay,,معجم مصطلحات الإعلام
ريملاى ا ترهن لعت ي ضلتفي طي هم,,معجم مصطلحات الإعلام
سررر ى الرررخ طفيحرررص رررى س ررر م ستررر م,,معجم مصطلحات الإعلام
تترررررررن ى ررررررري ت لهتررررررر لتمم سررررررر,,معجم مصطلحات الإعلام
ا رردا ل ررصمدا سرردإ طفيحررصدا ليرر ت,,معجم مصطلحات الإعلام
.ته ى ج لخدا طدتح س لهي ى,,معجم مصطلحات الإعلام
.سن م ست مدا هي ل,,معجم مصطلحات الإعلام
28,,معجم مصطلحات الإعلام
ملاعلإا تاحلطصم مجعم,,معجم مصطلحات الإعلام
ذِّفنم جتنم,,معجم مصطلحات الإعلام
executive producer,,معجم مصطلحات الإعلام
ءرالآا لدابت,,معجم مصطلحات الإعلام
طرررريلا ا سحا رررر دا ررررى لرررر تنم س رررر م,,معجم مصطلحات الإعلام
exchange of views,,معجم مصطلحات الإعلام
طررررررري فدا سترررررررمىما ل يرررررررفدا سررررررر طررررررري فدا,,معجم مصطلحات الإعلام
.تم ع م س ح لظ دا تتهج س تنت,,معجم مصطلحات الإعلام
يررررن سررررمعدا يرررر ت سد ررررتي طررررف تخمدا,,معجم مصطلحات الإعلام
يررررن عا رررري طررررف تخمدا طرررري فدا لترررر ما,,معجم مصطلحات الإعلام
ىرصح ررررم هرررتتن طتم ل يررررف د ةللررر مدا طررري عا يمدا,,معجم مصطلحات الإعلام
ّ ْ َ,,معجم مصطلحات الإعلام
exclusive .تت لصم تتجتيتحا,,معجم مصطلحات الإعلام
طي طي يعفي ت ةت لتكتح ص,,معجم مصطلحات الإعلام
طرررريملاىإ ة تررررمد الررررخ طرررريملاىإ ط يرررر ضر َ ع ْ م َ,,معجم مصطلحات الإعلام
exhibition,,معجم مصطلحات الإعلام
. ن دا عيمتدا هن ط يعم,,معجم مصطلحات الإعلام
ّ,,معجم مصطلحات الإعلام
ضلرررررررررعد صرررررررررصخم تررررررررركم طرررررررررىت,,معجم مصطلحات الإعلام
.طي فدا تتىا ن ا,,معجم مصطلحات الإعلام
ةيرصح ةمباقم,,معجم مصطلحات الإعلام
ّ ْ دتمم نول,,معجم مصطلحات الإعلام
exclusive interview,,معجم مصطلحات الإعلام
extended colour,,معجم مصطلحات الإعلام
طرر يعم طرريملاىإ ط يرر هررن لررف ت لا ررح,,معجم مصطلحات الإعلام
ة ررر عا دا طحتررر مدا سررر ى ررر طي ل طرررصم,,معجم مصطلحات الإعلام
ُ,,معجم مصطلحات الإعلام
.طمهم طيصخ م,,معجم مصطلحات الإعلام
رررعن سررردإ رررتممدا ررر دا ةل رررصدا رررم,,معجم مصطلحات الإعلام
سهطي دا يعي عك لعلادا حدا م,,معجم مصطلحات الإعلام
ذيفنتلا ويدوتسأ .ل لا م شمتهدا س ى,,معجم مصطلحات الإعلام
execution studio,,معجم مصطلحات الإعلام
طرررىا ا تلا ررر فدا لي ررر تن صترررخ ي تررر ىجراخ ديشم,,معجم مصطلحات الإعلام
exterior scene,,معجم مصطلحات الإعلام
ا رر ا ررهدا سر ى سرر تمدا سرردإ لملا رندا,,معجم مصطلحات الإعلام
س ي ت ا جلتخ تهلي صت لتي تتط د,,معجم مصطلحات الإعلام
ةل ررررصن سرررر ت ط جن رررر م لملا ررررن ترررر تك,,معجم مصطلحات الإعلام
ُ َ ُ,,معجم مصطلحات الإعلام
علا ررررررررررر دا سررررررررررر م طررررررررررريعينطدا كترررررررررررمما,,معجم مصطلحات الإعلام
.ةل تنم,,معجم مصطلحات الإعلام
.كد ليغ ا حدا ا ما,,معجم مصطلحات الإعلام
19,,معجم مصطلحات الإعلام
ةرهاقلاب ةيبرعلا ةغللا عمجم,,معجم مصطلحات الإعلام
فرطتم ى ٌ رأ طرى نطمدا ا رمدا ةل رص سر ي عتهج,,معجم مصطلحات الإعلام
extreme opinion,,معجم مصطلحات الإعلام
طيك ر س ت لنى طتنت دا ل صدا,,معجم مصطلحات الإعلام
طرررهدتنمدا ططررر دا سررردإ ل رررجي ال,,معجم مصطلحات الإعلام
.ة ي دا طفدتخمدا .طيك,,معجم مصطلحات الإعلام
فرطتم,,معجم مصطلحات الإعلام
extremist قئاقحلا عمج,,معجم مصطلحات الإعلام
fact collecting,,معجم مصطلحات الإعلام
.هف ا م ه لا س سدتهي صخ,,معجم مصطلحات الإعلام
ررررررري حتدا ا رررررررىإ سرررررررحلا م رررررررم طررررررر حلم,,معجم مصطلحات الإعلام
نايعِ دىاش ثررررررريح لرررررررنخدا تفيتررررررر ا سفحرررررررصدا,,معجم مصطلحات الإعلام
eyewitness,,معجم مصطلحات الإعلام
تترررررررم عمدا رررررررمجد سفحرررررررصدا سعررررررر ي,,معجم مصطلحات الإعلام
طرع ا ث رح سر ترل لط ركي صخ,,معجم مصطلحات الإعلام
لرررنخدا ع ررر م طرررع ا دا رررى طررر ي دا,,معجم مصطلحات الإعلام
ع رجلدا ركمي تهي ى ا هت ط يعم,,معجم مصطلحات الإعلام
ل,,معجم مصطلحات الإعلام
طريطهتدا س ط يعم ب ا ج تفيت هيدإ . ي حتدا,,معجم مصطلحات الإعلام
.طيملاى ا,,معجم مصطلحات الإعلام
قئاقحلا ءاصقتسا,,معجم مصطلحات الإعلام
F,,معجم مصطلحات الإعلام
fact finding,,معجم مصطلحات الإعلام
هررررردلاخ رررررم سفحرررررصدا ل ررررر ي علاطتررررر ا,,معجم مصطلحات الإعلام
وجِ اوم لاصتا . يعم س ج م حتدتن,,معجم مصطلحات الإعلام
ُ,,معجم مصطلحات الإعلام
face to face communication,,معجم مصطلحات الإعلام
يررررررن لررررررخ صخرررررر يررررررن ستررررررصتا,,معجم مصطلحات الإعلام
ةيقيقح ةدام,,معجم مصطلحات الإعلام
ترهج صتخ ما م طى مجم صخ,,معجم مصطلحات الإعلام
ل factual,,معجم مصطلحات الإعلام
.هج د ة ررك م ترر ح سرردإ ترر ت طرريملاىإ ة تررم,,معجم مصطلحات الإعلام
.لت لمتن,,معجم مصطلحات الإعلام
خوسان – سكاف,,معجم مصطلحات الإعلام
facsimile (fax),,معجم مصطلحات الإعلام
01,,معجم مصطلحات الإعلام
ملاعلإا تاحلطصم مجعم,,معجم مصطلحات الإعلام
ىجيردت ضفخ .س ى طجل سدإ طت تخدا,,معجم مصطلحات الإعلام
ّ,,معجم مصطلحات الإعلام
fade down,,معجم مصطلحات الإعلام
ةل ررررررصدا ت ررررررصدا ا ترررررر م ضررررررفخ,,معجم مصطلحات الإعلام
تىاب نول,,معجم مصطلحات الإعلام
.تيقجيل ت,,معجم مصطلحات الإعلام
faded color,,معجم مصطلحات الإعلام
تم رررر ى طرررر مدا ل ررررصدا لررررنحدا ررررد,,معجم مصطلحات الإعلام
ىجيردت رويظ,,معجم مصطلحات الإعلام
ّ,,معجم مصطلحات الإعلام
fade in طي جدا سما عدا لي عتن ه يلن في تهني,,معجم مصطلحات الإعلام
.ةل صدا لاج ت صدا عتفتلا .طي تيميكدا طيىتع ا,,معجم مصطلحات الإعلام
ىجيردت شٍ لات ةرسلأا تلاجم,,معجم مصطلحات الإعلام
ّ,,معجم مصطلحات الإعلام
fade out family magazines,,معجم مصطلحات الإعلام
ةل رررررصدا ترررررفتخا ت رررررصدا ضترررررفخ ا طررررررررررى تمدا تيترررررررررر دتن لتررررررررررهت تلاررررررررررجم,,معجم مصطلحات الإعلام
.تيقجيل ت .ةل ما لا عن طصتخدا,,معجم مصطلحات الإعلام
داوسلا ىلإ ةروصلا ضفخ ةعقوتم ةيذغت,,معجم مصطلحات الإعلام
fade to black feed forward,,معجم مصطلحات الإعلام
طرررررجل سرررررتح ةل رررررصدا ا تررررر م ضرررررفخ طدت ل د س تمدا تتهتجتتن س ِلم ُ دا س ُ ى ْ َ,,معجم مصطلحات الإعلام
. ا دا .ته ح هدتع ل طيملاى ا,,معجم مصطلحات الإعلام
ةدترم ةيذغت,,معجم مصطلحات الإعلام
يجيردت عفر feedback,,معجم مصطلحات الإعلام
ّ,,معجم مصطلحات الإعلام
fade up,,معجم مصطلحات الإعلام
طدترررررررر لدا سرررررررر ى سرررررررر تمدا سررررررررع ل,,معجم مصطلحات الإعلام
ح ررر ة تررريع ت رررصدا ا تررر م ررر ل,,معجم مصطلحات الإعلام
هرررررهتجتا ترررررهد هرررررمه ا رررررم طررررريملاى ا,,معجم مصطلحات الإعلام
طررررررجل دا ررررررم سجيل ررررررت سكرررررر ن ةل ررررررصدا,,معجم مصطلحات الإعلام
.ه محت ا دا م مدا ح,,معجم مصطلحات الإعلام
31,,معجم مصطلحات الإعلام
ةرهاقلاب ةيبرعلا ةغللا عمجم,,معجم مصطلحات الإعلام
. ي ت ما جلتخ س ا يمدا,,معجم مصطلحات الإعلام
ىوسنِ بومسأ,,معجم مصطلحات الإعلام
ْ,,معجم مصطلحات الإعلام
female style,,معجم مصطلحات الإعلام
ةيجراخ ةعاذإ تادعم,,معجم مصطلحات الإعلام
طررررصتخدا تهتتمررر تررررهد لرررينعتدا سرررر طرررهد,,معجم مصطلحات الإعلام
field equipment,,معجم مصطلحات الإعلام
.سجلدا طي هن ط لت م ةل مدا طي ه سكعت,,معجم مصطلحات الإعلام
ُ,,معجم مصطلحات الإعلام
ثررررررررررررندا سيجرررررررررررر ت د طرررررررررررري تا رررررررررررعم,,معجم مصطلحات الإعلام
لررررر ك هررررر عن ا ررررر دا ب ررررر ما عررررريمتي,,معجم مصطلحات الإعلام
لررتدا طكلترر مدا ة ترر مدا سرر ى طررد ِ ي ترررررررر ما جلتررررررررخ ررررررررم س رررررررريعفي تدا,,معجم مصطلحات الإعلام
طيرررص صخ لررر تت تررر تيح طرررغ لا مدا,,معجم مصطلحات الإعلام
ل ة تررر إ ةعرررهج تلا يمترررك سررر ى سمتررر ت,,معجم مصطلحات الإعلام
تا لررررررفمدا لررررررجعم سرررررر ب رررررر ما ا رررررره,,معجم مصطلحات الإعلام
.كد ليغ تلايص ت ت ص ةعهج,,معجم مصطلحات الإعلام
. بتطخدا س طم خت مدا بيكلا تدا,,معجم مصطلحات الإعلام
ةيزاجم ةغل,,معجم مصطلحات الإعلام
figurative language,,معجم مصطلحات الإعلام
ةديََّقملا ملاعلإا لئاسو تترررررررررم عمدا لترررررررررك ما رررررررررى لرررررررررينعتدا,,معجم مصطلحات الإعلام
ُ,,معجم مصطلحات الإعلام
fettered media ةلتعتررررررررر ا هينررررررررر تدتك طررررررررري س تررررررررر ن,,معجم مصطلحات الإعلام
طره دا رى هرن رعتني ترمن ترهليغ طيل تدا,,معجم مصطلحات الإعلام
طرررررررررررررررريىا ا تتررررررررررررررررطحمدا حررررررررررررررررصدا,,معجم مصطلحات الإعلام
طررره دا ررره رررظ ت ترررم ة ترررى .طررري ي حدا,,معجم مصطلحات الإعلام
سررررررررظ سرررررررر سررررررررمعت سررررررررتدا طرررررررري يعفي تدا,,معجم مصطلحات الإعلام
رص لرظ دا تترهج لا اا سر س,,معجم مصطلحات الإعلام
ُّررحت سررتدا طرري ت دا رري دا ررم طررى مجم .ثا حما,,معجم مصطلحات الإعلام
.لحدا لينعتدا س ى تهتل م,,معجم مصطلحات الإعلام
حشِّرم,,معجم مصطلحات الإعلام
َُ,,معجم مصطلحات الإعلام
filter,,معجم مصطلحات الإعلام
ةيجراخ رايماك جتررجعدا ررم طررعط :ةل ررصدا لرر الم -,,معجم مصطلحات الإعلام
َ,,معجم مصطلحات الإعلام
field camera لترررررررم ررررررر ت ررررررر مدا ا ترررررررملدا,,معجم مصطلحات الإعلام
ة ر ضرفخ سرج م لا يمتكدا ط ى,,معجم مصطلحات الإعلام
لي رررصتدا سررر ل ختررر ت طرررد محم لا يمترررك,,معجم مصطلحات الإعلام
ُ,,معجم مصطلحات الإعلام
02,,معجم مصطلحات الإعلام
ملاعلإا تاحلطصم مجعم,,معجم مصطلحات الإعلام
ررررررم ررررررد صتررررررصتما ا ة ترررررر ا ررررريمج سررررر ى ررررر ط ت لرررررخ ع رررررنطم,,معجم مصطلحات الإعلام
ُ,,معجم مصطلحات الإعلام
. يطدا ا د .ةلم س م تل ستدا ة دا,,معجم مصطلحات الإعلام
ُ,,معجم مصطلحات الإعلام
طررري تنلهك ةلررر ا :ت رررصدا لررر الم -ب طفيحررص ررم ةلررم س ررنطت ةرر -ب,,معجم مصطلحات الإعلام
َ ُ َ ُ,,معجم مصطلحات الإعلام
.تا لتدا س لكحت د رررررى ة ررررريعن طررررر ط م سررررر عع رررررت ترررررم,,معجم مصطلحات الإعلام
ّ ُ,,معجم مصطلحات الإعلام
.تهل ص تكم,,معجم مصطلحات الإعلام
ىلام ىفحص,,معجم مصطلحات الإعلام
financial journalist,,معجم مصطلحات الإعلام
تيبثت,,معجم مصطلحات الإعلام
طرريدتمدا رر دا سرر صررصختم سفحررص fixing,,معجم مصطلحات الإعلام
تن ل ررررررررررر م ررررررررررركي ررررررررررر طي ترررررررررررصت ا .للا ما ضيمحت تا طخ ا حإ,,معجم مصطلحات الإعلام
. تصت ا ستمدا ل ا س هتفيحصد,,معجم مصطلحات الإعلام
لجاع أبن,,معجم مصطلحات الإعلام
ةيلام ةحفص flash,,معجم مصطلحات الإعلام
financial page,,معجم مصطلحات الإعلام
ررررررم ررررررحم ررررررى ررررررم رررررركتي لررررررنخ,,معجم مصطلحات الإعلام
طحفرررص رررم ة رررحم طحتررر م طحفرررص,,معجم مصطلحات الإعلام
ع ررر سررر م لا ررري م تل رررح س تررر تي تترررم كدا,,معجم مصطلحات الإعلام
طرريدتمدا ثا ررحما لرره طررعنتتمد صررصن خت,,معجم مصطلحات الإعلام
َُ,,معجم مصطلحات الإعلام
لرررررنتعي طرررررد سيررررر ل ت رررررم بلرررررح,,معجم مصطلحات الإعلام
.طي تصت ا,,معجم مصطلحات الإعلام
هر ف ث حدا س ح تن ما تد تل ط م,,معجم مصطلحات الإعلام
.كد عن,,معجم مصطلحات الإعلام
ةيلام فحص,,معجم مصطلحات الإعلام
financial papers,,معجم مصطلحات الإعلام
رييغت,,معجم مصطلحات الإعلام
طررريدتمدا ررر دتن لترررهت تلارررجم ررر لا ج,,معجم مصطلحات الإعلام
flipping,,معجم مصطلحات الإعلام
جترررررت ا ك ررررر ندا طتررررر طي ترررررصت ا,,معجم مصطلحات الإعلام
تررهل هظ سدا ررتيد لمترر لندا تتررح د لررييهت,,معجم مصطلحات الإعلام
.كد ليغ ةلتجتدا,,معجم مصطلحات الإعلام
لمت لن طم م س يعفي تدا ط ت س ى,,معجم مصطلحات الإعلام
.هتيته,,معجم مصطلحات الإعلام
ىلوأ ةعبط,,معجم مصطلحات الإعلام
first edition,,معجم مصطلحات الإعلام
ا بتررررررتك ررررررم سررررررد ما طررررررعنطدا -,,معجم مصطلحات الإعلام
33,,معجم مصطلحات الإعلام
ةرهاقلاب ةيبرعلا ةغللا عمجم,,معجم مصطلحات الإعلام
ةرماغ ةءاضإ,,معجم مصطلحات الإعلام
flood lights,,معجم مصطلحات الإعلام
ةيجراخ ةعبط,,معجم مصطلحات الإعلام
لظ مدا م ةلينك طحت م سطهت ة ت إ,,معجم مصطلحات الإعلام
ُ foreign edition,,معجم مصطلحات الإعلام
. ته ف ة دتن,,معجم مصطلحات الإعلام
صترررخ سكررر ن رررعت طفيحرررص رررم ا رررى,,معجم مصطلحات الإعلام
ّ َُ,,معجم مصطلحات الإعلام
ضررعن تررهت تم سمرر ت سجلتررخدا رريع ت د,,معجم مصطلحات الإعلام
ةرئاط رايماك,,معجم مصطلحات الإعلام
flying camera,,معجم مصطلحات الإعلام
ط ترر تن طرري حمدا طررعنطدا سرر لرر تررم,,معجم مصطلحات الإعلام
ل رررررررصت ةل ترررررررط سررررررر طرررررررد محم لا يمترررررررك,,معجم مصطلحات الإعلام
ّ ُ تتررمتمتها لرر لات ة رري ج الررخ ا ررم سرردإ,,معجم مصطلحات الإعلام
.س ٍتى عٍ تفتلا م لي صت لا مدا لظ مدا,,معجم مصطلحات الإعلام
.تهي عع ت ستدا لاندا س لا دا,,معجم مصطلحات الإعلام
ةيرؤْب ةعامج,,معجم مصطلحات الإعلام
ىجراخ ملاعإ,,معجم مصطلحات الإعلام
focus group,,معجم مصطلحات الإعلام
foreign information,,معجم مصطلحات الإعلام
ال ردا رى لرنعي لا ر ما رم طى مجم تهير لا جلتخ تم طد د سملاىإ طت,,معجم مصطلحات الإعلام
طرررررررررعنتت جلترررررررررخدا سررررررررر برررررررررتتكم رررررررررتت,,معجم مصطلحات الإعلام
لتررررطإ سرررر طرررري تي لا ا ررررنع ي لتررررعدا,,معجم مصطلحات الإعلام
.تهتلتف د,,معجم مصطلحات الإعلام
ررركمي ترررهيدإ رررمت ي سرررتدا تترررىتمجدا,,معجم مصطلحات الإعلام
طرررررريجه م تترررررر ت م لا ررررررجإ سلاررررررخ رررررم ةيج ّ وم جمراب,,معجم مصطلحات الإعلام
foreign service,,معجم مصطلحات الإعلام
س ررررح تلا رررر م سرررر ى س ررررصحدا لررررهعم,,معجم مصطلحات الإعلام
سر ى طرىا ا تترطحم ه طت حلاطصا,,معجم مصطلحات الإعلام
.لتعدا ال دا تتهتجتا طررررين ج لاررررن سرررردإ تررررههجا ت سررررتدا ا ررررمدا,,معجم مصطلحات الإعلام
.ته ه تته ن,,معجم مصطلحات الإعلام
عقوت,,معجم مصطلحات الإعلام
دييمت,,معجم مصطلحات الإعلام
forecast,,معجم مصطلحات الإعلام
foreword,,معجم مصطلحات الإعلام
طينررررر دتن عررررريمتت سن تررررر مدا رررررى طررررري ل ترررررررمد طررررررر يلعدا ط رررررررطخدا يرررررررني لي رررررر ت,,معجم مصطلحات الإعلام
.سيصتفت م عن ستعي,,معجم مصطلحات الإعلام
. حتدا ستمتحا,,معجم مصطلحات الإعلام
04,,معجم مصطلحات الإعلام
ملاعلإا تاحلطصم مجعم,,معجم مصطلحات الإعلام
ىمكش نزاوت لهلترك لره لا ترهي د ترنتي ت لت ا,,معجم مصطلحات الإعلام
formal balance,,معجم مصطلحات الإعلام
رررررررركت رررررررر . طرررررررر يعم تيترررررررر س ررررررررح,,معجم مصطلحات الإعلام
تتررحفص جلا ررخإ سر ل رخت ي س سك,,معجم مصطلحات الإعلام
طفيحررررصدا طررررت هرررري طرررر تت ة رررريلجدا تهتا رررررررررن طرررررررررم ت ررررررررر ا م تتي رررررررررت مدا,,معجم مصطلحات الإعلام
سررررررردإ تهمررررررر ج لررررررر ي طحفرررررررصدا سل حرررصن طرررصتخ ررر ا مد طرررعنتت تتحتررر,,معجم مصطلحات الإعلام
تمه رررررصفي يي تررررر تم ييد رررررط يفرررررص,,معجم مصطلحات الإعلام
تتررررررر م طررررررري يعفي ت تترررررررطحم,,معجم مصطلحات الإعلام
سرررررررردإ طحفررررررررصدا سل رررررررم ررررررررتمي طرررررررخ,,معجم مصطلحات الإعلام
. الخ,,معجم مصطلحات الإعلام
ررص دا سرر لررصت عدا عا ررت تهت ررىت,,معجم مصطلحات الإعلام
ُ َ ُ,,معجم مصطلحات الإعلام
.ل يما ص دا س تهتلاي من ميما,,معجم مصطلحات الإعلام
ىمسر بيذكت,,معجم مصطلحات الإعلام
ةماع ةءاضإ,,معجم مصطلحات الإعلام
formal denial,,معجم مصطلحات الإعلام
foundation lighting,,معجم مصطلحات الإعلام
بي رركتد طررد دا ل ررصت ليلررصت تررين,,معجم مصطلحات الإعلام
لا ررررر ما ررررريمج ل رررررهظن لمررررر ت ة تررررر إ,,معجم مصطلحات الإعلام
تررهتىا إ ت نرر تتحيلررصت تتررم عم,,معجم مصطلحات الإعلام
سرر ى عرريكلت لررظ مدا سرر تيرر ما,,معجم مصطلحات الإعلام
ا ررحإ سرر تهررصخي لررم ررى تهلرر,,معجم مصطلحات الإعلام
.طيجلتخدا طي خا دا للاى ا س ت . يعم ب تج صخ,,معجم مصطلحات الإعلام
عطْ َقلا,,معجم مصطلحات الإعلام
ةعبرالا ةطمسلا,,معجم مصطلحات الإعلام
format,,معجم مصطلحات الإعلام
fourth estate,,معجم مصطلحات الإعلام
ل ررررررررررط طفيحررررررررررصدا بتررررررررررتكدا لررررررررررجح,,معجم مصطلحات الإعلام
ط تحررررررررررصدا سرررررررررر ى رررررررررر طُ لررررررررررينعت,,معجم مصطلحات الإعلام
.ت لى,,معجم مصطلحات الإعلام
ل,,معجم مصطلحات الإعلام
سردإ طري ي تدا تتط ر دا ا رحإ تهلتنتىتن,,معجم مصطلحات الإعلام
ىدتنم طررررري يف تدا طيعيلررررر تدا تتط ررررر دا بررررر تج,,معجم مصطلحات الإعلام
forum,,معجم مصطلحات الإعلام
.طي ت دا,,معجم مصطلحات الإعلام
طكنررر سم ختررر م يرررن لا رررح د تتحتررر,,معجم مصطلحات الإعلام
35,,معجم مصطلحات الإعلام
ةرهاقلاب ةيبرعلا ةغللا عمجم,,معجم مصطلحات الإعلام
)رداك( راطإ ر ت لينترصمن لرظ مدا هرجا ت ة ت إ,,معجم مصطلحات الإعلام
ُ,,معجم مصطلحات الإعلام
frame,,معجم مصطلحات الإعلام
. تلا يمتكدا سن تج س ى همتم,,معجم مصطلحات الإعلام
ل ررصدا ررم ط رر مرر طررتنت ل ررص,,معجم مصطلحات الإعلام
ةمماش ةطقل,,معجم مصطلحات الإعلام
رم طر حلم تره م سك ل اصي تم,,معجم مصطلحات الإعلام
ل,,معجم مصطلحات الإعلام
ي سكا,,معجم مصطلحات الإعلام
ُ,,معجم مصطلحات الإعلام
ت,,معجم مصطلحات الإعلام
full shot,,معجم مصطلحات الإعلام
.ةلمت م طكلح,,معجم مصطلحات الإعلام
لي رررررصت لا رررررمدا ررررر دا ضلرررررعت طرررررط د,,معجم مصطلحات الإعلام
.بل م للامتك,,معجم مصطلحات الإعلام
دقنلا ةيرح,,معجم مصطلحات الإعلام
ىمبقتسم ليمحت,,معجم مصطلحات الإعلام
freedom of criticism,,معجم مصطلحات الإعلام
future analysis,,معجم مصطلحات الإعلام
س ترر ت رر ى طرريلحن ال رردا ا ررنا لررينعتدا,,معجم مصطلحات الإعلام
ترررررررر ن سلاررررررررخ ررررررررم سن ترررررررر مدا طرررررررر لا,,معجم مصطلحات الإعلام
.تهميي ت ستمىما,,معجم مصطلحات الإعلام
طر ي ن تته يلت ي طي ت تته يلت ي,,معجم مصطلحات الإعلام
ل خترررررر ت .لها ررررررظدا ل ررررررطت تلا ترررررر مد,,معجم مصطلحات الإعلام
ريبعتلا ةيرح,,معجم مصطلحات الإعلام
freedom of speech,,معجم مصطلحات الإعلام
ررررررمجدا طهيررررررص سررررر تتي ن ترررررر م طرررررم ك,,معجم مصطلحات الإعلام
سر طرف تخمدا رمتجمدا ا لا ما ح,,معجم مصطلحات الإعلام
.س عمدا ا ه يكعتد,,معجم مصطلحات الإعلام
لررر دا س تررر لرررنى ال ررردا رررى لرررينعتدا,,معجم مصطلحات الإعلام
. ي طف تخمدا,,معجم مصطلحات الإعلام
لبقتسملا ةمدص,,معجم مصطلحات الإعلام
future shock,,معجم مصطلحات الإعلام
"ةيمامأ ةءاضإ هرن لنع يد "" ل ت فِدَ "" هكص ل طصم",,معجم مصطلحات الإعلام
ُ ْ,,معجم مصطلحات الإعلام
front lighting,,معجم مصطلحات الإعلام
رررر تمدا دتررررخت سررررتدا تترررر لا ح ا رررى,,معجم مصطلحات الإعلام
06,,معجم مصطلحات الإعلام
ملاعلإا تاحلطصم مجعم,,معجم مصطلحات الإعلام
تررمقتى ة رريلجدا رره س د ررم تررك .طررد دا,,معجم مصطلحات الإعلام
تلا ريهتدا طرجيت طر يعم ةلهترظ لت م س,,معجم مصطلحات الإعلام
حرررصدا سررر ى لرررصت ا لررر طررريا ندا سررر,,معجم مصطلحات الإعلام
.طىلت تمدا طيىتمتج ا,,معجم مصطلحات الإعلام
سرر ى ل طررصمدا ا رره ررنط ي .طيمرر لدا,,معجم مصطلحات الإعلام
تل ررص سررتدا طيلررصمدا ترر دا طفيحررص,,معجم مصطلحات الإعلام
ةيمبقتسملا,,معجم مصطلحات الإعلام
لرررررررر طررررررررمتى طفيحررررررررصك ل 8181 لتررررررررى,,معجم مصطلحات الإعلام
futurism سرررر طررررصصختم طفيحررررص سرررردإ تررررد حت,,معجم مصطلحات الإعلام
.طيم لدا تلالا دا ي ا دا ل,,معجم مصطلحات الإعلام
لا رررر ت ا طرررريمه ررررك ت طيفرررر طررررىع,,معجم مصطلحات الإعلام
)ةيملوع( ةيبكوك ملاعإ لئاسو,,معجم مصطلحات الإعلام
.هد طيطختدا سن ت مدا global media,,معجم مصطلحات الإعلام
تهتل ررررر سررررر فن ترررررحج للارررررىإ س تررررر,,معجم مصطلحات الإعلام
G عجتررحد ترره لا تخا تهلترر ت ا ة رر طرري تدا,,معجم مصطلحات الإعلام
ن,,معجم مصطلحات الإعلام
طررررررري لا هجدا رررررررحدا سرررررررطختت طررررررره دا,,معجم مصطلحات الإعلام
سررردإ سرررمت ت ةلرررينك ليهترررمج سررردإ سرررصت,,معجم مصطلحات الإعلام
بولاج ديعم,,معجم مصطلحات الإعلام
.ط يتنتم س طى تم تت ت,,معجم مصطلحات الإعلام
Gallop institute,,معجم مصطلحات الإعلام
لا رررررجإ سررررر صرررررصختم سررررركيلم رررررهعم,,معجم مصطلحات الإعلام
ةراس رابخأ,,معجم مصطلحات الإعلام
ال ررررردا ستررررري ليهترررررمجدا رررررى ث رررررحن good news,,معجم مصطلحات الإعلام
ترىا ر .ب دترج جل ج ه لتعدا طرررررينتجيإ طرررررم عم سررررر ت طيفحرررررص ة ترررررم,,معجم مصطلحات الإعلام
ّ,,معجم مصطلحات الإعلام
ترهيدإ سرص ت سرتدا ل ترت دا بنر ن هتله ةتررررريح سررررر طررررر يعم ررررر ا ترررررهي ى برررررتلتي,,معجم مصطلحات الإعلام
لترررررررررعدا ال ررررررررردا تترررررررررهتجتا ستررررررررري سررررررررر .س تمدا,,معجم مصطلحات الإعلام
تترررررنتخت ا سرررررن تلا رررررم ة رررررى سررررركيلمما,,معجم مصطلحات الإعلام
ىمسر ثدحتم,,معجم مصطلحات الإعلام
.ط ت لدا,,معجم مصطلحات الإعلام
government spokesman,,معجم مصطلحات الإعلام
بررررررررررتكمدا سيرررررررررر ل للاررررررررررى ا لرررررررررريع,,معجم مصطلحات الإعلام
ةيمسر ةديرج ررررررم طررررريجلتخدا ةلعا سرررررر سفحرررررصدا,,معجم مصطلحات الإعلام
gazette,,معجم مصطلحات الإعلام
تلالا رررررررررر دا لاررررررررررىإ طررررررررررد دا هرررررررررد خت,,معجم مصطلحات الإعلام
ُ,,معجم مصطلحات الإعلام
ي ا رررررر دا لررررر ن لتررررررهت طررررريم كح ة ررررريلج,,معجم مصطلحات الإعلام
.طيم لدا تتحيلصتدا,,معجم مصطلحات الإعلام
ةعرررهج رررى ةل ترررصدا تلالا ررر دا ل ا ررر دا,,معجم مصطلحات الإعلام
37,,معجم مصطلحات الإعلام
ةرهاقلاب ةيبرعلا ةغللا عمجم,,معجم مصطلحات الإعلام
ى,,معجم مصطلحات الإعلام
ّ,,معجم مصطلحات الإعلام
وِغَُل قِّقدم .ليلمدا,,معجم مصطلحات الإعلام
grammar checkers,,معجم مصطلحات الإعلام
لا خترر ا طررعجلا م سد ررتي برر تح لمترر لن,,معجم مصطلحات الإعلام
ىكبش ماظن,,معجم مصطلحات الإعلام
سرررر لي لررررتدا تتررررملاى طرررري ه دا ررررىا دا grid system,,معجم مصطلحات الإعلام
ل اختررررررررر مدا اع َ ررررررررري ُ طرررررررررن تكمدا ة ترررررررررمدا لينترررررصم سرررررمحت برررررينت ما رررررم طكنررررر,,معجم مصطلحات الإعلام
. تهد ح تتم عمن رريع ت تمرر د ي ترر ما سرر ة ترر ا,,معجم مصطلحات الإعلام
.ط كمم ط يلط س عن ة ت ا,,معجم مصطلحات الإعلام
كيفراجلا نف,,معجم مصطلحات الإعلام
ةيعامج ةمباقم,,معجم مصطلحات الإعلام
graphics,,معجم مصطلحات الإعلام
group interview,,معجم مصطلحات الإعلام
ت ررررررررعم سرررررررردإ ليرررررررر ت طرررررررري تين ل رررررررر ل,,معجم مصطلحات الإعلام
ررررم سفحررررص ثررررحتن تررررهيلجي طرررر نت م,,معجم مصطلحات الإعلام
طرررريلينعت ستكرررر طرررريم ل طي تررررصحإ,,معجم مصطلحات الإعلام
تررررمي طرررر لت مدا طد هرررر تهد د ررررم ترررريند سر ى س صح د صتخ ما م طى مجم,,معجم مصطلحات الإعلام
.ته ين لهيررردإ هرررج ت ة رررح م ط ررر رررى تترررنتجإ,,معجم مصطلحات الإعلام
ُ,,معجم مصطلحات الإعلام
. يعم ع م س ح,,معجم مصطلحات الإعلام
ةيدامر ةياعد,,معجم مصطلحات الإعلام
gray propaganda,,معجم مصطلحات الإعلام
هررررتل طخ سرررر ررررفي طرررريتى دا ررررم ع رررر,,معجم مصطلحات الإعلام
سرررررردإ ترررررر ت ترررررره م ا رررررر دا طرررررريتى دا,,معجم مصطلحات الإعلام
ةعومجمل فٌ حص,,معجم مصطلحات الإعلام
group papers,,معجم مصطلحات الإعلام
ترررهلتك إ رركمي سررتدا ترر حدا ضررعن,,معجم مصطلحات الإعلام
سرررتدا حرررصدا سررر ى لررر ا ا ررره ررر طي,,معجم مصطلحات الإعلام
صلرحن بري تكما ضرعن ترهيدإ ي ت,,معجم مصطلحات الإعلام
ثررررريحن تررررر لهم ترررررنيتلت ترررررهنتلت ي ررررر سرررر هنترررر تت ررررحا لرررر ت سرررردإ سررررمت ت,,معجم مصطلحات الإعلام
ل ل,,معجم مصطلحات الإعلام
رررررررمدا لررررررريغ ئلتررررررر دا سررررررر ى بعرررررررصي .طيليلحتدا تهت تي د طمتعدا تتهتجت ا,,معجم مصطلحات الإعلام
.عا خ سي ت م تهي تم ت تكا,,معجم مصطلحات الإعلام
ءراضخ ةرجح فرش فيض,,معجم مصطلحات الإعلام
ْ ُ,,معجم مصطلحات الإعلام
green room guest star,,معجم مصطلحات الإعلام
سرررررررر رررررررر ممدا تررررررررهي ليلترررررررر ي طرررررررر لغ,,معجم مصطلحات الإعلام
سررر لرررهظي ل هررر م سررر مم سررر لرررج,,معجم مصطلحات الإعلام
لرر خما ترره ن ة تررى عرريمتت حلرر مدا,,معجم مصطلحات الإعلام
.طيحل م ل ي س ليهص ل,,معجم مصطلحات الإعلام
08,,معجم مصطلحات الإعلام
ملاعلإا تاحلطصم مجعم,,معجم مصطلحات الإعلام
ىودي عمج,,معجم مصطلحات الإعلام
hand composition,,معجم مصطلحات الإعلام
ليلد,,معجم مصطلحات الإعلام
guidebook ررررررررم تيق رررررررري طررررررررىتنطدا لررررررررح ررررررررمج,,معجم مصطلحات الإعلام
تتررررررررم عم سررررررررمحي ع ررررررررنطم بتررررررررتك .طصتخ ي ت ص,,معجم مصطلحات الإعلام
.طيهيج ت طي ت لإ,,معجم مصطلحات الإعلام
ةزكِّرم ةءاضإ,,معجم مصطلحات الإعلام
H ُ,,معجم مصطلحات الإعلام
hard lighting,,معجم مصطلحات الإعلام
ضرررعن سررر ى عررريكلتدا هتررر ت ة تررر إ,,معجم مصطلحات الإعلام
ةيمظ ةروص,,معجم مصطلحات الإعلام
halftone تيررررررررر ما صتخررررررررر ما سحا ررررررررر دا,,معجم مصطلحات الإعلام
رررم ت ترررفتم رررى سررر ى ا رررتحت ةل رررص ل رهظ سدإ ا ي تمن لظ مدتن ة ج مدا,,معجم مصطلحات الإعلام
.طي تملدا ا دما . حم سك ن تهدلاظ,,معجم مصطلحات الإعلام
ىونس فصن,,معجم مصطلحات الإعلام
ةداج رابخأ,,معجم مصطلحات الإعلام
half-yearly,,معجم مصطلحات الإعلام
hard news,,معجم مصطلحات الإعلام
.له طت سك ل صي ع نطم,,معجم مصطلحات الإعلام
س طي ت ما ب ا جدا سمت طيلنخ ا م,,معجم مصطلحات الإعلام
ةينيجولاى حيباصم تررررررصت تك هترررررر يعم ل ررررررهمجدا ةترررررريح,,معجم مصطلحات الإعلام
halogen lamps,,معجم مصطلحات الإعلام
.لي عتدا ط ت دا ط تي دا,,معجم مصطلحات الإعلام
ل ختررررررررر ت طرررررررررصتخ تعا ترررررررررغ لينترررررررررصم,,معجم مصطلحات الإعلام
ُ,,معجم مصطلحات الإعلام
.طي يعفي تدا تته ي ت ما ة ت,,معجم مصطلحات الإعلام
ىمعأ نم ةطقل,,معجم مصطلحات الإعلام
high-angle shot,,معجم مصطلحات الإعلام
39,,معجم مصطلحات الإعلام
ةرهاقلاب ةيبرعلا ةغللا عمجم,,معجم مصطلحات الإعلام
رر ت ثرريح عتررفتلا ررم ة خعررم طررط د,,معجم مصطلحات الإعلام
ةأشنْم,,معجم مصطلحات الإعلام
ُ,,معجم مصطلحات الإعلام
لا ةملاع,,معجم مصطلحات الإعلام
house mark,,معجم مصطلحات الإعلام
لترررررررري عترررررررركتلا سرررررررر ى ررررررررر لا يمترررررررركدا,,معجم مصطلحات الإعلام
لررعت تررم طرر م جتررت إ عرريمت طررملاى,,معجم مصطلحات الإعلام
.سف سدإ س ى م لي صتدا,,معجم مصطلحات الإعلام
ررركت طلتررر ي ك هتررر مدا ررر ى ترررهن,,معجم مصطلحات الإعلام
.ةعيمم طنا ج طح ا,,معجم مصطلحات الإعلام
ّ,,معجم مصطلحات الإعلام
ىتوص ءاقن ةسسؤملا ةرشن,,معجم مصطلحات الإعلام
house organ,,معجم مصطلحات الإعلام
high fidelity hi – fi,,معجم مصطلحات الإعلام
) (,,معجم مصطلحات الإعلام
طرررريلتجت طرررر م تهل ررررص,,معجم مصطلحات الإعلام
ُ,,معجم مصطلحات الإعلام
ت ٌطرررريل,,معجم مصطلحات الإعلام
ٌ,,معجم مصطلحات الإعلام
ةلرررر,,معجم مصطلحات الإعلام
عتهج م طهدتندا هت ت صدا ح,,معجم مصطلحات الإعلام
ي متررررعتمدا تهيم خترررر م سرررر ى رررريع ت د,,معجم مصطلحات الإعلام
.تمهليغ يعفي ت ي لا,,معجم مصطلحات الإعلام
.تهعم,,معجم مصطلحات الإعلام
ىخيرات مميف,,معجم مصطلحات الإعلام
historical film ةفاقثلا تويب,,معجم مصطلحات الإعلام
ةلررررررت سرررررر تلررررررج تل ا ررررررح س ترررررر تي ل يرررررر houses of culture,,معجم مصطلحات الإعلام
ترريح د طرري ت دا تتم ررخدا لي رر تد عرركلا م,,معجم مصطلحات الإعلام
.ط يعم طيخيلتت,,معجم مصطلحات الإعلام
طرررررررررري فدا ططرررررررررر ما طرررررررررريتىل ليدترررررررررر ما,,معجم مصطلحات الإعلام
نخاس طخ .تهن طيل ندا بها مدا,,معجم مصطلحات الإعلام
hot line,,معجم مصطلحات الإعلام
لمتررر مدا سترررصتلاد ح رررتفم رررفي ت طرررخ,,معجم مصطلحات الإعلام
ت تررررررررح سرررررررر يد رررررررر مدا لتررررررررنك يررررررررن طيشنَ ص ن,,معجم مصطلحات الإعلام
hyper text,,معجم مصطلحات الإعلام
.ئلا طدا,,معجم مصطلحات الإعلام
تترررررم عمدا رررر ا م سرررر ى سرررر ي ل صرررر,,معجم مصطلحات الإعلام
41,,معجم مصطلحات الإعلام
ملاعلإا تاحلطصم مجعم,,معجم مصطلحات الإعلام
طرى مجمن طنتلري ب تحدا تتكن سخا لترم ت ةلينك لحن طن تكم طح د,,معجم مصطلحات الإعلام
ي تررررر ما سرررررخا ررررريعفي تدا ي رررررم,,معجم مصطلحات الإعلام
تلا تر إ سلارخ م ص ص دا م الخ,,معجم مصطلحات الإعلام
م تلا فن ي مدا لكا ت لا يمتك د لهظت,,معجم مصطلحات الإعلام
ُ,,معجم مصطلحات الإعلام
.تيقىتنط تهعييمت لتي ه خا ن ط يعم,,معجم مصطلحات الإعلام
.هم ي ا دا ص دا,,معجم مصطلحات الإعلام
روصلا جِلاعم,,معجم مصطلحات الإعلام
I ُ,,معجم مصطلحات الإعلام
image processor,,معجم مصطلحات الإعلام
تلاي رررررعت طررررريعن ل ررررر ي بررررر تح د لمتررررر لن,,معجم مصطلحات الإعلام
جمثلا بيذم طرررررررري لا غ ت فدا ل ررررررررصدا سرررررررر ى طررررررررن طم,,معجم مصطلحات الإعلام
icebreaker,,معجم مصطلحات الإعلام
ليهررررصتدا لررررينكتدا ليحررررصتدتن,,معجم مصطلحات الإعلام
صخررررر دا سررررر ى ررررر طي اعترررررجم لرررررينعت,,معجم مصطلحات الإعلام
.بيكلتدا لم دا ص دا,,معجم مصطلحات الإعلام
سرررر تمررررصدا ة ررررح لرررر كيد ل كترررري ا رررردا,,معجم مصطلحات الإعلام
ظفحتدا س ى ب هت د ا سفح ط ج ةيروفلا,,معجم مصطلحات الإعلام
immediacy,,معجم مصطلحات الإعلام
.شت دا بتن لت,,معجم مصطلحات الإعلام
طرررررررررىا ا سررررررررر لرررررررررنخدا لي ررررررررر ت طىلررررررررر,,معجم مصطلحات الإعلام
ل ررررررر ط تحرررررررصدا طررررررري لمدا طى مررررررر مدا,,معجم مصطلحات الإعلام
ةيوى,,معجم مصطلحات الإعلام
ّ ُ,,معجم مصطلحات الإعلام
.هى طظحد تمنل هى,,معجم مصطلحات الإعلام
ID (identification),,معجم مصطلحات الإعلام
ةلتر لإد يعفي تدا س ل خت ي ل طصم,,معجم مصطلحات الإعلام
ُ,,معجم مصطلحات الإعلام
)بيضوت( قيسنت,,معجم مصطلحات الإعلام
عترررررررررط ا ررررررررر ى طررررررررطحمدا طررررررررري ه سرررررررردإ,,معجم مصطلحات الإعلام
imposition,,معجم مصطلحات الإعلام
.ست ل ا ررمجدا طري مى ررعن طحفرصدا ا ررم بريتلت,,معجم مصطلحات الإعلام
سررر تهعررر ل رررصدا ل ررر لدا ا رررىا,,معجم مصطلحات الإعلام
. حا بَدت,,معجم مصطلحات الإعلام
ريكذت ةحول,,معجم مصطلحات الإعلام
idiat card,,معجم مصطلحات الإعلام
11,,معجم مصطلحات الإعلام
ةرهاقلاب ةيبرعلا ةغللا عمجم,,معجم مصطلحات الإعلام
عبطلا تحت لرررررنى تررررهتجدتعم تترررررم عمدا لرررر,,معجم مصطلحات الإعلام
in press,,معجم مصطلحات الإعلام
طكنرررر سرررر م طرررريم لدا ستررررصت ا تتكنرررر,,معجم مصطلحات الإعلام
لررررررظت ي ل رررررر م طفيحررررررص بتررررررتك,,معجم مصطلحات الإعلام
.ت لت ا,,معجم مصطلحات الإعلام
سررررك ررررنط هررررت ي لررررد ررررنطدا سرررر ل,,معجم مصطلحات الإعلام
.ه م طن طمدا تتيمكدا,,معجم مصطلحات الإعلام
ىملاعإ ناودع,,معجم مصطلحات الإعلام
ةقمعتم ةيطغت,,معجم مصطلحات الإعلام
information aggression,,معجم مصطلحات الإعلام
in-depth coverage,,معجم مصطلحات الإعلام
ت حلارررر للاررررى ا س ترررر لا خترررر ا رررر,,معجم مصطلحات الإعلام
حلررررررر ت سرررررررتدا سيرررررررصتفتدا ررررررريمج لررررررر ل,,معجم مصطلحات الإعلام
يعم ث حد طف تخمدا تعنما تتيف خدا ل خترر ا رر .طيرر تي دا كلتررعمدا برر كد,,معجم مصطلحات الإعلام
.س تمدا طجتح ن ي معتم سك ن ترررر د سرررر ى ةلررررم س م ل طررررصمدا ا رررره,,معجم مصطلحات الإعلام
ُ ّ,,معجم مصطلحات الإعلام
ترررررحت ا سيررررر ل ررررر تتنل ج سررررري تخيم,,معجم مصطلحات الإعلام
ىمكش لا نزاوت كررر من هرررنتطخ سررر نررر ما ستي ررر دا,,معجم مصطلحات الإعلام
informal balance,,معجم مصطلحات الإعلام
.8811 ليلا ن س,,معجم مصطلحات الإعلام
جلا رررررخإ سررررر ظ رررررح م لررررريغ سررررر سكررررر,,معجم مصطلحات الإعلام
عا ررررتدا رررري برررر جتي ة رررريلجدا طحفررررص,,معجم مصطلحات الإعلام
لاصتلااو تامومعملا ايجولونكت,,معجم مصطلحات الإعلام
لا رص ى عا رتي عك س هدا س ك دا,,معجم مصطلحات الإعلام
information and communication,,معجم مصطلحات الإعلام
سرررررر تررررررمه لاتخا ررررررم طحفررررررصدا سرررررر ى technologies (I.C.T),,معجم مصطلحات الإعلام
طرط سردإ بلر تمهلنك تك ا إ لجحدا جتم ر ا ى طجتت دا طيم عدا تت ينطتدا,,معجم مصطلحات الإعلام
.تمه ين عتكتل ا,,معجم مصطلحات الإعلام
سررررررررررررداا برررررررررررر تحدا ترررررررررررريج د كت يررررررررررررن,,معجم مصطلحات الإعلام
تررهليغ طيك رر لادا طيك رر دا ترريج د كتدا,,معجم مصطلحات الإعلام
ةيتامومعملا,,معجم مصطلحات الإعلام
ةل رررر دا تا طرررر ي دا تترررري لتكد ا ررررم,,معجم مصطلحات الإعلام
informatics,,معجم مصطلحات الإعلام
ترررهعمج تترررم عمدا جتررت إ سررر ى طرر تفدا,,معجم مصطلحات الإعلام
42,,معجم مصطلحات الإعلام
ملاعلإا تاحلطصم مجعم,,معجم مصطلحات الإعلام
تهلرررررررررررررررررر تررررررررررررررررررهتجدتعم ترررررررررررررررررره يعخت سرررررر ى ليررررررتعتدا رررررريلط ررررررى رررررر م,,معجم مصطلحات الإعلام
لريغ تترم عم لي ت ب ا جدا ضعن,,معجم مصطلحات الإعلام
. ن م ليغ ب عن تهىتجلت ا,,معجم مصطلحات الإعلام
.طفيعم طي ي ح,,معجم مصطلحات الإعلام
تامومعم ةجلاعم,,معجم مصطلحات الإعلام
تامومعملا تاوجف,,معجم مصطلحات الإعلام
information processing,,معجم مصطلحات الإعلام
information gaps,,معجم مصطلحات الإعلام
ترهدلاخ رم سر تمدا ل ر ي طري لعم طري مى,,معجم مصطلحات الإعلام
تتررم عمدا لررك سرر لا رر ما يررن ت تررفتدا,,معجم مصطلحات الإعلام
.تهل كُّ َت تهمه تتم عمدا ستن ت تن,,معجم مصطلحات الإعلام
ل ررررررى طررررررجيت ثا ررررررحما س ررررررح تررررررهى,,معجم مصطلحات الإعلام
سكررررررررر ن تترررررررررم عمدا ل ترررررررررصم طرررررررررحتتإ,,معجم مصطلحات الإعلام
تامومعم ريرقت,,معجم مصطلحات الإعلام
. ٍت تم information report,,معجم مصطلحات الإعلام
ى تتم عم ل ت طيفحص ة تم,,معجم مصطلحات الإعلام
.صخ ع م طي,,معجم مصطلحات الإعلام
ةيملاعإ تاعيرشت,,معجم مصطلحات الإعلام
information legislations,,معجم مصطلحات الإعلام
تهع ت ستدا طمظ ما ي ا دا طى مجم,,معجم مصطلحات الإعلام
تامومعم سامتلا,,معجم مصطلحات الإعلام
ه تررر للارررى ا طررر لاى ليرررظ تد طرررد دا,,معجم مصطلحات الإعلام
information seeking,,معجم مصطلحات الإعلام
طررهج ررم ل ررهمجدا طررهج ررم طط رر دتن,,معجم مصطلحات الإعلام
ا ررررررررررررمدا تترررررررررررم عمدا رررررررررررى ثرررررررررررحندا,,معجم مصطلحات الإعلام
.الخ,,معجم مصطلحات الإعلام
سرر تم تتررمتمتها نرر ت سررتدا طرريملاى ا,,معجم مصطلحات الإعلام
ُ,,معجم مصطلحات الإعلام
.طدت لدا,,معجم مصطلحات الإعلام
تامومعملاب بعلاتلا,,معجم مصطلحات الإعلام
information manipulation,,معجم مصطلحات الإعلام
عا ررخ سرردإ للاررى ا س ترر ضررعن ررجد تامومعممل عيرسلا قيرطلا,,معجم مصطلحات الإعلام
information super highway,,معجم مصطلحات الإعلام
طرررررصتخ طرررررجدتعم سلارررررخ رررررم ل رررررهمجدا,,معجم مصطلحات الإعلام
هررررررجيت رررررر ا ى تتررررررم عمدا ررررررت,,معجم مصطلحات الإعلام
ث رررح صخررر ن طررر عتمدا تترررم عم د,,معجم مصطلحات الإعلام
لرن ى لدترعدا س تتم عمدا تتكن لم,,معجم مصطلحات الإعلام
َْ,,معجم مصطلحات الإعلام
13,,معجم مصطلحات الإعلام
ةرهاقلاب ةيبرعلا ةغللا عمجم,,معجم مصطلحات الإعلام
.ت لت ا طكن ةيركف ةبخن,,معجم مصطلحات الإعلام
intellectuals,,معجم مصطلحات الإعلام
ترررريق ت يعرررريمتمدا لا رررر ما ررررم طررررى مجم,,معجم مصطلحات الإعلام
ةميمع رداصم,,معجم مصطلحات الإعلام
informed sources رمتجم سر ال ردا ة تر مي تيقم ى,,معجم مصطلحات الإعلام
ثا رررح رررى تترررم عم كررر تمت ل ترررصم,,معجم مصطلحات الإعلام
. يعم,,معجم مصطلحات الإعلام
ا ررررررهن ترررررهيدإ لترررررر ي ترررررم تررررررندتغ .طررررر يعم,,معجم مصطلحات الإعلام
ل,,معجم مصطلحات الإعلام
.تهم تن ليلصتدا ص دا,,معجم مصطلحات الإعلام
ةيوقت ةطحم,,معجم مصطلحات الإعلام
intensifying station,,معجم مصطلحات الإعلام
تاملاعتسلاا بتكم طتررررررررررر تد ل خترررررررررر ت طيك رررررررررر ةعررررررررررهج,,معجم مصطلحات الإعلام
ُ,,معجم مصطلحات الإعلام
inquiring office,,معجم مصطلحات الإعلام
تت تررررر م سررررردإ تررررره ن ة ترررررىا تلا تررررر ا,,معجم مصطلحات الإعلام
م ت ت ت س ى ل د صصخم بتكم,,معجم مصطلحات الإعلام
سررررررىا ا ثررررررندا طررررررع ل يرررررر تد ررررررعن,,معجم مصطلحات الإعلام
طر مدا طتر رى لتر فت ا ريلي,,معجم مصطلحات الإعلام
.س يعفي تدا,,معجم مصطلحات الإعلام
.بتكمدا هيدإ سمت ي ا دا عتهجدا,,معجم مصطلحات الإعلام
ةيمعافت ةيطغت,,معجم مصطلحات الإعلام
توصلا لزع,,معجم مصطلحات الإعلام
interactive coverage,,معجم مصطلحات الإعلام
insulation,,معجم مصطلحات الإعلام
تترررم عم لي ررر ت سررر ل رررهمجدا طكلتررر م,,معجم مصطلحات الإعلام
طررررري ستن تررررر ا رررررم ررررر لكيمدا طررررريتمح,,معجم مصطلحات الإعلام
سررررررتدا تيترررررر دا ثا ررررررحما س ررررررح لا,,معجم مصطلحات الإعلام
ب ررررررررر طمدا ت رررررررررصدا ا ررررررررر تا رررررررررص,,معجم مصطلحات الإعلام
ث رررررحي ترررررمك للارررررى ا س تررررر ترررررهجدتعت,,معجم مصطلحات الإعلام
رى ي ت ما سععن كد لتي ه يج ت,,معجم مصطلحات الإعلام
لملا ررن سرر طرري لتكد ا حررصدا سررخا,,معجم مصطلحات الإعلام
ليغ تا ص د الخما ل تصمدا يمج,,معجم مصطلحات الإعلام
.طي يعفي تدا طيىا ا ل تنمدا ثندا,,معجم مصطلحات الإعلام
.ط يعم ة تم طط ا ن تهي ب غلمدا,,معجم مصطلحات الإعلام
44,,معجم مصطلحات الإعلام
ملاعلإا تاحلطصم مجعم,,معجم مصطلحات الإعلام
فيرحتلاب لامكإ,,معجم مصطلحات الإعلام
بومقملا مريلا,,معجم مصطلحات الإعلام
interpolation,,معجم مصطلحات الإعلام
inverted pyramid,,معجم مصطلحات الإعلام
طررر تحم صررر سررر تترررم ك لترررح إ,,معجم مصطلحات الإعلام
طغتيررص هرر ت طيفحررصدا طررنتتك د بررَدت,,معجم مصطلحات الإعلام
لرررييهت رررهن صررر رررم تترررم ك رررح,,معجم مصطلحات الإعلام
ع رررررررررر مدا لررررررررررنخ د سرررررررررر فدا ترررررررررر ندا,,معجم مصطلحات الإعلام
. ت عم هد د م,,معجم مصطلحات الإعلام
ثريح ب ر م للره ةل رص س سفحصدا,,معجم مصطلحات الإعلام
ةيريسفت ةفاحص,,معجم مصطلحات الإعلام
طررررررجل د تررررررل نط هرررررري تتررررررم عمدا جل ررررررتت,,معجم مصطلحات الإعلام
interpretative journalism,,معجم مصطلحات الإعلام
لهمدت لهمتن ني سدعت ت سك ن تهتيمه,,معجم مصطلحات الإعلام
رررررررمتعي سفحرررررررصدا سرررررررمعدا سررررررر ترررررررجتا,,معجم مصطلحات الإعلام
.طيمه س مت,,معجم مصطلحات الإعلام
تلا يرررر فت لي رررر ت سرررر ى سررررد ما طررررجل دتن,,معجم مصطلحات الإعلام
سلارررخ رررم ئلتررر د ته يرررصتفت ثا رررحما,,معجم مصطلحات الإعلام
ليلتررررررررررررررر تدا تلا ا رررررررررررررررحدا تتررررررررررررررر ي حتدا ىئاصقتسا ريرقت,,معجم مصطلحات الإعلام
investigative report,,معجم مصطلحات الإعلام
.طي ي حتدا ت ت مدا,,معجم مصطلحات الإعلام
سيرررررررصتفتدا سرررررررص ت ت طيفحرررررررص طرررررررنتتك,,معجم مصطلحات الإعلام
رس,,معجم مصطلحات الإعلام
ّ,,معجم مصطلحات الإعلام
َفم,,معجم مصطلحات الإعلام
ُ,,معجم مصطلحات الإعلام
ر,,معجم مصطلحات الإعلام
ٌ,,معجم مصطلحات الإعلام
بخ,,معجم مصطلحات الإعلام
سرررتدا بتنررر ما يرررعم ث رررحن طررر عتمدا,,معجم مصطلحات الإعلام
interpreted news,,معجم مصطلحات الإعلام
رم تترم عم رمج سلاخ م هيدإ ت,,معجم مصطلحات الإعلام
سيررررررصتفتدا سررررر ى سمترررررر ت طررررريلنخ ة ترررررم,,معجم مصطلحات الإعلام
. ط تك طي عمدا لا طما,,معجم مصطلحات الإعلام
. يعم لنخن ط ا عتمدا تتيف خدا,,معجم مصطلحات الإعلام
15,,معجم مصطلحات الإعلام
ةرهاقلاب ةيبرعلا ةغللا عمجم,,معجم مصطلحات الإعلام
ةيفحص ةمجرت,,معجم مصطلحات الإعلام
J,,معجم مصطلحات الإعلام
journalistic translation,,معجم مصطلحات الإعلام
ل صي ا دا صتخدا تهن تهد طمجلت,,معجم مصطلحات الإعلام
ىفحص بومسأ,,معجم مصطلحات الإعلام
journalese,,معجم مصطلحات الإعلام
طررررررررررررررريىا إ طرررررررررررررررطحمد طفيحرررررررررررررررصد,,معجم مصطلحات الإعلام
طرررررررررهد ل ختررررررررر ت طرررررررررنتتكدا سررررررررر طررررررررر يلط,,معجم مصطلحات الإعلام
َ,,معجم مصطلحات الإعلام
ررررررم طررررررف تخمدا تهررررررص تصخن ط تحررررررصدا,,معجم مصطلحات الإعلام
سهرر دا ب رر ما سرر ى ررمتعت طرري يعفي ت,,معجم مصطلحات الإعلام
ط هرررر دا تتررررم كدا سرررر ى تررررمتى ا ثرررريح,,معجم مصطلحات الإعلام
. ططي ندا تتم كدا,,معجم مصطلحات الإعلام
ررركمي سرررتدا طررري ه دا بررريكلا تدا ططيررر ندا,,معجم مصطلحات الإعلام
.تهنتعيت ا ا تعدا ئلت د,,معجم مصطلحات الإعلام
ميكحت ةنجل,,معجم مصطلحات الإعلام
ىفحص,,معجم مصطلحات الإعلام
journalist َ َ jury,,معجم مصطلحات الإعلام
بررر كتي سفحرررصدا سرررمعدا سلترررمي رررم,,معجم مصطلحات الإعلام
ليرررري تد يررررصتخمدا لا ررررنخدا ررررم طرررر يه,,معجم مصطلحات الإعلام
رم سرك س ى ص دا ا ه َ طي ُ ه م,,معجم مصطلحات الإعلام
طلررررر ن طررررر جم ة رررريلج سررررر سررررمعي س تم يررر س ررريعفي ت سرررىا إ سررمى,,معجم مصطلحات الإعلام
ررررررر رررررررم تررررررريقلتكتنا هررررررر مى ررررررركي,,معجم مصطلحات الإعلام
ضلرررررررع د هتيحلارررررررص سررررررر ى لررررررركحدا,,معجم مصطلحات الإعلام
.ط همدا,,معجم مصطلحات الإعلام
. ليغ ين ه ين ط تفم د س ا تدا,,معجم مصطلحات الإعلام
ةيفحص ةممح,,معجم مصطلحات الإعلام
journalistic campaign,,معجم مصطلحات الإعلام
طير د طفيحص تهن ل ت ةلمت م طعنتتم رطسلأا طبض,,معجم مصطلحات الإعلام
س ررص دا ررهن ترر دا ررم ةلررت طرر يعم justification,,معجم مصطلحات الإعلام
لتررررررى ال طرررررر نعت ط كرررررر م سررررررح سرررررردإ,,معجم مصطلحات الإعلام
طنررر تترررم كدا يرررن تت تررر مدا طنررر,,معجم مصطلحات الإعلام
طرر محدا سرر طفيحررصدا ررّظ,,معجم مصطلحات الإعلام
ُ,,معجم مصطلحات الإعلام
ت . تررهد ح,,معجم مصطلحات الإعلام
لررريل ت لرررنخ ررم طيفحرررصدا ررر فدا سررك طي ترررررررر تم لنررررررررصتد ل طرررررررر دا تترررررررريته,,معجم مصطلحات الإعلام
. ليتتكيلتك ست م لا ح ي حت,,معجم مصطلحات الإعلام
. نطدا س ط م,,معجم مصطلحات الإعلام
ُ,,معجم مصطلحات الإعلام
46,,معجم مصطلحات الإعلام
ملاعلإا تاحلطصم مجعم,,معجم مصطلحات الإعلام
K,,معجم مصطلحات الإعلام
حاتفم ةممك,,معجم مصطلحات الإعلام
keyword,,معجم مصطلحات الإعلام
طم خت مدا طه دا س ته ُّلت ل كي ة لفم,,معجم مصطلحات الإعلام
لّاد توص,,معجم مصطلحات الإعلام
key sound س ت ل هفم س ى س ت تم صٍّ س,,معجم مصطلحات الإعلام
تررركمدا ترررمعدا عررريمت طيت رررص تلا رررم .ه ى ثحن د ظ ت هي ي ي,,معجم مصطلحات الإعلام
ُ,,معجم مصطلحات الإعلام
تلا تررررررررط دا تا ررررررررص سرررررررر م تيرررررررر ما,,معجم مصطلحات الإعلام
سررررررر ى طرررررررد د يل تررررررر مدا طررررررركلح,,معجم مصطلحات الإعلام
ىبناج ناونع,,معجم مصطلحات الإعلام
.طي ي ح طك ططحم ه تكمدا kicker,,معجم مصطلحات الإعلام
ة ترررررررمدا سرررررررخا ررررررر ي سرررررررىل ا ررررررر ى,,معجم مصطلحات الإعلام
ا ررردا مررر مدا سررردإ ليررر يد طيفحرررصدا,,معجم مصطلحات الإعلام
.هي ي,,معجم مصطلحات الإعلام
17,,معجم مصطلحات الإعلام
ةرهاقلاب ةيبرعلا ةغللا عمجم,,معجم مصطلحات الإعلام
ةمدقم,,معجم مصطلحات الإعلام
L,,معجم مصطلحات الإعلام
lead,,معجم مصطلحات الإعلام
طيفحرررصدا ة ترررمدا ل رررصتت لررر ك ةلررر,,معجم مصطلحات الإعلام
ةنماك ةروص,,معجم مصطلحات الإعلام
ت تررر ت حلرررطت رررهمت صرررخ ت,,معجم مصطلحات الإعلام
latent image,,معجم مصطلحات الإعلام
ستعررررررت طرررررر يعم طيرررررر تل ررررررح ررررررصت,,معجم مصطلحات الإعلام
سرررررررررن ل يررررررررر سررررررررر ى ةل رررررررررصمدا طرررررررررط دا,,معجم مصطلحات الإعلام
.طيدتتدا تلا فدا س ته يصتفت,,معجم مصطلحات الإعلام
.تهلتهظا ته يمحت,,معجم مصطلحات الإعلام
ةدايق,,معجم مصطلحات الإعلام
نماك ماع ىرأ,,معجم مصطلحات الإعلام
leadership,,معجم مصطلحات الإعلام
latent public opinion,,معجم مصطلحات الإعلام
ة تري ليهترمجدا سر لي عرتدا س ى ةل دا,,معجم مصطلحات الإعلام
ترررررررررجت رررررررررَ عمدا لررررررررريغ ليهترررررررررمجدا ال,,معجم مصطلحات الإعلام
.هي لي عتدا ههيج ت لتعدا ال دا,,معجم مصطلحات الإعلام
هرررررن حلرررررصي ترررررم طيررررر ع ررررر م,,معجم مصطلحات الإعلام
ُ,,معجم مصطلحات الإعلام
.لل دا طي خ,,معجم مصطلحات الإعلام
ىربك فحص,,معجم مصطلحات الإعلام
ُ,,معجم مصطلحات الإعلام
leadership papers,,معجم مصطلحات الإعلام
ءابنلأا رخآ ررررى ةل تررررص لترررر ت ا طعرررر ا حررررص,,معجم مصطلحات الإعلام
latest news,,معجم مصطلحات الإعلام
تتررررررررررررررررري تكمإ تا تتررررررررررررررررر م ل,,معجم مصطلحات الإعلام
رررمع سلارررخ ترررع سرررتدا ثا رررحما لررره,,معجم مصطلحات الإعلام
لرر لدتررعدا لتررنخ طرريطهت سرر طمخرر,,معجم مصطلحات الإعلام
.)طىت ص طىت ( ا قج بيل,,معجم مصطلحات الإعلام
رررررررم رررررررعن تررررررريقمدتى تهفحرررررررص ررررررريع ت,,معجم مصطلحات الإعلام
.تته دا,,معجم مصطلحات الإعلام
تاحفصلا ميمصت,,معجم مصطلحات الإعلام
layout,,معجم مصطلحات الإعلام
ةيئاحيإ تراشؤم,,معجم مصطلحات الإعلام
تترررم ك رررم طررريىتنطدا لرررصت عدا ررريع ت,,معجم مصطلحات الإعلام
leading indicators,,معجم مصطلحات الإعلام
سرررر ى تررررهليغ ا ررررد ل ررررص ي ترررر ى ع رررر ن لرررر ا نت نرررر ت سررررتدا ثا ررررحما,,معجم مصطلحات الإعلام
َُ,,معجم مصطلحات الإعلام
.ط لعمدا ة ل مدا طحفصدا عيح,,معجم مصطلحات الإعلام
. يعم م ةلهتظ س س حت,,معجم مصطلحات الإعلام
ََّ,,معجم مصطلحات الإعلام
48,,معجم مصطلحات الإعلام
ملاعلإا تاحلطصم مجعم,,معجم مصطلحات الإعلام
ىئاحيإ لاؤس ةناصحلا عفر,,معجم مصطلحات الإعلام
leading question,,معجم مصطلحات الإعلام
lifting immunity,,معجم مصطلحات الإعلام
طر يلطن طر يعم طنتجإ لي تن سح ي سا,,معجم مصطلحات الإعلام
ر حن رتمتدا سر صخر دا ح طت إ,,معجم مصطلحات الإعلام
.س ت دا ته هت ي ة حم,,معجم مصطلحات الإعلام
صخررررررررر طرررررررررنت من لنرررررررررصي طي ت تررررررررر ا,,معجم مصطلحات الإعلام
ءراقلا ديرب,,معجم مصطلحات الإعلام
هررررررررد رررررررر خي تررررررررمد رررررررر خي ا تررررررررى,,معجم مصطلحات الإعلام
letters to the editor,,معجم مصطلحات الإعلام
يللررحمدا سرردإ لا رر دا تررهن ثررعني س ترر ل .طي ت دا طد ت مدا ثيح م لخاا,,معجم مصطلحات الإعلام
ترررررم طفيحرررررص سررررر لررررريلحتدا تررررر ل,,معجم مصطلحات الإعلام
لررررررررررره لا لا ررررررررررر دا تتررررررررررر ي عت سرررررررررررمحت,,معجم مصطلحات الإعلام
ضيبأ طنب,,معجم مصطلحات الإعلام
ُ,,معجم مصطلحات الإعلام
ا ررررررحإ سرررررره لهتتررررررحلا ت ا له كترررررر م light face,,معجم مصطلحات الإعلام
. لا دا تتهتجتا ستي س ت,,معجم مصطلحات الإعلام
ته ا رررر طررررجل طرررر يعم طرررريىتنط لررررح,,معجم مصطلحات الإعلام
ترهن طرطيحمدا الرخما لرحدا رم س,,معجم مصطلحات الإعلام
ةفاحصلا ةيرح,,معجم مصطلحات الإعلام
liberty of the press,,معجم مصطلحات الإعلام
لررررررررررررحدا هررررررررررررج ضلررررررررررررى لاتررررررررررررخ,,معجم مصطلحات الإعلام
هررررررن ررررررتمتت تررررررم سرررررردإ ليرررررر ي حلاطررررررصا,,معجم مصطلحات الإعلام
.سىتنطدا,,معجم مصطلحات الإعلام
رر سرر طرريلح ررم تررم رر ن سرر حررصدا,,معجم مصطلحات الإعلام
سترررررررر دا لا ررررررررى لررررررررينعتدا تررررررررطخما,,معجم مصطلحات الإعلام
طرم كحدا طر تي ر له كتر م س ت ت فيفخ جمانرب,,معجم مصطلحات الإعلام
الررري .كرررد برررج ي ترررم كتررر ه ترررك ا إ light program,,معجم مصطلحات الإعلام
سررررررررر عت ط تحررررررررصدا طرررررررريلح ضعنرررررررردا ل ررررررررر ي س ررررررررريعفي ت سرررررررررىا إ لمتررررررررر لن,,معجم مصطلحات الإعلام
لا رررررررصإ طررررررريلح كرررررررد سررررررردإ ط تررررررر تن,,معجم مصطلحات الإعلام
س يررررررررررر مدا تت نتررررررررررر مدا تترررررررررررى مدا,,معجم مصطلحات الإعلام
بررررررر تج رررررررم ررررررري ا حرررررررصدا,,معجم مصطلحات الإعلام
.طفيفخدا ا مدا م تهليغ,,معجم مصطلحات الإعلام
.طط دا,,معجم مصطلحات الإعلام
19,,معجم مصطلحات الإعلام
ةرهاقلاب ةيبرعلا ةغللا عمجم,,معجم مصطلحات الإعلام
ةءاضإ فرشم ىبدأ قح,,معجم مصطلحات الإعلام
lighting supervisor literary property,,معجم مصطلحات الإعلام
رررر م سرررر ة ترررر ا ررررى س رررر م سرررر ص ررررص دا ررررم ص ررررد طررررين ما طرررريك مدا,,معجم مصطلحات الإعلام
.لي صتدا . ل هعنط ح,,معجم مصطلحات الإعلام
ىبدأ قيقحت,,معجم مصطلحات الإعلام
ةيبدأ ةمدقم,,معجم مصطلحات الإعلام
literary reportage,,معجم مصطلحات الإعلام
literary lead,,معجم مصطلحات الإعلام
ط كررر م ليررر فتدتن س تررر تت طررريملاىإ ة ترررم,,معجم مصطلحات الإعلام
ل تي طيملاى ا تتم مدا عا م ع,,معجم مصطلحات الإعلام
ضلررررررررررعت طرررررررررر يعم طررررررررررين طيرررررررررر,,معجم مصطلحات الإعلام
تررنت ا ب ررجيد سفررص دا سررن ما نتررطدتن,,معجم مصطلحات الإعلام
لا ترهن طر عتمدا طي يصفتدا تتم عمدا,,معجم مصطلحات الإعلام
صتخ سك ن ب ت ي مت مدا ئلت دا,,معجم مصطلحات الإعلام
.تهد ح يصصختمدا يد مدا,,معجم مصطلحات الإعلام
ث ا ررحن سررصتت سررتدا طرريلنخدا صررص دا,,معجم مصطلحات الإعلام
.ثلا ك,,معجم مصطلحات الإعلام
ىبدأ قحمم,,معجم مصطلحات الإعلام
literary supplement,,معجم مصطلحات الإعلام
ةيبدأ ةمجم,,معجم مصطلحات الإعلام
سررررخا ررررنطت تتحفررررصدا ررررم طررررى مجم,,معجم مصطلحات الإعلام
literary magazine,,معجم مصطلحات الإعلام
لررررررر ت تررررررره ى ط رررررررصف م طفيحرررررررصدا,,معجم مصطلحات الإعلام
تيترررر طررررجدتعم سرررر طررررصصختم طرررر جم,,معجم مصطلحات الإعلام
تيتررررررر ن ررررررر عتت طرررررررى تم تتى ررررررر م,,معجم مصطلحات الإعلام
رررررررررم طرررررررررف تخمدا هررررررررر لررررررررر ب ما,,معجم مصطلحات الإعلام
.طين ما تتىا ن ا ب ما,,معجم مصطلحات الإعلام
.تهليغ طي ت ت م لتع صص,,معجم مصطلحات الإعلام
ةيح ةيطغت,,معجم مصطلحات الإعلام
live coverage,,معجم مصطلحات الإعلام
01,,معجم مصطلحات الإعلام
ملاعلإا تاحلطصم مجعم,,معجم مصطلحات الإعلام
سرررردإ تررررهى ترررر سرررر ثا ررررحما سرررر,,معجم مصطلحات الإعلام
تررررررررط دتن تررررررررهت تم طتررررررررنتل طرررررررر ي م,,معجم مصطلحات الإعلام
ث رررحي ترررم م للارررى ا س تررر ل رررهمج,,معجم مصطلحات الإعلام
.سمي ا,,معجم مصطلحات الإعلام
طيفحررررررصدا طيرررررر تي دا تلا مت ررررررمدا سرررررر,,معجم مصطلحات الإعلام
.كد ليغ طي تيلدا طط ما,,معجم مصطلحات الإعلام
ةيمحم ةملوع,,معجم مصطلحات الإعلام
ءاويلا ىمع جمانرب localism,,معجم مصطلحات الإعلام
live program,,معجم مصطلحات الإعلام
طرمد عدا ةلرك ضر ل رى لرنعي ل طصم,,معجم مصطلحات الإعلام
سرررر ةلررر تنم ا ررررهدا سررر ى عا رررري لمتررر لن,,معجم مصطلحات الإعلام
حلطت سمدتى ه تمي س حمدا بي ت,,معجم مصطلحات الإعلام
.ه ن تي ت ُ,,معجم مصطلحات الإعلام
رررره تررررم يررررن سررررىتفتدا ةلررررك ترررره م ل ررررن,,معجم مصطلحات الإعلام
)نلا( ةيمحم ةكبش,,معجم مصطلحات الإعلام
.سمدتى ه تم س حم,,معجم مصطلحات الإعلام
local area network (LAN),,معجم مصطلحات الإعلام
ترررمي ط رررصتمدا بررر ا حدا رررم طرررى مجم,,معجم مصطلحات الإعلام
سررررمعدا ررررت سرررر لكحترررر د ت ينك رررر ترررره ين,,معجم مصطلحات الإعلام
ىجراخلا ريوصتلا عقوم,,معجم مصطلحات الإعلام
.همت ين طنلدا يعم تكم سخا,,معجم مصطلحات الإعلام
location,,معجم مصطلحات الإعلام
لتررري سجلترررخدا لي رررصت د بررر ت م تررركم,,معجم مصطلحات الإعلام
ةيمحم ملاعإ لئاسو,,معجم مصطلحات الإعلام
ي تررر ما جلترررخ تترررط دا لي رررصت هررري,,معجم مصطلحات الإعلام
local media,,معجم مصطلحات الإعلام
ل رررهمج تترررجتيتحا سرررن ُ ت للارررىإ س تررر لظت مدا س هم جلخمدا لتيتخا سد تي,,معجم مصطلحات الإعلام
م ختت تيق حم تمي إ ط ي م ط ي,,معجم مصطلحات الإعلام
ل .لي صتدا س ندا سن,,معجم مصطلحات الإعلام
.تهد لا حم طي حمدا تلاك مدا تيت دا,,معجم مصطلحات الإعلام
ل,,معجم مصطلحات الإعلام
ةيمحم فحص,,معجم مصطلحات الإعلام
ىدملا ةميوط ةركاذ,,معجم مصطلحات الإعلام
local papers,,معجم مصطلحات الإعلام
long term memory,,معجم مصطلحات الإعلام
ٍر ن س ى تهعيع ت لص ي تلاجم لا ج,,معجم مصطلحات الإعلام
ُ,,معجم مصطلحات الإعلام
ظترررفتح ا رررم لرررفدا ررركام ت طررري ه طررريد,,معجم مصطلحات الإعلام
ُ,,معجم مصطلحات الإعلام
51,,معجم مصطلحات الإعلام
قل,,معجم مصطلحات الإعلام
ملاعلإا تاحلطصم مجعم,,معجم مصطلحات الإعلام
سرررر تي ستررررجم سرررر ةعلتررررن طيررررصخ,,معجم مصطلحات الإعلام
.كد ليغ الك ا تصت ا,,معجم مصطلحات الإعلام
M,,معجم مصطلحات الإعلام
ةنابتسا,,معجم مصطلحات الإعلام
ةيناىومكاملا,,معجم مصطلحات الإعلام
mail questionnaire,,معجم مصطلحات الإعلام
macluhanism,,معجم مصطلحات الإعلام
رررم تترررم عمدا سررر ى س رررصح د طررر يلط,,معجم مصطلحات الإعلام
ا رر كدا عتررمتج ا لدتررى تهعرر طرريلظ ررررررم طررررر يى سررررردإ ط ررررر ستررررر لإ سلارررررخ,,معجم مصطلحات الإعلام
سرردإ تررهي لترر » ترره كتم سترر لتم« للاررررى ا ةعررررهج لررررنى تهلرررر لا رررر ما,,معجم مصطلحات الإعلام
لظ ي طيملاى ا طدت لدا م م .ته ى طنتج ا,,معجم مصطلحات الإعلام
ُ,,معجم مصطلحات الإعلام
.تهرررررررر ف ط يرررررررر دا ررررررررى للا ترررررررر م هرررررررريدإ,,معجم مصطلحات الإعلام
""" طدتر لدا سره ط ير دا "" طرد م صخ ت",,معجم مصطلحات الإعلام
ةنايص,,معجم مصطلحات الإعلام
maintenance,,معجم مصطلحات الإعلام
.طيلظ دا هد طي ت ما ةلكفدا,,معجم مصطلحات الإعلام
ةعرررررهجما تا رررررعمدا سررررر ى ال ررررر ك,,معجم مصطلحات الإعلام
تررررررررررره ت ن تهتملاررررررررررر تمررررررررررر د ت اا,,معجم مصطلحات الإعلام
.سمع د طحدتص,,معجم مصطلحات الإعلام
ةمجملا بَلاق,,معجم مصطلحات الإعلام
magazine format,,معجم مصطلحات الإعلام
طررررررررررررريىا ا لملا رررررررررررررندا ضرررررررررررررعن لي ررررررررررررر ت ىنفلا مسقلا,,معجم مصطلحات الإعلام
make-up section,,معجم مصطلحات الإعلام
مررر تت طررر جم ةل رررص سررر طررري يعفي تدا,,معجم مصطلحات الإعلام
تتحفرررررررص ليمرررررررصتن صترررررررخمدا لررررررر دا,,معجم مصطلحات الإعلام
طريحتتت ا ته م تتى مدا م ا ى,,معجم مصطلحات الإعلام
ل,,معجم مصطلحات الإعلام
.ط جمدا ة يلجدا,,معجم مصطلحات الإعلام
. ي حتدا ي عتدا ط نت مدا لنخدا,,معجم مصطلحات الإعلام
ريرحت ريدم,,معجم مصطلحات الإعلام
ةبذاج ةيصخش,,معجم مصطلحات الإعلام
managing editor,,معجم مصطلحات الإعلام
magnate,,معجم مصطلحات الإعلام
تيق لا ر إ للامى سد تي طفيحص س س م,,معجم مصطلحات الإعلام
53,,معجم مصطلحات الإعلام
ةرهاقلاب ةيبرعلا ةغللا عمجم,,معجم مصطلحات الإعلام
.لت ما م ى س ى طرررم خ طع ررر ي ررر تد سررصخ دا,,معجم مصطلحات الإعلام
.ة حم طي مع ةلت سلاخ ةلك,,معجم مصطلحات الإعلام
ةطوطخم,,معجم مصطلحات الإعلام
manuscript,,معجم مصطلحات الإعلام
ىريىامج كومس,,معجم مصطلحات الإعلام
ا ررحإ سرر ى رريدا طررخن طررن تكم ة تررم,,معجم مصطلحات الإعلام
mass behavior,,معجم مصطلحات الإعلام
. عن نط ُ ت تمند مجدا تا ستصتا طين غما هي ى مِج ُْ ت م,,معجم مصطلحات الإعلام
ستررررصت ا س ترررر ل رررر ت ترررره ين لررر تنم,,معجم مصطلحات الإعلام
قوسلا ثوحب,,معجم مصطلحات الإعلام
.ستجمدا ا ه س لهم ل ن,,معجم مصطلحات الإعلام
market research,,معجم مصطلحات الإعلام
تترررررررعينمدا تلا ا إ ترررررررهيلجت تتررررررر لا,,معجم مصطلحات الإعلام
طرررررررريجتت ا تترررررررر مدا ي رررررررر تدا ةيريىامج ةباقر,,معجم مصطلحات الإعلام
mass control,,معجم مصطلحات الإعلام
ررررررررهن طررررررررصصختم ث ررررررررحن تتكلرررررررر,,معجم مصطلحات الإعلام
سترمى طن لا م س ليهتمجدا س مت طط,,معجم مصطلحات الإعلام
ُ,,معجم مصطلحات الإعلام
طرررررر يعم طع رررررر ل ررررررهمج سرررررر ى لررررررعتدا,,معجم مصطلحات الإعلام
.طم كحدا,,معجم مصطلحات الإعلام
ليغ هكلاهت ا طتم تيق لا هج لت ت ا,,معجم مصطلحات الإعلام
.كد,,معجم مصطلحات الإعلام
ةيريىامج ةفاقث,,معجم مصطلحات الإعلام
mass culture,,معجم مصطلحات الإعلام
قيوست,,معجم مصطلحات الإعلام
marketing رررمتجمدا سررر تررريق ت ت رررم ت سرررتدا طررر ت دا,,معجم مصطلحات الإعلام
رررهن طررر يعم تتم رررخ ررر د لي لرررت س ترغما تره م للاى ا س ت تهعي ت,,معجم مصطلحات الإعلام
.تهكلاهت ا سدإ ل همجدا .طينع دا تتص لدا,,معجم مصطلحات الإعلام
ةيقيو ست ةممح ىريىامج عمتجم,,معجم مصطلحات الإعلام
marketing campaign mass society,,معجم مصطلحات الإعلام
اليهترررررمجدا سترررررصت ا س تررررر ررررريظ ت تتررررررررررر مدا هررررررررررري سرررررررررررمتعتت رررررررررررمتجم,,معجم مصطلحات الإعلام
04,,معجم مصطلحات الإعلام
ملاعلإا تاحلطصم مجعم,,معجم مصطلحات الإعلام
طرر تك هفررص ن ل ررهمجدا ررم طرريىتمتج ا صتررررصتما سرررر ى ىترررر ت ةل ررررصن ررررم,,معجم مصطلحات الإعلام
تتمررررررررررر ن تررررررررررره لا عررررررررررريمتي طكررررررررررر تمتم . حصدا ل س م دا,,معجم مصطلحات الإعلام
.طكلت م ص تصخ,,معجم مصطلحات الإعلام
ملاعلإا لئاسو جامدنا,,معجم مصطلحات الإعلام
ىسيئر ديشم,,معجم مصطلحات الإعلام
media convergence,,معجم مصطلحات الإعلام
master scene,,معجم مصطلحات الإعلام
طررررررريملاىإ ط يررررررر رررررررم لررررررر ك جتم ررررررر ا,,معجم مصطلحات الإعلام
هرري رر ت ل يررفدا هترر م ررم لررهم هرر م,,معجم مصطلحات الإعلام
ررررررررررمجت تررررررررررم م ة ررررررررررحا ط يرررررررررر سرررررررررر,,معجم مصطلحات الإعلام
ررررررررر مدا ضلرررررررررع ي ثا رررررررررحما لررررررررره,,معجم مصطلحات الإعلام
ُ,,معجم مصطلحات الإعلام
يرررن تهرررص تصخ سررر فن اا تررر لت ا,,معجم مصطلحات الإعلام
سملا رررردا ترررر ندا تيرررر سرررر سرررر ي لدا,,معجم مصطلحات الإعلام
طرررررريىا ا طيفحررررررصدا للاررررررى ا س ترررررر,,معجم مصطلحات الإعلام
لي رررررصتدا سررررر طرررررىلا ن رررررى ررررر كي,,معجم مصطلحات الإعلام
.طي يعفي تدا,,معجم مصطلحات الإعلام
. سي متدا جلا خ ا,,معجم مصطلحات الإعلام
ةيسيئر ةطقل ملاعلإا تايداصتقا,,معجم مصطلحات الإعلام
master shot media economics,,معجم مصطلحات الإعلام
لدتررررعم رررر كت طيحيرررر ت طررررمتى طررررط د لي ررت سررتدا طرريفيكدا طرري ي متدا ل ترصمدا,,معجم مصطلحات الإعلام
صتخ ما ين ط لاعدا ل ت ه مدا جتررررت ا تترررري مى للاررررى ا س ترررر تررررهن,,معجم مصطلحات الإعلام
تتررررررط دا سرررررر لررررررهظت سررررررتدا تيرررررر ما تتررجتيتح ا نرر ي تررمن رريع تدا لرر دا,,معجم مصطلحات الإعلام
. طي يصفتدا .ل همج د طى تمدا طي عفدا,,معجم مصطلحات الإعلام
ئفاط ملاعلإا لئاسو لوعفم,,معجم مصطلحات الإعلام
media effects,,معجم مصطلحات الإعلام
matting,,معجم مصطلحات الإعلام
س ترررر ته ررررحت سررررتدا تلا ي عررررتدا ا ررررح,,معجم مصطلحات الإعلام
لررريغ لارررطدا ل ررردا رررم ع ررر د طفرررص,,معجم مصطلحات الإعلام
ي ركت سر سخ رتت سر تمدا س للاى ا,,معجم مصطلحات الإعلام
55,,معجم مصطلحات الإعلام
ةرهاقلاب ةيبرعلا ةغللا عمجم,,معجم مصطلحات الإعلام
.هك هيج ت هتتهتجتا,,معجم مصطلحات الإعلام
لسِرم,,معجم مصطلحات الإعلام
ُ,,معجم مصطلحات الإعلام
messenger,,معجم مصطلحات الإعلام
ملاعلإا لئاسو ريثأت,,معجم مصطلحات الإعلام
media impact للارررر لم يلخاتررررن ستررررصت تن ل رررر ي ررررم,,معجم مصطلحات الإعلام
لررفدا سر ى للارى ا س تر هر حت لي عرت .ط يعم ع مل س س تعمدا لتك ما,,معجم مصطلحات الإعلام
ر طر ت دا متجمدا طىتمجدا,,معجم مصطلحات الإعلام
لترررررررررررررعمدا سررررررررررررر ى لي عرررررررررررررتدا ررررررررررررر ي,,معجم مصطلحات الإعلام
ىراعتسا ناونع,,معجم مصطلحات الإعلام
رررركمي ترررمك ك ررر دا تترررهتجت ا metaphorical headline,,معجم مصطلحات الإعلام
ط تمدا ليص دا ا مدا س ى ث حي سرر ل خترر ت سررغلان نتررط تا ي ترر ى,,معجم مصطلحات الإعلام
طدت لدتن لي عتدا طنتلي يعندا ل سررردإ ا رررتد طيفحرررصدا تتررر لاى ا,,معجم مصطلحات الإعلام
سرررررررك سترررررررصت تن ل تررررررر دا ط يررررررر دا ي ترر عدا ررم ل رن ل َ ترر م د ة ترر م سترع,,معجم مصطلحات الإعلام
.كد . طي ي ح طهد س ى متعت ستدا,,معجم مصطلحات الإعلام
ملاعلإا لئاسو ةمادتسا رشّ ؤم,,معجم مصطلحات الإعلام
ىراعتسا عانقإ,,معجم مصطلحات الإعلام
media sustainability index,,معجم مصطلحات الإعلام
(MSI) metaphorical persuasion,,معجم مصطلحات الإعلام
طررررررجل سيررررر ت لييتررررررعمدا رررررم طرررررى مجم طررم ت دا طررغلاندا بيدترر سرر ى تررمتى ا,,معجم مصطلحات الإعلام
ررررررمتجم سرررررر للاررررررى ا س ترررررر ل ررررررطت,,معجم مصطلحات الإعلام
عترررررر إ سرررررر ةلتعترررررر ا لا خترررررر ا سرررررر ى,,معجم مصطلحات الإعلام
ل رم لينعتدا طيلح ا ت م ته م يعم,,معجم مصطلحات الإعلام
سلارخ رم ط يعم طع ةلكفن س تمدا,,معجم مصطلحات الإعلام
رح طرف تخمدا طيىتمتج ا ا دا لا ما,,معجم مصطلحات الإعلام
. طي لاىإ طيملاىإ ة تم,,معجم مصطلحات الإعلام
طرررررريىا ا تتررررررطحمدا حررررررصدا كررررر مت,,معجم مصطلحات الإعلام
.كد ليغ طي يعفي تدا ةرغصم ةخسن,,معجم مصطلحات الإعلام
ةلاسر microcopy,,معجم مصطلحات الإعلام
message,,معجم مصطلحات الإعلام
تهلي رررررصت لتررررري ع رررررنطم رررررم تلا هرررررصم,,معجم مصطلحات الإعلام
سرررر رررر سرررر عم ةلررررك طررررم عم,,معجم مصطلحات الإعلام
ُ,,معجم مصطلحات الإعلام
سِن تر م س ِلم ين تهي ى فتم ع مل طر يعم للار سر ى ظفحتد طصتخ ةعهجعن,,معجم مصطلحات الإعلام
ُ ُ ُ,,معجم مصطلحات الإعلام
.ةلت إ طهد ع ملدا ه كت,,معجم مصطلحات الإعلام
.)ل ي لكيم(,,معجم مصطلحات الإعلام
06,,معجم مصطلحات الإعلام
ملاعلإا تاحلطصم مجعم,,معجم مصطلحات الإعلام
ةيركسع ةفاحص,,معجم مصطلحات الإعلام
ئطاخ سابتقا,,معجم مصطلحات الإعلام
military journalism,,معجم مصطلحات الإعلام
misquote,,معجم مصطلحات الإعلام
رررررررررر دا سرررررررررر طررررررررررصصختم حررررررررررص,,معجم مصطلحات الإعلام
طررن تكمدا ة تررمدا ررمج ترر ث ررح عررطخ,,معجم مصطلحات الإعلام
.تهن يمتهمدا سدإ ة تى هجن ت طيلك عدا,,معجم مصطلحات الإعلام
ُ,,معجم مصطلحات الإعلام
سررررررر هرررررررن رررررررص ي ررررررر لحرررررررصي لرررررررد,,معجم مصطلحات الإعلام
رايتخا ةءاسإ سررر ى ت ترررج طرررن طم لررريغ تتحيلرررصت,,معجم مصطلحات الإعلام
miscast .تم لٍ صم ت د,,معجم مصطلحات الإعلام
.هن ت ي لا س ممدا تطىإ,,معجم مصطلحات الإعلام
ل,,معجم مصطلحات الإعلام
ئطاخ مويفم ئطاخ ريرقت,,معجم مصطلحات الإعلام
misconception misreport,,معجم مصطلحات الإعلام
تهنتعيترررررر ا تيررررر ما لي ررررر ت ررررر,,معجم مصطلحات الإعلام
لررررررريغ ةل رررررررصن طرررررررع ا لرررررررنخ طررررررريا ل,,معجم مصطلحات الإعلام
تيترررر س ررررح طرررر طتخ تتررررهتجتا ي رررركت,,معجم مصطلحات الإعلام
.طحيحص,,معجم مصطلحات الإعلام
.لتك,,معجم مصطلحات الإعلام
بذاك نايب,,معجم مصطلحات الإعلام
misstatement,,معجم مصطلحات الإعلام
ىملاعإ ليمضت,,معجم مصطلحات الإعلام
طررررررررررن تكم تترررررررررر ي عت تتحيلررررررررررصت,,معجم مصطلحات الإعلام
misinformation,,معجم مصطلحات الإعلام
.ط تص ليغ ته ل تي طىا م,,معجم مصطلحات الإعلام
هررررررري متدا رررررررييعتدا بيدتررررررر لا ختررررررر ا,,معجم مصطلحات الإعلام
تتررررررم كح ررررر تررررررهليغ سرررررملاى ا,,معجم مصطلحات الإعلام
جزم,,معجم مصطلحات الإعلام
mixing,,معجم مصطلحات الإعلام
تا ررررررررر تعم تتررررررررر تي صتخررررررررر,,معجم مصطلحات الإعلام
ررررريمجت ترررررهدلاخ رررررم لتررررري طررررري طررررر يلط,,معجم مصطلحات الإعلام
.ط يعم,,معجم مصطلحات الإعلام
رررررريعفي تدا سرررررر الررررررخ ررررررم ةل ررررررص,,معجم مصطلحات الإعلام
57,,معجم مصطلحات الإعلام
ةرهاقلاب ةيبرعلا ةغللا عمجم,,معجم مصطلحات الإعلام
سرر ى طررف تخم طيت ررص تلايجرر ت رريمجت سرررر ة ترررريع رررري حت تررررهنج من لترررري طرررري مى,,معجم مصطلحات الإعلام
. حا طيل تا الررخ طررج م ستررخ إن طررج مدا طعرر,,معجم مصطلحات الإعلام
سرررررررىا ا ستررررررر ل ا سررررررر سررررررر ى لرررررررت,,معجم مصطلحات الإعلام
ةكرحتم ةدحو,,معجم مصطلحات الإعلام
.س يعفي تدا,,معجم مصطلحات الإعلام
mobile unit,,معجم مصطلحات الإعلام
ل ختررر ي س رررمحم ليهرررص ستررر لإ عترررهج,,معجم مصطلحات الإعلام
ُ,,معجم مصطلحات الإعلام
ث ررحدا رر م ررم ةلرر تنم لملا ررندا سرر د )باقر مِ( ةبقرام زايج,,معجم مصطلحات الإعلام
monitor,,معجم مصطلحات الإعلام
.ست ل ا ططحم سدإ,,معجم مصطلحات الإعلام
ع ررررررر رررررررم س ررررررريعفي ت ستن تررررررر ا عترررررررهج,,معجم مصطلحات الإعلام
لرررغ سررر هررر م ا رررى ررر ت صترررخ,,معجم مصطلحات الإعلام
ةرخاس ةمدقم,,معجم مصطلحات الإعلام
mocking lead طرطحمدا رم الرخ كترم سر طن لا مدا,,معجم مصطلحات الإعلام
ررررررى للا ررررررم ي ترررررر متك طرررررري يعفي تدا,,معجم مصطلحات الإعلام
لكهتررت ةلخترر ةلرر فن ررنت طيفحررص طررم م,,معجم مصطلحات الإعلام
ترررم جلرررخمدا بررر لا ي ةعرررهجما ررره ررريلط,,معجم مصطلحات الإعلام
ُ,,معجم مصطلحات الإعلام
بررررر ا ج علرررررنت يرررررعم ررررر سررررر ى,,معجم مصطلحات الإعلام
.لي صتدا ت هط ت ت,,معجم مصطلحات الإعلام
.هي ط لتفمدا ض ت تدا,,معجم مصطلحات الإعلام
)فيلوت( جاتنوم,,معجم مصطلحات الإعلام
جذامنلا عناص,,معجم مصطلحات الإعلام
montage,,معجم مصطلحات الإعلام
model maker,,معجم مصطلحات الإعلام
سرررررررررر فدا رررررررررريف تدا :طررررررررررىتنطدا سرررررررررر -,,معجم مصطلحات الإعلام
ج تررررررم دا سررررررمى سرررررر صررررررصختم ترررررر,,معجم مصطلحات الإعلام
رح ا ردا ح دا س ى تتحفص د,,معجم مصطلحات الإعلام
طرنلجت د تر تك ا ر طرف تخمدا ةلهرصمدا,,معجم مصطلحات الإعلام
.س فدا ليلحتدا ليتلك,,معجم مصطلحات الإعلام
لتررررررهي ا ررررررم تهلي ررررررصتد ل طرررررر لا د ل,,معجم مصطلحات الإعلام
طرري معدا :تم يرر دا رريعفي تدا سرر -ب,,معجم مصطلحات الإعلام
.طي ي ح ته عن,,معجم مصطلحات الإعلام
.تهنيتلت تتط دا بيكلتد طي فدا,,معجم مصطلحات الإعلام
ليدعت,,معجم مصطلحات الإعلام
modulation,,معجم مصطلحات الإعلام
08,,معجم مصطلحات الإعلام
ملاعلإا تاحلطصم مجعم,,معجم مصطلحات الإعلام
زفح فذق,,معجم مصطلحات الإعلام
motivation muck,,معجم مصطلحات الإعلام
رررررح هرررررهيج ت لا ررررر ما ك ررررر ةلت تررررر ا سررردإ سترررع طٍنررر :للارررى ا س تررر سررر,,معجم مصطلحات الإعلام
طرف تخمدا س تر دا لا ختر تن ط يعم طيتغ,,معجم مصطلحات الإعلام
طرن تعم تنج ت تحص د صخ,,معجم مصطلحات الإعلام
. يعم تجتا ح لا ما ك ةلت,,معجم مصطلحات الإعلام
هررريدإ بررر ي عرررك .تررر ت صخررر دا ا ررره,,معجم مصطلحات الإعلام
ل,,معجم مصطلحات الإعلام
.كد ليغ سلاتخ ا ط ل دا,,معجم مصطلحات الإعلام
عفاد,,معجم مصطلحات الإعلام
motive,,معجم مصطلحات الإعلام
ناوللأا ددعتم,,معجم مصطلحات الإعلام
الررررررررررط سرررررررررركلح سدتررررررررررعف ا سررررررررررمتى multicolor,,معجم مصطلحات الإعلام
لررري ي ال عررر ال عررر بررر تكم,,معجم مصطلحات الإعلام
طرردا ا رردما ررعتم ع ررنطمد ررص,,معجم مصطلحات الإعلام
.عتج ا ا د لا ما طت,,معجم مصطلحات الإعلام
. د م ل ك ن,,معجم مصطلحات الإعلام
َ,,معجم مصطلحات الإعلام
طْ,,معجم مصطلحات الإعلام
َ,,معجم مصطلحات الإعلام
ت نط,,معجم مصطلحات الإعلام
ةددعتم طئاسو,,معجم مصطلحات الإعلام
ةكرحتم ةطقل,,معجم مصطلحات الإعلام
multimedia,,معجم مصطلحات الإعلام
moving shot,,معجم مصطلحات الإعلام
يررررررن ررررررمجت ة رررررري ج طرررررريملاىإ ط ترررررر,,معجم مصطلحات الإعلام
طررركلح ررريلط رررى كلرررحتم ررره رررنُّتت,,معجم مصطلحات الإعلام
ررررررررر دا ةل رررررررررصدا ت رررررررررصدا ص ررررررررردا,,معجم مصطلحات الإعلام
سرررررررخا لا يمتررررررركدا ترررررررننَ,,معجم مصطلحات الإعلام
ُ,,معجم مصطلحات الإعلام
ت عرررررررك لا يمتررررررركدا,,معجم مصطلحات الإعلام
ترررررره عج تررررررمم . ررررررحا سرررررر طرررررركلحدا,,معجم مصطلحات الإعلام
سرر ةلكدترن كلرحتي بررى ةل رص لترط ا,,معجم مصطلحات الإعلام
طيفحرررصدا للارررى ا س تررر رررى ررر تخت,,معجم مصطلحات الإعلام
.ل دا ةلكد ةلا تنم,,معجم مصطلحات الإعلام
.طي يعفي تدا طيىا ا,,معجم مصطلحات الإعلام
59,,معجم مصطلحات الإعلام
ةرهاقلاب ةيبرعلا ةغللا عمجم,,معجم مصطلحات الإعلام
اقيسوملا ةبتكم,,معجم مصطلحات الإعلام
music library,,معجم مصطلحات الإعلام
طرررىا ا تترررطحم سررر صرررصخم تررركم,,معجم مصطلحات الإعلام
طي يررررررررررر مدا تلايجررررررررررر ت د ررررررررررريعفي تدا,,معجم مصطلحات الإعلام
سررررتح تررررهني نت تهفي ررررصت لترررري طررررف تخمدا,,معجم مصطلحات الإعلام
.تهن ط تعت ا سه ت,,معجم مصطلحات الإعلام
61,,معجم مصطلحات الإعلام
ملاعلإا تاحلطصم مجعم,,معجم مصطلحات الإعلام
ىورالا,,معجم مصطلحات الإعلام
narrator,,معجم مصطلحات الإعلام
N تيق يررررررصفت تلفررررررص تح,,معجم مصطلحات الإعلام
ل,,معجم مصطلحات الإعلام
لرررررر ل رررررر ي ررررررم,,معجم مصطلحات الإعلام
سجررررررر ي رررررررم تررررررر ي ررررررره ع ررررررر مد,,معجم مصطلحات الإعلام
ُ ل,,معجم مصطلحات الإعلام
درسلا جذومن ة تررررررررم د بحتررررررررصمدا رررررررري عتدا هت ررررررررصن,,معجم مصطلحات الإعلام
narrative- paradigm,,معجم مصطلحات الإعلام
.ةل صمدا,,معجم مصطلحات الإعلام
صررررررررررص ةا ل لرررررررررر ندا الررررررررررت طرررررررررريلظ,,معجم مصطلحات الإعلام
ُ,,معجم مصطلحات الإعلام
سرررر حتررررندا ترررره م يفترررر ي لهتررررعينطن ىموق ىعو,,معجم مصطلحات الإعلام
national consciousness,,معجم مصطلحات الإعلام
ترررر ن طرررريفيك لرررره سرررر ستررررصت ا ستررررجم,,معجم مصطلحات الإعلام
سررما عدا هر ط لدترصم ل رهمجدا كلا إ,,معجم مصطلحات الإعلام
.طي تكح س س ى سملاى ا ص دا,,معجم مصطلحات الإعلام
. تهي ل ت ستدا,,معجم مصطلحات الإعلام
ىئاكح ناونع,,معجم مصطلحات الإعلام
ةيموق ةيملاعإ لئاسو,,معجم مصطلحات الإعلام
narrative title,,معجم مصطلحات الإعلام
national media,,معجم مصطلحات الإعلام
مرررررررر تي سفحررررررررص ع رررررررر مد ا رررررررر ى,,معجم مصطلحات الإعلام
سرررررر ى تررررررعمتجم سررررررطهت للاررررررىإ س ترررررر,,معجم مصطلحات الإعلام
ل,,معجم مصطلحات الإعلام
ع ر مدا ا تحم ى كت تتم عم,,معجم مصطلحات الإعلام
سرررررررر طنتلرررررررت ررررررر .سم ررررررر دا ا تررررررر مدا,,معجم مصطلحات الإعلام
.تهد ضلعتي ستدا طص دا .طيم دا ا همتن طيملاى ا تهت تي,,معجم مصطلحات الإعلام
11,,معجم مصطلحات الإعلام
ةرهاقلاب ةيبرعلا ةغللا عمجم,,معجم مصطلحات الإعلام
برُقلا ةيرابخإ ةيطغت,,معجم مصطلحات الإعلام
ْ,,معجم مصطلحات الإعلام
nearness news coverage,,معجم مصطلحات الإعلام
تررر ل يعم تل رررح عررري ّ م َُ ت سرررتدا لرررصت عدا رررح سررررررررر ى سفحرررررررررصدا ب ررررررررر مدا س رررررررررصح,,معجم مصطلحات الإعلام
ترلطنتلم ث رحدا كي عن لا نخ ه عجت ث رررحن طرررصتخدا سيرررصتفتدا تترررم عمدا,,معجم مصطلحات الإعلام
ل,,معجم مصطلحات الإعلام
سررررررتدا طرررررر ي مدا ليرررررر ا طرررررر ط مدتن .ث حدا م م طع ا,,معجم مصطلحات الإعلام
. ئلت دا تهي شيعي,,معجم مصطلحات الإعلام
ربخلا رصانع,,معجم مصطلحات الإعلام
news elements,,معجم مصطلحات الإعلام
ةديدج ملاعإ لئاسو,,معجم مصطلحات الإعلام
new media برجي ستدا ص تصخدا م طى مجم,,معجم مصطلحات الإعلام
هر يلط رجي سرك يرعم ث رح سر ل ا تت,,معجم مصطلحات الإعلام
لرررررنى طرررررف تخمدا تترررررم عمدا سررررر تا,,معجم مصطلحات الإعلام
ة ررريلجدا تتحفرررص سررر ى لررر دا سررردإ,,معجم مصطلحات الإعلام
حررصدا سرر م سررم لدا ستررصت ا ستكرر,,معجم مصطلحات الإعلام
طمتخرر دا طرريمهما ترره ين ررم طرر جمدا,,معجم مصطلحات الإعلام
سرررررر ى طرررررريلتنخ ا رررررر ا مدا طرررررري لتكد ا,,معجم مصطلحات الإعلام
لرريغ طررنلا هدا ةلهرر دا بلرر دا,,معجم مصطلحات الإعلام
.ت لت ا طكن,,معجم مصطلحات الإعلام
.كد,,معجم مصطلحات الإعلام
ةدَّجِ لا,,معجم مصطلحات الإعلام
ةيرابخإ رطأ,,معجم مصطلحات الإعلام
ٌ,,معجم مصطلحات الإعلام
newness,,معجم مصطلحات الإعلام
news frameworks,,معجم مصطلحات الإعلام
سدتررح رري ج ث ررح ررى لررنخدا لررينعت,,معجم مصطلحات الإعلام
ّ رى ر كت لترنخما ترهي ر ت بدا,,معجم مصطلحات الإعلام
لررص ى رره لرر دتن لا ل ي ررج رركي سررتح تتررم عمد للررحمدا ب رر مدا لترريتخا,,معجم مصطلحات الإعلام
.لنخدا لصت ى له م .همي ت ب س الخ,,معجم مصطلحات الإعلام
62,,معجم مصطلحات الإعلام
ملاعلإا تاحلطصم مجعم,,معجم مصطلحات الإعلام
رابخلأا ةحفص,,معجم مصطلحات الإعلام
رابخلأا ءاقتنا,,معجم مصطلحات الإعلام
news page,,معجم مصطلحات الإعلام
news selection,,معجم مصطلحات الإعلام
طررر لترررنخما لررر د طرررصصخم طحفرررص,,معجم مصطلحات الإعلام
صرصخت ر طر جمدا طفيحرصدا س لتنخما م ل ي تم ل ي تم ي حت,,معجم مصطلحات الإعلام
لترررنخما سررر م لترررنخما رررم يرررعم ع ررر د,,معجم مصطلحات الإعلام
طرريملاى ا ط يرر دا تررهي ى سررصحت سررتدا,,معجم مصطلحات الإعلام
طي تررصت ا طرريجلتخدا طرري حمدا,,معجم مصطلحات الإعلام
.تهت تي لكحت ستدا س د تل نط,,معجم مصطلحات الإعلام
.تهليغ,,معجم مصطلحات الإعلام
ىرابخإ جمانرب,,معجم مصطلحات الإعلام
news program ءابنلأا زجوم,,معجم مصطلحات الإعلام
لي ت سد تي س يعفي ت سىا إ لمت لن news summary,,معجم مصطلحات الإعلام
ررررم تررررهي ى رررري عتدا ترررره ي حت لتررررنخما سررررر لترررررنخما لي ررررر ت بررررردا رررررم برررررَدت,,معجم مصطلحات الإعلام
طررررررريلا حدا لملا رررررررندا تلا ررررررر دا سلاررررررخ,,معجم مصطلحات الإعلام
ي ت ى لي تن س عي يعفي تدا ي لا دا,,معجم مصطلحات الإعلام
ُ,,معجم مصطلحات الإعلام
.كد ليغ,,معجم مصطلحات الإعلام
ط نتررر تلا ررر سررر ت ل سرررتدا لترررنخما,,معجم مصطلحات الإعلام
ىربخ ريرقت ة رري جدا لتررنخما ي ترر ى سرردإ ط ترر تن,,معجم مصطلحات الإعلام
news report,,معجم مصطلحات الإعلام
.ط ح تلا س تيق يصفت عا ت ستدا,,معجم مصطلحات الإعلام
رررررم ررررر لا مدا ن ررررر مدا هرررررنتكي ترررررم,,معجم مصطلحات الإعلام
سرررمتك سكررر ن رررصت لترررنخ د سيرررصتفت,,معجم مصطلحات الإعلام
لا سررررررردإ ط تررررررر تن ث رررررررحدا بررررررر ا ج ةيربخ ميق,,معجم مصطلحات الإعلام
.لهلظ تتهج هي يكلت مدا ضعن news values,,معجم مصطلحات الإعلام
بنرر ن لرر د ترر,,معجم مصطلحات الإعلام
ل,,معجم مصطلحات الإعلام
يعم تل ررح سرره ت سررما ى,,معجم مصطلحات الإعلام
رابخلأا مسق,,معجم مصطلحات الإعلام
news section س تم علا صدا ةله دا طيمهما,,معجم مصطلحات الإعلام
سررررررررررر ى س رررررررررررصحدتن طرررررررررررصتخمدا ةلا ا .ط لا ط ةلت إ م ث حدا,,معجم مصطلحات الإعلام
سرررخا طرررف تخمدا تهل ترررصم رررم لترررنخما,,معجم مصطلحات الإعلام
.ل د ته ا ىا طيملاى ا ط ي دا,,معجم مصطلحات الإعلام
O,,معجم مصطلحات الإعلام
13,,معجم مصطلحات الإعلام
ةرهاقلاب ةيبرعلا ةغللا عمجم,,معجم مصطلحات الإعلام
سكرررر ن لتررررت ترررر تك سررررتدا لتررررهمدا ضعنرررن,,معجم مصطلحات الإعلام
ةيعوضوم ةيطغت,,معجم مصطلحات الإعلام
طرنتتكدا لملا ن س ى تمتى ا س م ا ي,,معجم مصطلحات الإعلام
objective coverage,,معجم مصطلحات الإعلام
تتررررم عمدا رررريمج ضلررررى سرررر عا ررررتدا تتحفررررررص لرررررريلحت سرررررر لرررررر دا لملا ررررررن,,معجم مصطلحات الإعلام
رررررم ث رررررحن طررررر عتمدا لرررررظ دا تتررررهج .تهميمصت ط جمدا ة يلجدا,,معجم مصطلحات الإعلام
للاررى ا س ترر تررهجدتعت سررتدا ثا ررحما,,معجم مصطلحات الإعلام
.ط يعم لظ طهج سدإ عتيح ا,,معجم مصطلحات الإعلام
ةيمسر تامومعم,,معجم مصطلحات الإعلام
official information,,معجم مصطلحات الإعلام
رررم ترررهي ى س رررصحدا لتررري طررريلتنخإ ة ترررم,,معجم مصطلحات الإعلام
ةيعوضوم,,معجم مصطلحات الإعلام
objectivity .س م سم ل ل صم,,معجم مصطلحات الإعلام
ترررررررررهيللحم لترررررررررنخما سن ررررررررر م لعا رررررررررتدا,,معجم مصطلحات الإعلام
ررررحدتن سخ ررررت ثا ررررحما ضلررررعن,,معجم مصطلحات الإعلام
)نيلا نُأ( طخلا ىمع ةفاحص,,معجم مصطلحات الإعلام
.ة تيعدتن ْ,,معجم مصطلحات الإعلام
online journalism,,معجم مصطلحات الإعلام
ررر ا م رررح سررر ى ترررهت تم ل ررر ت حرررص,,معجم مصطلحات الإعلام
رشنمل سيل عرريمتت تررهعيع ت تهلرر لترريد ترر لت ا,,معجم مصطلحات الإعلام
off the record,,معجم مصطلحات الإعلام
سكرررررر ن تررررررهت تم ثي ررررررحت سرررررر ى ةل رررررر دتن,,معجم مصطلحات الإعلام
سفحرررص سررردإ س ررر م هرررن سد ررري ليلرررصت,,معجم مصطلحات الإعلام
طفيحررررررررررصدا سرررررررررركعن ال رررررررررر لمترررررررررر م,,معجم مصطلحات الإعلام
سفحررصدا سرر ى لرر ل ررى هرر م برر طي,,معجم مصطلحات الإعلام
. طى نطمدا,,معجم مصطلحات الإعلام
.كد ن لعت ي,,معجم مصطلحات الإعلام
ةحوتفم ةعماج,,معجم مصطلحات الإعلام
ةيبتكم ةَتمْتَأ,,معجم مصطلحات الإعلام
office automation open university,,معجم مصطلحات الإعلام
لتي دا س سداا ب تحدا لملا ن لا خت ا سعمترررجدا ليررر عتدا ليررتت طررريمي عت طرر م,,معجم مصطلحات الإعلام
64,,معجم مصطلحات الإعلام
ملاعلإا تاحلطصم مجعم,,معجم مصطلحات الإعلام
ترررررره م طرررررر ي ح طرررررري ت س ترررررر لا خترررررر تن .ل همج د تل لعم لنص هيدإ,,معجم مصطلحات الإعلام
طرررررررررررجم مدا تت ا طررررررررررر ما ررررررررررريعفي تدا,,معجم مصطلحات الإعلام
ُْ,,معجم مصطلحات الإعلام
.ت لت ا طكن ي يفدا ط لا,,معجم مصطلحات الإعلام
عيزوت ذَفنْم,,معجم مصطلحات الإعلام
َ,,معجم مصطلحات الإعلام
outlet,,معجم مصطلحات الإعلام
ىرألا تاعلاطتسا,,معجم مصطلحات الإعلام
opinion polls ل خت ت ستدا طف تخمدا ا مدا كت كما,,معجم مصطلحات الإعلام
رى تتم عم تت تين س ى س صحدا .ل همجدا سدإ حصدا يند,,معجم مصطلحات الإعلام
ط رر سلاررخ ررم لرره لا سترر دا رر ا م,,معجم مصطلحات الإعلام
ا رررهد لرررمن َ,,معجم مصطلحات الإعلام
َ,,معجم مصطلحات الإعلام
ص,,معجم مصطلحات الإعلام
َ ُ,,معجم مصطلحات الإعلام
ت ط تنتررر ا سررر لهيررردإ هرررج ت,,معجم مصطلحات الإعلام
عجَترم,,معجم مصطلحات الإعلام
ُ,,معجم مصطلحات الإعلام
لا,,معجم مصطلحات الإعلام
.صتخ سك ن ضلهدا,,معجم مصطلحات الإعلام
over issues,,معجم مصطلحات الإعلام
بررررررتكدا ررررررم طررررررعينمدا لرررررريغ ةرررررر دا,,معجم مصطلحات الإعلام
َ,,معجم مصطلحات الإعلام
ةيبزح ةفيحص,,معجم مصطلحات الإعلام
رررريع تدا لرررر سرررردإ تررررعت حررررصدا,,معجم مصطلحات الإعلام
organ newspaper,,معجم مصطلحات الإعلام
.ل ت دا,,معجم مصطلحات الإعلام
ررررررح ترررررر ن ررررررط ت طرررررر جم ة رررررريلج,,معجم مصطلحات الإعلام
.طي تي دا تتىتمجدا بعا حما,,معجم مصطلحات الإعلام
ميدق ربخ,,معجم مصطلحات الإعلام
outdated news,,معجم مصطلحات الإعلام
P,,معجم مصطلحات الإعلام
ط يررر سرر لرر د تحدتررص ررعي لررد لررنخ,,معجم مصطلحات الإعلام
ل,,معجم مصطلحات الإعلام
ت نر الرخ ط ي م ط يعم طيملاىإ,,معجم مصطلحات الإعلام
15,,معجم مصطلحات الإعلام
ةرهاقلاب ةيبرعلا ةغللا عمجم,,معجم مصطلحات الإعلام
راسيلا ىلإ ةيضراعتسا ةطقل,,معجم مصطلحات الإعلام
pan left عوفدملا نويزفيمتلا,,معجم مصطلحات الإعلام
pay television,,معجم مصطلحات الإعلام
طرركلحتمدا لا يمترركدا تررهط ت ت طررمتى ةل ررص,,معجم مصطلحات الإعلام
تا رررررررررررر دا ة هترررررررررررر مد التررررررررررررجت لتررررررررررررظ,,معجم مصطلحات الإعلام
.لت يدا سدإ هررررررررررع ي كلا ترررررررررر ا سررررررررررنت م طرررررررررري يعفي تدا,,معجم مصطلحات الإعلام
. هت مدا,,معجم مصطلحات الإعلام
نيميلا ىلإ ةيضراعتسا ةطقل )ةعاذلإا ىف( عامتسلاا ةورذ تقو,,معجم مصطلحات الإعلام
peak listening time,,معجم مصطلحات الإعلام
pan right,,معجم مصطلحات الإعلام
سررر ى طرررىا ا هررري ررر حت ا ررردا تررر دا,,معجم مصطلحات الإعلام
ُ,,معجم مصطلحات الإعلام
طرركلحتمدا لا يمترركدا تررهط ت ت طررمتى ةل ررص,,معجم مصطلحات الإعلام
.عتمت ا ت عم,,معجم مصطلحات الإعلام
. يميدا سدإ,,معجم مصطلحات الإعلام
ةدىاشملا ةورذ تاعاس,,معجم مصطلحات الإعلام
)نويزفيمتلا ىف(,,معجم مصطلحات الإعلام
ةيضراعتسا ةطقل peak viewing hours,,معجم مصطلحات الإعلام
pan shot,,معجم مصطلحات الإعلام
ترررررهي ررررريعفي تدا ررررر حي سرررررتدا تتررررر ما,,معجم مصطلحات الإعلام
طرركلحتمدا لا يمترركدا تررهط ت ت طررمتى ةل ررص,,معجم مصطلحات الإعلام
.ة هت مدا ت عم س ى,,معجم مصطلحات الإعلام
.طي لى ط يلطن لا ت ي ت يمي,,معجم مصطلحات الإعلام
ل ل,,معجم مصطلحات الإعلام
راعتسم مسا,,معجم مصطلحات الإعلام
ةريصقلا تلااقملا بتاك pen name,,معجم مصطلحات الإعلام
paragrapher,,معجم مصطلحات الإعلام
بررررررتتكدا هررررررن ررررررّ ي سرررررر ي ح لرررررريغ لرررررر ا,,معجم مصطلحات الإعلام
ت تررررر م طرررررنتتك سررررر صرررررصختم برررررتتك,,معجم مصطلحات الإعلام
سرررررمحت ة رررررحا ةلرررر رررررم ررررركتت ةعرررريج ررر ى طررري فدا طرررين ما هررردتمى هرررت ت م,,معجم مصطلحات الإعلام
لكحدا هن ت ل ا ل ت ةلخت طد .تهل,,معجم مصطلحات الإعلام
.تلا عمدا,,معجم مصطلحات الإعلام
66,,معجم مصطلحات الإعلام
ملاعلإا تاحلطصم مجعم,,معجم مصطلحات الإعلام
راشتنلاا لدعم تص ل صخ لي صت د تن ل ت م ه ك كي,,معجم مصطلحات الإعلام
penetration rate . يعفي تدا سعي م ي ممدا م,,معجم مصطلحات الإعلام
طن رر حم طرريملاىإ ط يرر لترر ت ا طررجل,,معجم مصطلحات الإعلام
. تك دا م ط م سكد طن دتن,,معجم مصطلحات الإعلام
)ةفاحصلا ىف( روِّصم,,معجم مصطلحات الإعلام
ُ,,معجم مصطلحات الإعلام
photographer,,معجم مصطلحات الإعلام
ل صدا طت تد ط تحصدتن سمعي ل صم,,معجم مصطلحات الإعلام
تترررررررررر ي حتدا تتيررررررررررصخ دتن طررررررررررصتخدا,,معجم مصطلحات الإعلام
ىصخش لماكت تاجاح,,معجم مصطلحات الإعلام
personal integrative needs .تتى مدا م تهليغ طيفحصدا,,معجم مصطلحات الإعلام
طرعنتتم سردإ س تمدا ت ستدا تتجتحدا,,معجم مصطلحات الإعلام
ىفحص ريوصت ةلاكو,,معجم مصطلحات الإعلام
.تهىتن للاى ا س ت,,معجم مصطلحات الإعلام
photographic agency,,معجم مصطلحات الإعلام
سررررررررر طرررررررررصصختم برررررررررتتكم تتكلررررررررر,,معجم مصطلحات الإعلام
ةيصخش راوح ل ررررصدا ي رررر ت س لا هت ررررفدا لي ررررصتدا,,معجم مصطلحات الإعلام
personality interview,,معجم مصطلحات الإعلام
سررر طكلتررر مدا حرررصدا سررر ى ترررهعيع تن,,معجم مصطلحات الإعلام
طررر لعم طيرررصخ رررم لا رررحدا رررم ع ررر .بغلي مد تهعين تهتتم خ,,معجم مصطلحات الإعلام
تررهتتيح سرر طرر يعم برر ا ج ررى رر ك د )جاتنوموتوف( روصلا بيكرت,,معجم مصطلحات الإعلام
photomontage,,معجم مصطلحات الإعلام
.طصتخدا طي ت ا,,معجم مصطلحات الإعلام
ل ررص طرى مجم رم طررنكّلم ل رص سرمى,,معجم مصطلحات الإعلام
ُ,,معجم مصطلحات الإعلام
عانقإ,,معجم مصطلحات الإعلام
persuasion .ط لفتم,,معجم مصطلحات الإعلام
ةلرررررك ال سرررررنُّ ت سررررر ى لا ررررر ما ثرررررح,,معجم مصطلحات الإعلام
. يعم سمعن لتي دا ط يعم,,معجم مصطلحات الإعلام
اكيب,,معجم مصطلحات الإعلام
pica,,معجم مصطلحات الإعلام
ريوصتمل مئلام سررررر طررررريىتنطدا لرررررحدا ستررررري ة رررررح,,معجم مصطلحات الإعلام
photogenic,,معجم مصطلحات الإعلام
.طص ندا س ا ت ت ا يدا مجدا,,معجم مصطلحات الإعلام
ُ,,معجم مصطلحات الإعلام
ا رررررردا صخرررررر دا سرررررر ى رررررر طي ررررررص,,معجم مصطلحات الإعلام
17,,معجم مصطلحات الإعلام
ةرهاقلاب ةيبرعلا ةغللا عمجم,,معجم مصطلحات الإعلام
ةنصرق,,معجم مصطلحات الإعلام
ةروصم ةمجم piracy,,معجم مصطلحات الإعلام
pictorial magazine,,معجم مصطلحات الإعلام
لهتتررررىلا تخا يلرررخاا تتررررفد م ط لررر,,معجم مصطلحات الإعلام
رررر ل ررررصدا لرررر سرررر ى ررررمتعت طرررر جم,,معجم مصطلحات الإعلام
.لهليغ سدإ تهتن,,معجم مصطلحات الإعلام
ْ,,معجم مصطلحات الإعلام
ةل رصم تهلر ت سرتدا تهتتى ر م كت,,معجم مصطلحات الإعلام
ل ررررصدا لرررر سرررر صررررصختت ا طرررر,,معجم مصطلحات الإعلام
.لي صتدا س طنيلهدا ةل ت دا ىناجم نلاعإ,,معجم مصطلحات الإعلام
plug,,معجم مصطلحات الإعلام
سرررر ضلررررعي عا رررري لرررر ي لاررررىإ,,معجم مصطلحات الإعلام
روصم باتك ُ ُ ُ,,معجم مصطلحات الإعلام
َّ ُ,,معجم مصطلحات الإعلام
picture book,,معجم مصطلحات الإعلام
رررم سرررنت م للارررى ا س تررر ا رررحإ,,معجم مصطلحات الإعلام
ل صدا م طى مجم س ى ا تحي بتتك,,معجم مصطلحات الإعلام
ل ررهمجدا هرريج تد طرر َ عمدا طررهجدا برر تج,,معجم مصطلحات الإعلام
سرررر م طررررن تكمدا ص ررررص دا ررررم سرررري,,معجم مصطلحات الإعلام
سر طكلتر م د هرت ى ترم ك ر سردإ,,معجم مصطلحات الإعلام
.ستفطما بتك,,معجم مصطلحات الإعلام
.طد دا تتن طتم لتطإ س يعم سمى,,معجم مصطلحات الإعلام
ةعطقلاب لمع ماظن,,معجم مصطلحات الإعلام
ةيددعت,,معجم مصطلحات الإعلام
piece- rate system,,معجم مصطلحات الإعلام
pluralism,,معجم مصطلحات الإعلام
رررم سرررمتعتي عتررى رررد م بررتتك للاى ا س ت طيك م ستك س ي تدا,,معجم مصطلحات الإعلام
طرررررررررريىا ا طررررررررررطحمدا طفيحررررررررررصدا طيىتمتج ا طي تي دا ا د ليتي سك ن,,معجم مصطلحات الإعلام
. س ت دا ه ك مت طصل طف تخمدا,,معجم مصطلحات الإعلام
بررررررتلم تررررررهجلتخ ررررررم طرررررري يعفي تدا,,معجم مصطلحات الإعلام
هرم ي تمد للانت م س ت تي تنت اله,,معجم مصطلحات الإعلام
)فرحلا مجح( طنب,,معجم مصطلحات الإعلام
ُ,,معجم مصطلحات الإعلام
. point,,معجم مصطلحات الإعلام
طرررريىتنطدا لررررحدا لرررر ج سترررري ة ررررح,,معجم مصطلحات الإعلام
.تهمتجح ي حت,,معجم مصطلحات الإعلام
68,,معجم مصطلحات الإعلام
ملاعلإا تاحلطصم مجعم,,معجم مصطلحات الإعلام
ررررررم دا يررررررن عا ررررررتدا تررررررجيا طي تكرررررر دا,,معجم مصطلحات الإعلام
ىسايس نلاعإ .طي تصت ا لا مدا لجح س تك دا,,معجم مصطلحات الإعلام
political advertising,,معجم مصطلحات الإعلام
ررم ل رر ي لررجما طررى م طرري تى طدترر ل,,معجم مصطلحات الإعلام
لررررررررخ ررررررررم س ِترررررررر تم لرررررررر نلم تررررررررهدلاخ ةيممق ةروص,,معجم مصطلحات الإعلام
هررررررجمت لن لترررررك ررررررى لاى ترررررن portrait,,معجم مصطلحات الإعلام
ررم هتيررصخ سرر طرر يعم برر ا ج علا ررنإ طي تحرررررررررصدا طررررررررنتتكدا رررررررر ررررررررم رررررررر,,معجم مصطلحات الإعلام
.ط يعم طيملاىإ ط ي سلاخ طرر عتمدا طي ترر ا سيررصتفتدا ضلعترر ي,,معجم مصطلحات الإعلام
ةترررررريحدا سرررررر يررررررعم صخرررررر طرررررر حلن,,معجم مصطلحات الإعلام
ىسايسلا عراشلا رررر طرررر حلدا رررره ررررم طرررر يعم برررر ا ج,,معجم مصطلحات الإعلام
political street,,معجم مصطلحات الإعلام
بررر ا جدا ضررعن طرريم دا ةل ررصدا س ترر تت,,معجم مصطلحات الإعلام
تترررررررررررمتمته ا سررررررررررر ى ررررررررررر طي لرررررررررررينعت,,معجم مصطلحات الإعلام
ترررررررركمن طرررررررر عتمدا طرررررررريدتحدا طرررررررريخيلتتدا,,معجم مصطلحات الإعلام
ي عتدتررن ريمجدا ترهد ت تي سرتدا تيتر دا,,معجم مصطلحات الإعلام
.تهتيمهم لا ظ . يعم,,معجم مصطلحات الإعلام
ل,,معجم مصطلحات الإعلام
ةيبعش فحص )ىملاعإ( قصمْم,,معجم مصطلحات الإعلام
ُ َ ُ,,معجم مصطلحات الإعلام
popular press poster,,معجم مصطلحات الإعلام
رررر ا م رررردا رررريهع حررررصدا ررررم ع رررر ةلررررررك ررررررى لررررررينعت د طررررررصتخ ط يررررر,,معجم مصطلحات الإعلام
ُ,,معجم مصطلحات الإعلام
.لت ت ا ل ررررررررر لدا ل رررررررررصدتن يرررررررررعم ع ررررررررر م,,معجم مصطلحات الإعلام
.تتم كدا,,معجم مصطلحات الإعلام
ىناكس لاصتا,,معجم مصطلحات الإعلام
population communication,,معجم مصطلحات الإعلام
ؤبنت,,معجم مصطلحات الإعلام
طيرررررررر دتن ط ررررررررص سدتررررررررصتا طترررررررر prediction,,معجم مصطلحات الإعلام
ررهي ةلر ما ليرظ ت طرصتخ طي تكر دا سن ترر مدا سرر يررعم سرر ث ررح رر ت,,معجم مصطلحات الإعلام
ص تررررصخدتن ترررر تل ا سرررردإ هرررر مجم سرررر .طدا تلا م س ى ت ن,,معجم مصطلحات الإعلام
19,,معجم مصطلحات الإعلام
ةرهاقلاب ةيبرعلا ةغللا عمجم,,معجم مصطلحات الإعلام
لترررررررنخمتن الرررررررخما للارررررررى ا س تررررررر,,معجم مصطلحات الإعلام
. ن ى تتم عمدا,,معجم مصطلحات الإعلام
ةيسائر ةممح,,معجم مصطلحات الإعلام
presidential campaign,,معجم مصطلحات الإعلام
طررررررريتى دا سررررررردإ رررررررهي سرررررررملاىإ رررررررهج ةفاحصلا ةفرش,,معجم مصطلحات الإعلام
ُ,,معجم مصطلحات الإعلام
press gallery,,معجم مصطلحات الإعلام
يرررررعم لررررر نلم لملا رررررن ترررررم طيرررررصخ د,,معجم مصطلحات الإعلام
تتررىت سرر ييفحررص د صررصخم تركم,,معجم مصطلحات الإعلام
سرررررر ى س ررررررصح د يلررررررخ ررررررم س ترررررر تي,,معجم مصطلحات الإعلام
.تهليغ طينتي دا سدتجمدا تلا مت مدا,,معجم مصطلحات الإعلام
.طد دا سي ل بص م,,معجم مصطلحات الإعلام
ةيفحص ةدام,,معجم مصطلحات الإعلام
press material,,معجم مصطلحات الإعلام
ةيسائر تاباختنا,,معجم مصطلحات الإعلام
presidential election ة رريلج سرر ررنط د ة ّ ررعم ُ طيفحررص س ترر ل,,معجم مصطلحات الإعلام
لررر نلم رررم لررر ك يرررن الرررجت تترررنتخت ا ت ترر م لتررنخ سرر ى سمترر ت طرر جم,,معجم مصطلحات الإعلام
ُ,,معجم مصطلحات الإعلام
ل ررررررر ل ل رررررررص تلا ا رررررررح تتررررررر ي حت,,معجم مصطلحات الإعلام
سررررررررر ى س رررررررررصح د س تررررررررر م سرررررررررنعح,,معجم مصطلحات الإعلام
.تهليغ,,معجم مصطلحات الإعلام
.طد دا سي ل بص م,,معجم مصطلحات الإعلام
ىفحص بتكم,,معجم مصطلحات الإعلام
ىفحص فيشرأ,,معجم مصطلحات الإعلام
press office,,معجم مصطلحات الإعلام
press archive,,معجم مصطلحات الإعلام
سرررررر ى ا ررررررتحت تتررررررف مدا ررررررم طررررررى مجم تتررررررررررررر يهدا ضرررررررررررررعن تهرررررررررررررصصخت ةلا إ,,معجم مصطلحات الإعلام
س رررح حرررصدا هتلررر ترررمم تترررصتص,,معجم مصطلحات الإعلام
ييفحررررررررصدا رررررررري عت سد ررررررررتت تلاعا رررررررردا,,معجم مصطلحات الإعلام
.ط يعم طيصخ ث ح ع م,,معجم مصطلحات الإعلام
سررررررررر ى لررررررررردا تترررررررررم عمدا لترررررررررنخمتن,,معجم مصطلحات الإعلام
تلا مت ررررمدا سرررردإ لهت ررررى لهتلا ترررر فت ا,,معجم مصطلحات الإعلام
ىفحص قحمم,,معجم مصطلحات الإعلام
press attaché,,معجم مصطلحات الإعلام
لررررهىلاط تلا ترررريعدا ليررررظ ت طيفحررررصدا,,معجم مصطلحات الإعلام
جلترخدتن ر ند ةلتفر سر سمعي سملاىإ,,معجم مصطلحات الإعلام
.ط يهدا طت س ى,,معجم مصطلحات الإعلام
ر ندا سر للارى ا س تر ل ت تم نتتي,,معجم مصطلحات الإعلام
تررن ما ت تررك عرري هررن سررمعي ا رردا,,معجم مصطلحات الإعلام
01,,معجم مصطلحات الإعلام
ملاعلإا تاحلطصم مجعم,,معجم مصطلحات الإعلام
ىفحص ريتركس )مداق ضرع( ويونت,,معجم مصطلحات الإعلام
preview,,معجم مصطلحات الإعلام
press secretary,,معجم مصطلحات الإعلام
رم ةلتفر سر سفحرصدا رح مدا تعم ة تررررررررم ررررررررم طررررررررف تخم هترررررررر َ م َ ضلررررررررى,,معجم مصطلحات الإعلام
بلر رى هي ت د طي يعفي ت طي تم ي,,معجم مصطلحات الإعلام
.)سفحص ح م :لظ ا( تلا تف دا,,معجم مصطلحات الإعلام
.ط ت دا س ى ته لى ى م,,معجم مصطلحات الإعلام
نييفحصمل صاخ ضرع,,معجم مصطلحات الإعلام
ةباتكلا لبق ام جمانرب,,معجم مصطلحات الإعلام
press show prewriting computer,,معجم مصطلحات الإعلام
program,,معجم مصطلحات الإعلام
سترجل هريدإ سى ي لمت لن ل ي ضلى,,معجم مصطلحات الإعلام
ُ,,معجم مصطلحات الإعلام
ط رررر ل خترررر م د ل ارررر ي برررر تح لمترررر لن,,معجم مصطلحات الإعلام
رم طري فدا دتن متهمدا ط تحصدا,,معجم مصطلحات الإعلام
بتكيرر ا رردا ع رر مدا س ررح تتررنتجا,,معجم مصطلحات الإعلام
ضلررررعدا سررررن ة تررررى لترررري يرررريملاى ا,,معجم مصطلحات الإعلام
. هتنتتك س هت ىت مد ه ى,,معجم مصطلحات الإعلام
.اليهتمجدا ا ت مدا س ى,,معجم مصطلحات الإعلام
ةيصوصخلا قح,,معجم مصطلحات الإعلام
نييفحصلا ةباقن privacy right,,معجم مصطلحات الإعلام
press syndicate,,معجم مصطلحات الإعلام
ررررم برررر تجن ظتررررفتح ا سرررر لررررفدا ررررح,,معجم مصطلحات الإعلام
سررر ي مترررعدا ييفحرررصدا لررر ت طررريعمج,,معجم مصطلحات الإعلام
سررر هتطررر هرررت تعف ا لترررك هرررتتيح,,معجم مصطلحات الإعلام
لهحدترررررررصم سررررررري متد ا ررررررر ندا رررررررم ررررررر ن,,معجم مصطلحات الإعلام
هررررر ف د طيرررررصخ دا تترررررملحدا سترررررجم,,معجم مصطلحات الإعلام
.طف تخمدا طي همدا له ح ى عت دا ُُ,,معجم مصطلحات الإعلام
لعرررررت ي .ه ت رررررص هتلررررر تررررر ىم,,معجم مصطلحات الإعلام
تترررررررررررملحدا كترررررررررررهت ا ل رررررررررررعن للارررررررررررى ا,,معجم مصطلحات الإعلام
ةيئاعد ةرشن,,معجم مصطلحات الإعلام
prestige publication,,معجم مصطلحات الإعلام
ا ما سرر ى كرد ل ري لررد ترم طيرصخ دا,,معجم مصطلحات الإعلام
طرر يه صخرر تعا رريممن يرر ي ع ررنطم,,معجم مصطلحات الإعلام
ُ .لتعدا,,معجم مصطلحات الإعلام
.بعح طط,,معجم مصطلحات الإعلام
71,,معجم مصطلحات الإعلام
ةرهاقلاب ةيبرعلا ةغللا عمجم,,معجم مصطلحات الإعلام
ةصخصخ .تهحيحصتد ه لح تنفص ع نطم,,معجم مصطلحات الإعلام
ُ,,معجم مصطلحات الإعلام
privatization,,معجم مصطلحات الإعلام
كر متدا طرصل ستمىما ستجل تطىإ,,معجم مصطلحات الإعلام
ةياعد,,معجم مصطلحات الإعلام
عتررط دا تتى لرر م كرر مت سرر طكلترر مدا,,معجم مصطلحات الإعلام
propaganda,,معجم مصطلحات الإعلام
سر ا ره الر ي طد د طك ممدا لتعدا,,معجم مصطلحات الإعلام
ة رررررررحم لا لترررررررك تترررررررم عم ثرررررررن,,معجم مصطلحات الإعلام
سترررررمىما سترررررجل ل رررررمن للارررررى ا سترررررجم,,معجم مصطلحات الإعلام
تتر م تترىتمج لا ر طط ا ن,,معجم مصطلحات الإعلام
سررر طكلتررر مدا كررر متدا طرررصل,,معجم مصطلحات الإعلام
لتررعدا ال رردا سرر لي عررتدا ررهن طرريملاىإ,,معجم مصطلحات الإعلام
للاررررررررررررررررررررررررررررررررررررررررررررررررررررررررى ا س تررررررررررررررررررررررررررررررررررررررررررررررررررررررر,,معجم مصطلحات الإعلام
لدترصم ل رخت طرصتخ لظ طهج س نتد,,معجم مصطلحات الإعلام
.)طي يعفي تدا طيىا ا طيفحصدا(,,معجم مصطلحات الإعلام
.ستصت تن ل ت دا,,معجم مصطلحات الإعلام
ثدحلا نم برقلا,,معجم مصطلحات الإعلام
زر اب,,معجم مصطلحات الإعلام
proximity,,معجم مصطلحات الإعلام
prominent,,معجم مصطلحات الإعلام
هررررررن ررررررص ي لررررررنخدا ي ررررررصتد لترررررريعم,,معجم مصطلحات الإعلام
هنحترصن عتت لنخدا س ل ا تت طفص َ ُ,,معجم مصطلحات الإعلام
سررررردإ بلررررر طررررري تكم لررررر ا سررررر هرررررى,,معجم مصطلحات الإعلام
لرري ت هررتا ث ررحدا هرر ح ترركم,,معجم مصطلحات الإعلام
.همتمتها لي ت ثيحن ئلت دا,,معجم مصطلحات الإعلام
.س تمدا لتمتها,,معجم مصطلحات الإعلام
)ةفورب( ةيعابط ةبرجت ةيسفنلا برحلا,,معجم مصطلحات الإعلام
proof psychological war,,معجم مصطلحات الإعلام
ررم جلخترر ت طحفررصد طخرر د طررنلجت تا ر تعمدا لترك ما سر لي عتدا تتي مى,,معجم مصطلحات الإعلام
ُ,,معجم مصطلحات الإعلام
02,,معجم مصطلحات الإعلام
ملاعلإا تاحلطصم مجعم,,معجم مصطلحات الإعلام
طررري نلت طررري لعم ترررظ ررر حت طررر ته,,معجم مصطلحات الإعلام
ل ررصخ د طرري عمدا ح لرردا ليررطحت ررهن ُ,,معجم مصطلحات الإعلام
يمترر مدا يررن عا ررت طرري م ت طرريفي ت,,معجم مصطلحات الإعلام
لترررنخما طررر لهمدا طررريتى دا سلارررخ رررم,,معجم مصطلحات الإعلام
تا رررررررررر تهم رررررررررر ت سررررررررررتدا طيكلاهترررررررررر ا,,معجم مصطلحات الإعلام
.تتع ت دا طن تكدا .طيلتجتدا يعفي تدا,,معجم مصطلحات الإعلام
ماعلا ىرألا رشنلا مئراج,,معجم مصطلحات الإعلام
publication crimes,,معجم مصطلحات الإعلام
public opinion,,معجم مصطلحات الإعلام
رررررم ترررررهليغ حرررررصدا ترررررهنكتلت ل لا رررررج,,معجم مصطلحات الإعلام
طررررررىتمج سررررررخا طررررررين غما لررررررظ طررررررهج,,معجم مصطلحات الإعلام
رررر دا برررر دا سرررر م لرررر دا س ترررر,,معجم مصطلحات الإعلام
لترررررمتهلاد لررررري م ع ررررر م س رررررح طررررر يعم تترررم عم با مرررد طررري ت م ا رررم لررر,,معجم مصطلحات الإعلام
.ط يه تصخ سمت طن تك,,معجم مصطلحات الإعلام
ل,,معجم مصطلحات الإعلام
.س جدا,,معجم مصطلحات الإعلام
ماعلا ىرألا ثوحب,,معجم مصطلحات الإعلام
R,,معجم مصطلحات الإعلام
public opinion research,,معجم مصطلحات الإعلام
رررررررري حت سرررررررردإ ررررررررهت طرررررررريم ى ث ررررررررحن,,معجم مصطلحات الإعلام
يرعم لر نلم رح لترعدا ال دا تتهتجتا عاعشإ,,معجم مصطلحات الإعلام
ترررررررررررم ررررررررررر م طيررررررررررر ةلرررررررررررك radiation,,معجم مصطلحات الإعلام
طررررررررريم عدا بيدتررررررررر ما سررررررررر ى تررررررررمتى تن ت ِ ٍتررعم ررم ة لررفم هررن سح ررت تررم,,معجم مصطلحات الإعلام
.ط ي دا طيجه مدا,,معجم مصطلحات الإعلام
. يعم تي س ته ج طجيت,,معجم مصطلحات الإعلام
ةماعلا ةمدخلا نويزفيمت,,معجم مصطلحات الإعلام
ةيعاذإ ةكبش,,معجم مصطلحات الإعلام
public service TV,,معجم مصطلحات الإعلام
radio network,,معجم مصطلحات الإعلام
تتر يه تهي ى ل ت طي يعفي ت تتطحم,,معجم مصطلحات الإعلام
طررريملاىإ طرررم خ رررمتجم د ل ررر ت ط تررر م,,معجم مصطلحات الإعلام
ة رحا طرهج رن َْت,,معجم مصطلحات الإعلام
َ,,معجم مصطلحات الإعلام
ت تترطحم رم طى مجم,,معجم مصطلحات الإعلام
73,,معجم مصطلحات الإعلام
ةرهاقلاب ةيبرعلا ةغللا عمجم,,معجم مصطلحات الإعلام
ليدتررررررر ما رررررررم رررررررى سررررررر ى طرررررررىعن م سررر تي سرررتدا طررر يلطدا تررره لظ ة لا ررر دا,,معجم مصطلحات الإعلام
لتررري س ررردا تتررري دا تترررظ تحمدا .طفيحصدا تتحفص لنى تهن,,معجم مصطلحات الإعلام
.ته ين تمي ت يقجملا ن ي تدا,,معجم مصطلحات الإعلام
وشح,,معجم مصطلحات الإعلام
redundancy,,معجم مصطلحات الإعلام
ةيئراقنا,,معجم مصطلحات الإعلام
سر ت طريملاى ا طدتر لدا سر ظترفد ح,,معجم مصطلحات الإعلام
readability,,معجم مصطلحات الإعلام
ة لررررر مدا طيفحرررررصدا ة ترررررمدا ةل ررررر ا رررررم,,معجم مصطلحات الإعلام
للركت ئلتر د تلف ر طر لعم تتم عم,,معجم مصطلحات الإعلام
.تهلك ن تتم عم,,معجم مصطلحات الإعلام
طد هررررررر ئلتررررررر دا لترررررررمتها ةلتررررررر إ سررررررر ى,,معجم مصطلحات الإعلام
ةيدمتعم,,معجم مصطلحات الإعلام
.تهنتعيت ا,,معجم مصطلحات الإعلام
reliability,,معجم مصطلحات الإعلام
ةيئراق,,معجم مصطلحات الإعلام
طرر يعم ل تررصم سرر للاررى ا ةعررهج طرر,,معجم مصطلحات الإعلام
readership,,معجم مصطلحات الإعلام
.ته ص تهت د,,معجم مصطلحات الإعلام
سررررررتدا حررررررص د لا رررررر دا ضل نررررررع,,معجم مصطلحات الإعلام
َ,,معجم مصطلحات الإعلام
ت طررررررجل,,معجم مصطلحات الإعلام
تتررررجل يررررعم ررررمتجم سررررخا ل ررررصت,,معجم مصطلحات الإعلام
ريكذت ةلاسر,,معجم مصطلحات الإعلام
رررم حرررصدا ررره لررر ت ترررمد له يررر فت,,معجم مصطلحات الإعلام
reminder letter,,معجم مصطلحات الإعلام
. ا م,,معجم مصطلحات الإعلام
طر يعم ةلك ى ل همج د للكتم لاىإ,,معجم مصطلحات الإعلام
.تهيدإ ههتنت ا ب جد,,معجم مصطلحات الإعلام
ةءراقلا تاداع,,معجم مصطلحات الإعلام
reading habits,,معجم مصطلحات الإعلام
رراكت,,معجم مصطلحات الإعلام
ئلتر تهن تكي ستدا تتيك دا طى مجم,,معجم مصطلحات الإعلام
repetition,,معجم مصطلحات الإعلام
ت رررعم سررر م تررر دا ل لرررمن طفيحرررصدا س تررررررر لدا تررررررر ن بيدتررررررر رررررررم ب ررررررر,,معجم مصطلحات الإعلام
04,,معجم مصطلحات الإعلام
ملاعلإا تاحلطصم مجعم,,معجم مصطلحات الإعلام
طنتجترررر ا ثا ررررحإ سرررردإ ررررهي طرررري تى دا ثحب ميمصت,,معجم مصطلحات الإعلام
research design,,معجم مصطلحات الإعلام
ر م ةلركفد سر تمدا بر تج رم طيد,,معجم مصطلحات الإعلام
تتررررررررر تيندا تترررررررررم عمدا رررررررررمجد طررررررررطخ,,معجم مصطلحات الإعلام
. يعم,,معجم مصطلحات الإعلام
.تم ثحند طمعلادا,,معجم مصطلحات الإعلام
رراكتلا لدعم,,معجم مصطلحات الإعلام
repetition rate,,معجم مصطلحات الإعلام
ةغايص عجرام,,معجم مصطلحات الإعلام
ُ,,معجم مصطلحات الإعلام
طدتررررررررر لدا ثرررررررررن تلا رررررررررم رررررررررى طررررررررر تم rewriter,,معجم مصطلحات الإعلام
. ص مدا صخ دا سدإ طيملاى ا طيفحررررص ة تررررم طررررنتتك ة تررررىإن ل رررر ي ررررم,,معجم مصطلحات الإعلام
بودنم .ته ي حتد,,معجم مصطلحات الإعلام
reporter,,معجم مصطلحات الإعلام
ىنامور فرح,,معجم مصطلحات الإعلام
ر ت ستدا ثا حما طيطهتن ل ي سفحص,,معجم مصطلحات الإعلام
roman,,معجم مصطلحات الإعلام
هت يرررررررررر د سرررررررررر لا هجدا تررررررررررط دا سررررررررررخا,,معجم مصطلحات الإعلام
لحدتررررن طررررىتنطدا ستكرررر ررررم سكرررر,,معجم مصطلحات الإعلام
.طيملاى ا,,معجم مصطلحات الإعلام
.طي يتلادا,,معجم مصطلحات الإعلام
خس,,معجم مصطلحات الإعلام
ْ,,معجم مصطلحات الإعلام
نَ,,معجم مصطلحات الإعلام
reproduction )ةيبيرجت( ةدوسم ةخسن,,معجم مصطلحات الإعلام
ّ ُ,,معجم مصطلحات الإعلام
rough copy,,معجم مصطلحات الإعلام
ططرر ا ن تررم ترر م ررم ل ررص جلا خترر ا,,معجم مصطلحات الإعلام
سرن بتتك طفيحص م طي نم طخ,,معجم مصطلحات الإعلام
.طم لامدا طي فدا س ت دا,,معجم مصطلحات الإعلام
صررررررررر تهتتحفرررررررررص بررررررررريتلت تهني رررررررررهت,,معجم مصطلحات الإعلام
.طي ته ةل ص س تهطن ته ما ه,,معجم مصطلحات الإعلام
75,,معجم مصطلحات الإعلام
ةرهاقلاب ةيبرعلا ةغللا عمجم,,معجم مصطلحات الإعلام
بيدتررر ضرررعن سررردإ تررريدتح ا ما سررريم,,معجم مصطلحات الإعلام
.تتجت م م تهم لاي تم ةتيحدا,,معجم مصطلحات الإعلام
ةعاشإ جوِّرم,,معجم مصطلحات الإعلام
ُ,,معجم مصطلحات الإعلام
rumor spreader,,معجم مصطلحات الإعلام
ستر دا يرن تتع تر لر ن ل ر ي صخ,,معجم مصطلحات الإعلام
ضرعلا ةدم,,معجم مصطلحات الإعلام
طررررررررر يعم طرررررررررهج رررررررررم ررررررررري كتن ترررررررررمإ running time,,معجم مصطلحات الإعلام
خدتررك هررن رر عتت طرريتا تلا تررنتى ل يرررر ضلررررى ه لهترررر ي ا رررردا معرررردا,,معجم مصطلحات الإعلام
.طيصخ دا طنغلدا ععفدا .طي تعدا طىل دتن طيل,,معجم مصطلحات الإعلام
S,,معجم مصطلحات الإعلام
ةعاشإ,,معجم مصطلحات الإعلام
rumour / rumor,,معجم مصطلحات الإعلام
ترره ي ت تررهلي حت لررت طررن تك طررم عم,,معجم مصطلحات الإعلام
)لتاسلا ويدرا( ىئاضف ويدرا,,معجم مصطلحات الإعلام
satellite radio,,معجم مصطلحات الإعلام
سررر تي ا ترررصت ا سترررجمن ررر عتت,,معجم مصطلحات الإعلام
ررررم طيت ررررصدا تلا ترررر ا سن ترررر ي رررري لا,,معجم مصطلحات الإعلام
تهلرررررر ن لترررررري كررررررد لرررررريغ الكرررررر ى,,معجم مصطلحات الإعلام
عتررررررررررهج سرررررررررر تمي طيىت ررررررررررصدا لتررررررررررم ما,,معجم مصطلحات الإعلام
سرررررر هررررررت عرررررره لتررررررعدا ال رررررردا سي رررررر ت س ريعفي تدا ثرن سن تر ي ا ردا يعفي تدا,,معجم مصطلحات الإعلام
.س ت فدا,,معجم مصطلحات الإعلام
.طم ت عت,,معجم مصطلحات الإعلام
)ىمبقتسم روصت( ويرانيس,,معجم مصطلحات الإعلام
)نلاعلإا ىف( ىلاحلا هاجتلاا,,معجم مصطلحات الإعلام
scenario,,معجم مصطلحات الإعلام
running attitude,,معجم مصطلحات الإعلام
ل ارررر ت سررررتدا تترررر لا ت ا ررررم طررررى مجم,,معجم مصطلحات الإعلام
06,,معجم مصطلحات الإعلام
ملاعلإا تاحلطصم مجعم,,معجم مصطلحات الإعلام
ل رررطت تلا تررر م س رررح تترررع ت تا رررن ت .ة تم د طيعم دا,,معجم مصطلحات الإعلام
سررر ى تررر ن سن تررر مدا سررر طررر يعم ةلهترررظ,,معجم مصطلحات الإعلام
ة ترى تهد طيدتحدا تتهتجت ا سي حت صنلا فرشم,,معجم مصطلحات الإعلام
script supervisor,,معجم مصطلحات الإعلام
سري حت سر ا حا يلت ي ثحتندا حلطي,,معجم مصطلحات الإعلام
ل,,معجم مصطلحات الإعلام
ترررررررر ن نتررررررررتي ا رررررررردا جلررررررررخمدا ىترررررررر م,,معجم مصطلحات الإعلام
رررى لي ررر ت سررر ى رررمتعي سرررن سن تررر مدا,,معجم مصطلحات الإعلام
ص ررررررررررر د ترررررررررررل نط تترررررررررررط دا هتررررررررررر مدا,,معجم مصطلحات الإعلام
س ا ررررررررن ررررررررحت سررررررررتدا تلا ررررررررصتدا ررررررررم,,معجم مصطلحات الإعلام
.ب تكمدا,,معجم مصطلحات الإعلام
.ةلهتظدا سن ت مد,,معجم مصطلحات الإعلام
ثحبلا كرحم,,معجم مصطلحات الإعلام
ةشاش رابتخا,,معجم مصطلحات الإعلام
search engine,,معجم مصطلحات الإعلام
screen test,,معجم مصطلحات الإعلام
تر لت ا سم ختر مد ليرتت طرجملنم طيد,,معجم مصطلحات الإعلام
ضلررررررعن هرررررر م سرررررر سرررررر مم ا ليرررررري ت,,معجم مصطلحات الإعلام
طنتلرررررررت ة رررررررحم تترررررررم ك رررررررى ثرررررررحندا,,معجم مصطلحات الإعلام
طرريم يفدا ة تررمدا ررم هررميي ت لا ررمدا عررجدا,,معجم مصطلحات الإعلام
ل ترررررررررصم مررررررررر لرررررررررى تتى ررررررررر من,,معجم مصطلحات الإعلام
يعي رررم سرررمع د ة ررري ج رررج لترررنتخا,,معجم مصطلحات الإعلام
.طف تخمدا ت لت ا,,معجم مصطلحات الإعلام
. يعفي تدا س تتعي م,,معجم مصطلحات الإعلام
ىناثلا ليمحتلا,,معجم مصطلحات الإعلام
ىئامنيس صن,,معجم مصطلحات الإعلام
second analysis,,معجم مصطلحات الإعلام
screenplay,,معجم مصطلحات الإعلام
سررررملاى ا ثررررحندا سخا ررررم ررررم سخ ررررم,,معجم مصطلحات الإعلام
.س تم ي ل ي سدإ س حتت طن تكم ة تم,,معجم مصطلحات الإعلام
طررر لا ل ترررت سررري حتن ثرررحتندا هررري ل ررر ي,,معجم مصطلحات الإعلام
جلرررررخيد طررررر يعم ةلهترررررظن ترررررمتها طررررريم ى,,معجم مصطلحات الإعلام
)تبيركـس( بوتكم صن,,معجم مصطلحات الإعلام
ْ,,معجم مصطلحات الإعلام
script .ة ي ج تتجتت ت تن ته م,,معجم مصطلحات الإعلام
رريعفي تدا طررىا لإد ب ررتكم صرر,,معجم مصطلحات الإعلام
طيلرررررررررصندا بررررررررر ا جدا سمررررررررر ي تم يررررررررر دا,,معجم مصطلحات الإعلام
77,,معجم مصطلحات الإعلام
ةرهاقلاب ةيبرعلا ةغللا عمجم,,معجم مصطلحات الإعلام
ةيللادِ ةركاذ .ط جتلم,,معجم مصطلحات الإعلام
semantic memory,,معجم مصطلحات الإعلام
سرررررتدا طررررر يلطدا حلررررر ي سررررر لعم ج رررررم,,معجم مصطلحات الإعلام
رررررررم تترررررررم عمدا لرررررررفدا ترررررررهن جلتررررررر ي ةيئامنيس ةميحِ,,معجم مصطلحات الإعلام
shooting trick,,معجم مصطلحات الإعلام
طرررد ررريل ط رررى ا رررمدا طررر ي ط ةلكا ررردا,,معجم مصطلحات الإعلام
لي رصت سر ل ختر ت طصتخ طي طي مى,,معجم مصطلحات الإعلام
سرررردإ ليررر ت تترررم ك ترررر تك ا ررر طررر يعم ُ,,معجم مصطلحات الإعلام
ة لرررجم ليهترررفم طررركل ْ م ُ طررريع ا تيررر طرررري يعفي تدا طي تم يرررر دا ع ررررخ ُ دا ضررررعن,,معجم مصطلحات الإعلام
. تتيطعم .طصتخ تتي ت تا عم طط ا ن,,معجم مصطلحات الإعلام
ىللادِ ليثمت ىدملا ةريصق ةركاذ,,معجم مصطلحات الإعلام
short term memory,,معجم مصطلحات الإعلام
semantic representation,,معجم مصطلحات الإعلام
ظترررفتح ا رررم لرررفدا ررركام ت طررري ه طررريد,,معجم مصطلحات الإعلام
ُ,,معجم مصطلحات الإعلام
ت ِ ٍتعم صلاخت تن س تمدا لتي,,معجم مصطلحات الإعلام
ترررررررم يعرررررررختد ٍا ررررررر ة رررررررعد تترررررررم عمدتن,,معجم مصطلحات الإعلام
. يعم ص م طرررررر ي ط ةلكا رررررردا سرررررر ترررررره م هررررررن ظفتررررررحي,,معجم مصطلحات الإعلام
.ا مدا,,معجم مصطلحات الإعلام
)ةيئايميسلا( ةيئامنيسلا تاملاعلا ممع,,معجم مصطلحات الإعلام
ةراشإ,,معجم مصطلحات الإعلام
semiotics signal,,معجم مصطلحات الإعلام
طرررررررررمظ طررررررررر لا ن لترررررررررهي ا ررررررررردا لررررررررر عدا ركي يرعم س سدإ تهن لت ي طملاى,,معجم مصطلحات الإعلام
.ستصت ا تا م ع,,معجم مصطلحات الإعلام
ُ,,معجم مصطلحات الإعلام
ت تهي ى تل فتم,,معجم مصطلحات الإعلام
.تهت طف تخمدا تتملاعدا,,معجم مصطلحات الإعلام
راعش,,معجم مصطلحات الإعلام
slogan,,معجم مصطلحات الإعلام
دعم باطخ,,معجم مصطلحات الإعلام
َُّ,,معجم مصطلحات الإعلام
طنتلرررررررررررت ةليرررررررررررص تلا ترررررررررررنى سرررررررررررم ج,,معجم مصطلحات الإعلام
set speech ّ ُ,,معجم مصطلحات الإعلام
طر تهدا طي لاى ا طيملاى ا تلامحدتن,,معجم مصطلحات الإعلام
لرررريغ ليرررر حتدا طررررنتتكدا ط نترررر طررررنطخ,,معجم مصطلحات الإعلام
تتم رررخ ررر لترررك ي ررر ت سررردإ,,معجم مصطلحات الإعلام
08,,معجم مصطلحات الإعلام
ملاعلإا تاحلطصم مجعم,,معجم مصطلحات الإعلام
.ط يعم,,معجم مصطلحات الإعلام
ةيعامتجا ريياعم,,معجم مصطلحات الإعلام
ةئيطب ةكرح social norms,,معجم مصطلحات الإعلام
slow motion,,معجم مصطلحات الإعلام
تا ترررى رررىا رررم رررمتجمدا هررر ن ي ترررم,,معجم مصطلحات الإعلام
تتررررط دا نتررررتت تررررطن ل خترررر ت طرررري ت,,معجم مصطلحات الإعلام
ره لرنتعت كد ليغ لي تتهتجتا,,معجم مصطلحات الإعلام
كمترررررريد طرررررري تعدا تهتىلرررررر س ررررررعم ررررررى,,معجم مصطلحات الإعلام
لرررررررررطُ طرررررررررنت من طررررررررريىتمتج ا لييترررررررررعمدا,,معجم مصطلحات الإعلام
طرررررررركلحدا ترررررررر ررررررررنتت ررررررررم هترررررررر مدا,,معجم مصطلحات الإعلام
. لا ما ك د طيعجلم,,معجم مصطلحات الإعلام
.ته يصتفت,,معجم مصطلحات الإعلام
)ةينويزفيمت امراد( نوباصلا رابوأ ىعامتجا زمر,,معجم مصطلحات الإعلام
soap opera,,معجم مصطلحات الإعلام
social symbol,,معجم مصطلحات الإعلام
ةلررررررر ما تلاكررررررر م س تررررررر تت تتررررررري ي مت,,معجم مصطلحات الإعلام
يرررعم لررر سررر ى هرررمه لرررصت ي عرررمل,,معجم مصطلحات الإعلام
. نتصدا تتكل تهي ى ف ت ت تك,,معجم مصطلحات الإعلام
يرررررن يررررر ي تكلتررررر م سررررر عم سرررررمحي سرررررن,,معجم مصطلحات الإعلام
ىعامتجا لماكت تاجاح . طىتمجدا,,معجم مصطلحات الإعلام
social integrative needs,,معجم مصطلحات الإعلام
س ترررر طررررعنتتم سرررردإ سرررر تمدا رررري تررررم,,معجم مصطلحات الإعلام
ررررررم تترررررر لاعدا لررررررى ررررررهن للاررررررى ا,,معجم مصطلحات الإعلام
ةفيفخ رابخأ,,معجم مصطلحات الإعلام
ررررررررررررم تررررررررررررهليغ ت ررررررررررررصما ةلرررررررررررر ما,,معجم مصطلحات الإعلام
soft news,,معجم مصطلحات الإعلام
.تهيدإ سمت ي ستدا تتىتمجدا,,معجم مصطلحات الإعلام
طرررفيلط تتى ررر م س تررر تت طررريلنخ ا رررم,,معجم مصطلحات الإعلام
طررررررررررر تيلدا رررررررررررفدا لترررررررررررنخعك طي ررررررررررر م,,معجم مصطلحات الإعلام
ىعمجلا لقعلا ُ,,معجم مصطلحات الإعلام
social mind,,معجم مصطلحات الإعلام
طررررررصتخدا ةترررررريحدتن طرررررر ا عتمدا ثا ررررررحما,,معجم مصطلحات الإعلام
سررررررررتدا تلا ررررررررصتدا لا اا تا رررررررر تعمدا,,معجم مصطلحات الإعلام
يلرخاا هرتا ترجت ترم رمتجم تهت نتي .ليهت مدا ضعند,,معجم مصطلحات الإعلام
.ل مما ليي تد ت ت ته ختي,,معجم مصطلحات الإعلام
ل,,معجم مصطلحات الإعلام
79,,معجم مصطلحات الإعلام
ةرهاقلاب ةيبرعلا ةغللا عمجم,,معجم مصطلحات الإعلام
ىئلامإ ققدم ىنورتكلإ لودج جمانرب,,معجم مصطلحات الإعلام
ُ,,معجم مصطلحات الإعلام
spell checker spreadsheet software,,معجم مصطلحات الإعلام
ترررطخما ررر ك سد رررتي بررر تح لمتررر لن سرررر سفحررررصدا للررررحمدا ىترررر ي لمترررر لن,,معجم مصطلحات الإعلام
حلت ي طن تكمدا ص ص دا س طي تجهدا طرررررررررطنتلمدا طررررررررريم لدا تتررررررررر تيندا سررررررررري حت,,معجم مصطلحات الإعلام
.تهحيحصتد س ا ن سرررر م طي تررررصح ا ليلترررر تدا تترررري عا يمدتن,,معجم مصطلحات الإعلام
"قوطنم باطخ .""س كإ"" لمت لن",,معجم مصطلحات الإعلام
spoken discourse,,معجم مصطلحات الإعلام
نايب ، حيرصت,,معجم مصطلحات الإعلام
سررررر هرررررن حلرررررصي ُ ترررررمي ة لا ررررردا لترررررك ما statement,,معجم مصطلحات الإعلام
تت يرررررررر دا تهم رررررررر ت سررررررررتدا ص ررررررررص دا ررح تررهن سد ْ رري ُ لررظ طررهج تتررم عم,,معجم مصطلحات الإعلام
للا رررر دا ررررص لرررر ا سرررر يد رررر مدا,,معجم مصطلحات الإعلام
.طي يعفي تدا طيىا ا,,معجم مصطلحات الإعلام
الررررررررخما ت ترررررررجمدا سرررررررر يرررررررصتخمدا,,معجم مصطلحات الإعلام
.ته للاى ا س ت سد تت,,معجم مصطلحات الإعلام
ريصق ربخ,,معجم مصطلحات الإعلام
spot news,,معجم مصطلحات الإعلام
ةيطمن روص,,معجم مصطلحات الإعلام
سرر طر متكتم تٍ تررم عم ل,,معجم مصطلحات الإعلام
ُ,,معجم مصطلحات الإعلام
ارَ,,معجم مصطلحات الإعلام
ُ,,معجم مصطلحات الإعلام
ت طرريلنخ ة ترم,,معجم مصطلحات الإعلام
stereotype,,معجم مصطلحات الإعلام
ث ررررررح ررررررى ةعرررررركّلم,,معجم مصطلحات الإعلام
ُ,,معجم مصطلحات الإعلام
ةلررررررصتخم ةل ررررررص لررخ لرر ررى لررفدا ا ررد رركتي ل,,معجم مصطلحات الإعلام
ٌ,,معجم مصطلحات الإعلام
ُّررص,,معجم مصطلحات الإعلام
َ,,معجم مصطلحات الإعلام
ت,,معجم مصطلحات الإعلام
. يعم طررررررررررد طرررررررررر م طررررررررررىتمج,,معجم مصطلحات الإعلام
لتررررررك ما ررررررم طررررررى مجمد تررررررل نط تررررررهليغ,,معجم مصطلحات الإعلام
.هي د طتنت دا تا تعمدا,,معجم مصطلحات الإعلام
81,,معجم مصطلحات الإعلام
ملاعلإا تاحلطصم مجعم,,معجم مصطلحات الإعلام
ةيربخ ةصق طررره دا ترررهن ررر ن ظ ت سرررتدا طررر يلطدا سررري حت,,معجم مصطلحات الإعلام
ُ ُ,,معجم مصطلحات الإعلام
story,,معجم مصطلحات الإعلام
رررررر حي سكررررر ن طرررررريملاى ا طرررررنتتكدا سررررر,,معجم مصطلحات الإعلام
طررررر متكتم تترررررم عم ل اررررر ت طررررريلنخ ة ترررررم,,معجم مصطلحات الإعلام
.طدت ل د طيىت ا ا هما,,معجم مصطلحات الإعلام
لرررررررهي يرررررررعم ث رررررررح س رررررررح طي يرررررررصفت,,معجم مصطلحات الإعلام
.ئلت دا,,معجم مصطلحات الإعلام
ءاحيإ,,معجم مصطلحات الإعلام
suggestion,,معجم مصطلحات الإعلام
تاميمعتلا باتك,,معجم مصطلحات الإعلام
سررررررر تمدا لررررررريكفت سررررررر لي عرررررررتدا طرررررررد تحم,,معجم مصطلحات الإعلام
style book,,معجم مصطلحات الإعلام
رررررررن هك ررررررر طررررررري ا ج دا هرررررررتتهتجتا,,معجم مصطلحات الإعلام
طرريفيك لرركحت سررتدا ررىا دا ررم طررى مجم,,معجم مصطلحات الإعلام
طرررري ط مدا عترررر ا بيدترررر لا خترررر ا,,معجم مصطلحات الإعلام
هررنتتك طرر يلط سرر م طفيحررصدا سرر طررنتتكدا .سه دا لمما بيدت,,معجم مصطلحات الإعلام
ضررعن تررجه )ترريقم ل ترريق لح( لترر لما,,معجم مصطلحات الإعلام
تلا تررررصتخا تررررهي ى رررر تخمدا تتررررم كدا ةيئاحيإ ةلاسر,,معجم مصطلحات الإعلام
suggestive message,,معجم مصطلحات الإعلام
لترررررررررجح تترررررررررمظ مدا س ررررررررردا تمررررررررر,,معجم مصطلحات الإعلام
س تررحت سرر تمدا سا ررح سرردإ هررجتت طدترر ل,,معجم مصطلحات الإعلام
طم خترررر مدا ط ررررطخدا عا رررر لررررحدا رررط مدا سرردإ ترررجتد ا ه يمترر ت,,معجم مصطلحات الإعلام
.سمع د ل طح ُّع َ ي ُ تمم طفيحصدا س تتررررر لاى ا سررررر للرررررحمدا س ترررررحي عرررررك,,معجم مصطلحات الإعلام
رررررتي ك هتررررر مدا سرررررعجي طررررريلتجتدا,,معجم مصطلحات الإعلام
.تهفص يلط ى طع دا,,معجم مصطلحات الإعلام
ةيبومسلأا,,معجم مصطلحات الإعلام
stylistics,,معجم مصطلحات الإعلام
ةيصيخمت ةمدقم,,معجم مصطلحات الإعلام
summary lead,,معجم مصطلحات الإعلام
11,,معجم مصطلحات الإعلام
ةرهاقلاب ةيبرعلا ةغللا عمجم,,معجم مصطلحات الإعلام
ررررررمتعي طيفحرررررصدا تتم رررررر مدا رررررم ع رررررر سرررررردإ لتررررررظ دا كرررررريكفتن سرررررر عي للاررررررى ا,,معجم مصطلحات الإعلام
ُ,,معجم مصطلحات الإعلام
بر ا جدا علا رن ر كمدا صيخ تدا س ى ررررررررره ليررررررررري ت رررررررررم طيررررررررر ي لدا هرررررررررتت كم,,معجم مصطلحات الإعلام
.طمتهدا تتم عمدا . ته ي حت تت كمدا,,معجم مصطلحات الإعلام
ةفاحصمل ىمعلأا سمجملا,,معجم مصطلحات الإعلام
T,,معجم مصطلحات الإعلام
supreme council for,,معجم مصطلحات الإعلام
journalism,,معجم مصطلحات الإعلام
كرردتمدا-ال رر دا سرر جمد طررعنتت طرر م,,معجم مصطلحات الإعلام
- طيلرررصمدا طررريم دا حرررص د س ترر دا فديتسم رويمج,,معجم مصطلحات الإعلام
َ ٌ,,معجم مصطلحات الإعلام
target public,,معجم مصطلحات الإعلام
سررميظ تدا الا ا لا رر ا تررهيدإ رر ُ,,معجم مصطلحات الإعلام
طرررررررجل نترررررررتت حرررررررصدا ررررررره سررررررر ى طرريملاىإ طدترر ل سيررص ت لا ررمدا طررىتمجدا,,معجم مصطلحات الإعلام
ُ,,معجم مصطلحات الإعلام
سفحرررصدا لررر دا تررر يم ررر نن ترررهمعا تدا .تهيدإ طي لاىإ,,معجم مصطلحات الإعلام
ا رررردا ب رررر متن ا ررررم ررررم لرررر ت تررررمي,,معجم مصطلحات الإعلام
. متجمدا لي م فتي,,معجم مصطلحات الإعلام
ىميمعت مميف,,معجم مصطلحات الإعلام
teaching film,,معجم مصطلحات الإعلام
ةصلاخ,,معجم مصطلحات الإعلام
ططرر ا ن تلا تررهمدا ليرر عتد صررصخي ل يرر,,معجم مصطلحات الإعلام
synopsis,,معجم مصطلحات الإعلام
ستررررررر م بترررررررتكد ررررررر كم صيرررررررخ ت طره ن ترهن ط ا عتمدا طيم عدا تت تيندا لي ت,,معجم مصطلحات الإعلام
.طي ي لدا لتك ما س ى عيكلتدتن طدت ل .طط نم,,معجم مصطلحات الإعلام
مُظنُّلا ليمحت,,معجم مصطلحات الإعلام
ةيممع ةمجم,,معجم مصطلحات الإعلام
system analysis,,معجم مصطلحات الإعلام
technical journal,,معجم مصطلحات الإعلام
ث ررررررحن سرررررر ل خترررررر ي سررررررجه م سخ ررررررم,,معجم مصطلحات الإعلام
ُ,,معجم مصطلحات الإعلام
82,,معجم مصطلحات الإعلام
ملاعلإا تاحلطصم مجعم,,معجم مصطلحات الإعلام
طريم ى ت ترجم سر صصختت ط جم ط هررر دا رررم رررفختدا رررص ن للارررى ا,,معجم مصطلحات الإعلام
. ا دا ثا ح س ى ب هتدا تلا ت تدا,,معجم مصطلحات الإعلام
تر ندا طر هدا طىت صدتك ط يعم طي ت,,معجم مصطلحات الإعلام
.كد ليغ ال دا,,معجم مصطلحات الإعلام
صوصنلا ليمحت جمانرب,,معجم مصطلحات الإعلام
ةي,,معجم مصطلحات الإعلام
ّ,,معجم مصطلحات الإعلام
نَ ق تِ جمراب text analyzer,,معجم مصطلحات الإعلام
technique programs تترر تينن ل خترر مدا اعرري,,معجم مصطلحات الإعلام
ُ,,معجم مصطلحات الإعلام
برر تح لمترر لن,,معجم مصطلحات الإعلام
سرررردإ ررررهت طرررري يعفي ت طرررريىا إ برررردا تررم طررن تكمدا ة تررمدا طرري لا ا طررجل ررى,,معجم مصطلحات الإعلام
سرررررحلا مدا سررررر طررررريم عدا تلالررررر مدا لي ررررر ت . تعن م تهن طنتلي,,معجم مصطلحات الإعلام
طررررريىا ا تترررري تدا لا خترررر تن طررررف تخمدا,,معجم مصطلحات الإعلام
.طي يعفي تدا,,معجم مصطلحات الإعلام
ةيديمقت ملاعإ لئاسو,,معجم مصطلحات الإعلام
traditional media,,معجم مصطلحات الإعلام
ل رررهظ ت نرر سررتدا طرريملاى ا س ترر دا,,معجم مصطلحات الإعلام
)تسكتيمت( ةمسرم صوصن,,معجم مصطلحات الإعلام
ُ,,معجم مصطلحات الإعلام
teletext تتكنررر لرررنى سرررم لدا سترررصت ا ستكررر,,معجم مصطلحات الإعلام
طررررري ىتفت لرررريغ طررررر يلطن ثررررن َُ ت تتررررم عم طررررىا ا ط تحررررصدا سمرررر ت برررر تحدا,,معجم مصطلحات الإعلام
ى ستصت ا س ت تا ضعن س ى . يعفي تدا,,معجم مصطلحات الإعلام
تهدتن ترر ا لترري ا تررعدا سترر ل ا رر ت,,معجم مصطلحات الإعلام
تترررررررر ت رررررررريعفي تدا رررررررريلط ررررررررى,,معجم مصطلحات الإعلام
كر,,معجم مصطلحات الإعلام
َ,,معجم مصطلحات الإعلام
شّ لا رثأ,,معجم مصطلحات الإعلام
.ب تحدا trap effect,,معجم مصطلحات الإعلام
هررررريج ت سررررر ى طررررريملاى ا طدتررررر لدا ةل ررررر,,معجم مصطلحات الإعلام
رتوتلا نم ررحتلا تاجاح ررمتعي ررمم ينخترر دا ضررعن تا ررص,,معجم مصطلحات الإعلام
tension release needs,,معجم مصطلحات الإعلام
ل رصمك للاى ا س ت د ضلعتدا س ى,,معجم مصطلحات الإعلام
س ترررر طررررعنتتم سرررردإ سرررر تمدا رررري تررررم,,معجم مصطلحات الإعلام
13,,معجم مصطلحات الإعلام
ةرهاقلاب ةيبرعلا ةغللا عمجم,,معجم مصطلحات الإعلام
ةيرصب تانيعِم,,معجم مصطلحات الإعلام
ُ,,معجم مصطلحات الإعلام
visual aids,,معجم مصطلحات الإعلام
ل ررررص طرررري تين ل رررر ل ط لا ررررخ س ا ررررج,,معجم مصطلحات الإعلام
.لي ت د ل خت ت طيم ي ا م,,معجم مصطلحات الإعلام
ُ,,معجم مصطلحات الإعلام
ةيرصب ةفاقث,,معجم مصطلحات الإعلام
visual culture,,معجم مصطلحات الإعلام
تتررررررررم عمدا سرررررررر سرررررررر ى ل رررررررر ت طرررررررر ت,,معجم مصطلحات الإعلام
ررم طيلررصن س ترر سلاررخ ررم لتررك ما,,معجم مصطلحات الإعلام
.ط ي ح س طه دا س ى تمتى ا,,معجم مصطلحات الإعلام
86,,معجم مصطلحات الإعلام
ةرهاقلاب ةيبرعلا ةغللا عمجم,,معجم مصطلحات الإعلام
Y,,معجم مصطلحات الإعلام
ءرافص فحص,,معجم مصطلحات الإعلام
yellow papers,,معجم مصطلحات الإعلام
.ةلت ا س ى تمتى ا ع لا هدا طنطتخمن لا دا بط ت ت حص,,معجم مصطلحات الإعلام
88,,معجم مصطلحات الإعلام
ملاعلإا تاحلطصم مجعم,,معجم مصطلحات الإعلام
