term,definition,source_file
الجامعة العربية المفتوحة في الدثمارك,,معجم المصطلحات الاعلامية
قسم الاعلام والاتصال,,معجم المصطلحات الاعلامية
أوسكار (ال.0.),,معجم المصطلحات الاعلامية
05,,معجم المصطلحات الاعلامية
١ 0,,معجم المصطلحات الاعلامية
5ل طةللاة لإتداع لهع3,,معجم المصطلحات الاعلامية
(.5.نا) (وروععه),,معجم المصطلحات الاعلامية
( حوائز أكاديية السيئما في الولايات المتسحدة الأمريكية),,معجم المصطلحات الاعلامية
(كاقع05) مصقوك بال عأصمفلمعة'! عل علوم,,معجم المصطلحات الاعلامية
قناة للعموم,,معجم المصطلحات الاعلامية
وقت الدخول,,معجم المصطلحات الاعلامية
أعضقك ووعع36,,معجم المصطلحات الاعلامية
علأطنام عغمعو'ل عمثهء,,معجم المصطلحات الاعلامية
© ؤو5ع360,,معجم المصطلحات الاعلامية
(هي فترة زمنية تخصّص لدحول بنك معطيات أو حاسوب,,معجم المصطلحات الاعلامية
م ركزي),,معجم المصطلحات الاعلامية
وصول (ال...) إلى,,معجم المصطلحات الاعلامية
مصادر المعلومات,,معجم المصطلحات الاعلامية
كنع 5ة'ل ومترع1,,معجم المصطلحات الاعلامية
0 5م5011 10 وعع360,,معجم المصطلحات الاعلامية
ل نينيل,,معجم المصطلحات الاعلامية
ةمه مال معع]نام؟ »اناق 5غمع3,,معجم المصطلحات الاعلامية
لوازم,,معجم المصطلحات الاعلامية
2600,,معجم المصطلحات الاعلامية
( قطع حزئية تستعمل لتبديل القطع المعطوبة في حهاز أو,,معجم المصطلحات الاعلامية
آلة»,,معجم المصطلحات الاعلامية
تقرير,,معجم المصطلحات الاعلامية
200605,,معجم المصطلحات الاعلامية
اع820,,معجم المصطلحات الاعلامية
(في الصحافة » بيان يروي الأخخبار ويصف الوقائع)»,,معجم المصطلحات الاعلامية
كأأة؟ دعل نالرع: عام لم,,معجم المصطلحات الاعلامية
9 0 8,,معجم المصطلحات الاعلامية
10,,معجم المصطلحات الاعلامية
11,,معجم المصطلحات الاعلامية
13,,معجم المصطلحات الاعلامية
14,,معجم المصطلحات الاعلامية
صباحا,,معجم المصطلحات الاعلامية
محطة طويلة المدى,,معجم المصطلحات الاعلامية
أختصار,,معجم المصطلحات الاعلامية
طبعة مُختصّرة,,معجم المصطلحات الاعلامية
اجتراء,,معجم المصطلحات الاعلامية
(لقيود قانونية),,معجم المصطلحات الاعلامية
وضوح أقصى,,معجم المصطلحات الاعلامية
خلاصة,,معجم المصطلحات الاعلامية
فن تجريدي,,معجم المصطلحات الاعلامية
(ف مال الفتون التشكيلية),,معجم المصطلحات الاعلامية
للع ا ا,,معجم المصطلحات الاعلامية
اتيك,,معجم المصطلحات الاعلامية
نهاك .لظام,,معجم المصطلحات الاعلامية
لام مم هقد,,معجم المصطلحات الاعلامية
ممه الأععططج,,معجم المصطلحات الاعلامية
مواة ةبج,,معجم المصطلحات الاعلامية
ممتللع لعولاقطع,,معجم المصطلحات الاعلامية
عفومعطة مم60,,معجم المصطلحات الاعلامية
أذ لرعول ترطة,,معجم المصطلحات الاعلامية
عاقوها موت ادع,,معجم المصطلحات الاعلامية
كى6 مم 3ك عاباأمعطة,,معجم المصطلحات الاعلامية
عل ةجرأنادجم 6عمماعم,,معجم المصطلحات الاعلامية
ععةتاقطج,,معجم المصطلحات الاعلامية
6نادغةم,,معجم المصطلحات الاعلامية
غ30 تاأعوطوطة,,معجم المصطلحات الاعلامية
365216 ا,,معجم المصطلحات الاعلامية
أأوممعل عبالأت د صالخ,,معجم المصطلحات الاعلامية
شل فِغليّ ومع ناه اوتلاعع,,معجم المصطلحات الاعلامية
زفي الإذاعة أو التلفزة)»,,معجم المصطلحات الاعلامية
عااعة؟ متنطيع انام,,معجم المصطلحات الاعلامية
حجم طبي 26 أوناعج,,معجم المصطلحات الاعلامية
عالنأهم إناع1880و أقلرره],,معجم المصطلحات الاعلامية
تقل من موقع الخرث لاا تامنطعة,,معجم المصطلحات الاعلامية
»اناعا| 5ع! )ناك عوهما ممع,,معجم المصطلحات الاعلامية
"إعلان, إشهار الع تلاع2 تازع اله زلد",,معجم المصطلحات الاعلامية
معءأاطام زععممممة,,معجم المصطلحات الاعلامية
وكيل إعلانء وكيل صقم 0ه,,معجم المصطلحات الاعلامية
إشهار,,معجم المصطلحات الاعلامية
ليام عل أوعوج,,معجم المصطلحات الاعلامية
إعلانات ميوبة 0ع 30,,معجم المصطلحات الاعلامية
05 و5ع اناعم دعل عناوأءطنامر,,معجم المصطلحات الاعلامية
محرر إشهارات» محرر ينا 30,,معجم المصطلحات الاعلامية
إعلانات,,معجم المصطلحات الاعلامية
عامقا أاطنام العاعولمم,,معجم المصطلحات الاعلامية
اقتباس ملماردله,,معجم المصطلحات الاعلامية
0م200,,معجم المصطلحات الاعلامية
إضافة لارنا ج200,,معجم المصطلحات الاعلامية
20060,,معجم المصطلحات الاعلامية
برنامج إضافي أقدده11ل20,,معجم المصطلحات الاعلامية
1 للي 011,,معجم المصطلحات الاعلامية
10 قوممم رأعصمه20018 عسرلمقءومم,,معجم المصطلحات الاعلامية
ع قالع مرة اميه,,معجم المصطلحات الاعلامية
"كلمة, خطاب 200155",,معجم المصطلحات الاعلامية
"الامء5أل زرو تاعماج زعدوع,ل0ج",,معجم المصطلحات الاعلامية
صَبْط وتأغكن لج,,معجم المصطلحات الاعلامية
3و6 بامعمعكبازج,,معجم المصطلحات الاعلامية
إدارة مه اكامتصلع,,معجم المصطلحات الاعلامية
موعن زمملاقولم لولج,,معجم المصطلحات الاعلامية
ع اناه جاكام و20,,معجم المصطلحات الاعلامية
أأوممع0,,معجم المصطلحات الاعلامية
( إبداع عدد من اللسخ من كل إصدار ذوري لدى وزارة,,معجم المصطلحات الاعلامية
الإعلام أو هيئة حكومية أخرى),,معجم المصطلحات الاعلامية
أهونا قمعل ركتامودتمتملة عقمغل0,,معجم المصطلحات الاعلامية
إبداع قانوي,,معجم المصطلحات الاعلامية
26,,معجم المصطلحات الاعلامية
29,,معجم المصطلحات الاعلامية
30,,معجم المصطلحات الاعلامية
31,,معجم المصطلحات الاعلامية
32,,معجم المصطلحات الاعلامية
33,,معجم المصطلحات الاعلامية
35,,معجم المصطلحات الاعلامية
36,,معجم المصطلحات الاعلامية
37,,معجم المصطلحات الاعلامية
39,,معجم المصطلحات الاعلامية
41,,معجم المصطلحات الاعلامية
علاع6 عموقم مرق,,معجم المصطلحات الاعلامية
/136ل300.,,معجم المصطلحات الاعلامية
دق ل,,معجم المصطلحات الاعلامية
حماكءةهم رعلبطتعييهه,,معجم المصطلحات الاعلامية
لالوج لقره طعق 16,,معجم المصطلحات الاعلامية
اع,,معجم المصطلحات الاعلامية
تعليق لاذع لالإضاتئء7ثارم 0أء 2 17,,معجم المصطلحات الاعلامية
6أنالاءة عرأمامعصسمرمى,,معجم المصطلحات الاعلامية
. عَزْل صوق ممتغهامدا اهءأدبامعق 18,,معجم المصطلحات الاعلامية
260500 005لاة501ا,,معجم المصطلحات الاعلامية
صوتيّات كا لأكنامء3 19,,معجم المصطلحات الاعلامية
2060050,,معجم المصطلحات الاعلامية
صحفي مُعتّمد غأدأاققعناهز لعاأزلعن 3 20,,معجم المصطلحات الاعلامية
ل 6ع عادأاةم اهز,,معجم المصطلحات الاعلامية
نحت أوائلي 21100801,,معجم المصطلحات الاعلامية
( كلمة منحوتة من الحروف الأولى لعدد من الكلمات» نحو,,معجم المصطلحات الاعلامية
عاوزة زعم الإاممعج,,معجم المصطلحات الاعلامية
تمغيل 9 220,,معجم المصطلحات الاعلامية
(في المسرمم أو الإذاعة أو التلقزة أو السيئما»,,معجم المصطلحات الاعلامية
لومعم معام,,معجم المصطلحات الاعلامية
ّم مغامرات 20/601 زمرهه2 23,,معجم المصطلحات الاعلامية
. رسا,,معجم المصطلحات الاعلامية
لين كيد انثالنا,,معجم المصطلحات الاعلامية
أخبار عيائيّة :كللا1 1زوتع3 24,,معجم المصطلحات الاعلامية
كنلا 55ع1 يلاع بات,,معجم المصطلحات الاعلامية
(أخبار ينقلها شاهد عيان من موقع الندث),,معجم المصطلحات الاعلامية
5 عع نلق ملأو ودرممل لقسامز,,معجم المصطلحات الاعلامية
لاناعة! 5ع! اناك,,معجم المصطلحات الاعلامية
ممثل رال...)الأول» عله وصتفدع! برمامق 25,,معجم المصطلحات الاعلامية
دورزال...) الأول,,معجم المصطلحات الاعلامية
عاقمأع ممم عافرم عم,,معجم المصطلحات الاعلامية
سس (36035655 ):مهة 26,,معجم المصطلحات الاعلامية
(م. مثلة),,معجم المصطلحات الاعلامية
(عءاناعة) تاعامج,,معجم المصطلحات الاعلامية
لوأممتم اأقتعءح 27,,معجم المصطلحات الاعلامية
و ودعدع نالاعع 7اع وحأكتا]ع 30,,معجم المصطلحات الاعلامية
وكيل إشهاري؛ وكيل,,معجم المصطلحات الاعلامية
إعلانات,,معجم المصطلحات الاعلامية
إغراء إشهاري» إغراء,,معجم المصطلحات الاعلامية
إعلاي,,معجم المصطلحات الاعلامية
أسلوب إشهاري»,,معجم المصطلحات الاعلامية
أسلوب إعلاي,,معجم المصطلحات الاعلامية
فنَ الإشهارء فن,,معجم المصطلحات الاعلامية
الإعلان,,معجم المصطلحات الاعلامية
عنوان بارز,,معجم المصطلحات الاعلامية
(للفت الأنظا),,معجم المصطلحات الاعلامية
30601 ودأكتاعء201,,معجم المصطلحات الاعلامية
مغ زاطنام عل غمعوج,,معجم المصطلحات الاعلامية
أقعممة وسمأكاطاعء الج,,معجم المصطلحات الاعلامية
عرأمناء انام إعمم3,,معجم المصطلحات الاعلامية
حءقمعرمة ووأكوتفع يلج,,معجم المصطلحات الاعلامية
ع زوع الطنام عطعمرممعة,,معجم المصطلحات الاعلامية
غرج ومأكتاعبقة,,معجم المصطلحات الاعلامية
فغءتاطيم ها عل مج,,معجم المصطلحات الاعلامية
«علصقط ووأكتارع 0ج,,معجم المصطلحات الاعلامية
علأهناءااطنام عناوأعطيم عل عننا,,معجم المصطلحات الاعلامية
"علامة إشهارية, علامة",,معجم المصطلحات الاعلامية
إعلانية,,معجم المصطلحات الاعلامية
حملة إشهارية» حملة,,معجم المصطلحات الاعلامية
إعلانية,,معجم المصطلحات الاعلامية
زَعْم إشهاري؛ زعم,,معجم المصطلحات الاعلامية
إعلاي,,معجم المصطلحات الاعلامية
لفط ووأك اطع الج,,معجم المصطلحات الاعلامية
عأدأءأأطنام عبا ممم,,معجم المصطلحات الاعلامية
موأممتحرق ولدلا رعيالج,,معجم المصطلحات الاعلامية
6ل اأطنام عل موقم ررق,,معجم المصطلحات الاعلامية
تدك ومتدافامع الج,,معجم المصطلحات الاعلامية
مكدع ممم رع ززمطء ايام مملغهوة اا,,معجم المصطلحات الاعلامية
مضمون الإعلان:,,معجم المصطلحات الاعلامية
مضمون الإشهار,,معجم المصطلحات الاعلامية
"نص الإعلان, نص",,معجم المصطلحات الاعلامية
الإشهار,,معجم المصطلحات الاعلامية
تأثير الإشهارء تأثير,,معجم المصطلحات الاعلامية
الإعلان,,معجم المصطلحات الاعلامية
عرزقعأء اطلام,,معجم المصطلحات الاعلامية
أمع ده ووتوتاع بالج,,معجم المصطلحات الاعلامية
عتما تاطنام بامعخمم,,معجم المصطلحات الاعلامية
لإدره» ودأكتاء2012,,معجم المصطلحات الاعلامية
عأهاء |أطلام عايام؟,,معجم المصطلحات الاعلامية
ومسأكااءعءال3,,معجم المصطلحات الاعلامية
ك5ء1ء لالامع اا,,معجم المصطلحات الاعلامية
عمأقناء اطلام 6أعهعلقاع,,معجم المصطلحات الاعلامية
57,,معجم المصطلحات الاعلامية
58,,معجم المصطلحات الاعلامية
59,,معجم المصطلحات الاعلامية
61,,معجم المصطلحات الاعلامية
62,,معجم المصطلحات الاعلامية
67,,معجم المصطلحات الاعلامية
لاه لاقت,,معجم المصطلحات الاعلامية
ره أكداتصلة,,معجم المصطلحات الاعلامية
همدخل الجمهور,,معجم المصطلحات الاعلامية
عأأطنام بال عقطمةء,,معجم المصطلحات الاعلامية
وَمْم الدخول عه؟ لرمأووتطرلة,,معجم المصطلحات الاعلامية
عطوع ]ل كلام,,معجم المصطلحات الاعلامية
مخصّص لطبعة الأحد 50031 101 ع036ة201,,معجم المصطلحات الاعلامية
عطعءلقتوأل بل ممتاتلة! ذخ دعوم,,معجم المصطلحات الاعلامية
ورقة أولية بماد ععررة32097,,معجم المصطلحات الاعلامية
ععامهم امقاة,,معجم المصطلحات الاعلامية
"هدف الإعلان, هدف تكتتينيئك",,معجم المصطلحات الاعلامية
الإشهار,,معجم المصطلحات الاعلامية
ععممصضقة عمن؟ل عاطك,,معجم المصطلحات الاعلامية
أترع سرع تار 301,,معجم المصطلحات الاعلامية
إشهار للنساءء إعلان,,معجم المصطلحات الاعلامية
5ع ألا أج تلع لموعط,,معجم المصطلحات الاعلامية
للدساء,,معجم المصطلحات الاعلامية
5 ؟ لللة 30785566 عممواءة,,معجم المصطلحات الاعلامية
ع عد 3017,,معجم المصطلحات الاعلامية
سرام,,معجم المصطلحات الاعلامية
مع أاطيام عل عصووام روععممممه؟ل عضموام»,,معجم المصطلحات الاعلامية
"مجلة إعلانية, محلة در رمه شرع اله",,معجم المصطلحات الاعلامية
11,,معجم المصطلحات الاعلامية
إشهارية,,معجم المصطلحات الاعلامية
عموه الاعلانات,,معجم المصطلحات الاعلامية
5 حطمة'ل عوأعدوقكم,,معجم المصطلحات الاعلامية
20,,معجم المصطلحات الاعلامية
تان,,معجم المصطلحات الاعلامية
عنأمأأء|أطنام ععصمصضمة؟'! عل ع539دعم,,معجم المصطلحات الاعلامية
صفحة الإعلانات 0م ألع داع دارع الج,,معجم المصطلحات الاعلامية
رسالة الإعلان,,معجم المصطلحات الاعلامية
80065 36م,,معجم المصطلحات الاعلامية
مساحة إعلائية 2ك الع جاع دارع اله,,معجم المصطلحات الاعلامية
عمأماقاطنام معدموع,,معجم المصطلحات الاعلامية
مُعْلن معوتا عله,,معجم المصطلحات الاعلامية
لت كنك,,معجم المصطلحات الاعلامية
إشهارء إعلان ودأك علج,,معجم المصطلحات الاعلامية
علطيام,,معجم المصطلحات الاعلامية
عشار إشهاري: توؤأيالة ولرأوتاعء الج,,معجم المصطلحات الاعلامية
مستشار إعلاني,,معجم المصطلحات الاعلامية
علطيام مع ععالأعومم,,معجم المصطلحات الاعلامية
"وكالة إشهارية, وكالة ل20©736 ورأىتااع 01ج",,معجم المصطلحات الاعلامية
إعلانات,,معجم المصطلحات الاعلامية
6 أ تاطيم عل عممعوة,,معجم المصطلحات الاعلامية
42,,معجم المصطلحات الاعلامية
43,,معجم المصطلحات الاعلامية
45,,معجم المصطلحات الاعلامية
47,,معجم المصطلحات الاعلامية
49,,معجم المصطلحات الاعلامية
50,,معجم المصطلحات الاعلامية
51,,معجم المصطلحات الاعلامية
52,,معجم المصطلحات الاعلامية
53,,معجم المصطلحات الاعلامية
55,,معجم المصطلحات الاعلامية
56,,معجم المصطلحات الاعلامية
أو أرما علمة,,معجم المصطلحات الاعلامية
صة إشهارية؛ فرصة وسأء اا رع 2010,,معجم المصطلحات الاعلامية
فرصة إشهارية؛ فر بسحسهت,,معجم المصطلحات الاعلامية
إعلانية,,معجم المصطلحات الاعلامية
6اأملطروممه زعرتماك اطلام تنقعمةن,,معجم المصطلحات الاعلامية
عتما ]امام,,معجم المصطلحات الاعلامية
"أسعار الإعلان, أسعار 2285 ودأواامعلال2ج",,معجم المصطلحات الاعلامية
الإشهار,,معجم المصطلحات الاعلامية
وعرأقعال اأطيام ؤالرها,,معجم المصطلحات الاعلامية
أنظمة الإشهارء أنظمة وحرتداطى الج,,معجم المصطلحات الاعلامية
ممتاذابوعم,,معجم المصطلحات الاعلامية
الإعلان,,معجم المصطلحات الاعلامية
(وهي القواعد الي تنظم العمل في هذا المحال),,معجم المصطلحات الاعلامية
غاء لمهم ذا عل غمعجمعاومم,,معجم المصطلحات الاعلامية
جدول الإعلانات #أنلعطءه ودأعتاع32017,,معجم المصطلحات الاعلامية
(لالحة تبيّن تسلسل إدراج الإعلانات),,معجم المصطلحات الاعلامية
وعم ولتق قعل مولاأرعكمال ععاملمعامى,,معجم المصطلحات الاعلامية
شعار إشهاري؛ شعار دهوماء ودأدلاع201,,معجم المصطلحات الاعلامية
إعلاي,,معجم المصطلحات الاعلامية
عرأوؤاءأأطنم رقوماة,,معجم المصطلحات الاعلامية
أعر افى الايد و «أعتاء نالدج,,معجم المصطلحات الاعلامية
"3 : لإشهان, لاع نت",,معجم المصطلحات الاعلامية
أعراف الإعلان,,معجم المصطلحات الاعلامية
( وهي القواعد العرقية أو القانونية الي تضبط العمل في هذا,,معجم المصطلحات الاعلامية
الجال),,معجم المصطلحات الاعلامية
كع نأماأء|أاطنام وعصيهد,,معجم المصطلحات الاعلامية
مسائدة إعلانية غ+مططناك ووأوتازة الج,,معجم المصطلحات الاعلامية
ع لهاع ةاطيام معلءأنا50,,معجم المصطلحات الاعلامية
فاصل إعلابي» فاصل © وتأوتارعء201,,معجم المصطلحات الاعلامية
إشهاري,,معجم المصطلحات الاعلامية
ف اأطنام عل دمرويعا,,معجم المصطلحات الاعلامية
صحيفة إعلانية عله ووأكارع2ال2,,معجم المصطلحات الاعلامية
8 اقمسنمل,,معجم المصطلحات الاعلامية
أ ألطنام ذا عل اعضصملووع]مهم أقمانامز,,معجم المصطلحات الاعلامية
"مقال إعلاي, مقال ادترم عله",,معجم المصطلحات الاعلامية
إشهاري,,معجم المصطلحات الاعلامية
(في الصحافة المكترية),,معجم المصطلحات الاعلامية
عالعمومتعهلة عا اطنام,,معجم المصطلحات الاعلامية
81,,معجم المصطلحات الاعلامية
52,,معجم المصطلحات الاعلامية
85,,معجم المصطلحات الاعلامية
57,,معجم المصطلحات الاعلامية
عنطاء ورأوتنع 30,,معجم المصطلحات الاعلامية
"آداب الإشهار, آداب كو أطاء ودأدتارعء الج",,معجم المصطلحات الاعلامية
الإعلان,,معجم المصطلحات الاعلامية
عمأماتاطبام عنوأطاة,,معجم المصطلحات الاعلامية
فلم إشهاري» فلم حصا ومتواع ع يلج,,معجم المصطلحات الاعلامية
إعلاي,,معجم المصطلحات الاعلامية
عرأقاء أاطنام صا,,معجم المصطلحات الاعلامية
غرض الإشهارء غغرض أدهي ودتأوتاع اله,,معجم المصطلحات الاعلامية
الإعلان,,معجم المصطلحات الاعلامية
م8عأءأاطيم ذا 06 أتاعع[6,,معجم المصطلحات الاعلامية
صناعة الإشهار» بداودكصا وسمتد علج,,معجم المصطلحات الاعلامية
صناعة الإاعلان,,معجم المصطلحات الاعلامية
6غ أاطنام ها عل عأنئأدنالما,,معجم المصطلحات الاعلامية
نشرة إشهارية؛ نشرة غ2هع1 ووأوتاع لج,,معجم المصطلحات الاعلامية
إعلالية,,معجم المصطلحات الاعلامية
ع أقئأءأاطنام 5ناع6م05م,,معجم المصطلحات الاعلامية
"وثائق إشهارية, رنائق 11685241058 ولأوتارع201",,معجم المصطلحات الاعلامية
إعلانية,,معجم المصطلحات الاعلامية
عمتمال أأطرام وماأمامعمبءهل0,,معجم المصطلحات الاعلامية
مدير الإشهار مدير 10228961 وطأكتارعلالج,,معجم المصطلحات الاعلامية
الإعلان,,معجم المصطلحات الاعلامية
عنامال |اطنام للاعاععرأل,,معجم المصطلحات الاعلامية
سوق الإشهار» سوق أع 221 ودأدتاءع له,,معجم المصطلحات الاعلامية
الإعلان,,معجم المصطلحات الاعلامية
ؤناءللطنام ذا عل عطعيهمر,,معجم المصطلحات الاعلامية
"مطبوعات إشهارية, ,7311 ودأدتاع يمح",,معجم المصطلحات الاعلامية
مطبوعات إعلالية,,معجم المصطلحات الاعلامية
وع ماما زأطام كقطرلءمما,,معجم المصطلحات الاعلامية
وسيلة إغلانية انال وسأكواامع اله,,معجم المصطلحات الاعلامية
عمأقأ اطنام +زمممناد,,معجم المصطلحات الاعلامية
"رسالة إشهارية, رسالة 255655296 ولرأدتاعلال20",,معجم المصطلحات الاعلامية
إعلالية,,معجم المصطلحات الاعلامية
عأقغأءأاطنام عوه5د65م,,معجم المصطلحات الاعلامية
66,,معجم المصطلحات الاعلامية
69,,معجم المصطلحات الاعلامية
70,,معجم المصطلحات الاعلامية
71,,معجم المصطلحات الاعلامية
72,,معجم المصطلحات الاعلامية
73,,معجم المصطلحات الاعلامية
74,,معجم المصطلحات الاعلامية
75,,معجم المصطلحات الاعلامية
76,,معجم المصطلحات الاعلامية
3110 عع‎ ١,,معجم المصطلحات الاعلامية
مطرقة ونام عأه,,معجم المصطلحات الاعلامية
(إعلان يُنَثْ في الإذاعة على فترات متقارية),,معجم المصطلحات الاعلامية
دان عانم عدصداءم زمأله ها 8 عودنوه نقد,,معجم المصطلحات الاعلامية
1201,,معجم المصطلحات الاعلامية
مدّة البثء هدة الظهور أدمع ل ممعط زعت تراج,,معجم المصطلحات الاعلامية
دنيرانا,,معجم المصطلحات الاعلامية
(على الشاشة),,معجم المصطلحات الاعلامية
عمرعامة'ل وملرعة زمولووتصرة'ل ع6عبل,,معجم المصطلحات الاعلامية
موجات البث دعاق براح,,معجم المصطلحات الاعلامية
005,,معجم المصطلحات الاعلامية
جنيع الحقوق محفوظة لعتدرعهم: الاوك الج,,معجم المصطلحات الاعلامية
65 ه65 5ئ5أ010 5نام,,معجم المصطلحات الاعلامية
يومية متعددة الطبعات «أعجردم كينا د لهل -لاة,,معجم المصطلحات الاعلامية
وعامتاانمم عصواألة ق وعلللأمنو,,معجم المصطلحات الاعلامية
فلم التجوم أدمع- ماك أأه,,معجم المصطلحات الاعلامية
(فلم يشارك فيه عدد كبير من بحوم السيئما»,,معجم المصطلحات الاعلامية
ععل ق امعمرع غ كمه عغقوم ممتاهاة معام,,معجم المصطلحات الاعلامية
وعتاعل0ع/,,معجم المصطلحات الاعلامية
ترتيب ألفبائي معلنمه أمعلغعطقطماد,,معجم المصطلحات الاعلامية
عناوةة طقطماج عله,,معجم المصطلحات الاعلامية
تعديل مممععاة,,معجم المصطلحات الاعلامية
نم0011,,معجم المصطلحات الاعلامية
وسيلة إعلامية بديلة يلكت,,معجم المصطلحات الاعلامية
ره ألطاوطنك عل ولألع17,,معجم المصطلحات الاعلامية
تعدعام مالأ ه216,,معجم المصطلحات الاعلامية
1ل انان 5و اانا,,معجم المصطلحات الاعلامية
-لم0ى عكدعرم رعلاتأقمع ]|2 عووعم,,معجم المصطلحات الاعلامية
مالع ده ممع اورم,,معجم المصطلحات الاعلامية
مو أذأياء اع عباا همع طاح,,معجم المصطلحات الاعلامية
مبيحافة لا نظامية,,معجم المصطلحات الاعلامية
تلفزة بديلة,,معجم المصطلحات الاعلامية
مهم مولوايةاة رع دوعا موأوابة 1,,معجم المصطلحات الاعلامية
عالعصص ممع امه,,معجم المصطلحات الاعلامية
سينمائي هاو يي ل نيلك,,معجم المصطلحات الاعلامية
#ناعأقلرة عأوقمكت,,معجم المصطلحات الاعلامية
وان نانيك,,معجم المصطلحات الاعلامية
ع مم وملام,,معجم المصطلحات الاعلامية
؟ناع أ 8 طرق-ع لام وروم 0م,,معجم المصطلحات الاعلامية
رع تع ل لمهم,,معجم المصطلحات الاعلامية
مصور هإو,,معجم المصطلحات الاعلامية
تعديل,,معجم المصطلحات الاعلامية
301101181,,معجم المصطلحات الاعلامية
102,,معجم المصطلحات الاعلامية
103,,معجم المصطلحات الاعلامية
104,,معجم المصطلحات الاعلامية
105,,معجم المصطلحات الاعلامية
106,,معجم المصطلحات الاعلامية
107,,معجم المصطلحات الاعلامية
108,,معجم المصطلحات الاعلامية
109,,معجم المصطلحات الاعلامية
110,,معجم المصطلحات الاعلامية
111,,معجم المصطلحات الاعلامية
112,,معجم المصطلحات الاعلامية
113,,معجم المصطلحات الاعلامية
114,,معجم المصطلحات الاعلامية
115,,معجم المصطلحات الاعلامية
ودأوناءع/20 بوه200,,معجم المصطلحات الاعلامية
إعلان قضيّة ودأدوتارع يلج بمعجعه 20,,معجم المصطلحات الاعلامية
( مساحة إعلانية يشتريها المعلن للدقاع عن قضية أو,,معجم المصطلحات الاعلامية
للتعريف مرقف),,معجم المصطلحات الاعلامية
علانا اناوم ععلرطرقدوممم ورعناوة 3 -فاءأاطنام,,معجم المصطلحات الاعلامية
ع05ا68,,معجم المصطلحات الاعلامية
هوائي العامة تلمامعج,,معجم المصطلحات الاعلامية
عممعامة,,معجم المصطلحات الاعلامية
"إشهار جوي, إعلان ودأدمعل3 اداعح",,معجم المصطلحات الاعلامية
جوي,,معجم المصطلحات الاعلامية
عممع ممق غأنالطنام,,معجم المصطلحات الاعلامية
كاميرة جويّة وععترق أواعح,,معجم المصطلحات الاعلامية
5 وعنالا ع0 هاعم انالوم 0851608,,معجم المصطلحات الاعلامية
صورة جو ية أجلرع2 تعوهدطا أدافعج,,معجم المصطلحات الاعلامية
مرو وم هدام,,معجم المصطلحات الاعلامية
عطرع 361 عوهما,,معجم المصطلحات الاعلامية
زوصتاموطه أوامعج,,معجم المصطلحات الاعلامية
ادامدءرومناهنجام أوامعج,,معجم المصطلحات الاعلامية
كعممع 36 ذعبالا عل عدلام,,معجم المصطلحات الاعلامية
وكليتاءك,,معجم المصطلحات الاعلامية
2060,,معجم المصطلحات الاعلامية
نص مثير لإدمه عاأكوع:وو3,,معجم المصطلحات الاعلامية
تناع ناء 0 اععة عاناة 1,,معجم المصطلحات الاعلامية
ودرأ ممعم عباأكوع: 209,,معجم المصطلحات الاعلامية
تصوير بجوي,,معجم المصطلحات الاعلامية
استطلاع مثير,,معجم المصطلحات الاعلامية
06م زأمماقط ممه عوهممع1,,معجم المصطلحات الاعلامية
01038 عوقاأزممع: زعلا وتم قزل,,معجم المصطلحات الاعلامية
ركن الاجتماعيات له لزإلرموة,,معجم المصطلحات الاعلامية
( ركن ينشر إعلانات مبوّبة عن للتغيبين والمفقودات,,معجم المصطلحات الاعلامية
وللناسبات الاجتماعية),,معجم المصطلحات الاعلامية
5ع أأ50056عم كععمموطموة,,معجم المصطلحات الاعلامية
امع جاعم و2,,معجم المصطلحات الاعلامية
ملاوع امه بقارم جل امع36,,معجم المصطلحات الاعلامية
عانلعاعد له لمعلاة,,معجم المصطلحات الاعلامية
تبكر,,معجم المصطلحات الاعلامية
(ما كان سابقاً لأوانه» أو ما وقع قبل موعده),,معجم المصطلحات الاعلامية
كم أ5أباغ م وعا #زاد ع21386 لع,,معجم المصطلحات الاعلامية
تاريخ الث نيلك,,معجم المصطلحات الاعلامية
»لت نفلك حك تكلءك,,معجم المصطلحات الاعلامية
89,,معجم المصطلحات الاعلامية
51,,معجم المصطلحات الاعلامية
52,,معجم المصطلحات الاعلامية
53,,معجم المصطلحات الاعلامية
595,,معجم المصطلحات الاعلامية
57,,معجم المصطلحات الاعلامية
100,,معجم المصطلحات الاعلامية
101,,معجم المصطلحات الاعلامية
ومتاممة5 وعث3,,معجم المصطلحات الاعلامية
ردادة عدتحاعقم وسامع كمد,,معجم المصطلحات الاعلامية
(آلة تسحيل صوق يسم عليها حواب للمتصلين,,معجم المصطلحات الاعلامية
يسمعونه في حال غياب أصحاب المتزرل ويدعوهم لذكر,,معجم المصطلحات الاعلامية
أسمائهم وأرقام هراتفهم),,معجم المصطلحات الاعلامية
عد030م ناج الاعلمممةم,,معجم المصطلحات الاعلامية
عكتارات لإوهأمتتاجرده,,معجم المصطلحات الاعلامية
(أدبية أو موسيقية),,معجم المصطلحات الاعلامية
عزووامطاقة,,معجم المصطلحات الاعلامية
جمهور مرئقب ععدعألنات نمدم لمق,,معجم المصطلحات الاعلامية
عام جزنمعوع ععرعألناة,,معجم المصطلحات الاعلامية
مضاهٌ للعشويش اليينييك فنليكك,,معجم المصطلحات الاعلامية
تك نيك,,معجم المصطلحات الاعلامية
فتحة (ممعتله) ع انعمج,,معجم المصطلحات الاعلامية
(فتحة سجاف الكاميرة» وهي تنحكّم في كمّية الثور,,معجم المصطلحات الاعلامية
الوارد على الفلم),,معجم المصطلحات الاعلامية
عالااع /الا0,,معجم المصطلحات الاعلامية
ضكة كناأةإقطم3,,معجم المصطلحات الاعلامية
3ع ممممة,,معجم المصطلحات الاعلامية
"صدور (في الصحافة), زوع موه",,معجم المصطلحات الاعلامية
ظهور(على خشبة,,معجم المصطلحات الاعلامية
المسرح أو على,,معجم المصطلحات الاعلامية
الشاشة),,معجم المصطلحات الاعلامية
نهم زمملألرهممة,,معجم المصطلحات الاعلامية
تاريخ المُدور قل معتروروع دورق,,معجم المصطلحات الاعلامية
ممتانتيهم عل عأوهل,,معجم المصطلحات الاعلامية
مُلحق ال ل تاعجردرج,,معجم المصطلحات الاعلامية
غمعلرعامصناك زعءالمعمم2,,معجم المصطلحات الاعلامية
موعد ال أمممة,,معجم المصطلحات الاعلامية
5نا0/ا 2ع لمع,,معجم المصطلحات الاعلامية
محفوظات تنينلنكيك,,معجم المصطلحات الاعلامية
(مكان حفظ الوثائق),,معجم المصطلحات الاعلامية
وعلاأطاع مق,,معجم المصطلحات الاعلامية
تعيين جغرافي وسالمتممه معرج,,معجم المصطلحات الاعلامية
عن وألامقعومغن عوقصصم| أل أمقاعة,,معجم المصطلحات الاعلامية
131,,معجم المصطلحات الاعلامية
132,,معجم المصطلحات الاعلامية
133,,معجم المصطلحات الاعلامية
134,,معجم المصطلحات الاعلامية
135,,معجم المصطلحات الاعلامية
136,,معجم المصطلحات الاعلامية
137,,معجم المصطلحات الاعلامية
138,,معجم المصطلحات الاعلامية
139,,معجم المصطلحات الاعلامية
140,,معجم المصطلحات الاعلامية
141,,معجم المصطلحات الاعلامية
142,,معجم المصطلحات الاعلامية
عع امامت,,معجم المصطلحات الاعلامية
لحلنءلنيك,,معجم المصطلحات الاعلامية
لاقع ل أاملطة,,معجم المصطلحات الاعلامية
م 1لصووة,,معجم المصطلحات الاعلامية
(لخق) ورم كدابانل10,,معجم المصطلحات الاعلامية
عن أأصحمة'0 مملأقان700,,معجم المصطلحات الاعلامية
[بمللتتيك,,معجم المصطلحات الاعلامية
تعديل الموجة,,معجم المصطلحات الاعلامية
متداظر,,معجم المصطلحات الاعلامية
عن1أو30810,,معجم المصطلحات الاعلامية
تحليل تلح للننيكت,,معجم المصطلحات الاعلامية
حا للتايكت,,معجم المصطلحات الاعلامية
مقلم (/٠ا1) وممدنعم مطاعمة,,معجم المصطلحات الاعلامية
(المذيع الرئيسي الذي يقدّم نشرة الأحبار المتلفزة),,معجم المصطلحات الاعلامية
غوأياهام اممعرهز عل عغوزتم-م اد ذاقصنامز,,معجم المصطلحات الاعلامية
زاوية 2191,,معجم المصطلحات الاعلامية
“نيك,,معجم المصطلحات الاعلامية
لقطة زاوية أمداك عاودة,,معجم المصطلحات الاعلامية
355 وام,,معجم المصطلحات الاعلامية
تترومترق لعامستمة,,معجم المصطلحات الاعلامية
ا لعامسامة,,معجم المصطلحات الاعلامية
ماه درتمع'ل صل بفصاتصة وتلووعل,,معجم المصطلحات الاعلامية
لكك يلكت,,معجم المصطلحات الاعلامية
رسوم معحركة,,معجم المصطلحات الاعلامية
إعداد,,معجم المصطلحات الاعلامية
(الرسوم المتحركة),,معجم المصطلحات الاعلامية
ةمامق,,معجم المصطلحات الاعلامية
حوليّات تلنيليكن,,معجم المصطلحات الاعلامية
اينيك,,معجم المصطلحات الاعلامية
تحشية لفاك يليك,,معجم المصطلحات الاعلامية
اك كيلك,,معجم المصطلحات الاعلامية
إعلان 2701,,معجم المصطلحات الاعلامية
دكايانك,,معجم المصطلحات الاعلامية
ا136نا21200,,معجم المصطلحات الاعلامية
اناع 8050,,معجم المصطلحات الاعلامية
سنوي لالردعلا رأقشتصة,,معجم المصطلحات الاعلامية
أعناصصق,,معجم المصطلحات الاعلامية
جواب توكفيننليكت,,معجم المصطلحات الاعلامية
16015,,معجم المصطلحات الاعلامية
116,,معجم المصطلحات الاعلامية
117,,معجم المصطلحات الاعلامية
118,,معجم المصطلحات الاعلامية
119,,معجم المصطلحات الاعلامية
120,,معجم المصطلحات الاعلامية
121,,معجم المصطلحات الاعلامية
122,,معجم المصطلحات الاعلامية
123,,معجم المصطلحات الاعلامية
124,,معجم المصطلحات الاعلامية
125,,معجم المصطلحات الاعلامية
126,,معجم المصطلحات الاعلامية
127,,معجم المصطلحات الاعلامية
128,,معجم المصطلحات الاعلامية
129,,معجم المصطلحات الاعلامية
130,,معجم المصطلحات الاعلامية
‎١ /جاثانطفناة,,معجم المصطلحات الاعلامية
تقوم 2550,,معجم المصطلحات الاعلامية
6/1,,معجم المصطلحات الاعلامية
توزيع الأدوار خصع ص درو ك5 زوولكدق,,معجم المصطلحات الاعلامية
5عا6) ع0 مولاممع ]أ,,معجم المصطلحات الاعلامية
توزيع القبوات 2551111,,معجم المصطلحات الاعلامية
2 50م 0م مط,,معجم المصطلحات الاعلامية
“الا 0ه ع0 لوأأناط تاج,,معجم المصطلحات الاعلامية
في مهمة (-قه) 1قل2136 و3551,,معجم المصطلحات الاعلامية
مع ز(صمأواباؤاة غع وأله) ومأوذامم مع,,معجم المصطلحات الاعلامية
(655:م) عومارومع,,معجم المصطلحات الاعلامية
مساعد المصّور 1 مادأكوة,,معجم المصطلحات الاعلامية
ناع 684 مه أمقاكاوكة,,معجم المصطلحات الاعلامية
مساعد المخرج ومع أل غأمهاداكدوج,,معجم المصطلحات الاعلامية
#ناعأهوزاهة: أل ماواووة,,معجم المصطلحات الاعلامية
1- محر مساعد “ماله الرماداكوة,,معجم المصطلحات الاعلامية
(عووعةم) مماعقلغ ذا عل أمماواووج -1,,معجم المصطلحات الاعلامية
2- مؤلف مساعد 50189 ألاماذا355 -2,,معجم المصطلحات الاعلامية
(قصغمك),,معجم المصطلحات الاعلامية
نائب المدير 11211201 هادأ ككة,,معجم المصطلحات الاعلامية
الاعاعع 5005-0,,معجم المصطلحات الاعلامية
مساعد مدير الإنعاج 2001م غ81هأكأفوج,,معجم المصطلحات الاعلامية
وكتيلتللن,,معجم المصطلحات الاعلامية
(ناقع هام 06) العودلوة,,معجم المصطلحات الاعلامية
مساعد المنتج “عع لمهم عأوته2550,,معجم المصطلحات الاعلامية
(مسصعوك),,معجم المصطلحات الاعلامية
فناوة !6ل انماع نالم20م ب6قمدوة الاعاء لمم,,معجم المصطلحات الاعلامية
أطلس 205,,معجم المصطلحات الاعلامية
تنيلك,,معجم المصطلحات الاعلامية
متاح عع 21,,معجم المصطلحات الاعلامية
لغ امكمجة زععم وأطلوة,,معجم المصطلحات الاعلامية
تناع ن-ذره لماج,,معجم المصطلحات الاعلامية
جَذَاب,,معجم المصطلحات الاعلامية
(يجذب الانتباه ويلفت الأنظار),,معجم المصطلحات الاعلامية
مملمعناة'! أمعلاعء أو زعلاة أنان,,معجم المصطلحات الاعلامية
دراسة المواقف لإعيااباكت علابطأطاق,,معجم المصطلحات الاعلامية
كنل عتقلونهع,,معجم المصطلحات الاعلامية
مسموعيّة بحا ذا أطالناج,,معجم المصطلحات الاعلامية
6 انطتلناة,,معجم المصطلحات الاعلامية
‎159,,معجم المصطلحات الاعلامية
‎160,,معجم المصطلحات الاعلامية
‎161,,معجم المصطلحات الاعلامية
‎162,,معجم المصطلحات الاعلامية
‎163,,معجم المصطلحات الاعلامية
‎1664,,معجم المصطلحات الاعلامية
‎165,,معجم المصطلحات الاعلامية
‎166,,معجم المصطلحات الاعلامية
‎167,,معجم المصطلحات الاعلامية
‎168,,معجم المصطلحات الاعلامية
‎169,,معجم المصطلحات الاعلامية
‎170,,معجم المصطلحات الاعلامية
‎171,,معجم المصطلحات الاعلامية
‎172,,معجم المصطلحات الاعلامية
‎173,,معجم المصطلحات الاعلامية
خدع] عباق اطع لاو]ة,,معجم المصطلحات الاعلامية
نص مو 9 امع عياأمارع تصنتونة,,معجم المصطلحات الاعلامية
( نص مسعند إلى الج والوثائق وفق أصول البحث,,معجم المصطلحات الاعلامية
العلمي),,معجم المصطلحات الاعلامية
عناوتاته عالاها رغ امع راناواة عغلاما,,معجم المصطلحات الاعلامية
توزيع موسيقي قرع ل وحع ره,,معجم المصطلحات الاعلامية
عاق أكنام ممأغأهام 203,,معجم المصطلحات الاعلامية
ناقد فني عتالك غرج,,معجم المصطلحات الاعلامية
خرو'ل عناولأاكت,,معجم المصطلحات الاعلامية
قسم التصوير م همع ل 201,,معجم المصطلحات الاعلامية
ممع مأملام زعباوتأطامةنومغمام عمابمعو,,معجم المصطلحات الاعلامية
مدير المناظر «مطاعمم 1ل عيج,,معجم المصطلحات الاعلامية
الاعأة مع 6ل عط,,معجم المصطلحات الاعلامية
مدير قسم التصوير لنت قت,,معجم المصطلحات الاعلامية
مكمجام عمابمعد بال أعتاء,,معجم المصطلحات الاعلامية
فلم فني لنيالنفيكت,,معجم المصطلحات الاعلامية
أمق'ل لكأ,,معجم المصطلحات الاعلامية
قاعة السينما التجريبية امت يعدتتمط خوج,,معجم المصطلحات الاعلامية
(8لسعمل) م امعط,,معجم المصطلحات الاعلامية
أهدوع'ل غع غرو'ل فصقمه,,معجم المصطلحات الاعلامية
مقالة تلفزتقك,,معجم المصطلحات الاعلامية
تعامهم رعاع 2,,معجم المصطلحات الاعلامية
ذكاء اصطتاعي ععدعن اعم لمك ارد,,معجم المصطلحات الاعلامية
عاأعاع]تارة ععمعو[أاعاما,,معجم المصطلحات الاعلامية
لغة اصطناعيسة 306 أقك أتايج,,معجم المصطلحات الاعلامية
أعأء ناج عودوودا,,معجم المصطلحات الاعلامية
صوت اصطناعي عاونا امهرد,,معجم المصطلحات الاعلامية
عالع 3 ع«لم/ا,,معجم المصطلحات الاعلامية
فنان #نانيقك,,معجم المصطلحات الاعلامية
عغولانة,,معجم المصطلحات الاعلامية
أملو ب في عابراء عنادلمة,,معجم المصطلحات الاعلامية
علو داعة عابود,,معجم المصطلحات الاعلامية
عروض وفتون ممع 8 كرد,,معجم المصطلحات الاعلامية
5عاعمععم؟ أه كارة,,معجم المصطلحات الاعلامية
قسم الإبداع رع لبا ومع ل عاعه بمج,,معجم المصطلحات الاعلامية
متاق 0 عمالارعد,,معجم المصطلحات الاعلامية
‎143,,معجم المصطلحات الاعلامية
‎144,,معجم المصطلحات الاعلامية
‎145,,معجم المصطلحات الاعلامية
‎146,,معجم المصطلحات الاعلامية
‎147,,معجم المصطلحات الاعلامية
‎148,,معجم المصطلحات الاعلامية
‎149,,معجم المصطلحات الاعلامية
‎150,,معجم المصطلحات الاعلامية
‎151,,معجم المصطلحات الاعلامية
‎152,,معجم المصطلحات الاعلامية
‎153,,معجم المصطلحات الاعلامية
‎154,,معجم المصطلحات الاعلامية
‎155,,معجم المصطلحات الاعلامية
‎156,,معجم المصطلحات الاعلامية
‎157,,معجم المصطلحات الاعلامية
‎158,,معجم المصطلحات الاعلامية
عروامطعم أوداكا/ا مانا,,معجم المصطلحات الاعلامية
تحرّل الجمهور لالت عع 01ناج,,معجم المصطلحات الاعلامية
عل جرماعلكمم جم 13 كمقل غدع دمع ومقلاء,,معجم المصطلحات الاعلامية
"ععمع لباه""",,معجم المصطلحات الاعلامية
مقياس المتابعة “ما تألننة,,معجم المصطلحات الاعلامية
( جهاز موصول بالتلفاز يودع لدى المشاهدين لقيالس,,معجم المصطلحات الاعلامية
متابعتهم لبرامج التلفزة),,معجم المصطلحات الاعلامية
منغ رروألناة,,معجم المصطلحات الاعلامية
سمي وقلناة,,معجم المصطلحات الاعلامية
وألناة,,معجم المصطلحات الاعلامية
ترجمة صوتية ومتططيق وألنح,,معجم المصطلحات الاعلامية
(دبلجة),,معجم المصطلحات الاعلامية
وثلباة عوواطنه0,,معجم المصطلحات الاعلامية
أجهزة سمعيّة اد دمدتبوع وللناج,,معجم المصطلحات الاعلامية
وزلداة. اماقم زوألناة غمع ممع مأناوغ,,معجم المصطلحات الاعلامية
تر د صوق بمسعسوع؟ وألناة,,معجم المصطلحات الاعلامية
(طيض الموحات الصوئيّة الي يمكن لأذن الإنسان سماعها),,معجم المصطلحات الاعلامية
وألناة عممعناوة؟,,معجم المصطلحات الاعلامية
وسائل سمعية 601 وألناة,,معجم المصطلحات الاعلامية
وألباة 3أل56,,معجم المصطلحات الاعلامية
مازج الصوت “معام وألنق,,معجم المصطلحات الاعلامية
وألناة الاعنامة,,معجم المصطلحات الاعلامية
إشارة إذاعية احدواء وألناة,,معجم المصطلحات الاعلامية
وألباة اقدواد,,معجم المصطلحات الاعلامية
شريط نععي عمرها وألناة,,معجم المصطلحات الاعلامية
وألداة عاأعودمه,,معجم المصطلحات الاعلامية
مسجّلة “لعل ونه عررها وألناة,,معجم المصطلحات الاعلامية
عمرهلام مأغطوة,,معجم المصطلحات الاعلامية
معي بصري أدناذألا وألناة,,معجم المصطلحات الاعلامية
أعنوأا-010ناة,,معجم المصطلحات الاعلامية
مُعينات بععيّة بصريّة 5لأة أهنادألا مألناة,,معجم المصطلحات الاعلامية
(معينات أو معدّات سمععيّة بصريّة يستعملها حاضر أو,,معجم المصطلحات الاعلامية
مدرس لمصاحبة عرضه),,معجم المصطلحات الاعلامية
واعناكآالا-301010 كأزمممناد,,معجم المصطلحات الاعلامية
أدباذأيا والتاخ,,معجم المصطلحات الاعلامية
عنان أضلاععا,,معجم المصطلحات الاعلامية
عأاعندأنا-و(0ناة علاوأمطعم),,معجم المصطلحات الاعلامية
تقنية معية بصرية,,معجم المصطلحات الاعلامية
166,,معجم المصطلحات الاعلامية
1657,,معجم المصطلحات الاعلامية
- 8,,معجم المصطلحات الاعلامية
1659,,معجم المصطلحات الاعلامية
150,,معجم المصطلحات الاعلامية
1981,,معجم المصطلحات الاعلامية
152,,معجم المصطلحات الاعلامية
153,,معجم المصطلحات الاعلامية
154,,معجم المصطلحات الاعلامية
155,,معجم المصطلحات الاعلامية
1596,,معجم المصطلحات الاعلامية
157,,معجم المصطلحات الاعلامية
158,,معجم المصطلحات الاعلامية
159,,معجم المصطلحات الاعلامية
©01206ناة,,معجم المصطلحات الاعلامية
حضور جمهور: ععمعء ألناة,,معجم المصطلحات الاعلامية
مشاهدون,,معجم المصطلحات الاعلامية
واناعغواء6م5 زعأأطنام زعممعالناة,,معجم المصطلحات الاعلامية
تيل الجمهور 5ل ولإاهدة عع رع أالية,,معجم المصطلحات الاعلامية
(من حيث المكوّنات والتصائص),,معجم المصطلحات الاعلامية
ععمعأنياق'ل عدلزاهمة,,معجم المصطلحات الاعلامية
توزيع الجمهور حرييه لعلدعرط عموع تناد,,معجم المصطلحات الاعلامية
ععمعزلنه'| ع0 وهتاتارقمة,,معجم المصطلحات الاعلامية
برامج موجّهة أقددنه؟ ععوع لاق,,معجم المصطلحات الاعلامية
(لاتعهة وللق) ععأاكء كعمجرقعوم:م,,معجم المصطلحات الاعلامية
وفاء ابلمهور باادلزه! ععمع أيه,,معجم المصطلحات الاعلامية
(أي إخلاصه متمملاً متابعة متّصلة),,معجم المصطلحات الاعلامية
ععمعألرة؟! عل 11061166,,معجم المصطلحات الاعلامية
ع6 اناد,,معجم المصطلحات الاعلامية
أمع عطق1,,معجم المصطلحات الاعلامية
(قياس درحة متابعة ابلسهرر),,معجم المصطلحات الاعلامية
066 ناة' 0 عاناوع ا,,معجم المصطلحات الاعلامية
مشاركة الجمهور معت زلتاة,,معجم المصطلحات الاعلامية
ممتغدمك تارمم,,معجم المصطلحات الاعلامية
إفي البرامج المفتووحة للعموم والِيَ نسحل فيها مشاركة,,معجم المصطلحات الاعلامية
الجمهور العادي),,معجم المصطلحات الاعلامية
عتلطنام بال ممغقمأعتارةهم,,معجم المصطلحات الاعلامية
طريقة مشاركة 1 عمد اناه,,معجم المصطلحات الاعلامية
الجمهور لولعم لمأأهمأء أغروط,,معجم المصطلحات الاعلامية
علاطم يل ممأأقمعتاعهم ع0 عناوتمرعع,,معجم المصطلحات الاعلامية
هواصفات الجمهور عالمهم ععوعم التاق,,معجم المصطلحات الاعلامية
ع0 عاللممم زععمعالنة'! عل ععنوتادترةاء 0ه,,معجم المصطلحات الاعلامية
حعا واكك لكل,,معجم المصطلحات الاعلامية
مؤشر الاستماع ودنام ععمعألناة,,معجم المصطلحات الاعلامية
عانامئعة'ل ععألماً,,معجم المصطلحات الاعلامية
دراسة الجمهور همدع معو ألناة,,معجم المصطلحات الاعلامية
(باستفتاء عيّنة مختارة منه),,معجم المصطلحات الاعلامية
ععمع للق علناة,,معجم المصطلحات الاعلامية
اختيار الجمهور وتاتااعونها ععدع ألناج,,معجم المصطلحات الاعلامية
( بانتقاء عيّات عشوائية أو وفق منهج معيّن),,معجم المصطلحات الاعلامية
وعاطك دعل مط,,معجم المصطلحات الاعلامية
©.,,معجم المصطلحات الاعلامية
14,,معجم المصطلحات الاعلامية
175,,معجم المصطلحات الاعلامية
176,,معجم المصطلحات الاعلامية
177,,معجم المصطلحات الاعلامية
18,,معجم المصطلحات الاعلامية
179,,معجم المصطلحات الاعلامية
160,,معجم المصطلحات الاعلامية
1681,,معجم المصطلحات الاعلامية
162,,معجم المصطلحات الاعلامية
163,,معجم المصطلحات الاعلامية
164,,معجم المصطلحات الاعلامية
1865,,معجم المصطلحات الاعلامية
مهنة التأليف متطكمو لاد,,معجم المصطلحات الاعلامية
اناعارا'ل م الادناو,,معجم المصطلحات الاعلامية
كثاف المؤلفين باعلا عنانا اياده,,معجم المصطلحات الاعلامية
والمصئفات,,معجم المصطلحات الاعلامية
وععاتا ع دو العاناة'ل كطتمط قم عرعلما,,معجم المصطلحات الاعلامية
5 ]'لانا0' 0,,معجم المصطلحات الاعلامية
سيرة ذائيّة رطام روه أطمطنج,,معجم المصطلحات الاعلامية
عأطمهروهلطماباق,,معجم المصطلحات الاعلامية
عارض الك زعناعه 3,,معجم المصطلحات الاعلامية
رض النصوص “ع طامتحيه رماع,,معجم المصطلحات الاعلامية
( جهاز محاذ لكاميرة التصوير يعرض نص الخريدة أمام,,معجم المصطلحات الاعلامية
مقلم الأخبار),,معجم المصطلحات الاعلامية
ناعم تممرمة !6,,معجم المصطلحات الاعلامية
توقيع امه روماباع,,معجم المصطلحات الاعلامية
26,,معجم المصطلحات الاعلامية
7 دَّ آلي وللاء الاكلزة 2أأ اناج,,معجم المصطلحات الاعلامية
عللو 3 لوماناة عدمومم: عل عرغ ديرو,,معجم المصطلحات الاعلامية
مُتاحيّة بواالتطواتواة,,معجم المصطلحات الاعلامية
عاطتصممذأل عممعفمع'ل دممعع زمغ !زطادمموال,,معجم المصطلحات الاعلامية
طَليعيّ 0 ارقلا,,معجم المصطلحات الاعلامية
هدودعم زعلعءقوحامهبو'ل عنل1 بعل دلو ادهاج,,معجم المصطلحات الاعلامية
- 1م0313,,معجم المصطلحات الاعلامية
معدل الجمهور ععدرءألناة عوورعلا2,,معجم المصطلحات الاعلامية
(المعدّل الوسيطي لعدد المتابعين من المهور),,معجم المصطلحات الاعلامية
عع لولم ععم6 2001,,معجم المصطلحات الاعلامية
سعر متوسط ملم 6وهم216,,معجم المصطلحات الاعلامية
معل50 كلام,,معجم المصطلحات الاعلامية
214,,معجم المصطلحات الاعلامية
215,,معجم المصطلحات الاعلامية
216,,معجم المصطلحات الاعلامية
217,,معجم المصطلحات الاعلامية
218,,معجم المصطلحات الاعلامية
219,,معجم المصطلحات الاعلامية
220,,معجم المصطلحات الاعلامية
221,,معجم المصطلحات الاعلامية
22,,معجم المصطلحات الاعلامية
223,,معجم المصطلحات الاعلامية
علاق/ةا وآلناة,,معجم المصطلحات الاعلامية
هموجة #معيّة: صوتية عاوينا وألناة,,معجم المصطلحات الاعلامية
وألنة علمه زعنو أ أكنامءة علمه,,معجم المصطلحات الاعلامية
تمثيليّة إذاعية 00 ألناة,,معجم المصطلحات الاعلامية
عك ناك ع انك,,معجم المصطلحات الاعلامية
فخص كناك,,معجم المصطلحات الاعلامية
لم60 أألناة,,معجم المصطلحات الاعلامية
تقرير تدقيق التوزيع خرموعم +ألناة,,معجم المصطلحات الاعلامية
(تقرير يُعدّه مكتب المحاسبة للتحقق من عدد التسخ المورّعة),,معجم المصطلحات الاعلامية
عل غه ترمتاقع ا ؟أكناز عل عع ]أو '! ع0 غروممم,,معجم المصطلحات الاعلامية
مولأباطلم وال,,معجم المصطلحات الاعلامية
06 وورتاألباة,,معجم المصطلحات الاعلامية
لبت اميك,,معجم المصطلحات الاعلامية
عوة ا عل مولام الا,,معجم المصطلحات الاعلامية
وناج,,معجم المصطلحات الاعلامية
فَخْص التوزيع,,معجم المصطلحات الاعلامية
استماع,,معجم المصطلحات الاعلامية
أ لناة,,معجم المصطلحات الاعلامية
حُجْرة نط0 ألناة,,معجم المصطلحات الاعلامية
(استوديوء وهو حجرة معزولة صوتيا لأحل الاستماع أو,,معجم المصطلحات الاعلامية
التسجيل الصوي),,معجم المصطلحات الاعلامية
نلأ لناة,,معجم المصطلحات الاعلامية
نص أصلي أماعط ولمع اانا,,معجم المصطلحات الاعلامية
عناوأمعطاناة عدم,,معجم المصطلحات الاعلامية
مؤلف انا,,معجم المصطلحات الاعلامية
اتاعاناق,,معجم المصطلحات الاعلامية
كاتب الحوار اأمتعد عط أن «ودتاياة,,معجم المصطلحات الاعلامية
( كائب السيناريو» وهو منطوط يحتوي نص الحوار في فلم,,معجم المصطلحات الاعلامية
أو مسرحية أو مسلسل تلفزي ويقطع الصّ إلى مشاهد),,معجم المصطلحات الاعلامية
ورومقع؟ عل الأعأناة,,معجم المصطلحات الاعلامية
إجازة مهمع اناج,,معجم المصطلحات الاعلامية
51101 أمأاناة,,معجم المصطلحات الاعلامية
مصادر مأذونة كع نامك ع2 1ن وطاباج,,معجم المصطلحات الاعلامية
5ع 0156 الاة 5ععلا50,,معجم المصطلحات الاعلامية
اتب ناشر “ع لك الطنم- كلاق,,معجم المصطلحات الاعلامية
أناع 601 -الاعاناة,,معجم المصطلحات الاعلامية
حقوق المؤلف كعع؟ 015 انا,,معجم المصطلحات الاعلامية
"؟ناع لاع"" كأزه:0",,معجم المصطلحات الاعلامية
200,,معجم المصطلحات الاعلامية
201,,معجم المصطلحات الاعلامية
202,,معجم المصطلحات الاعلامية
203,,معجم المصطلحات الاعلامية
204,,معجم المصطلحات الاعلامية
205,,معجم المصطلحات الاعلامية
206,,معجم المصطلحات الاعلامية
207,,معجم المصطلحات الاعلامية
208,,معجم المصطلحات الاعلامية
209,,معجم المصطلحات الاعلامية
210,,معجم المصطلحات الاعلامية
211,,معجم المصطلحات الاعلامية
212,,معجم المصطلحات الاعلامية
213,,معجم المصطلحات الاعلامية
كواليس عوماكل قط,,معجم المصطلحات الاعلامية
(..وع|)وعوو ]انام,,معجم المصطلحات الاعلامية
إعلانان مقروتنان (فٍ عاعقط- ما اء قط,,معجم المصطلحات الاعلامية
‎١ (أه عع تصحمع),,معجم المصطلحات الاعلامية
الصحافة المكتوبة)»,,معجم المصطلحات الاعلامية
إعلانان متجابعان (في,,معجم المصطلحات الاعلامية
الإذاعة والتلفزة),,معجم المصطلحات الاعلامية
5 م(اناعل زكع 0101006 5ع30506 كنال,,معجم المصطلحات الاعلامية
عالةبمعام! دمد5 ععمناه:و,,معجم المصطلحات الاعلامية
نسخة رديئة لإرمء قط,,معجم المصطلحات الاعلامية
لم0 عذأة لتقم,,معجم المصطلحات الاعلامية
خبر ستى وناعة لقط,,معجم المصطلحات الاعلامية
عاأعنانامم عدأونان 2,,معجم المصطلحات الاعلامية
شارة لط,,معجم المصطلحات الاعلامية
530,,معجم المصطلحات الاعلامية
فارز الصوت مع عافعمد زع مقط,,معجم المصطلحات الاعلامية
عامأععمع رع أوط,,معجم المصطلحات الاعلامية
مقال إغرائي» خخادع رومل) قط,,معجم المصطلحات الاعلامية
عسنيعا رزاعممة ال عاعلاية,,معجم المصطلحات الاعلامية
موازنة عع مواوط,,معجم المصطلحات الاعلامية
عرطلائسوة زععمواوط,,معجم المصطلحات الاعلامية
231,,معجم المصطلحات الاعلامية
232,,معجم المصطلحات الاعلامية
233,,معجم المصطلحات الاعلامية
234,,معجم المصطلحات الاعلامية
235,,معجم المصطلحات الاعلامية
236,,معجم المصطلحات الاعلامية
237,,معجم المصطلحات الاعلامية
238,,معجم المصطلحات الاعلامية
ظَهْر الغلاف عاعقط ععلامه عاعقط,,معجم المصطلحات الاعلامية
تلحنا,,معجم المصطلحات الاعلامية
عتنطاعنانامه ع0 موقم عورغا 08,,معجم المصطلحات الاعلامية
"عدد سابق ""نع جاحصناص رعتاذدآ ماعقط",,معجم المصطلحات الاعلامية
مم6 اناك لاناعألا زغطتيةم منغصنام,,معجم المصطلحات الاعلامية
(عنوألممةم),,معجم المصطلحات الاعلامية
تعصمه من عاعقط,,معجم المصطلحات الاعلامية
ممه ع اأاعع مر,,معجم المصطلحات الاعلامية
انهه عل ءأم0),,معجم المصطلحات الاعلامية
تجربة لمسمعوعاء قط,,معجم المصطلحات الاعلامية
( حلفيّة معطيات قاعديّة),,معجم المصطلحات الاعلامية
صحام عمؤلمرة زعممعارغم»يهع زؤأنا260,,معجم المصطلحات الاعلامية
موسيقي مُصاحبة عأكنات لمنام ول قط,,معجم المصطلحات الاعلامية
ممم عل عناو اكنال,,معجم المصطلحات الاعلامية
مقال استذكاري بحزمذة لسبوعواء خط,,معجم المصطلحات الاعلامية
(مقال موثق يستعيد تحلفية الأحداث),,معجم المصطلحات الاعلامية
دعا أمواعمممم عمتقامع صسنءمل وأءامج,,معجم المصطلحات الاعلامية
وعاعة 0 م1,,معجم المصطلحات الاعلامية
إضاءة خخلفيّة وماعغطوألءاعهط,,معجم المصطلحات الاعلامية
( إضاءة من وراء المشهد أو الشخمص المراد تصويره لخاق,,معجم المصطلحات الاعلامية
اتباين في التنرير),,معجم المصطلحات الاعلامية
عناهز-ع امم ق عوهأواءة,,معجم المصطلحات الاعلامية
224,,معجم المصطلحات الاعلامية
225,,معجم المصطلحات الاعلامية
226,,معجم المصطلحات الاعلامية
227,,معجم المصطلحات الاعلامية
228,,معجم المصطلحات الاعلامية
229,,معجم المصطلحات الاعلامية
230,,معجم المصطلحات الاعلامية
وأ,,معجم المصطلحات الاعلامية
لالقصاط,,معجم المصطلحات الاعلامية
أكثر(ال..) رواجا علاعع أوعط,,معجم المصطلحات الاعلامية
(كتاب أو منتج يحقق أحسن المبيعات),,معجم المصطلحات الاعلامية
عع لاع غوعط,,معجم المصطلحات الاعلامية
بين السطور 5ع5 | عط مععساعم,,معجم المصطلحات الاعلامية
كعضوذةا! دعا عنامع,,معجم المصطلحات الاعلامية
نصف سنوي أقناصصة-ضط,,معجم المصطلحات الاعلامية
أعماوعممع رزاعناصصةد تم,,معجم المصطلحات الاعلامية
انحياز كواط,,معجم المصطلحات الاعلامية
كلهم ندم رغ غعزلقا روم,,معجم المصطلحات الاعلامية
إعلان مُغرض ‎١ أ تاءع/1ل3 لعدواط,,معجم المصطلحات الاعلامية
عكناع اع هلمع ما أاطنام,,معجم المصطلحات الاعلامية
عيئة مُغِرضة عاصتيعة لعدواط,,معجم المصطلحات الاعلامية
مكزواط مرمالتاموط0ة,,معجم المصطلحات الاعلامية
قائمة مَراجع لاامصرهىوه آأطئط,,معجم المصطلحات الاعلامية
(بتليرغرافيا),,معجم المصطلحات الاعلامية
عتطمقئوو اطاط,,معجم المصطلحات الاعلامية
ثنائي الاتجاه اأمممتععع علاط,,معجم المصطلحات الاعلامية
أعص مه تامع أل -لط,,معجم المصطلحات الاعلامية
و انءيرك ولط,,معجم المصطلحات الاعلامية
حليل إياينا,,معجم المصطلحات الاعلامية
ماكب أل عدويو ذ علأمدوهم,,معجم المصطلحات الاعلامية
صحافة المدن الكبرى كدعام بلا ولط,,معجم المصطلحات الاعلامية
مجلّة واسعة الانتشار,,معجم المصطلحات الاعلامية
أن عووعرم,,معجم المصطلحات الاعلامية
يجاح عدرن ولط,,معجم المصطلحات الاعلامية
5ع6ناة,,معجم المصطلحات الاعلامية
إعلان لالط,,معجم المصطلحات الاعلامية
لمعقام بعاء ااه,,معجم المصطلحات الاعلامية
مره وطاائط,,معجم المصطلحات الاعلامية
"81"" لاقع رصقم",,معجم المصطلحات الاعلامية
إلصاق زوساغعمصاااط,,معجم المصطلحات الاعلامية
ومعك تاأوااأط,,معجم المصطلحات الاعلامية
"""انلك",,معجم المصطلحات الاعلامية
لالط درمتم اط,,معجم المصطلحات الاعلامية
أعناكمعصاط,,معجم المصطلحات الاعلامية
بمقوتط,,معجم المصطلحات الاعلامية
ع«أققاط,,معجم المصطلحات الاعلامية
253,,معجم المصطلحات الاعلامية
254,,معجم المصطلحات الاعلامية
255,,معجم المصطلحات الاعلامية
256,,معجم المصطلحات الاعلامية
257,,معجم المصطلحات الاعلامية
258,,معجم المصطلحات الاعلامية
259,,معجم المصطلحات الاعلامية
260,,معجم المصطلحات الاعلامية
261,,معجم المصطلحات الاعلامية
262,,معجم المصطلحات الاعلامية
263,,معجم المصطلحات الاعلامية
264,,معجم المصطلحات الاعلامية
265,,معجم المصطلحات الاعلامية
266,,معجم المصطلحات الاعلامية
267,,معجم المصطلحات الاعلامية
268,,معجم المصطلحات الاعلامية
عومعاع مه مقط,,معجم المصطلحات الاعلامية
ممتوع معدعاع نه لرقط,,معجم المصطلحات الاعلامية
(من النشر أو البت),,معجم المصطلحات الاعلامية
مكل أل عل اللمعاما,,معجم المصطلحات الاعلامية
عَرْض الشريط طكلأيب لصجط,,معجم المصطلحات الاعلامية
علصوط عل اناعونهقا,,معجم المصطلحات الاعلامية
الافعة ماوع لووط,,معجم المصطلحات الاعلامية
امع روط,,معجم المصطلحات الاعلامية
كشك موسيقى م نحط,,معجم المصطلحات الاعلامية
عناوأكنام ق عننوده ما,,معجم المصطلحات الاعلامية
عنوان عريض عد امعط زعملا معصمهط,,معجم المصطلحات الاعلامية
(مانشيت)»,,معجم المصطلحات الاعلامية
ماع اع مقلم,,معجم المصطلحات الاعلامية
مُدّخرة بمعتامط,,معجم المصطلحات الاعلامية
(بعلارية),,معجم المصطلحات الاعلامية
ملام بعلرع لوط,,معجم المصطلحات الاعلامية
مغدّى بمدخيرة لعمع ينامج- بمعخاقط,,معجم المصطلحات الاعلامية
عأرعه] عدم غأمع ملاح,,معجم المصطلحات الاعلامية
"حزمة ضوئية, شعاع دوقعم",,معجم المصطلحات الاعلامية
مملزق؟ زناهعهذاأة؟,,معجم المصطلحات الاعلامية
مهمعد رمع مولام,,معجم المصطلحات الاعلامية
دراسة السّلوك عمهعومم عو التوطعط,,معجم المصطلحات الاعلامية
امع تمع ممصم نال علباة,,معجم المصطلحات الاعلامية
علوم السلوك 5ع6 دع أع5 أوره أوطعطا,,معجم المصطلحات الاعلامية
ألع 01م لزمء نال 5م5060,,معجم المصطلحات الاعلامية
متأخر عانلعطه5 لممتطعط,,معجم المصطلحات الاعلامية
(وهو ما يأن بعد فوات الأوان» أو يتخلف عن الأحل,,معجم المصطلحات الاعلامية
المجدد),,معجم المصطلحات الاعلامية
كموأواباغىم دعا اناد لزهقغع؟ رع,,معجم المصطلحات الاعلامية
وراء الكواليس كعهع50 عط ممتطعط,,معجم المصطلحات الاعلامية
(خلف الستار),,معجم المصطلحات الاعلامية
5565 ]انام داع,,معجم المصطلحات الاعلامية
قد إعادة الطبع لعذمتممعم ومتعط,,معجم المصطلحات الاعلامية
5آلا0ء دع لاوأودعمم مام,,معجم المصطلحات الاعلامية
239,,معجم المصطلحات الاعلامية
240,,معجم المصطلحات الاعلامية
241,,معجم المصطلحات الاعلامية
262,,معجم المصطلحات الاعلامية
243,,معجم المصطلحات الاعلامية
244,,معجم المصطلحات الاعلامية
245,,معجم المصطلحات الاعلامية
246,,معجم المصطلحات الاعلامية
247,,معجم المصطلحات الاعلامية
248,,معجم المصطلحات الاعلامية
249,,معجم المصطلحات الاعلامية
250,,معجم المصطلحات الاعلامية
251,,معجم المصطلحات الاعلامية
252,,معجم المصطلحات الاعلامية
وملطولاطيام عإممط,,معجم المصطلحات الاعلامية
دعاية فظّة طباط,,معجم المصطلحات الاعلامية
مغ 1وومو ع39350م10م,,معجم المصطلحات الاعلامية
صورة غائمة عوقددا لعصباط,,معجم المصطلحات الاعلامية
عبها؟ عوهما,,معجم المصطلحات الاعلامية
لوحة لنقمط,,معجم المصطلحات الاعلامية
ناقعاطها,,معجم المصطلحات الاعلامية
جنة المراقبة ورمعرق 2ه لنومطا,,معجم المصطلحات الاعلامية
عقوي عل ممأكداط رمه,,معجم المصطلحات الاعلامية
الجبة الإدارة ورماعه أل أه لرقمط,,معجم المصطلحات الاعلامية
مهلغم و امتملة'ل اأعودممء,,معجم المصطلحات الاعلامية
هيئة التحرير وزمطألع 0# لعومط,,معجم المصطلحات الاعلامية
ممتاعقلة: هل العومم),,معجم المصطلحات الاعلامية
جهنة تحقيق بدتسوع عه لردمطا,,معجم المصطلحات الاعلامية
"عطقن ممع ""ل دروأودأ ملام",,معجم المصطلحات الاعلامية
شرح الإعلات لإحاهه لإمط,,معجم المصطلحات الاعلامية
نص يصاحب إعلانا بالصور لشرحه أو لإزالة غمرضه,,معجم المصطلحات الاعلامية
اللفتعل),,معجم المصطلحات الاعلامية
ععقمممة'! عل /تاأمتموعل0 مكرمع,,معجم المصطلحات الاعلامية
حروف غليظة عجر بجا لامط برعم ة01امط,,معجم المصطلحات الاعلامية
5مان كمبغاءةاق,,معجم المصطلحات الاعلامية
تغطية إضافية ع250عنا0» كلالزمط,,معجم المصطلحات الاعلامية
عترطع ارتم عل غأمعرةاممنه,,معجم المصطلحات الاعلامية
نادي الكتاب طيكء عإممط,,معجم المصطلحات الاعلامية
عميازا بال بك,,معجم المصطلحات الاعلامية
تصميم الكتاب موادعل عأممط,,معجم المصطلحات الاعلامية
عابالا نال عناوأطمقىو ووتامععمم,,معجم المصطلحات الاعلامية
مَعر ض الككتاب عأ عاممط,,معجم المصطلحات الاعلامية
ععراا نال عرأه؟,,معجم المصطلحات الاعلامية
هاوي القراءة عياه! عاممط,,معجم المصطلحات الاعلامية
عاألطموااطاط,,معجم المصطلحات الاعلامية
نر ومتطءتاطيام عاممط,,معجم المصطلحات الاعلامية
() ممء1ا0ل6,,معجم المصطلحات الاعلامية
204,,معجم المصطلحات الاعلامية
285,,معجم المصطلحات الاعلامية
266,,معجم المصطلحات الاعلامية
257,,معجم المصطلحات الاعلامية
268,,معجم المصطلحات الاعلامية
2869,,معجم المصطلحات الاعلامية
2590,,معجم المصطلحات الاعلامية
291,,معجم المصطلحات الاعلامية
252,,معجم المصطلحات الاعلامية
253,,معجم المصطلحات الاعلامية
294,,معجم المصطلحات الاعلامية
295,,معجم المصطلحات الاعلامية
256,,معجم المصطلحات الاعلامية
257,,معجم المصطلحات الاعلامية
258,,معجم المصطلحات الاعلامية
ومتلصقط,,معجم المصطلحات الاعلامية
عمنلاعم,,معجم المصطلحات الاعلامية
سيرة بإطاصةرهماط,,معجم المصطلحات الاعلامية
عأطموعوواط,,معجم المصطلحات الاعلامية
رييرع ايا عبع ع'ل لط,,معجم المصطلحات الاعلامية
أمطد عاومة طوتط,,معجم المصطلحات الاعلامية
(لقطة عمودية من أعلى إلى أسفل),,معجم المصطلحات الاعلامية
مام نع ققام,,معجم المصطلحات الاعلامية
نصف أسبوعية بإلماعع يبالط,,معجم المصطلحات الاعلامية
عمنق له هلطع اط,,معجم المصطلحات الاعلامية
فلم بالأبيض والأمرد قا عغتط لصة عاعقاط,,معجم المصطلحات الاعلامية
عمواط غع «تمص مع وولل؟,,معجم المصطلحات الاعلامية
تلفاز بالأبيض والأسود /13 عالطبط قسة عاعقاط,,معجم المصطلحات الاعلامية
عمقاط غع عأمم 1616,,معجم المصطلحات الاعلامية
"تعتيم, تعتيم الأنوار انام اع واط",,معجم المصطلحات الاعلامية
وعمؤأطناا دعل موقا نمصرق غنماء قاط,,معجم المصطلحات الاعلامية
بياض» فراغ ملصقاط,,معجم المصطلحات الاعلامية
ع0 زعمواط,,معجم المصطلحات الاعلامية
شريط فارغ مره عأصواط,,معجم المصطلحات الاعلامية
(غير مسجل),,معجم المصطلحات الاعلامية
عومث ا عتاعددق زعورعألا علمقط,,معجم المصطلحات الاعلامية
منطقة واسعة معرة غعاصواط,,معجم المصطلحات الاعلامية
ع المع لابامع ع0 2006,,معجم المصطلحات الاعلامية
توزيع واسع ممأغولبعدقك عمعلصواط,,معجم المصطلحات الاعلامية
علاأو5 3 رو أونا ]01,,معجم المصطلحات الاعلامية
تغطية واسعة عووعع امه أععاضقاط,,معجم المصطلحات الاعلامية
ع بارع انام علممقرو,,معجم المصطلحات الاعلامية
إعلانات مُغفلة 25 لقااط,,معجم المصطلحات الاعلامية
غ300 311708665,,معجم المصطلحات الاعلامية
تكبير رمب سواط,,معجم المصطلحات الاعلامية
ادع دع وزوامةء,,معجم المصطلحات الاعلامية
أمعمرع55 2320:8001,,معجم المصطلحات الاعلامية
ورق سالب» طبعة ماصع باط,,معجم المصطلحات الاعلامية
عناوأقعمامطم كلأقوغم مأددعل,,معجم المصطلحات الاعلامية
ومتفصبط,,معجم المصطلحات الاعلامية
269,,معجم المصطلحات الاعلامية
270,,معجم المصطلحات الاعلامية
271,,معجم المصطلحات الاعلامية
272,,معجم المصطلحات الاعلامية
273,,معجم المصطلحات الاعلامية
1 24,,معجم المصطلحات الاعلامية
275,,معجم المصطلحات الاعلامية
2/6,,معجم المصطلحات الاعلامية
277,,معجم المصطلحات الاعلامية
278,,معجم المصطلحات الاعلامية
279,,معجم المصطلحات الاعلامية
260,,معجم المصطلحات الاعلامية
261,,معجم المصطلحات الاعلامية
252,,معجم المصطلحات الاعلامية
203,,معجم المصطلحات الاعلامية
مواموع؟5 ومقع لط,,معجم المصطلحات الاعلامية
أسفل الصفحة 6 أ لارمكامط,,معجم المصطلحات الاعلامية
6و3م 06 5035,,معجم المصطلحات الاعلامية
إطار عامط,,معجم المصطلحات الاعلامية
عملمعمع,,معجم المصطلحات الاعلامية
عنوان مؤطّر 620 عامط,,معجم المصطلحات الاعلامية
لمعم مانا,,معجم المصطلحات الاعلامية
شباك 011 برمط,,معجم المصطلحات الاعلامية
(التذاكر. لي,,معجم المصطلحات الاعلامية
عوداق بأاعاءاناو,,معجم المصطلحات الاعلامية
فلم شياك كوععع ناك م0401 عامط,,معجم المصطلحات الاعلامية
(فلم يحقق أرباحاً كبيرة),,معجم المصطلحات الاعلامية
وعتاععع] وعلمهرو ق لما,,معجم المصطلحات الاعلامية
غسل الدماغ: تضلد ومأطعة ياو أورط,,معجم المصطلحات الاعلامية
الرأي العام,,معجم المصطلحات الاعلامية
0 قمأأقانام أمقطط زناهعبمعه عل عووبله!,,معجم المصطلحات الاعلامية
"أصامه""!",,معجم المصطلحات الاعلامية
إعلان علامة ودأدته3017 لصصط,,معجم المصطلحات الاعلامية
عناوعقم عل فناء[اطنام,,معجم المصطلحات الاعلامية
اسم علامة عمرمم لمقط,,معجم المصطلحات الاعلامية
581016 عل مم,,معجم المصطلحات الاعلامية
فسخ العقد أعقطترم أ تاعمفرط,,معجم المصطلحات الاعلامية
أقتامم عل عالخكمنار,,معجم المصطلحات الاعلامية
استراحة فيلتحقاكد,,معجم المصطلحات الاعلامية
8015م زلمل أ مبمعاما,,معجم المصطلحات الاعلامية
قزر دربياه لمع رط,,معجم المصطلحات الاعلامية
أمع جرع الأناهم06,,معجم المصطلحات الاعلامية
آخر الأخبار 5لا ووللإهعوط,,معجم المصطلحات الاعلامية
كماع لانامم كعمغأومعل0,,معجم المصطلحات الاعلامية
موجز وتزيان,,معجم المصطلحات الاعلامية
كمهاأعناماكما رغكممه رأعرط,,معجم المصطلحات الاعلامية
عؤتمر صحفي مختصر ومقع عط,,معجم المصطلحات الاعلامية
وملقع رط,,معجم المصطلحات الاعلامية
جلسة إخبارية لموأككع5 وداعة قوط,,معجم المصطلحات الاعلامية
تلوأ م مال ععدهمد,,معجم المصطلحات الاعلامية
315,,معجم المصطلحات الاعلامية
316,,معجم المصطلحات الاعلامية
317,,معجم المصطلحات الاعلامية
318,,معجم المصطلحات الاعلامية
319,,معجم المصطلحات الاعلامية
300,,معجم المصطلحات الاعلامية
321,,معجم المصطلحات الاعلامية
32,,معجم المصطلحات الاعلامية
3223,,معجم المصطلحات الاعلامية
324,,معجم المصطلحات الاعلامية
325,,معجم المصطلحات الاعلامية
326,,معجم المصطلحات الاعلامية
327,,معجم المصطلحات الاعلامية
5326,,معجم المصطلحات الاعلامية
329,,معجم المصطلحات الاعلامية
باع اك كإممط,,معجم المصطلحات الاعلامية
عرض كتاب بع اياعم عأممط,,معجم المصطلحات الاعلامية
(غاليا ما يكون عرضا موجزا مشفوعاً بآراء نقدية),,معجم المصطلحات الاعلامية
لكل عنتولناك رزعنلانا مكل بالصع-عغام ررم,,معجم المصطلحات الاعلامية
عا,,معجم المصطلحات الاعلامية
ناقد أدي مييق زياع عإممطا,,معجم المصطلحات الاعلامية
ععأوعانا عناولان,,معجم المصطلحات الاعلامية
صناعة الكتاب علوم,,معجم المصطلحات الاعلامية
5ع[ عل عألذأكبالما,,معجم المصطلحات الاعلامية
وملاممط,,معجم المصطلحات الاعلامية
أمع لمع داوع رمع,,معجم المصطلحات الاعلامية
غعالاممط,,معجم المصطلحات الاعلامية
تسجيل,,معجم المصطلحات الاعلامية
كراس» كتيب,,معجم المصطلحات الاعلامية
خعررانا باعممه0,,معجم المصطلحات الاعلامية
قائمة كتب خأو امم,,معجم المصطلحات الاعلامية
وع«ناذا عل عؤؤاا,,معجم المصطلحات الاعلامية
كتاب ناطق عمره رره كاممط,,معجم المصطلحات الاعلامية
(كتاب مسجل بالصوت على شريط),,معجم المصطلحات الاعلامية
عتاعدوق ؟ناد 5ع ]لازا,,معجم المصطلحات الاعلامية
5 مااع ىزاممط,,معجم المصطلحات الاعلامية
عرزقرطنا,,معجم المصطلحات الاعلامية
لد عع أاعىئاممط,,معجم المصطلحات الاعلامية
ءطو ايام,,معجم المصطلحات الاعلامية
عناع أل م-ع تق ءطنا,,معجم المصطلحات الاعلامية
ععوأكئام0ط زوممطائاممط,,معجم المصطلحات الاعلامية
عترنقءطةا,,معجم المصطلحات الاعلامية
كشك المأىاممط,,معجم المصطلحات الاعلامية
010511310[ ق عباودهاك!,,معجم المصطلحات الاعلامية
طبعة خاصة 1551 تززم0ط,,معجم المصطلحات الاعلامية
(عوة8 لممنو قععءادعغمه وولأألة,,معجم المصطلحات الاعلامية
أثر رجعي أمععالع ورورعتومممط,,معجم المصطلحات الاعلامية
ولقرع لم00 اماع,,معجم المصطلحات الاعلامية
ترويج اسعفزازي نين,,معجم المصطلحات الاعلامية
علاأووع 301 عمرقاء؟ زع/اأووع و3 ممأكومرمم,,معجم المصطلحات الاعلامية
مقصورة للاممط,,معجم المصطلحات الاعلامية
5810 زعماط هه,,معجم المصطلحات الاعلامية
هامش عع لزمط,,معجم المصطلحات الاعلامية
“لاملل,,معجم المصطلحات الاعلامية
259,,معجم المصطلحات الاعلامية
300,,معجم المصطلحات الاعلامية
301,,معجم المصطلحات الاعلامية
302,,معجم المصطلحات الاعلامية
35303,,معجم المصطلحات الاعلامية
304,,معجم المصطلحات الاعلامية
305,,معجم المصطلحات الاعلامية
306,,معجم المصطلحات الاعلامية
307,,معجم المصطلحات الاعلامية
308,,معجم المصطلحات الاعلامية
309,,معجم المصطلحات الاعلامية
310,,معجم المصطلحات الاعلامية
311,,معجم المصطلحات الاعلامية
312,,معجم المصطلحات الاعلامية
313,,معجم المصطلحات الاعلامية
314,,معجم المصطلحات الاعلامية
وبباعم كوع (أوباط,,معجم المصطلحات الاعلامية
إذاعة وملكدمعلهوتط,,معجم المصطلحات الاعلامية
حرمأك 301011,,معجم المصطلحات الاعلامية
شبكة إذاعية ومعومعلومعط,,معجم المصطلحات الاعلامية
انا مانن لطاع,,معجم المصطلحات الاعلامية
ووأول165لهز0ة: عل نامعدؤر,,معجم المصطلحات الاعلامية
هيئة الإعلام امرك ومأغدم لقمط,,معجم المصطلحات الاعلامية
لإعلام امرثي اغيم,,معجم المصطلحات الاعلامية
والمسموع,,معجم المصطلحات الاعلامية
(هيئة تقوم بتنظيم قطاع الإعلام المرئي والمسموع وذلك,,معجم المصطلحات الاعلامية
بتوزيع القيرات ومتح رخص البث ال),,معجم المصطلحات الاعلامية
"أعندا/دهالبية""! عل مناه",,معجم المصطلحات الاعلامية
ممطة إذاعة ممطة تلفرة لوأأهطك ودأنأدهعلو 0ط,,معجم المصطلحات الاعلامية
/2010-11] وملتاهاد,,معجم المصطلحات الاعلامية
حجرة الإذاعق حجرة 0أ نأك ولأأدهء7020ط,,معجم المصطلحات الاعلامية
العلفزة,,معجم المصطلحات الاعلامية
(استوديو),,معجم المصطلحات الاعلامية
",هلق وألنلة",,معجم المصطلحات الاعلامية
كديب ع اساطاعموط,,معجم المصطلحات الاعلامية
عاناطاع مم,,معجم المصطلحات الاعلامية
تحن تأوايععك علاط,,معجم المصطلحات الاعلامية
و«مأكقانءىك 5وم رو,,معجم المصطلحات الاعلامية
أهطماو عو,,معجم المصطلحات الاعلامية
متاءألسط,,معجم المصطلحات الاعلامية
توزيع إجمالي,,معجم المصطلحات الاعلامية
نشرة الأنياء,,معجم المصطلحات الاعلامية
متاعالبط,,معجم المصطلحات الاعلامية
حائطية لرقلط درتاء البيط,,معجم المصطلحات الاعلامية
(لوحة على حائط للملصقات الإعلانية),,معجم المصطلحات الاعلامية
عوةطع0'8]6 بنمعاطما,,معجم المصطلحات الاعلامية
مكتب اينيك,,معجم المصطلحات الاعلامية
لامع 001,,معجم المصطلحات الاعلامية
رح تأكععبان ومتصصباط,,معجم المصطلحات الاعلامية
تملأععنان مط,,معجم المصطلحات الاعلامية
6 القبطعءق'ل ورمتاوع نان,,معجم المصطلحات الاعلامية
ولأوتاءء 301 ذناط,,معجم المصطلحات الاعلامية
إعلان حافلة,,معجم المصطلحات الاعلامية
(إعلان يلصقى على الحافلة أو فيها),,معجم المصطلحات الاعلامية
ؤناط اناك رعصقل مغ (اطنام,,معجم المصطلحات الاعلامية
ركن الاقتضاد دللاعر كوم لرأقباط,,معجم المصطلحات الاعلامية
عنلوألرمممعة عنوأوميك,,معجم المصطلحات الاعلامية
343,,معجم المصطلحات الاعلامية
344,,معجم المصطلحات الاعلامية
3245,,معجم المصطلحات الاعلامية
346,,معجم المصطلحات الاعلامية
3247,,معجم المصطلحات الاعلامية
348,,معجم المصطلحات الاعلامية
349,,معجم المصطلحات الاعلامية
350,,معجم المصطلحات الاعلامية
3251,,معجم المصطلحات الاعلامية
352,,معجم المصطلحات الاعلامية
3253,,معجم المصطلحات الاعلامية
354,,معجم المصطلحات الاعلامية
355,,معجم المصطلحات الاعلامية
كمع صاطواءط,,معجم المصطلحات الاعلامية
لْمَعان عد مغطولئط,,معجم المصطلحات الاعلامية
الومصتصسا يععموااقط,,معجم المصطلحات الاعلامية
ث غودق لومعط,,معجم المصطلحات الاعلامية
ممأودأماغ,,معجم المصطلحات الاعلامية
أذاع (0) أددعلومغط,,معجم المصطلحات الاعلامية
ععول6 801001,,معجم المصطلحات الاعلامية
نقل مياراة 05 امنامععة أممعلقص0ط,,معجم المصطلحات الاعلامية
لنعت تيك,,معجم المصطلحات الاعلامية
اع 503 ولذن عوهامممع: /11/م1له,,معجم المصطلحات الاعلامية
إعلان مُذاع ادق لقوعط,,معجم المصطلحات الاعلامية
ولأوتاع ه20,,معجم المصطلحات الاعلامية
(بالإذاعة أوالتلفرة),,معجم المصطلحات الاعلامية
عذوتلهاة أ عناوادمطاموالقم معلءةاطنام,,معجم المصطلحات الاعلامية
يلاغ مذاع ادق لقصطط,,معجم المصطلحات الاعلامية
21110,,معجم المصطلحات الاعلامية
(بالإذاعة أوالتلفزة),,معجم المصطلحات الاعلامية
/5/71أ0ة؟ عقم ععرمصصة,,معجم المصطلحات الاعلامية
3 أت عرمقعط أومعء ل قوط,,معجم المصطلحات الاعلامية
اديج خعرني ممع اناج,,معجم المصطلحات الاعلامية
عنالأأاطلام ممأودلغ,,معجم المصطلحات الاعلامية
قانون الإعلام المرئي لاوا أكعق لجورط,,معجم المصطلحات الاعلامية
والسموع,,معجم المصطلحات الاعلامية
أعنذأ»ا-مللنع'| عل عمل,,معجم المصطلحات الاعلامية
وسائل الإعلام المرئية ه7560 أذمعلقمرط,,معجم المصطلحات الاعلامية
والمسموعة,,معجم المصطلحات الاعلامية
5اعل5الا- 3010 5060185,,معجم المصطلحات الاعلامية
قسم مراقبة البث ادق لقمرط,,معجم المصطلحات الاعلامية
ععالدرع5 ولمأعم أ أممدد,,معجم المصطلحات الاعلامية
لمأدد/01001ق2 عل علة امم عل عمالارعد,,معجم المصطلحات الاعلامية
جريدة إذاعيّة 5للاع0 +5ق 212020,,معجم المصطلحات الاعلامية
3010016756 اقناهز,,معجم المصطلحات الاعلامية
مدّة البث 6 خأوموعلومرط,,معجم المصطلحات الاعلامية
"علمع صق"" 5وملرع)",,معجم المصطلحات الاعلامية
معلق ركن؛ صحفي ادوع ل قوط,,معجم المصطلحات الاعلامية
(ثي الإذاعة والتلفزة),,معجم المصطلحات الاعلامية
فاع نومك -1,,معجم المصطلحات الاعلامية
2806) عو أاقم نامز -2,,معجم المصطلحات الاعلامية
العامة :(/ا1 غم,,معجم المصطلحات الاعلامية
330,,معجم المصطلحات الاعلامية
331,,معجم المصطلحات الاعلامية
332,,معجم المصطلحات الاعلامية
333,,معجم المصطلحات الاعلامية
334,,معجم المصطلحات الاعلامية
335,,معجم المصطلحات الاعلامية
336,,معجم المصطلحات الاعلامية
337,,معجم المصطلحات الاعلامية
338,,معجم المصطلحات الاعلامية
339,,معجم المصطلحات الاعلامية
250,,معجم المصطلحات الاعلامية
341,,معجم المصطلحات الاعلامية
3242,,معجم المصطلحات الاعلامية
تالملزمممه دوعموي,,معجم المصطلحات الاعلامية
هائف (22)80ناط 361 فرصة عمل اننا ءمترزنره ودع وأوباط 356,,معجم المصطلحات الاعلامية
عموطمةاة] ناج ععأعممج أمأممع 'ل 0156,,معجم المصطلحات الاعلامية
بقلم عستالاط 362 صحافة اقتصادية ككعم ككع للأولاط 357,,معجم المصطلحات الاعلامية
عأءنارة نكل عتباغوواة علا 0م60 عكوع1م,,معجم المصطلحات الاعلامية
مقال موقع لمم (0)عس الام 363 زر ممغاباط 358,,معجم المصطلحات الاعلامية
موه لامج عطعنام زلمغنتمط,,معجم المصطلحات الاعلامية
استبار الزيائن لاعنااناك ععلإقاط 359,,معجم المصطلحات الاعلامية
(للوقوف على رأيهم في ما يشترون),,معجم المصطلحات الاعلامية
5الأعاع 3 ذعل كغرمناة عأقناومء,,معجم المصطلحات الاعلامية
اشترى حقوقا (80) غناملاناط 360,,معجم المصطلحات الاعلامية
( يعي في ميدان الإعلام» شراء حقوق شخص على إنتاجه,,معجم المصطلحات الاعلامية
لاستغلاله),,معجم المصطلحات الاعلامية
مكدع 6 ماو 0,,معجم المصطلحات الاعلامية
سيّارة التصوير ده مععررم,,معجم المصطلحات الاعلامية
وصالاء بهن عتنااميا,,معجم المصطلحات الاعلامية
وحدة مراقية التصوير أتان أنطأضمء وتعتترق,,معجم المصطلحات الاعلامية
عأ مم هل قالدنا,,معجم المصطلحات الاعلامية
مجال التصوير عوقك امه ومرعددى,,معجم المصطلحات الاعلامية
( محال الذي يمكن للكاميرة أن تصوّر فيه,,معجم المصطلحات الاعلامية
5عنالا عل عؤ5أهم عل ممرهلاء,,معجم المصطلحات الاعلامية
رافعة الكاميرة رفك هفرع تدده,,معجم المصطلحات الاعلامية
عل علنو,,معجم المصطلحات الاعلامية
فريق العصوير يحتفت ينات,,معجم المصطلحات الاعلامية
لاعن عوباعام,,معجم المصطلحات الاعلامية
ع0 عمألاوة زعنانا عل عدلمم عل عمأيوة,,معجم المصطلحات الاعلامية
مانام,,معجم المصطلحات الاعلامية
أجهزة التصوير لزع أللوة معدي,,معجم المصطلحات الاعلامية
5عنالا عل مكلام عل أعأمغاهمر,,معجم المصطلحات الاعلامية
غطاء الكاميرة عاع8ز قتع امه,,معجم المصطلحات الاعلامية
هافق ةق متؤا,,معجم المصطلحات الاعلامية
مْجٍ الأصوات وتأعالط متعداق,,معجم المصطلحات الاعلامية
كمه5 ع0 عووواغم زكممة عل عوقكام,,معجم المصطلحات الاعلامية
مُشَعُل الأصوات 2607 زمره وتأعتكرق,,معجم المصطلحات الاعلامية
8 عل الاع 6 6م06,,معجم المصطلحات الاعلامية
33,,معجم المصطلحات الاعلامية
314,,معجم المصطلحات الاعلامية
3755,,معجم المصطلحات الاعلامية
36,,معجم المصطلحات الاعلامية
3277,,معجم المصطلحات الاعلامية
328,,معجم المصطلحات الاعلامية
39,,معجم المصطلحات الاعلامية
350,,معجم المصطلحات الاعلامية
381,,معجم المصطلحات الاعلامية
كيل,,معجم المصطلحات الاعلامية
عاطف,,معجم المصطلحات الاعلامية
عاطق,,معجم المصطلحات الاعلامية
"تلفزة, بث كبْلي ومتكعمعو اطي",,معجم المصطلحات الاعلامية
عاطق مهم وممنوابةات رممنكد )أل -وإطق,,معجم المصطلحات الاعلامية
شبكة تلفزق شبكة >أ6 لطعت ووتأكدءةءاطهه,,معجم المصطلحات الاعلامية
هلط 6160155 عل ناهعوم م,,معجم المصطلحات الاعلامية
مبزل مُوصّل عتهط لعاطاهه,,معجم المصطلحات الاعلامية
006ععة إعبرو],,معجم المصطلحات الاعلامية
شبكة كبلية لانو تحاعه لعاطي,,معجم المصطلحات الاعلامية
عااقء باوعدمم,,معجم المصطلحات الاعلامية
لاىو,,معجم المصطلحات الاعلامية
0 نا لطم زأعممة,,معجم المصطلحات الاعلامية
ع0 تمع ترم,,معجم المصطلحات الاعلامية
عباأمارمم مرغلرقه,,معجم المصطلحات الاعلامية
مصورة لييناننات,,معجم المصطلحات الاعلامية
(كاميرة),,معجم المصطلحات الاعلامية
مغأملام اأعنهممة,,معجم المصطلحات الاعلامية
حجرة التصوير ناموط متعدودي,,معجم المصطلحات الاعلامية
5عنالا ع0 5قعد5لمم عل عهُوأرومضمكما عرطوروط,,معجم المصطلحات الاعلامية
306,,معجم المصطلحات الاعلامية
365,,معجم المصطلحات الاعلامية
366,,معجم المصطلحات الاعلامية
367,,معجم المصطلحات الاعلامية
3686,,معجم المصطلحات الاعلامية
369,,معجم المصطلحات الاعلامية
3200,,معجم المصطلحات الاعلامية
31,,معجم المصطلحات الاعلامية
32,,معجم المصطلحات الاعلامية
5ئا06215,,معجم المصطلحات الاعلامية
تسجيل شريط,,معجم المصطلحات الاعلامية
ل تا,,معجم المصطلحات الاعلامية
عتاعددق عل غأمم مر 5دتوع رع,,معجم المصطلحات الاعلامية
1- تمل,,معجم المصطلحات الاعلامية
2- توزيع الأدوار,,معجم المصطلحات الاعلامية
قئمة الفلم,,معجم المصطلحات الاعلامية
مدير توزيع الأدوار,,معجم المصطلحات الاعلامية
5م,,معجم المصطلحات الاعلامية
اها معام -1,,معجم المصطلحات الاعلامية
5ع ممتأن الال -2,,معجم المصطلحات الاعلامية
وعا6],,معجم المصطلحات الاعلامية
غأألعىك اوه,,معجم المصطلحات الاعلامية
06061,,معجم المصطلحات الاعلامية
+ذأاغأوم,,معجم المصطلحات الاعلامية
وعئاة وم زعام دعل عاوذا,,معجم المصطلحات الاعلامية
"عمنءث ""أل ودتاديى",,معجم المصطلحات الاعلامية
وهاة: دعل رماعناط لوال عل جاعم :01,,معجم المصطلحات الاعلامية
دليل,,معجم المصطلحات الاعلامية
شاشة مهبطية,,معجم المصطلحات الاعلامية
شهرة: شخصية شهيرة,,معجم المصطلحات الاعلامية
حَلُوِي,,معجم المصطلحات الاعلامية
رقيب,,معجم المصطلحات الاعلامية
عنوماهاههء,,معجم المصطلحات الاعلامية
عنوماهام,,معجم المصطلحات الاعلامية
عصذا طاعاه,,معجم المصطلحات الاعلامية
ورغمم عدوا,,معجم المصطلحات الاعلامية
ع عام,,معجم المصطلحات الاعلامية
«لعلاء مم3 عنانا,,معجم المصطلحات الاعلامية
رونل تاعاهه,,معجم المصطلحات الاعلامية
عباعطعمعع3 مومع,,معجم المصطلحات الاعلامية
بدرموعامهه,,معجم المصطلحات الاعلامية
عنرموغام0,,معجم المصطلحات الاعلامية
عط بإمعردعنودناهه,,معجم المصطلحات الاعلامية
عناو ألم طم مهمغ,,معجم المصطلحات الاعلامية
بجا أ سحا اعه,,معجم المصطلحات الاعلامية
6عترمةا06,,معجم المصطلحات الاعلامية
ووأنااعه,,معجم المصطلحات الاعلامية
عرف ةاباأاع»,,معجم المصطلحات الاعلامية
مقازع0,,معجم المصطلحات الاعلامية
والختترتف,,معجم المصطلحات الاعلامية
"تأشيرة الرّقابة عاق التخرع 5 ""مودعم",,معجم المصطلحات الاعلامية
عاناكمعه 06 وذألا,,معجم المصطلحات الاعلامية
وقابة متطكرمجدعه,,معجم المصطلحات الاعلامية
ع#لاذلاع6,,معجم المصطلحات الاعلامية
إخصاء 6055,,معجم المصطلحات الاعلامية
أمع طاع واعمع,,معجم المصطلحات الاعلامية
3257,,معجم المصطلحات الاعلامية
3568,,معجم المصطلحات الاعلامية
399,,معجم المصطلحات الاعلامية
400,,معجم المصطلحات الاعلامية
401,,معجم المصطلحات الاعلامية
402,,معجم المصطلحات الاعلامية
403,,معجم المصطلحات الاعلامية
9404,,معجم المصطلحات الاعلامية
405,,معجم المصطلحات الاعلامية
406,,معجم المصطلحات الاعلامية
407,,معجم المصطلحات الاعلامية
408,,معجم المصطلحات الاعلامية
409,,معجم المصطلحات الاعلامية
410,,معجم المصطلحات الاعلامية
411,,معجم المصطلحات الاعلامية
412,,معجم المصطلحات الاعلامية
413,,معجم المصطلحات الاعلامية
أمط5 8ه,,معجم المصطلحات الاعلامية
لقطة أمطد ورع 5ه 382,,معجم المصطلحات الاعلامية
مرا عل عوازم,,معجم المصطلحات الاعلامية
كاميرة (ال...) الخفية وتعحرمق لألصهه 383,,معجم المصطلحات الاعلامية
عاطلواباطا عرق,,معجم المصطلحات الاعلامية
صنعة بوانعقدريه 384,,معجم المصطلحات الاعلامية
6أأعومم,,معجم المصطلحات الاعلامية
حروف (ال...) (كمرمه) عمعنع1 أمانموق 385,,معجم المصطلحات الاعلامية
الكبيرة,,معجم المصطلحات الاعلامية
وعاناءوبازهم 5ع انها,,معجم المصطلحات الاعلامية
إستهلال ناصمق 386,,معجم المصطلحات الاعلامية
مم6 إناقع م08,,معجم المصطلحات الاعلامية
جمهور مشدود ع6مع آلناة ملانامق 387,,معجم المصطلحات الاعلامية
#تامق عللطنام زعباامق ععمعالناة,,معجم المصطلحات الاعلامية
مذياع السيّارة 0ه مه 308,,معجم المصطلحات الاعلامية
8010-ماأناج,,معجم المصطلحات الاعلامية
بطاقة ولعت 389,,معجم المصطلحات الاعلامية
عطءة بعارمه,,معجم المصطلحات الاعلامية
فهرس البطاقات عنوماهاق لني 390,,معجم المصطلحات الاعلامية
وكانعانا,,معجم المصطلحات الاعلامية
كاريكاتير يلت امن,,معجم المصطلحات الاعلامية
حا فاتك,,معجم المصطلحات الاعلامية
مصّمم المناظر وألنة) عممأصعع يه 392,,معجم المصطلحات الاعلامية
(1دناذئأيا,,معجم المصطلحات الاعلامية
( يضع هيكل المناظر ويشرف على صيانة لوازم الديكور),,معجم المصطلحات الاعلامية
عع اتطمم عل قعده,,معجم المصطلحات الاعلامية
فلم رسوم متحركة ساق مممغره 393,,معجم المصطلحات الاعلامية
65 متمق كوأودعل عل 155,,معجم المصطلحات الاعلامية
رسام كاريكاتير غ+5أممو 0ه 394,,معجم المصطلحات الاعلامية
لت كناك,,معجم المصطلحات الاعلامية
"رسوم متحركة, رسوم 05 3959",,معجم المصطلحات الاعلامية
هزلية,,معجم المصطلحات الاعلامية
ومأكععل :(/71 غ مقصمفمك) كغصرامة ودأووعل,,معجم المصطلحات الاعلامية
(عددعام) 5عناوأك 0ط,,معجم المصطلحات الاعلامية
دراسة حالة نك عدي 396,,معجم المصطلحات الاعلامية
دوق عل ع0لناغ,,معجم المصطلحات الاعلامية
ممع 5م00,,معجم المصطلحات الاعلامية
صحافة مأجورة عمو ط ع0,,معجم المصطلحات الاعلامية
لل *,,معجم المصطلحات الاعلامية
"(توصف أحياناً بأها صحافة ""صفراء"" تعبيراً عن الازدراع)",,معجم المصطلحات الاعلامية
مه مناصمع)ع لمم لطتترم عاد علوكئأأقم ىنامز,,معجم المصطلحات الاعلامية
نسخحة مرجعيّة لاممه وستاععدك,,معجم المصطلحات الاعلامية
علا لمعم صلل الدع كبز ممغصام,,معجم المصطلحات الاعلامية
مدير العصوي 21ل لعلف أعال,,معجم المصطلحات الاعلامية
بر التصوير 0 «وماعع مال,,معجم المصطلحات الاعلامية
لإلاصةومامام,,معجم المصطلحات الاعلامية
ها ع0 التعاعع 01 باع غم رفمه عع,,معجم المصطلحات الاعلامية
عأطمهنومونام,,معجم المصطلحات الاعلامية
فلم للأطفال تصلق ع'معرلائدء,,معجم المصطلحات الاعلامية
كأمواقع امم درا,,معجم المصطلحات الاعلامية
ع'دعملالدك,,معجم المصطلحات الاعلامية
لاني ةا,,معجم المصطلحات الاعلامية
ماأضصقامع الأهم 20056 نومرم,,معجم المصطلحات الاعلامية
"""مع رلاأل",,معجم المصطلحات الاعلامية
كدرهتاق أاطيام,,معجم المصطلحات الاعلامية
كامةامع باهم كررملغأوع اطئام,,معجم المصطلحات الاعلامية
وحرأيى أي وامعم ل لاك,,معجم المصطلحات الاعلامية
تتنياءا,,معجم المصطلحات الاعلامية
برتاميج للأطفال,,معجم المصطلحات الاعلامية
مطبوعات للأطفال,,معجم المصطلحات الاعلامية
فترة الأطفال,,معجم المصطلحات الاعلامية
(حصّة زمنية في البرامج عنصّصة للأطفال),,معجم المصطلحات الاعلامية
كأقولعع دعل عأمعغ'ل عامط,,معجم المصطلحات الاعلامية
فنّ الرقص» تصميم مره رومع زم لك,,معجم المصطلحات الاعلامية
الرقص,,معجم المصطلحات الاعلامية
عأطمف وف مط,,معجم المصطلحات الاعلامية
لوي علتلياشات,,معجم المصطلحات الاعلامية
عامط,,معجم المصطلحات الاعلامية
رَكُن اع قم,,معجم المصطلحات الاعلامية
علا مان,,معجم المصطلحات الاعلامية
صحفي ركن للتليايلت,,معجم المصطلحات الاعلامية
لاع نا 001,,معجم المصطلحات الاعلامية
تسلسل زمني عله اقعاوهام رمك,,معجم المصطلحات الاعلامية
عناوأوهأمصضمنطء م00,,معجم المصطلحات الاعلامية
شاشة عريضة 900810,,معجم المصطلحات الاعلامية
(سينما سكوب),,معجم المصطلحات الاعلامية
عم هعم قلغ دن,,معجم المصطلحات الاعلامية
407,,معجم المصطلحات الاعلامية
428,,معجم المصطلحات الاعلامية
429,,معجم المصطلحات الاعلامية
430,,معجم المصطلحات الاعلامية
431,,معجم المصطلحات الاعلامية
432,,معجم المصطلحات الاعلامية
433,,معجم المصطلحات الاعلامية
434,,معجم المصطلحات الاعلامية
435,,معجم المصطلحات الاعلامية
436,,معجم المصطلحات الاعلامية
437,,معجم المصطلحات الاعلامية
438,,معجم المصطلحات الاعلامية
439,,معجم المصطلحات الاعلامية
عوهمم أن «عامعم,,معجم المصطلحات الاعلامية
وسط الصفحة عم أه بعطترعم,,معجم المصطلحات الاعلامية
عومم عل بيع الاجر,,معجم المصطلحات الاعلامية
صفحة الوسط لموعجمجره عطلرعهن,,معجم المصطلحات الاعلامية
المردوجة,,معجم المصطلحات الاعلامية
عوقم عاأطنمل عأق,,معجم المصطلحات الاعلامية
تأطير ولمع امع,,معجم المصطلحات الاعلامية
(تأطير العناصر المراد تصويرها),,معجم المصطلحات الاعلامية
030189,,معجم المصطلحات الاعلامية
"وحدة المعالجة المركرية 06655[199""م أ8أثمع0",,معجم المصطلحات الاعلامية
لمن,,معجم المصطلحات الاعلامية
عأقلمعه اتنا,,معجم المصطلحات الاعلامية
جموعة صحفية عمق جرد يواعد ذه لأوك,,معجم المصطلحات الاعلامية
( مجموعة من الصحف ف مِلْكيّة شخص أو ش ركع,,معجم المصطلحات الاعلامية
ع55ع/م ع0 عمنام91,,معجم المصطلحات الاعلامية
قئاة اعصمقط,,معجم المصطلحات الاعلامية
علتقط زأهمةء,,معجم المصطلحات الاعلامية
برمّجّة القدوات وص اتلعطعة اعصق,,معجم المصطلحات الاعلامية
زكالا68113 ع0 ممأ و لمتمقرومام,,معجم المصطلحات الاعلامية
ععصتقكء عل ممكقطتمهرومهم,,معجم المصطلحات الاعلامية
5 كأع ةدك,,معجم المصطلحات الاعلامية
لأ 001111,,معجم المصطلحات الاعلامية
كقاع/[500 زللمأكقع | الاطرصرم عل عناقموء,,معجم المصطلحات الاعلامية
من مع أن ممع,,معجم المصطلحات الاعلامية
فمئل اطهط,,معجم المصطلحات الاعلامية
ع الوط,,معجم المصطلحات الاعلامية
رحنكيك,,معجم المصطلحات الاعلامية
قنوات الاتصال,,معجم المصطلحات الاعلامية
1- دور مز,,معجم المصطلحات الاعلامية
( في مسرحية و فلم وغاليا ما يكون دور يكثل شخصية,,معجم المصطلحات الاعلامية
ذات طباع نخاصة غريبة الأطوار),,معجم المصطلحات الاعلامية
ع 1,,معجم المصطلحات الاعلامية
2- حرف (لي الكتابة أو عناع| -2,,معجم المصطلحات الاعلامية
الطباعة),,معجم المصطلحات الاعلامية
لوزيع الأدوار وتلاوق «عطعهوعرو ل,,معجم المصطلحات الاعلامية
615 قعل ممتاباطل وال,,معجم المصطلحات الاعلامية
إسهام نينت,,معجم المصطلحات الاعلامية
موا ناطتراوم,,معجم المصطلحات الاعلامية
طبعة رخيصة ممأاللء برو دق,,معجم المصطلحات الاعلامية
فطعتقم صهط موزل,,معجم المصطلحات الاعلامية
414,,معجم المصطلحات الاعلامية
415,,معجم المصطلحات الاعلامية
416,,معجم المصطلحات الاعلامية
417,,معجم المصطلحات الاعلامية
448,,معجم المصطلحات الاعلامية
419,,معجم المصطلحات الاعلامية
420,,معجم المصطلحات الاعلامية
421,,معجم المصطلحات الاعلامية
422,,معجم المصطلحات الاعلامية
423,,معجم المصطلحات الاعلامية
424,,معجم المصطلحات الاعلامية
425,,معجم المصطلحات الاعلامية
426,,معجم المصطلحات الاعلامية
امع تعمل أواغمعل درم رغمعمنعول 3551160 0,,معجم المصطلحات الاعلامية
مراقبة التوزيع أمعاوهه مها نايك,,معجم المصطلحات الاعلامية
عوةة بن عاقغوم زجوأكد6 ]أل 15 06 0616م,,معجم المصطلحات الاعلامية
الت بع ةق مملكدانكق,,معجم المصطلحات الاعلامية
قسم التوزيع» قم أتكك لجا رهمعء0,,معجم المصطلحات الاعلامية
المبيعات,,معجم المصطلحات الاعلامية
وعاوعل وعل عمابمعد,,معجم المصطلحات الاعلامية
أ قام التوزيع معناو ممأعغدانءرك,,معجم المصطلحات الاعلامية
ع8 دل ع قلاط رمماكدظ ]لل عل ع كلل,,معجم المصطلحات الاعلامية
هدير المبيعات :20315306 ممأعهايه 0,,معجم المصطلحات الاعلامية
أقمعياهز بال عامعب عل قعلاء,,معجم المصطلحات الاعلامية
نسبة التوزيع مم2 ورمأغدانء يك,,معجم المصطلحات الاعلامية
0أكل6آ01 عل <«ناها,,معجم المصطلحات الاعلامية
استشهاد مرجع من زوه تاماك,,معجم المصطلحات الاعلامية
ععمعرة 61 زمملاهاك,,معجم المصطلحات الاعلامية
طبعة العاصمة مماعزلعء باك,,معجم المصطلحات الاعلامية
عنام أاممم امم مو أل,,معجم المصطلحات الاعلامية
1- محرر أخبار اليوم عمخاتله باه,,معجم المصطلحات الاعلامية
(5لا) «ناوز بال علوتصمءط ذا عل عنعن و60 ‎1١,,معجم المصطلحات الاعلامية
2- محر مالي 06 عناع 603 -2,,معجم المصطلحات الاعلامية
عرفاع وهم عناولءطنار,,معجم المصطلحات الاعلامية
كلا,,معجم المصطلحات الاعلامية
صفحة حيّة عوهم بك,,معجم المصطلحات الاعلامية
ماوعه! عوقم,,معجم المصطلحات الاعلامية
مجلة متخصصة: مجلة مداع 3و3 5كقا.,,معجم المصطلحات الاعلامية
راقية,,معجم المصطلحات الاعلامية
(وهي بحلة أنيقة طبع غالباً على ورق صقيل),,معجم المصطلحات الاعلامية
6اتادناو عل عماعهوهم رَعنوأاقاءغم5 عمأمووقم,,معجم المصطلحات الاعلامية
لصديف مملغمع 1 /أدودةكء,,معجم المصطلحات الاعلامية
ممتاقع ل لوووك,,معجم المصطلحات الاعلامية
إعلانات مبوبة لمحتيلتييكت,,معجم المصطلحات الاعلامية
اداع اعد تا رع 201,,معجم المصطلحات الاعلامية
5ع لمروطاوة ععألاعم روعة5وقك د5ع0 3200,,معجم المصطلحات الاعلامية
عمود الإعلانات المبوبة مصسام لعاللومةك,,معجم المصطلحات الاعلامية
5ع 556قك 5ععممممة'ل عمومام,,معجم المصطلحات الاعلامية
وليقة سرية باصم امول ل لأكووك,,معجم المصطلحات الاعلامية
امتاصع ممه,,معجم المصطلحات الاعلامية
جره ماع00,,معجم المصطلحات الاعلامية
أعنامع لصم امع دونه 0ل,,معجم المصطلحات الاعلامية
454,,معجم المصطلحات الاعلامية
ذ5ه,,معجم المصطلحات الاعلامية
2456,,معجم المصطلحات الاعلامية
2457,,معجم المصطلحات الاعلامية
458,,معجم المصطلحات الاعلامية
459,,معجم المصطلحات الاعلامية
461,,معجم المصطلحات الاعلامية
462,,معجم المصطلحات الاعلامية
463,,معجم المصطلحات الاعلامية
464,,معجم المصطلحات الاعلامية
5465,,معجم المصطلحات الاعلامية
466,,معجم المصطلحات الاعلامية
467,,معجم المصطلحات الاعلامية
06,,معجم المصطلحات الاعلامية
01,,معجم المصطلحات الاعلامية
440,,معجم المصطلحات الاعلامية
441,,معجم المصطلحات الاعلامية
442,,معجم المصطلحات الاعلامية
2443,,معجم المصطلحات الاعلامية
445,,معجم المصطلحات الاعلامية
446,,معجم المصطلحات الاعلامية
247,,معجم المصطلحات الاعلامية
448,,معجم المصطلحات الاعلامية
449,,معجم المصطلحات الاعلامية
450,,معجم المصطلحات الاعلامية
451,,معجم المصطلحات الاعلامية
452,,معجم المصطلحات الاعلامية
453,,معجم المصطلحات الاعلامية
خيّالة متصع رك,,معجم المصطلحات الاعلامية
(سيئما),,معجم المصطلحات الاعلامية
مطقغط بقصمغمةه,,معجم المصطلحات الاعلامية
نجم سينمائي عماءك مترعدك,,معجم المصطلحات الاعلامية
3 لك نال ململ زقورةمك ذال مهاد,,معجم المصطلحات الاعلامية
كل سينماتي م366 مسعمك,,معجم المصطلحات الاعلامية
مك عل العامة,,معجم المصطلحات الاعلامية
إعلان بالسينماء إشهار وماك رع الة ممعدك,,معجم المصطلحات الاعلامية
بالسيئما,,معجم المصطلحات الاعلامية
همفوك باد غاءأاطنام,,معجم المصطلحات الاعلامية
"فلم إعلان, فلم أهاءمعتطتدم مسمعمك",,معجم المصطلحات الاعلامية
إشهاري,,معجم المصطلحات الاعلامية
ع توغاءتأطنام لال,,معجم المصطلحات الاعلامية
هاوي السينما فع لك زوه ممعمك,,معجم المصطلحات الاعلامية
عوعيان],,معجم المصطلحات الاعلامية
عاأطمممه,,معجم المصطلحات الاعلامية
هرتاد السينما «ع0و قرع ركه,,معجم المصطلحات الاعلامية
قمقمك عل الاعتهطة,,معجم المصطلحات الاعلامية
مدير قاعة نقتم قتاع مرك,,معجم المصطلحات الاعلامية
(في محال السيئما),,معجم المصطلحات الاعلامية
عااهد عل العامع 1ل,,معجم المصطلحات الاعلامية
حقوق الاقتباس كالول مضعوك,,معجم المصطلحات الاعلامية
السيتمائي,,معجم المصطلحات الاعلامية
عباوأحامقء وماق مك ممتاهام هله 'ل كأن00,,معجم المصطلحات الاعلامية
صيناعة السيتما لإحامود وم قمع مك,,معجم المصطلحات الاعلامية
عأطامةر ومأقمة درن,,معجم المصطلحات الاعلامية
توزيع نسل فيك,,معجم المصطلحات الاعلامية
ممأول؟ ال,,معجم المصطلحات الاعلامية
منطقة التوزيع مععة ممأكوانه رك,,معجم المصطلحات الاعلامية
مو لوب ]أل عل عممع,,معجم المصطلحات الاعلامية
تدقيق التوزيع ومتألندة ممأغقائعرقك,,معجم المصطلحات الاعلامية
لان ونام ةا مكل لال دا عل ممأقع مم,,معجم المصطلحات الاعلامية
حكتيك,,معجم المصطلحات الاعلامية
خصص التوز ممعم انك,,معجم المصطلحات الاعلامية
لتوزيج دريعدو ل لجع رط,,معجم المصطلحات الاعلامية
باك حواءغردمة بممأول6 ال داعل مم ممق,,معجم المصطلحات الاعلامية
تا تلترانا,,معجم المصطلحات الاعلامية
كعءأممه زماماك عأدارمه,,معجم المصطلحات الاعلامية
صفحة جماعية عومم علاتاعع1امه,,معجم المصطلحات الاعلامية
علاتاعع امه موقم,,معجم المصطلحات الاعلامية
لُوْن :6010,,معجم المصطلحات الاعلامية
عناعانام,,معجم المصطلحات الاعلامية
1- فلم بالألوات رفي را عمام,,معجم المصطلحات الاعلامية
السينما),,معجم المصطلحات الاعلامية
وعتاع اننم لع عاب زلاعم رك رعانامء مع لوا,,معجم المصطلحات الاعلامية
2- شريط بالألوان (لآلة,,معجم المصطلحات الاعلامية
التصوير),,معجم المصطلحات الاعلامية
طباعة بالألوان ودعصلءم عمام,,معجم المصطلحات الاعلامية
5اناة انام ع لوأود5ع ملا,,معجم المصطلحات الاعلامية
"تلفاز بالألوان لا"" رهام",,معجم المصطلحات الاعلامية
كاناءألنمء ضع موأذاباغ61],,معجم المصطلحات الاعلامية
نسخة بالألوان لاه عامععا نر أمه,,معجم المصطلحات الاعلامية
5ناءأنامء مع عأممعمعولم,,معجم المصطلحات الاعلامية
مقال مُغرض بماد لعممامه,,معجم المصطلحات الاعلامية
#الاع اعم ةلع عاعلايج,,معجم المصطلحات الاعلامية
عمود نامع,,معجم المصطلحات الاعلامية
عمممام زعناوتمماء,,معجم المصطلحات الاعلامية
محرّر عمود كا لتتوناامه.,,معجم المصطلحات الاعلامية
لعقءأعطلت رالاعنا مم61,,معجم المصطلحات الاعلامية
عدد مزدوج 5عناكذأ لع1أطتدام,,معجم المصطلحات الاعلامية
5عأمنامء ع0 ن6 انام,,معجم المصطلحات الاعلامية
مكل 0601,,معجم المصطلحات الاعلامية
ع ل 00116,,معجم المصطلحات الاعلامية
ملهاة لاني 11م,,معجم المصطلحات الاعلامية
(تمثيلية هزلية),,معجم المصطلحات الاعلامية
0000601,,معجم المصطلحات الاعلامية
مؤلف شرائط رسوم أدتارة عاددمم,,معجم المصطلحات الاعلامية
هزلية,,معجم المصطلحات الاعلامية
و66 لأدوعل دعلصقط عل الأعأة وأووع0,,معجم المصطلحات الاعلامية
شرائط رسوم هزلية ع أطرمه زمأناء عتمم,,معجم المصطلحات الاعلامية
5ع ودع د5ع0300ط,,معجم المصطلحات الاعلامية
461,,معجم المصطلحات الاعلامية
402,,معجم المصطلحات الاعلامية
403,,معجم المصطلحات الاعلامية
484,,معجم المصطلحات الاعلامية
485,,معجم المصطلحات الاعلامية
466,,معجم المصطلحات الاعلامية
407,,معجم المصطلحات الاعلامية
468,,معجم المصطلحات الاعلامية
489,,معجم المصطلحات الاعلامية
400,,معجم المصطلحات الاعلامية
491,,معجم المصطلحات الاعلامية
452,,معجم المصطلحات الاعلامية
403,,معجم المصطلحات الاعلامية
404,,معجم المصطلحات الاعلامية
روسّم تيفك,,معجم المصطلحات الاعلامية
غطعاكء,,معجم المصطلحات الاعلامية
رواية مسلسلة ع وص هقط 1ك,,معجم المصطلحات الاعلامية
(على حلقات وغالبا ما تنتهي الحلقة يمرقف مثير أو مشوّق,,معجم المصطلحات الاعلامية
انتظار؟ للحلقة التالية),,معجم المصطلحات الاعلامية
رماع أباع؟ مهمرمم,,معجم المصطلحات الاعلامية
قصاصات الصحافة وستممأك تمتك,,معجم المصطلحات الاعلامية
عو5ع2م عل عفناطنام,,معجم المصطلحات الاعلامية
شريط مقطوعات وراك,,معجم المصطلحات الاعلامية
( فلم قصير مولف من لقطات سريعة غاليا ما يصور قطعة,,معجم المصطلحات الاعلامية
تزدزلف,,معجم المصطلحات الاعلامية
عنونة إلكترونية للصم ومأممتامقه عومك,,معجم المصطلحات الاعلامية
كامة لطع امع زمر عنامم عناوتدملعءاة عوهانا,,معجم المصطلحات الاعلامية
"لقطة نصفيّة مقرية, 5101 انأل عدوم",,معجم المصطلحات الاعلامية
لقطة أمريكية,,معجم المصطلحات الاعلامية
(لقطة تظهر شخصا أو أكثر من أعلى ال ركبتين إلى الرأس),,معجم المصطلحات الاعلامية
مأوء مق وة رهام,,معجم المصطلحات الاعلامية
لقطة مقربة غ50 عوم01,,معجم المصطلحات الاعلامية
6ع معممة؟ موام,,معجم المصطلحات الاعلامية
لقطة مقربة مب عوم,,معجم المصطلحات الاعلامية
صوام ومو,,معجم المصطلحات الاعلامية
دارة مغلقة ناعنك لعومك,,معجم المصطلحات الاعلامية
غممع] اأبمرك,,معجم المصطلحات الاعلامية
دارة تلفزة مغلقة لا أتبميك لعومك,,معجم المصطلحات الاعلامية
( نظام تصوير وعرض للصورة في دائرة مغلقة يستعمل في,,معجم المصطلحات الاعلامية
الغالب لحراقية إلشعلات التجارية والموسسات),,معجم المصطلحات الاعلامية
مجع؟ اأباعيك دع ممأوابةا6 +,,معجم المصطلحات الاعلامية
شفرة؛ رمز 6200,,معجم المصطلحات الاعلامية
6000,,معجم المصطلحات الاعلامية
مرمّر لع اطادردهد زنقع0م,,معجم المصطلحات الاعلامية
عامل,,معجم المصطلحات الاعلامية
جموعة مملععع1امه,,معجم المصطلحات الاعلامية
ممع اام,,معجم المصطلحات الاعلامية
ترعكت,,معجم المصطلحات الاعلامية
468,,معجم المصطلحات الاعلامية
469,,معجم المصطلحات الاعلامية
4710,,معجم المصطلحات الاعلامية
471,,معجم المصطلحات الاعلامية
472,,معجم المصطلحات الاعلامية
473,,معجم المصطلحات الاعلامية
174,,معجم المصطلحات الاعلامية
475,,معجم المصطلحات الاعلامية
476,,معجم المصطلحات الاعلامية
477,,معجم المصطلحات الاعلامية
478,,معجم المصطلحات الاعلامية
"47,9",,معجم المصطلحات الاعلامية
4050,,معجم المصطلحات الاعلامية
001005 ١,,معجم المصطلحات الاعلامية
هوائي مشترك 1101م,,معجم المصطلحات الاعلامية
عللاعع امه عممعاوة,,معجم المصطلحات الاعلامية
استقبال جماعي الات ألا 0011113101116,,معجم المصطلحات الاعلامية
وو ألرع15! بأل لايكامه.,,معجم المصطلحات الاعلامية
(مشاهدة أو استماع),,معجم المصطلحات الاعلامية
عالاعع الم رمتاومئمم,,معجم المصطلحات الاعلامية
قرص مدمج (20) عأادال أعهم رمه,,معجم المصطلحات الاعلامية
قم لمم عناوكأل,,معجم المصطلحات الاعلامية
معلل أن عادأل 0011:2361,,معجم المصطلحات الاعلامية
(/خم6),,معجم المصطلحات الاعلامية
أعقمسمء 1066 عننودال,,معجم المصطلحات الاعلامية
00 111212(,,معجم المصطلحات الاعلامية
ممم :50066,,معجم المصطلحات الاعلامية
لاللهم م0,,معجم المصطلحات الاعلامية
اعجرج تر عريا م,,معجم المصطلحات الاعلامية
انلق أأطناط لالقطدوومه,,معجم المصطلحات الاعلامية
"لمعقعأاطنم رعورمع نمع ""ل اهنامز",,معجم المصطلحات الاعلامية
عوأرومع نامعل,,معجم المصطلحات الاعلامية
تنكس لنياءت,,معجم المصطلحات الاعلامية
ومأونارع 201,,معجم المصطلحات الاعلامية
عنالاد رقم ترم علد أاطيام,,معجم المصطلحات الاعلامية
ع اناعم م0,,معجم المصطلحات الاعلامية
لإنلكا يقت نيك,,معجم المصطلحات الاعلامية
قرص فيديو مدمج,,معجم المصطلحات الاعلامية
شركة,,معجم المصطلحات الاعلامية
نشرة المؤسسة,,معجم المصطلحات الاعلامية
إعلان مقارن,,معجم المصطلحات الاعلامية
إعلان تنافسي؛ إشهار,,معجم المصطلحات الاعلامية
تنافسي,,معجم المصطلحات الاعلامية
عباعتافمصرم مال أاطيام,,معجم المصطلحات الاعلامية
شكوى مأو امدومه,,معجم المصطلحات الاعلامية
ماقام,,معجم المصطلحات الاعلامية
مُكمْل بو قأجرع جرع أمخومه,,معجم المصطلحات الاعلامية
عمزهأمعومةاممومء,,معجم المصطلحات الاعلامية
لجوينا عناع | درحومه,,معجم المصطلحات الاعلامية
001,,معجم المصطلحات الاعلامية
(ع6غرمم عل عسطرع بارمع) عاقألدمم عقازمم,,معجم المصطلحات الاعلامية
ماني زلا قتع تا امحوومة,,معجم المصطلحات الاعلامية
كنيعت,,معجم المصطلحات الاعلامية
لاناع اعقاو عننا م 6بإوباوء,,معجم المصطلحات الاعلامية
اما تع دترا لم رمه,,معجم المصطلحات الاعلامية
رمعم أعوطند,,معجم المصطلحات الاعلامية
رعرع كلاعأع هين م011 كمع مع دضوطجع,,معجم المصطلحات الاعلامية
لن ينياكت,,معجم المصطلحات الاعلامية
تغطية عالمية شاملة,,معجم المصطلحات الاعلامية
اشعراك جا,,معجم المصطلحات الاعلامية
ملحن,,معجم المصطلحات الاعلامية
؟ناع 051 تام,,معجم المصطلحات الاعلامية
508,,معجم المصطلحات الاعلامية
509,,معجم المصطلحات الاعلامية
510,,معجم المصطلحات الاعلامية
511,,معجم المصطلحات الاعلامية
512,,معجم المصطلحات الاعلامية
513,,معجم المصطلحات الاعلامية
514,,معجم المصطلحات الاعلامية
515,,معجم المصطلحات الاعلامية
516,,معجم المصطلحات الاعلامية
517,,معجم المصطلحات الاعلامية
518,,معجم المصطلحات الاعلامية
519,,معجم المصطلحات الاعلامية
520,,معجم المصطلحات الاعلامية
521,,معجم المصطلحات الاعلامية
عاممط كءنطامه,,معجم المصطلحات الاعلامية
كتاب شرائط رسوم اعمط ى أطلامه,,معجم المصطلحات الاعلامية
هزلية,,معجم المصطلحات الاعلامية
وعم مأكوعل ععلصقط عل عترزا,,معجم المصطلحات الاعلامية
عروض (ال..) المقبلة كدمهتا 38 ودرأدرمه,,معجم المصطلحات الاعلامية
أمع ممععنة! -1,,معجم المصطلحات الاعلامية
لاع مع رأقط 0 -2,,معجم المصطلحات الاعلامية
تعليق 6011111,,معجم المصطلحات الاعلامية
لالمأترع ملم,,معجم المصطلحات الاعلامية
علق املعم,,معجم المصطلحات الاعلامية
معلّق 01 قالع مادم,,معجم المصطلحات الاعلامية
يتان,,معجم المصطلحات الاعلامية
لاعت 001,,معجم المصطلحات الاعلامية
وصلة إشهارية» وصلة أمععع رمه,,معجم المصطلحات الاعلامية
إعلانية صفحة,,معجم المصطلحات الاعلامية
إشهارية,,معجم المصطلحات الاعلامية
عمامااء اأطنام عوهم :(/ا) عمزهانءلأطنام غأ0م5,,معجم المصطلحات الاعلامية
(801),,معجم المصطلحات الاعلامية
بلاغ إعلاي» بلاغ أم 001111,,معجم المصطلحات الاعلامية
10م,,معجم المصطلحات الاعلامية
إشهاري,,معجم المصطلحات الاعلامية
عمأما الطنام قبل وأصنامانوم»,,معجم المصطلحات الاعلامية
"فاصل إعلان, فاصل عاهعءط أقاععع ترم",,معجم المصطلحات الاعلامية
(/11-ه01ة),,معجم المصطلحات الاعلامية
إشهار,,معجم المصطلحات الاعلامية
عأماق أاطنام عدونقم,,معجم المصطلحات الاعلامية
إذاعة تجارية وألةه أقاء عتمم,,معجم المصطلحات الاعلامية
عاقاءع تع صقم وألج؟,,معجم المصطلحات الاعلامية
0001111,,معجم المصطلحات الاعلامية
لكي تتا,,معجم المصطلحات الاعلامية
عاقاع نع مومه لرمأكا/اة 161,,معجم المصطلحات الاعلامية
00111111,,معجم المصطلحات الاعلامية
"تلفزة تجارية, قناة تجارية",,معجم المصطلحات الاعلامية
اتصال,,معجم المصطلحات الاعلامية
لق انال 0,,معجم المصطلحات الاعلامية
فن الاتصال» وسائل ا اينات,,معجم المصطلحات الاعلامية
الاتصال,,معجم المصطلحات الاعلامية
6 5معز500 زممتاق صمتتلصوم ها عل غرج,,معجم المصطلحات الاعلامية
لك لي تت,,معجم المصطلحات الاعلامية
وكيل الاتصال 0 001111,,معجم المصطلحات الاعلامية
10م اتاروم عل أمعوق,,معجم المصطلحات الاعلامية
بلاغ 001111011,,معجم المصطلحات الاعلامية
ملم,,معجم المصطلحات الاعلامية
495,,معجم المصطلحات الاعلامية
496,,معجم المصطلحات الاعلامية
457,,معجم المصطلحات الاعلامية
458,,معجم المصطلحات الاعلامية
499,,معجم المصطلحات الاعلامية
500,,معجم المصطلحات الاعلامية
501,,معجم المصطلحات الاعلامية
502,,معجم المصطلحات الاعلامية
503,,معجم المصطلحات الاعلامية
504,,معجم المصطلحات الاعلامية
505,,معجم المصطلحات الاعلامية
506,,معجم المصطلحات الاعلامية
507,,معجم المصطلحات الاعلامية
ممتانط امم,,معجم المصطلحات الاعلامية
حتوى (5) لتعاومه,,معجم المصطلحات الاعلامية
لامعامم.,,معجم المصطلحات الاعلامية
ترَابْط بطاأستاممه,,معجم المصطلحات الاعلامية
1 انا,,معجم المصطلحات الاعلامية
حملة إعلانية ممّصلة بواأبامتامصمه,,معجم المصطلحات الاعلامية
ووأولطرعيالة,,معجم المصطلحات الاعلامية
عناضاغمى متها |اطنام عمووممرمء,,معجم المصطلحات الاعلامية
مقطع المشاهد لمعك بطاأسستاصمه,,معجم المصطلحات الاعلامية
(السينارير),,معجم المصطلحات الاعلامية
(0أرقمغعة) انعمنامءة0,,معجم المصطلحات الاعلامية
تقطيع المشاهد وضاغايك بوالباحرتامم,,معجم المصطلحات الاعلامية
(السينارير),,معجم المصطلحات الاعلامية
(مأرةمغع5) عوقمنامء06,,معجم المصطلحات الاعلامية
عتوان الربط ع0 بطاأنامتاتمه,,معجم المصطلحات الاعلامية
ومدنهاا عل عناا,,معجم المصطلحات الاعلامية
غراض متصيل نات لنت,,معجم المصطلحات الاعلامية
امع ترق وعم عاأعماععم5,,معجم المصطلحات الاعلامية
تحقيق متصلء سَبّر لإعلطلاك 5نا0 )600,,معجم المصطلحات الاعلامية
متصل,,معجم المصطلحات الاعلامية
لاع قمعم عو50005 زعامع مقعم عأقليومةع,,معجم المصطلحات الاعلامية
عَْد غ0 هجادمه,,معجم المصطلحات الاعلامية
6600,,معجم المصطلحات الاعلامية
ميج أفلام دصلا عأموجالرمه,,معجم المصطلحات الاعلامية
ما عل «نمعاعملمم,,معجم المصطلحات الاعلامية
بمثل متعاقد تعلزهام أع هتمه,,معجم المصطلحات الاعلامية
+08 50115 الاعاءة,,معجم المصطلحات الاعلامية
تضاد غ5ة 1زم,,معجم المصطلحات الاعلامية
000,,معجم المصطلحات الاعلامية
ضوء معاكس الاوز عتأقرمه,,معجم المصطلحات الاعلامية
(تصوير في مواحهة الشمس أو ضوء اصطناعي),,معجم المصطلحات الاعلامية
انامز ماقم,,معجم المصطلحات الاعلامية
مستشار التحرير عمغللء وساأناطانوم,,معجم المصطلحات الاعلامية
ممتاعهلمم عل عع | |أعووم»,,معجم المصطلحات الاعلامية
"مقال معاون, مسامة انط أطوم",,معجم المصطلحات الاعلامية
ومناط تممه زعرععغوعوطولام عل عاعتارة,,معجم المصطلحات الاعلامية
537,,معجم المصطلحات الاعلامية
558,,معجم المصطلحات الاعلامية
539,,معجم المصطلحات الاعلامية
540,,معجم المصطلحات الاعلامية
541,,معجم المصطلحات الاعلامية
542,,معجم المصطلحات الاعلامية
543,,معجم المصطلحات الاعلامية
544,,معجم المصطلحات الاعلامية
545,,معجم المصطلحات الاعلامية
546,,معجم المصطلحات الاعلامية
547,,معجم المصطلحات الاعلامية
548,,معجم المصطلحات الاعلامية
549,,معجم المصطلحات الاعلامية
550,,معجم المصطلحات الاعلامية
551,,معجم المصطلحات الاعلامية
حم لومم مه,,معجم المصطلحات الاعلامية
0011205180,,معجم المصطلحات الاعلامية
0005110,,معجم المصطلحات الاعلامية
حاسوب عنام تائم,,معجم المصطلحات الاعلامية
لت ناعنك,,معجم المصطلحات الاعلامية
رسوم متحركة 200 لزلتية عا اضرم,,معجم المصطلحات الاعلامية
بالحاسوب,,معجم المصطلحات الاعلامية
علاعأقصألنه عقم وماق صامة,,معجم المصطلحات الاعلامية
عنام 00111,,معجم المصطلحات الاعلامية
(تقع) دمأأءبصاكما,,معجم المصطلحات الاعلامية
الاعغقمألنه قم لرمأأعناراكما,,معجم المصطلحات الاعلامية
عع 00111,,معجم المصطلحات الاعلامية
تعليمات بالحاسوب,,معجم المصطلحات الاعلامية
مؤتمر,,معجم المصطلحات الاعلامية
00101,,معجم المصطلحات الاعلامية
عناظرة عن بعد الى عمرع كدوم,,معجم المصطلحات الاعلامية
ععمع ةدمع ة61ا,,معجم المصطلحات الاعلامية
ريط م0,,معجم المصطلحات الاعلامية
ممذأهلا بذملباعمممء,,معجم المصطلحات الاعلامية
استقلال الرأي وكناقك ععتاء أعذلامه,,معجم المصطلحات الاعلامية
(مبدا يحفظ لصحفي حقه في استقلال الرأي وحرّية,,معجم المصطلحات الاعلامية
الضمير والانسجام الوحداني الذاقي ويقضي بق الصحني,,معجم المصطلحات الاعلامية
في مغادرة صحيفة مع استلام تعريضات إذا غيّرت اتجاههاء,,معجم المصطلحات الاعلامية
فباتت تتناقض مع آرائه ومعتقداتم),,معجم المصطلحات الاعلامية
ععوعأعومم عل عو ينقاه,,معجم المصطلحات الاعلامية
باسنت,,معجم المصطلحات الاعلامية
لوحة المفاتيح,,معجم المصطلحات الاعلامية
000501,,معجم المصطلحات الاعلامية
لانت,,معجم المصطلحات الاعلامية
(عمصمدتعم) ععااتعومم,,معجم المصطلحات الاعلامية
1157 5101م,,معجم المصطلحات الاعلامية
55061 إناع 201501111118,,معجم المصطلحات الاعلامية
1م لع ناكلم,,معجم المصطلحات الاعلامية
انا1 0050158 نال الأمام,,معجم المصطلحات الاعلامية
001111,,معجم المصطلحات الاعلامية
الاع 050151031 نال لاملعع امم,,معجم المصطلحات الاعلامية
إهانة أمتترع درم,,معجم المصطلحات الاعلامية
001,,معجم المصطلحات الاعلامية
تحليل المضمون دأكلزاقتنة أمعطادرم,,معجم المصطلحات الاعلامية
تااتعاممه عل عدبرزهمة,,معجم المصطلحات الاعلامية
522,,معجم المصطلحات الاعلامية
523,,معجم المصطلحات الاعلامية
524,,معجم المصطلحات الاعلامية
525,,معجم المصطلحات الاعلامية
526,,معجم المصطلحات الاعلامية
527,,معجم المصطلحات الاعلامية
528,,معجم المصطلحات الاعلامية
529,,معجم المصطلحات الاعلامية
5320,,معجم المصطلحات الاعلامية
531,,معجم المصطلحات الاعلامية
532,,معجم المصطلحات الاعلامية
533,,معجم المصطلحات الاعلامية
534,,معجم المصطلحات الاعلامية
535,,معجم المصطلحات الاعلامية
536,,معجم المصطلحات الاعلامية
مله كمه أل 1م,,معجم المصطلحات الاعلامية
دفتر العسمير كاعناط لارمه,,معجم المصطلحات الاعلامية
الأعاعبالمم عزمهم,,معجم المصطلحات الاعلامية
مورّع الصحف ‎٠ بامط لاحرمه,,معجم المصطلحات الاعلامية
“الات لاناق ىلا0[ عل ملتعغباط لوأل,,معجم المصطلحات الاعلامية
(عقالام ع0 ومومقو)مه وومطج,,معجم المصطلحات الاعلامية
أجل الإيداع نالدع رمعا رمه,,معجم المصطلحات الاعلامية
عاناعل زعلدع] بال عدأورع: عل عذأممزا مدل,,معجم المصطلحات الاعلامية
ملاع بال عدأجرعم عل عؤأمملا,,معجم المصطلحات الاعلامية
قسم التحرير ز عل رمه,,معجم المصطلحات الاعلامية
اوناع ةل 6ع أباعة,,معجم المصطلحات الاعلامية
مكتب المراجعة عاععل بإترمه,,معجم المصطلحات الاعلامية
ووأكابةم عاوعل,,معجم المصطلحات الاعلامية
اجعة ال بأألكت بإدرمه,,معجم المصطلحات الاعلامية
مراججعة النص غلم لما معطعمم,,معجم المصطلحات الاعلامية
عدم عل ممقامممة,,معجم المصطلحات الاعلامية
مصحّح :أله ززم,,معجم المصطلحات الاعلامية
انع نامع ]00,,معجم المصطلحات الاعلامية
برنامج المواد عانانله16اعه برجم,,معجم المصطلحات الاعلامية
( حدول المقالات الي ستصدر في أعداد الصحيفة المقبلة,,معجم المصطلحات الاعلامية
"5ع 8"" ممتأق صم مقعومم",,معجم المصطلحات الاعلامية
مفتاح التأمين لإدرمه تل نهناولاممم,,معجم المصطلحات الاعلامية
لولعم امم,,معجم المصطلحات الاعلامية
علرنوع ارهد عل قاع,,معجم المصطلحات الاعلامية
حق المؤلق حاو ترام,,معجم المصطلحات الاعلامية
( وهو حق الملكية الفكرية وهذه تشمل كل إنتاج في أو,,معجم المصطلحات الاعلامية
أدبي لمم,,معجم المصطلحات الاعلامية
علاواأدتام غع عمتممة | منعغراه؟'ل عزمل,,معجم المصطلحات الاعلامية
ذكر حق المؤلف 016 غطو امه,,معجم المصطلحات الاعلامية
1و الام 0» عل ممتامعمم,,معجم المصطلحات الاعلامية
تسجيل ال مو لفات اداو ءلاممه,,معجم المصطلحات الاعلامية
(إبداع المولفات لدى مكتب حقوق التأليف),,معجم المصطلحات الاعلامية
ع01]1 غطوة لمم ناة غرع مع داوع رمع,,معجم المصطلحات الاعلامية
محرّر مقالات ع يبالادمه,,معجم المصطلحات الاعلامية
5عاء 1 ج'0 انع ه160,,معجم المصطلحات الاعلامية
تزامن لا سلكي عدلاد كك 1ال01ه0,,معجم المصطلحات الاعلامية
للصوت والصورة,,معجم المصطلحات الاعلامية
(ا) ا قصدة وغل (-010نة ممأعغهدامه:«طعملو,,معجم المصطلحات الاعلامية
566,,معجم المصطلحات الاعلامية
567,,معجم المصطلحات الاعلامية
568,,معجم المصطلحات الاعلامية
569,,معجم المصطلحات الاعلامية
500,,معجم المصطلحات الاعلامية
571,,معجم المصطلحات الاعلامية
52,,معجم المصطلحات الاعلامية
513,,معجم المصطلحات الاعلامية
574,,معجم المصطلحات الاعلامية
5/5,,معجم المصطلحات الاعلامية
576,,معجم المصطلحات الاعلامية
57,,معجم المصطلحات الاعلامية
578,,معجم المصطلحات الاعلامية
579,,معجم المصطلحات الاعلامية
“مام وططاامه عابط اناوه,,معجم المصطلحات الاعلامية
مستكتب +0 ناط ناترم,,معجم المصطلحات الاعلامية
«مخوجوطاة ]امه,,معجم المصطلحات الاعلامية
(كاتب من عماج العاملين في الصحيفة),,معجم المصطلحات الاعلامية
(أقمانامز ناة عمععه) عاو ئوط جام,,معجم المصطلحات الاعلامية
مكتب المراقبة تعامومه أمتامم,,معجم المصطلحات الاعلامية
عاعع0 أوتاترم,,معجم المصطلحات الاعلامية
عزوم عل عأ مام رعلمقصصسم عل عنامنم,,معجم المصطلحات الاعلامية
حجرة المراقية دزمه؟ أمتانمه,,معجم المصطلحات الاعلامية
عأومء هل ولامقه,,معجم المصطلحات الاعلامية
مَصلوت المراقبة باعتا أمطترمه,,معجم المصطلحات الاعلامية
عأؤعادرم ع0 عتمومة عاوام,,معجم المصطلحات الاعلامية
1- مبرمج 07 0116ترمه,,معجم المصطلحات الاعلامية
لووط[,,معجم المصطلحات الاعلامية
810111,,معجم المصطلحات الاعلامية
؟نا 0152 -1,,معجم المصطلحات الاعلامية
2 مدير البرامج 65 عاطتكصممدع: -2,,معجم المصطلحات الاعلامية
لحي “ةا,,معجم المصطلحات الاعلامية
عيّئة عشوائية تقد ععتيع أررع /اررمه,,معجم المصطلحات الاعلامية
(كعمدمدمعم) فوأبمرممما ممالتامهطءة,,معجم المصطلحات الاعلامية
اتفاقية اترمه,,معجم المصطلحات الاعلامية
تامع نام :360010,,معجم المصطلحات الاعلامية
"وسائل الإعلام المعروفة ,236018 0131 أ انع المع",,معجم المصطلحات الاعلامية
لساب 7 للست سيت,,معجم المصطلحات الاعلامية
560135 ز(دلصونو 5 دعا ) 5عناوأودقاء عقألم,,معجم المصطلحات الاعلامية
وعم ممأل,,معجم المصطلحات الاعلامية
محادلة تامع 00,,معجم المصطلحات الاعلامية
نام دع مم0,,معجم المصطلحات الاعلامية
إعلان جماعي ع اأأمزع وممن,,معجم المصطلحات الاعلامية
و أكتاع م20,,معجم المصطلحات الاعلامية
ولأك علج وعم اام,,معجم المصطلحات الاعلامية
عتالعع الم ما لإطيام,,معجم المصطلحات الاعلامية
إنتاج مشترك موتاء لمعم -من,,معجم المصطلحات الاعلامية
0600100,,معجم المصطلحات الاعلامية
نشر مشعرك ماق الطناممه,,معجم المصطلحات الاعلامية
ضماغوء 1 أطنام-0»,,معجم المصطلحات الاعلامية
السخية امه,,معجم المصطلحات الاعلامية
امم,,معجم المصطلحات الاعلامية
"معابفة النص لانزهن زذاعهه""ممة لدوم",,معجم المصطلحات الاعلامية
بعالمم,,معجم المصطلحات الاعلامية
زع متملع اطلام عمودممىق عل عررغطا,,معجم المصطلحات الاعلامية
عع أوناءأاذنام علموقمصق عل عنو الهم,,معجم المصطلحات الاعلامية
552,,معجم المصطلحات الاعلامية
553,,معجم المصطلحات الاعلامية
554,,معجم المصطلحات الاعلامية
555,,معجم المصطلحات الاعلامية
556,,معجم المصطلحات الاعلامية
557,,معجم المصطلحات الاعلامية
558,,معجم المصطلحات الاعلامية
559,,معجم المصطلحات الاعلامية
560,,معجم المصطلحات الاعلامية
561,,معجم المصطلحات الاعلامية
562,,معجم المصطلحات الاعلامية
563,,معجم المصطلحات الاعلامية
566,,معجم المصطلحات الاعلامية
565,,معجم المصطلحات الاعلامية
يمزع ايا أهعلاات,,معجم المصطلحات الاعلامية
سعر(ال..) المعلن؛ من ععلمم رعبامهن,,معجم المصطلحات الاعلامية
علغطاتاط نلق لام زط )3 عاتم,,معجم المصطلحات الاعلامية
"موضوع الغلافف, لدلاماى «إعيا00",,معجم المصطلحات الاعلامية
مقالة المجلة,,معجم المصطلحات الاعلامية
عاعتارة بعمبطرعسضم دوع أعممصوة علمتامة,,معجم المصطلحات الاعلامية
"عرأ583082, عأباة",,معجم المصطلحات الاعلامية
عنوان الغلاف تنسيات,,معجم المصطلحات الاعلامية
عالتازع /انامه عل عانا,,معجم المصطلحات الاعلامية
تغطية تاسنيات,,معجم المصطلحات الاعلامية
تناع انام,,معجم المصطلحات الاعلامية
مر جّعات ؤطاوت,,معجم المصطلحات الاعلامية
ونا لمع المأ,,معجم المصطلحات الاعلامية
عرو,,معجم المصطلحات الاعلامية
(/7 ونع مرق ألامم) عنانوة,,معجم المصطلحات الاعلامية
قسم الإبداع رع ص مدعل ملاتاهعن,,معجم المصطلحات الاعلامية
مماوى عل أمع ورم وم06,,معجم المصطلحات الاعلامية
إبداع بدا ألاناهعه,,معجم المصطلحات الاعلامية
6 الانا ه06,,معجم المصطلحات الاعلامية
عاطالع,,معجم المصطلحات الاعلامية
عاطللة,,معجم المصطلحات الاعلامية
عد ذا غألعن,,معجم المصطلحات الاعلامية
مرئوق,,معجم المصطلحات الاعلامية
بيان المصدر,,معجم المصطلحات الاعلامية
ععالا50 ع0 ماصع,,معجم المصطلحات الاعلامية
مقلمة الفلم كع اانا أألعى زكاالعن,,معجم المصطلحات الاعلامية
كارع رع أعنع رع زعنوا ف مغو,,معجم المصطلحات الاعلامية
ركع11 ولأععن,,معجم المصطلحات الاعلامية
5ع وصتاسمن,,معجم المصطلحات الاعلامية
(عناوين مقدمة فلم تساب متتابعة على شاشة العرض),,معجم المصطلحات الاعلامية
أصدأنه غ0 عبوأغصغو جأمواقغل عدو مغو,,معجم المصطلحات الاعلامية
عداوين مُدسابة,,معجم المصطلحات الاعلامية
فريق عمل دفن,,معجم المصطلحات الاعلامية
اأهباقط عل عمأناوة,,معجم المصطلحات الاعلامية
اقدوال..) عرئلت,,معجم المصطلحات الاعلامية
(عمصموديعم) (عا) عبولاتن,,معجم المصطلحات الاعلامية
وجهة نظر ثقدية يلاع زلا أمعتاان,,معجم المصطلحات الاعلامية
عناواناك عنالا عل ألزمم,,معجم المصطلحات الاعلامية
554,,معجم المصطلحات الاعلامية
595,,معجم المصطلحات الاعلامية
5596,,معجم المصطلحات الاعلامية
557,,معجم المصطلحات الاعلامية
508,,معجم المصطلحات الاعلامية
5599,,معجم المصطلحات الاعلامية
601,,معجم المصطلحات الاعلامية
602,,معجم المصطلحات الاعلامية
2603,,معجم المصطلحات الاعلامية
604,,معجم المصطلحات الاعلامية
605,,معجم المصطلحات الاعلامية
506,,معجم المصطلحات الاعلامية
607,,معجم المصطلحات الاعلامية
608,,معجم المصطلحات الاعلامية
مملاهمم امه,,معجم المصطلحات الاعلامية
شركة ممم,,معجم المصطلحات الاعلامية
50016,,معجم المصطلحات الاعلامية
تدقيق 001,,معجم المصطلحات الاعلامية
(مراحعة نص وتصحيحه),,معجم المصطلحات الاعلامية
نع 601,,معجم المصطلحات الاعلامية
تصويب عاتاءع نم0,,معجم المصطلحات الاعلامية
( بيان لتصحيح بر» أولا ستدراك حطأ في تصريح نشر,,معجم المصطلحات الاعلامية
من قبل)»,,معجم المصطلحات الاعلامية
]نكم لامع,,معجم المصطلحات الاعلامية
هراميل 0050001,,معجم المصطلحات الاعلامية
010 مد 060116,,معجم المصطلحات الاعلامية
تصويب ع ايت نيلات,,معجم المصطلحات الاعلامية
‎١ (لمنطورع),,معجم المصطلحات الاعلامية
(الأغلاط المطبعيّة),,معجم المصطلحات الاعلامية
لساك يت,,معجم المصطلحات الاعلامية
كلفة غ5مه,,معجم المصطلحات الاعلامية
غ600,,معجم المصطلحات الاعلامية
فلم تاريخي ا عتورناكاوم,,معجم المصطلحات الاعلامية
عناو أءماكاط لالم,,معجم المصطلحات الاعلامية
ملايس 005115,,معجم المصطلحات الاعلامية
5م6051,,معجم المصطلحات الاعلامية
عد تنازلي ا 000011,,معجم المصطلحات الاعلامية
5اناوطع 3 ععأم مم,,معجم المصطلحات الاعلامية
بلد الإصدار ]0 لأمنام,,معجم المصطلحات الاعلامية
ممص الطنام,,معجم المصطلحات الاعلامية
لمتأوع أاطيام عل دبزهم,,معجم المصطلحات الاعلامية
قسيمة ونام,,معجم المصطلحات الاعلامية
:201,,معجم المصطلحات الاعلامية
غلاف عوهم تع يامه ريع لامع,,معجم المصطلحات الاعلامية
(مملأهءالطنم) عتنطع وم,,معجم المصطلحات الاعلامية
فتاة الغلاف أء500 اع ل00,,معجم المصطلحات الاعلامية
(صورة على الغلاف نظهر فتاة تستحيب لمقاييس الأزياء),,معجم المصطلحات الاعلامية
ع نازع الامه عل وأناع قمر,,معجم المصطلحات الاعلامية
زتأمق رومع ملام مع يام,,معجم المصطلحات الاعلامية
ع ننحاء ام زع يام,,معجم المصطلحات الاعلامية
انتااع انام ع0 مؤمام,,معجم المصطلحات الاعلامية
صورة الغلاف,,معجم المصطلحات الاعلامية
560,,معجم المصطلحات الاعلامية
561,,معجم المصطلحات الاعلامية
502,,معجم المصطلحات الاعلامية
503,,معجم المصطلحات الاعلامية
564,,معجم المصطلحات الاعلامية
5655,,معجم المصطلحات الاعلامية
586,,معجم المصطلحات الاعلامية
567,,معجم المصطلحات الاعلامية
558,,معجم المصطلحات الاعلامية
589,,معجم المصطلحات الاعلامية
550,,معجم المصطلحات الاعلامية
591,,معجم المصطلحات الاعلامية
502,,معجم المصطلحات الاعلامية
553,,معجم المصطلحات الاعلامية
أنامانه,,معجم المصطلحات الاعلامية
فقرة الالتتاح ععداق ومتهاربت,,معجم المصطلحات الاعلامية
( في المسرحء هو البرنامج الذي يعرض بعد رفع الستار,,معجم المصطلحات الاعلامية
مباشرة),,معجم المصطلحات الاعلامية
لاقعلق عل عذبهعا عل علللمورومم,,معجم المصطلحات الاعلامية
قسم الزيائن عوالارعة رع كنات,,معجم المصطلحات الاعلامية
5أناع 00501003 ععالارع5 راوع أاع-عع ابارعوع,,معجم المصطلحات الاعلامية
فاصل كلت,,معجم المصطلحات الاعلامية
«واصل),,معجم المصطلحات الاعلامية
26010 زعمنامع,,معجم المصطلحات الاعلامية
نسخة ختصرة لنن نين قات,,معجم المصطلحات الاعلامية
مغو ططة ممأقمعلا,,معجم المصطلحات الاعلامية
لقطة فاصلة لادبحهانات,,معجم المصطلحات الاعلامية
( صورة أو لقطة تفصل بين مشهدين أو موضوعين في فلم),,معجم المصطلحات الاعلامية
(مل) عدغطاءمعمهم,,معجم المصطلحات الاعلامية
عنوان فاصل (صحافة يلات,,معجم المصطلحات الاعلامية
"مكتوبة), فاصل إعلان",,معجم المصطلحات الاعلامية
"(إذاعة, تلفزة): فاصل",,معجم المصطلحات الاعلامية
إشهاري(إذاعة تلفزة),,معجم المصطلحات الاعلامية
0جمععة: روام,,معجم المصطلحات الاعلامية
دمج ودايرععا بعمععد وليك,,معجم المصطلحات الاعلامية
(نص في الصورة),,معجم المصطلحات الاعلامية
مولطعكم| بمو وكأدنتمما,,معجم المصطلحات الاعلامية
اسم المؤلّف (مقالات موأغرت زعومتلانه,,معجم المصطلحات الاعلامية
"صحفية), اسم المرسل",,معجم المصطلحات الاعلامية
( قصاصات الأخبار),,معجم المصطلحات الاعلامية
الاعاناة'ل ععمعرة ]6,,معجم المصطلحات الاعلامية
"فراصل إعلائية , 015- أنه",,معجم المصطلحات الاعلامية
فواصل إشهارية,,معجم المصطلحات الاعلامية
طنام عنامم عووء م06,,معجم المصطلحات الاعلامية
مَنَاظِر محذوفة غنامانت,,معجم المصطلحات الاعلامية
عمنوءةل :مم06,,معجم المصطلحات الاعلامية
621,,معجم المصطلحات الاعلامية
622,,معجم المصطلحات الاعلامية
623,,معجم المصطلحات الاعلامية
624,,معجم المصطلحات الاعلامية
625,,معجم المصطلحات الاعلامية
626,,معجم المصطلحات الاعلامية
627,,معجم المصطلحات الاعلامية
628,,معجم المصطلحات الاعلامية
629,,معجم المصطلحات الاعلامية
630,,معجم المصطلحات الاعلامية
ليمتعانات,,معجم المصطلحات الاعلامية
نقدوال..) لريدفلنلت,,معجم المصطلحات الاعلامية
(ها) عنوءات,,معجم المصطلحات الاعلامية
قطب صحفي 01 كوم,,معجم المصطلحات الاعلامية
ككمك ماوع يان,,معجم المصطلحات الاعلامية
متطاكمعم يباه,,معجم المصطلحات الاعلامية
( شخص عتلك عدّة أحهزة في ميدان الاعلام » صحافة»,,معجم المصطلحات الاعلامية
مطايع؛ محطات إذاعية وتلفزة؛ إعلان» ال),,معجم المصطلحات الاعلامية
عكدع/م 3 06 50891181,,معجم المصطلحات الاعلامية
إضاءة متقاطعة وماغطوأاكومه,,معجم المصطلحات الاعلامية
65ذزمى <ناع؟ 3 عوقءزأةا60,,معجم المصطلحات الاعلامية
إشارة البدع 66,,معجم المصطلحات الاعلامية
أرقمغ6ل 06 أهروار,,معجم المصطلحات الاعلامية
بطاقة تذكير مرق مل رعق عنه,,معجم المصطلحات الاعلامية
( بطاقة تذدكر يعناصر البرنامج لمتلفز),,معجم المصطلحات الاعلامية
أعممة عرق بعرأموغم عارمه,,معجم المصطلحات الاعلامية
إضاءة التصوير غطوذا عبه,,معجم المصطلحات الاعلامية
وعنانا عل عوامم عل عووعلة60,,معجم المصطلحات الاعلامية
إشارة الرّبْط حتنااتاات,,معجم المصطلحات الاعلامية
(إشارة ين صحفي الاستوديو وتقنبي المحافظة للربط بين,,معجم المصطلحات الاعلامية
برناحين أو تحبرين أو فاصلين),,معجم المصطلحات الاعلامية
امع ممع مأهطمع'ل أقدواد,,معجم المصطلحات الاعلامية
دليل العوفيت لير 0,,معجم المصطلحات الاعلامية
( ورقة تتضمن توقيت كل فقرة من فقرات البرنامج,,معجم المصطلحات الاعلامية
وتفاصيلها),,معجم المصطلحات الاعلامية
موأودأدوة'ل اناعام 0050,,معجم المصطلحات الاعلامية
برئامج ثقافي عستمهعومهم أقعناانه,,معجم المصطلحات الاعلامية
عالععتطأنه (وأدداممة,,معجم المصطلحات الاعلامية
حوادث(ال..) الجارية كطررعنه الع رانات,,معجم المصطلحات الاعلامية
(9ن) تت كافك,,معجم المصطلحات الاعلامية
عدد اليوم عع نات أقمع ناه,,معجم المصطلحات الاعلامية
إل الصحاة الكتويةم,,معجم المصطلحات الاعلامية
الاوز بال ورلطناق زممغطائام ععأعل,,معجم المصطلحات الاعلامية
ستار الأهائناه,,معجم المصطلحات الاعلامية
لاهع10,,معجم المصطلحات الاعلامية
609,,معجم المصطلحات الاعلامية
5610,,معجم المصطلحات الاعلامية
601,,معجم المصطلحات الاعلامية
612,,معجم المصطلحات الاعلامية
2613,,معجم المصطلحات الاعلامية
644,,معجم المصطلحات الاعلامية
615,,معجم المصطلحات الاعلامية
66,,معجم المصطلحات الاعلامية
617,,معجم المصطلحات الاعلامية
68,,معجم المصطلحات الاعلامية
619,,معجم المصطلحات الاعلامية
620,,معجم المصطلحات الاعلامية
زمه ودتكاية,,معجم المصطلحات الاعلامية
نسخحة العمل لإدرهك ووصتاايه 631,,معجم المصطلحات الاعلامية
( النسخحة الي يشتغل عليها المخرج أو مهندس الصوت أو,,معجم المصطلحات الاعلامية
فريق الدبلحة لإراج الفلم),,معجم المصطلحات الاعلامية
(مأ8) أأقبدن عل عأمم06,,معجم المصطلحات الاعلامية
غرفة مظلمة 12101100غ,,معجم المصطلحات الاعلامية
عمأمم عتطجرولاء.,,معجم المصطلحات الاعلامية
معطيات إخبارية ماودلل,,معجم المصطلحات الاعلامية
م616 رمم ةعمال وعفومه0,,معجم المصطلحات الاعلامية
مجم]مل,,معجم المصطلحات الاعلامية
اتصال إلكتروي 5م نا ممم هطقل,,معجم المصطلحات الاعلامية
عنان تممه اععاة وحمتامء أمناطرارمء,,معجم المصطلحات الاعلامية
جمع المعلومات عطقو مأول,,معجم المصطلحات الاعلامية
كمع ة ممما دعل عتعء الم,,معجم المصطلحات الاعلامية
زوملأكدعع0ام هأول,,معجم المصطلحات الاعلامية
ناث يي سيل,,معجم المصطلحات الاعلامية
وتأكدع ع0,,معجم المصطلحات الاعلامية
كع مومهل 5عل غرع مع اه,,معجم المصطلحات الاعلامية
عا قمطهامل تععقطهاول,,معجم المصطلحات الاعلامية
معالجة المعلومات,,معجم المصطلحات الاعلامية
قاعدة معلومات,,معجم المصطلحات الاعلامية
65 لمم عل عناودة6 زوع مومل عل عوقط,,معجم المصطلحات الاعلامية
تار يخ ديليك,,معجم المصطلحات الاعلامية
اذكلتك,,معجم المصطلحات الاعلامية
ع3 زعناوذز 4ه 318ل,,معجم المصطلحات الاعلامية
وملاى أأطدم )0,,معجم المصطلحات الاعلامية
مولأوع]اطنم عل عأول,,معجم المصطلحات الاعلامية
تا يخ الم,,معجم المصطلحات الاعلامية
تاريخ الصدور,,معجم المصطلحات الاعلامية
642,,معجم المصطلحات الاعلامية
643,,معجم المصطلحات الاعلامية
645,,معجم المصطلحات الاعلامية
666,,معجم المصطلحات الاعلامية
0617,,معجم المصطلحات الاعلامية
649,,معجم المصطلحات الاعلامية
ا م,,معجم المصطلحات الاعلامية
صحف يومية كمعترهم لإاتهل زكم ألأدل,,معجم المصطلحات الاعلامية
(5ع1) دمعالنامنان,,معجم المصطلحات الاعلامية
توزيع يومي دتأوابعمك برازول,,معجم المصطلحات الاعلامية
0111لا عو13؟ رومع ألهنان لروأذن؟ أل,,معجم المصطلحات الاعلامية
صحيفة مسائية يوميّة محقم ووتوعبه برألدل,,معجم المصطلحات الاعلامية
عآهك بال مع0001و,,معجم المصطلحات الاعلامية
صحيفة صباحيّة يومد #عتزهم وصأصمم لإاأهل,,معجم المصطلحات الاعلامية
مأأهم نل معلل مدان,,معجم المصطلحات الاعلامية
صحيفة يومية عأعءمقمدييعم بلول,,معجم المصطلحات الاعلامية
1ل أمنن أقعنامز,,معجم المصطلحات الاعلامية
مؤتمرات صحفية يومية دمعىم الول,,معجم المصطلحات الاعلامية
5ع اع 00111,,معجم المصطلحات الاعلامية
كعممع01منين عدووعرم عل ععممعرة ]ممه,,معجم المصطلحات الاعلامية
برنامج يومي ترقعومهم لإالول,,معجم المصطلحات الاعلامية
عبن علد روم1م,,معجم المصطلحات الاعلامية
تقرير يومي أمممعء برأزول,,معجم المصطلحات الاعلامية
016 0نان غرممممم,,معجم المصطلحات الاعلامية
مُرْجَعات يوهية ومعبطعم لإازوك,,معجم المصطلحات الاعلامية
100165 ذ5لالدعباما,,معجم المصطلحات الاعلامية
أخبار يوهية يتاي زللنك,,معجم المصطلحات الاعلامية
5م01 ناو كمه لأ ممما,,معجم المصطلحات الاعلامية
632,,معجم المصطلحات الاعلامية
203,,معجم المصطلحات الاعلامية
6034,,معجم المصطلحات الاعلامية
635,,معجم المصطلحات الاعلامية
636,,معجم المصطلحات الاعلامية
2637,,معجم المصطلحات الاعلامية
6038,,معجم المصطلحات الاعلامية
6039,,معجم المصطلحات الاعلامية
6040,,معجم المصطلحات الاعلامية
641,,معجم المصطلحات الاعلامية
نولتت,,معجم المصطلحات الاعلامية
عنوان ثانوي 06,,معجم المصطلحات الاعلامية
(غالبا ما يكتب بحروف أصغر من حروف العتوان الرئيسي),,معجم المصطلحات الاعلامية
عع قط عملأل عضولا عبوهط,,معجم المصطلحات الاعلامية
صف العناوين قكيعتك,,معجم المصطلحات الاعلامية
5ع نا عل عموط,,معجم المصطلحات الاعلامية
لان سين عنك,,معجم المصطلحات الاعلامية
رع رع ماد,,معجم المصطلحات الاعلامية
ممنغة:واءة0,,معجم المصطلحات الاعلامية
(0) زأتدومومع0,,معجم المصطلحات الاعلامية
تصريجح,,معجم المصطلحات الاعلامية
( أي فض مزلة أجد الأخبار» خلال عملية فرز الأخبار,,معجم المصطلحات الاعلامية
من الأهم إلى الأقل أهميّة: فجعله في متزلة أدنسى),,معجم المصطلحات الاعلامية
لحتدليءتك,,معجم المصطلحات الاعلامية
مفلك الترهيز' جع ممع,,معجم المصطلحات الاعلامية
(جهاز ينكك برامج التلفزة الي تبث مرمزة لاستقباها,,معجم المصطلحات الاعلامية
استقبالا واض حا,,معجم المصطلحات الاعلامية
لاع لم06,,معجم المصطلحات الاعلامية
م06,,معجم المصطلحات الاعلامية
إهداء مناه لعل,,معجم المصطلحات الاعلامية
عمو 0601,,معجم المصطلحات الاعلامية
مسافة بؤريّة عميقة كناعه؟ مرععل,,معجم المصطلحات الاعلامية
(في محال التصوير),,معجم المصطلحات الاعلامية
ممم وأهعهة؟ ععموولل,,معجم المصطلحات الاعلامية
مصدر مُثقل غممنط رمعل,,معجم المصطلحات الاعلامية
2001/7 ع0 1نا50,,معجم المصطلحات الاعلامية
ذف اع ذا رصم مصرمقع ل,,معجم المصطلحات الاعلامية
ملأ مره ]أل,,معجم المصطلحات الاعلامية
دعوى قَذّف ععق حرو ناج جرواءع0,,معجم المصطلحات الاعلامية
هنأ ةمع ]]أل و مغعورم,,معجم المصطلحات الاعلامية
عبارات القذف 05 ينا المت ترج عل,,معجم المصطلحات الاعلامية
01800305 05م0م,,معجم المصطلحات الاعلامية
وضوحية م أمع ل,,معجم المصطلحات الاعلامية
(درحة وضوح الصورة. وهي تعتمد على عدهد الخطرط,,معجم المصطلحات الاعلامية
الأفئيّة على شاشة التلفاز),,معجم المصطلحات الاعلامية
مو أبامومم صم زم قة0,,معجم المصطلحات الاعلامية
663,,معجم المصطلحات الاعلامية
66,,معجم المصطلحات الاعلامية
665,,معجم المصطلحات الاعلامية
666,,معجم المصطلحات الاعلامية
667,,معجم المصطلحات الاعلامية
668,,معجم المصطلحات الاعلامية
669,,معجم المصطلحات الاعلامية
620,,معجم المصطلحات الاعلامية
601,,معجم المصطلحات الاعلامية
602,,معجم المصطلحات الاعلامية
673,,معجم المصطلحات الاعلامية
604,,معجم المصطلحات الاعلامية
675,,معجم المصطلحات الاعلامية
عملاعاةل,,معجم المصطلحات الاعلامية
برقيّات الأخبار» عستاع اول,,معجم المصطلحات الاعلامية
بيانات العدد,,معجم المصطلحات الاعلامية
( في صحيفة هي تاريخ العدد» ورقمه؛ ورقم الجلدء والسنة؛,,معجم المصطلحات الاعلامية
"ناعأ اع عغول) عطاعقم06 عمر""ل عغأدل",,معجم المصطلحات الاعلامية
بعغد0) عناو أ لمقم مكل عذهل زرعمنوليه'0,,معجم المصطلحات الاعلامية
(0266ة رع تنام,,معجم المصطلحات الاعلامية
فريق النهار اأطولاقل,,معجم المصطلحات الاعلامية
( العاملون في النهار في مقابل العاملين في الليل),,معجم المصطلحات الاعلامية
؟نامز لال عمأنا60,,معجم المصطلحات الاعلامية
(إذاعة تلفرة),,معجم المصطلحات الاعلامية
عم معنوز ها عل كعمرصوروممم عل عالمو,,معجم المصطلحات الاعلامية
يوماً بيوم لاهل-0-لاول,,معجم المصطلحات الاعلامية
الاوز عا نامز ناة,,معجم المصطلحات الاعلامية
مّنْت عأة لدعلل,,معجم المصطلحات الاعلامية
(فترة ينقطع فيها الث الإذاعي),,معجم المصطلحات الاعلامية
(8010 ا 8) ععرعلاد,,معجم المصطلحات الاعلامية
مقال سبق نشره امم لوعن,,معجم المصطلحات الاعلامية
فلزمامم»ة قزغ0 عه,,معجم المصطلحات الاعلامية
أجل أقصى علاللدعل,,معجم المصطلحات الاعلامية
أقاغل معتاممعل رعغتدمزا مسعط زعاترمزا معدل,,معجم المصطلحات الاعلامية
مورّع معامعل,,معجم المصطلحات الاعلامية
؟ناء 55ر10 رإناعةناطل 5 أل,,معجم المصطلحات الاعلامية
عي 06 الأدعل,,معجم المصطلحات الاعلامية
علاوأومام 56 ععقوصمة,,معجم المصطلحات الاعلامية
تا لنانتك,,معجم المصطلحات الاعلامية
غدطغل0,,معجم المصطلحات الاعلامية
وصأوتاعيالة ابمأعمء0,,معجم المصطلحات الاعلامية
مناظرة,,معجم المصطلحات الاعلامية
إشهار كاذب إعلان,,معجم المصطلحات الاعلامية
كاذب,,معجم المصطلحات الاعلامية
مغوممدمعمم مان تأطيام,,معجم المصطلحات الاعلامية
(مغ) «عطماععل0,,معجم المصطلحات الاعلامية
معلمع قل مم06,,معجم المصطلحات الاعلامية
لعل مسأو نعل,,معجم المصطلحات الاعلامية
0600,,معجم المصطلحات الاعلامية
650,,معجم المصطلحات الاعلامية
2651,,معجم المصطلحات الاعلامية
652,,معجم المصطلحات الاعلامية
2653,,معجم المصطلحات الاعلامية
654,,معجم المصطلحات الاعلامية
655,,معجم المصطلحات الاعلامية
656,,معجم المصطلحات الاعلامية
657,,معجم المصطلحات الاعلامية
658,,معجم المصطلحات الاعلامية
659,,معجم المصطلحات الاعلامية
6260,,معجم المصطلحات الاعلامية
661,,معجم المصطلحات الاعلامية
662,,معجم المصطلحات الاعلامية
05-0,,معجم المصطلحات الاعلامية
أمعدموماعبكت0,,معجم المصطلحات الاعلامية
فلك التُرمِيز ملام بجعدوعل,,معجم المصطلحات الاعلامية
وستتطصرة مدصي,,معجم المصطلحات الاعلامية
ون وعتك,,معجم المصطلحات الاعلامية
تصميم موأوع0,,معجم المصطلحات الاعلامية
(اأووع0,,معجم المصطلحات الاعلامية
قسم التُصمي جرع رومع مولوع0,,معجم المصطلحات الاعلامية
عوك علء امعد زممتامععصطمق عمالمعو,,معجم المصطلحات الاعلامية
1- مصّمم المناظر “من وأدعل0,,معجم المصطلحات الاعلامية
(سينما),,معجم المصطلحات الاعلامية
(قتمممة) الاعاق 1م06 ‎1١,,معجم المصطلحات الاعلامية
2- مخرج صحفي 65م لقع العااعم -2,,معجم المصطلحات الاعلامية
أمانة التحرير 1و0,,معجم المصطلحات الاعلامية
ع غأوأزمافعع5 زممتاعولغ: عل لأقعئتاط,,معجم المصطلحات الاعلامية
موتاءع و60,,معجم المصطلحات الاعلامية
رئيس نشرة الأخبار: ««مطاالع عادوعل,,معجم المصطلحات الاعلامية
الاعاعول 6 زكمم اق ورمكما دعل اع,,معجم المصطلحات الاعلامية
غذأاة 6م55,,معجم المصطلحات الاعلامية
صحفي مكتبي مقر كأوعل,,معجم المصطلحات الاعلامية
( يزاول عمله في مكاتب الحريدة أو الإذاعة أو التلفزة ولا,,معجم المصطلحات الاعلامية
يقوم باستطلاعات عتارحية),,معجم المصطلحات الاعلامية
"اتهبنق بال أموكزة؟) ""عاأميام بات"" عأؤأاقم نامز",,معجم المصطلحات الاعلامية
(كناع اما,,معجم المصطلحات الاعلامية
عمل مكتي ويا عاوء0,,معجم المصطلحات الاعلامية
عتماوعلة؟ اأهبونا,,معجم المصطلحات الاعلامية
كثثر بالحاسوب وستطعتاطيام ممعاععنل,,معجم المصطلحات الاعلامية
اناعغةمألنه قم ع6 أذأكدق رملوعاأطيام,,معجم المصطلحات الاعلامية
تقرير مفصل أمبامعه3 لمع | أماعل,,معجم المصطلحات الاعلامية
ااتمافل المع دعام نرم,,معجم المصطلحات الاعلامية
رواية بوليسية أع 00 عبالاععاعل,,معجم المصطلحات الاعلامية
تععلأمم مهصمه,,معجم المصطلحات الاعلامية
حَدّث جار حزماك ورامه اعباعل,,معجم المصطلحات الاعلامية
5اناه لع لزع عر 6,,معجم المصطلحات الاعلامية
َطْور حت متاح ه اع بعق0,,معجم المصطلحات الاعلامية
(ما يلي الحدث من تطورات بعد وقوعه),,معجم المصطلحات الاعلامية
مع دمع مم ماع لم06,,معجم المصطلحات الاعلامية
691,,معجم المصطلحات الاعلامية
652,,معجم المصطلحات الاعلامية
653,,معجم المصطلحات الاعلامية
694,,معجم المصطلحات الاعلامية
695,,معجم المصطلحات الاعلامية
696,,معجم المصطلحات الاعلامية
657,,معجم المصطلحات الاعلامية
698,,معجم المصطلحات الاعلامية
699,,معجم المصطلحات الاعلامية
2700,,معجم المصطلحات الاعلامية
701,,معجم المصطلحات الاعلامية
2702,,معجم المصطلحات الاعلامية
03م,,معجم المصطلحات الاعلامية
مم لالع عبنا ملعن,,معجم المصطلحات الاعلامية
طبعة فائية آله علانازملاع0,,معجم المصطلحات الاعلامية
عبااتماك قل مرملءزلم,,معجم المصطلحات الاعلامية
وقت احتياطي عدت بإهاع0,,معجم المصطلحات الاعلامية
غرع ممع لنماع؟ عل كمررعة زع بمعدمم 6ل كملروعا,,معجم المصطلحات الاعلامية
بث مسجل أكقعلووءط لعنزواء0,,معجم المصطلحات الاعلامية
66 ]ال مع,,معجم المصطلحات الاعلامية
: 1,,معجم المصطلحات الاعلامية
1- تسلم بحر يزاعل,,معجم المصطلحات الاعلامية
(001531[ قنأل) رمتامعع6 1,,معجم المصطلحات الاعلامية
2- توزي منكل) ومكلو ا -2,,معجم المصطلحات الاعلامية
دع (اقمعنامل,,معجم المصطلحات الاعلامية
مو ع صق بجعيرزام ل,,معجم المصطلحات الاعلامية
متعم يازا,,معجم المصطلحات الاعلامية
مزيل التعديل سباك ايرحك,,معجم المصطلحات الاعلامية
عباعأةان 0م06,,معجم المصطلحات الاعلامية
عَرْضٍ 0160000011,,معجم المصطلحات الاعلامية
مهتأمادع أمةث زممنغه دمغ,,معجم المصطلحات الاعلامية
شريط معايئة معلا متاق كدرو جرع 0,,معجم المصطلحات الاعلامية
عمها,,معجم المصطلحات الاعلامية
ماه كوهوةل عل 1066,,معجم المصطلحات الاعلامية
تكذيب ععدصلذاءدأل رامأاضعل,,معجم المصطلحات الاعلامية
تأمعمرةل0,,معجم المصطلحات الاعلامية
أعراف المهنة اوه ام رمع,,معجم المصطلحات الاعلامية
( كل ما يتصل بأحلاق اللمهنة وتقاليدها وآدابسها),,معجم المصطلحات الاعلامية
عزوهاماممغ ل,,معجم المصطلحات الاعلامية
نسحخحة الإيداع لإدرمه عأأدموعل,,معجم المصطلحات الاعلامية
غأ20ل بال عأ ناد غدممغل عزمام عه,,معجم المصطلحات الاعلامية
الاعأنج*0,,معجم المصطلحات الاعلامية
استجواب مُعَمّقَ نمع ابحرع رذ نامعل,,معجم المصطلحات الاعلامية
#ناع00مممم مع برع أرصعاما,,معجم المصطلحات الاعلامية
عُمق البُؤْرة عمق 5ناع10 0 لاع,,معجم المصطلحات الاعلامية
الوضوح,,معجم المصطلحات الاعلامية
عل اناع50مأمم رممسهقطء عل عبع لممامم,,معجم المصطلحات الاعلامية
ان,,معجم المصطلحات الاعلامية
وَصف مواعمتوعل,,معجم المصطلحات الاعلامية
موتاماعوعء0,,معجم المصطلحات الاعلامية
عنوان وصطفي عا عاعم أرموعل,,معجم المصطلحات الاعلامية
انام مدعل عنانا,,معجم المصطلحات الاعلامية
676,,معجم المصطلحات الاعلامية
2677,,معجم المصطلحات الاعلامية
68,,معجم المصطلحات الاعلامية
679,,معجم المصطلحات الاعلامية
660,,معجم المصطلحات الاعلامية
661,,معجم المصطلحات الاعلامية
6862,,معجم المصطلحات الاعلامية
2663,,معجم المصطلحات الاعلامية
664,,معجم المصطلحات الاعلامية
665,,معجم المصطلحات الاعلامية
686,,معجم المصطلحات الاعلامية
667,,معجم المصطلحات الاعلامية
658,,معجم المصطلحات الاعلامية
669,,معجم المصطلحات الاعلامية
5990,,معجم المصطلحات الاعلامية
وملطء همال,,معجم المصطلحات الاعلامية
هقابلة مباشرة يع امحرعاصا لامعال,,معجم المصطلحات الاعلامية
ع80 ة ع2 برع ابمعاما -1,,معجم المصطلحات الاعلامية
عنالاع لاع -2,,معجم المصطلحات الاعلامية
وملعم ال,,معجم المصطلحات الاعلامية
لقاع للط عدر امم لامر,,معجم المصطلحات الاعلامية
لمم ع تر,,معجم المصطلحات الاعلامية
وعلجه'ل معام,,معجم المصطلحات الاعلامية
يب ةالأعاصأا عالأمعوال,,معجم المصطلحات الاعلامية
مجهر التعليمات,,معجم المصطلحات الاعلامية
مقابلة موجّهة,,معجم المصطلحات الاعلامية
ع6 0ن للع ابرع ادا,,معجم المصطلحات الاعلامية
]0 رمأعع ال,,معجم المصطلحات الاعلامية
#عاك رلإطاموءوومطاوطم,,معجم المصطلحات الاعلامية
ات,,معجم المصطلحات الاعلامية
عأطامقومغمحام عل عع ءال,,معجم المصطلحات الاعلامية
06 مجاعم :ال,,معجم المصطلحات الاعلامية
لم0,,معجم المصطلحات الاعلامية
مم ءعنلمم عل ملاعاعع أل,,معجم المصطلحات الاعلامية
بدرمعع :أل,,معجم المصطلحات الاعلامية
هدير التصوير,,معجم المصطلحات الاعلامية
هدير الإنتاج,,معجم المصطلحات الاعلامية
مذكّرة وتقريم: دليل»,,معجم المصطلحات الاعلامية
دليل عناوين,,معجم المصطلحات الاعلامية
و0655 'ل عأمعم6] زعبوماهاق زع رأقنالاصة,,معجم المصطلحات الاعلامية
شائعة فيلك,,معجم المصطلحات الاعلامية
+1800,,معجم المصطلحات الاعلامية
"مسق (.3,ط) بإععلعورز عكأل",,معجم المصطلحات الاعلامية
(يقوم باحتيار وبث الأغاني الملائمة للبرنامج أو السهرة),,معجم المصطلحات الاعلامية
لإعاعهز عؤأل,,معجم المصطلحات الاعلامية
مدير مُناظرة «علهم1 درمأكديه 15ل,,معجم المصطلحات الاعلامية
+0652 عل الاعغة ط1أمة,,معجم المصطلحات الاعلامية
1 أككناء 015,,معجم المصطلحات الاعلامية
تلننالل نام,,معجم المصطلحات الاعلامية
غ065 زعلدم: عاطه,,معجم المصطلحات الاعلامية
تلمع غامة لوأل,,معجم المصطلحات الاعلامية
"طاولة مستديرة, مُناظرة",,معجم المصطلحات الاعلامية
صحخن هوائي,,معجم المصطلحات الاعلامية
عناوالمطقهم عممعامة,,معجم المصطلحات الاعلامية
إعلان غير شريف لك تناع الج أسعدره 15ل,,معجم المصطلحات الاعلامية
عأ باعل فال أطيام,,معجم المصطلحات الاعلامية
(0) طعفهم ذل,,معجم المصطلحات الاعلامية
ممه مممعما عمن ععاطق,,معجم المصطلحات الاعلامية
1 6 وصاطعط هموال,,معجم المصطلحات الاعلامية
أرق (خبرا),,معجم المصطلحات الاعلامية
ررم الصف في جموعات تمهيداً لتوزيعها),,معجم المصطلحات الاعلامية
ةناما,,معجم المصطلحات الاعلامية
718,,معجم المصطلحات الاعلامية
719,,معجم المصطلحات الاعلامية
720,,معجم المصطلحات الاعلامية
221,,معجم المصطلحات الاعلامية
722,,معجم المصطلحات الاعلامية
223,,معجم المصطلحات الاعلامية
2724,,معجم المصطلحات الاعلامية
225,,معجم المصطلحات الاعلامية
27226,,معجم المصطلحات الاعلامية
2727,,معجم المصطلحات الاعلامية
7228,,معجم المصطلحات الاعلامية
7229,,معجم المصطلحات الاعلامية
730,,معجم المصطلحات الاعلامية
31م,,معجم المصطلحات الاعلامية
قلم مأجور لحك,,معجم المصطلحات الاعلامية
(يقوم بالعحرير أو التأليف لصالح غيره مقابل أحر),,معجم المصطلحات الاعلامية
06,,معجم المصطلحات الاعلامية
صور مائلة عناأامدذأل أقدمن 013,,معجم المصطلحات الاعلامية
021ل مع وماملام,,معجم المصطلحات الاعلامية
لمجة جمع لوقل,,معجم المصطلحات الاعلامية
عاعع 011,,معجم المصطلحات الاعلامية
حوارية عبنوه31 أل,,معجم المصطلحات الاعلامية
عننوماة01,,معجم المصطلحات الاعلامية
كاتب حواريّات ععتاريا عبوماهأل,,معجم المصطلحات الاعلامية
عأوأنوم1ة1ل,,معجم المصطلحات الاعلامية
سجاف لسمووعظمه 31ل,,معجم المصطلحات الاعلامية
(آلة التصوير),,معجم المصطلحات الاعلامية
"خلينا""لتكانا للك",,معجم المصطلحات الاعلامية
يوميّة زقليلك,,معجم المصطلحات الاعلامية
( تقوم سنوي على شكل كراسة تستعمل مفكرة يومية,,معجم المصطلحات الاعلامية
للمواعيد),,معجم المصطلحات الاعلامية
206000,,معجم المصطلحات الاعلامية
مُختزلة عموطم باوأدره 1ل,,معجم المصطلحات الاعلامية
1 كنا,,معجم المصطلحات الاعلامية
عووعهم ع0 ممغاد,,معجم المصطلحات الاعلامية
مختار ‎١ كلتاءلك,,معجم المصطلحات الاعلامية
أ5ع0و01,,معجم المصطلحات الاعلامية
رقي 011181,,معجم المصطلحات الاعلامية
عباوللة ماص,,معجم المصطلحات الاعلامية
صورة رقمية لاتأصدءومغمطام أهازوأل,,معجم المصطلحات الاعلامية
علا 6 انام مأمطام,,معجم المصطلحات الاعلامية
مصادر دبلوماسية 5ع نامك عتأهددره[ام أل,,معجم المصطلحات الاعلامية
كنا كة وام أل 5عع ]نم50,,معجم المصطلحات الاعلامية
إعلان مباشر وستأكاحه الج غمم :3ل,,معجم المصطلحات الاعلامية
ماع أل او الطيام,,معجم المصطلحات الاعلامية
أقمار(سواتل) البث وستاكمع ل ممءعط أععرزل,,معجم المصطلحات الاعلامية
5ع زااء؟ه5,,معجم المصطلحات الاعلامية
المباشر,,معجم المصطلحات الاعلامية
عع أل مولون 01501 عل 5م ئ]زلاع ]2د,,معجم المصطلحات الاعلامية
[أبعل0,,معجم المصطلحات الاعلامية
704,,معجم المصطلحات الاعلامية
05م,,معجم المصطلحات الاعلامية
706,,معجم المصطلحات الاعلامية
207,,معجم المصطلحات الاعلامية
208,,معجم المصطلحات الاعلامية
709,,معجم المصطلحات الاعلامية
10م,,معجم المصطلحات الاعلامية
211,,معجم المصطلحات الاعلامية
212,,معجم المصطلحات الاعلامية
3م,,معجم المصطلحات الاعلامية
14م,,معجم المصطلحات الاعلامية
715,,معجم المصطلحات الاعلامية
716,,معجم المصطلحات الاعلامية
217,,معجم المصطلحات الاعلامية
وثيقة أت رررباع و0,,معجم المصطلحات الاعلامية
امع مم00,,معجم المصطلحات الاعلامية
فلم وثائقي 111 مداع لزنا 00,,معجم المصطلحات الاعلامية
عاأقادع مااع 0ل تنا,,معجم المصطلحات الاعلامية
فلم وثائقي درامي فتصةطناع 0ل,,معجم المصطلحات الاعلامية
ع0 ةلقل علأقامع مبعول,,معجم المصطلحات الاعلامية
نشر ذا ؟اعىناهنا-0-1ل,,معجم المصطلحات الاعلامية
‎١ تلد تاطيام,,معجم المصطلحات الاعلامية
(نشر على نفقة الكاتب),,معجم المصطلحات الاعلامية
اناعانة'ل عأمدرم فق مملأالة,,معجم المصطلحات الاعلامية
منصّة التصويرء عربة ولاك,,معجم المصطلحات الاعلامية
:0/29 وتعلرق زعألطممم عصمم]ععغهام,,معجم المصطلحات الاعلامية
قتع لوق عل غمأمهراه,,معجم المصطلحات الاعلامية
لقطة متحركة اهناك بإأاهل,,معجم المصطلحات الاعلامية
ومللاعننهما بأمعمعلايامم وع عب عل عدلرم,,معجم المصطلحات الاعلامية
شؤون (ال..) الداخليّة كعأوكأة عتادعدرمل,,معجم المصطلحات الاعلامية
وعاناء اناما كع رأة3)1,,معجم المصطلحات الاعلامية
وكالة أنباء محلْسيّة ناعم عتامع درل,,معجم المصطلحات الاعلامية
206216,,معجم المصطلحات الاعلامية
عاأوعه| عدد5ع)م عل عممع39,,معجم المصطلحات الاعلامية
عمود مزدوج ملم علطيول,,معجم المصطلحات الاعلامية
عمومامء عاطن0ل0,,معجم المصطلحات الاعلامية
إشهار على صفحي عونم عاطنول,,معجم المصطلحات الاعلامية
ابييل ينينكت,,معجم المصطلحات الاعلامية
الوسطء إعلان على,,معجم المصطلحات الاعلامية
صفحي الوسط,,معجم المصطلحات الاعلامية
عوهم عأطناهل ند ما [إطنام,,معجم المصطلحات الاعلامية
صفحتا الوسط لمعممه عوهم عأطنامل,,معجم المصطلحات الاعلامية
عوقم عأط00.,,معجم المصطلحات الاعلامية
عنوان على صفحتين عوهم عا عاطيول,,معجم المصطلحات الاعلامية
عوقم عاطناهل ناد مئان,,معجم المصطلحات الاعلامية
مَسْلك مزدوج اعم عاطيهل,,معجم المصطلحات الاعلامية
عأوام عاطنهل,,معجم المصطلحات الاعلامية
أسفل الصفحة ولط زعوهم ويتحهل,,معجم المصطلحات الاعلامية
عوقم عل لعأم زعودم 6ل ذووط,,معجم المصطلحات الاعلامية
مسؤدة مشروع ينيك,,معجم المصطلحات الاعلامية
أعزممم زد ةالأنامبط,,معجم المصطلحات الاعلامية
747,,معجم المصطلحات الاعلامية
748,,معجم المصطلحات الاعلامية
749,,معجم المصطلحات الاعلامية
50م,,معجم المصطلحات الاعلامية
2751,,معجم المصطلحات الاعلامية
752,,معجم المصطلحات الاعلامية
53م,,معجم المصطلحات الاعلامية
54م,,معجم المصطلحات الاعلامية
155,,معجم المصطلحات الاعلامية
756,,معجم المصطلحات الاعلامية
757,,معجم المصطلحات الاعلامية
758,,معجم المصطلحات الاعلامية
759,,معجم المصطلحات الاعلامية
60م,,معجم المصطلحات الاعلامية
61م,,معجم المصطلحات الاعلامية
عرض لمللد تنك,,معجم المصطلحات الاعلامية
605100,,معجم المصطلحات الاعلامية
إشهار مصور إعلان وماءللرعياله بإدامكال,,معجم المصطلحات الاعلامية
مصؤر,,معجم المصطلحات الاعلامية
ع6 ناكننالا غاءأاطنام,,معجم المصطلحات الاعلامية
شاشة عرض عع 5 بإواموانق,,معجم المصطلحات الاعلامية
ممهدأاةنوالا عل حجوة,,معجم المصطلحات الاعلامية
قُرص عكأل زعدودال,,معجم المصطلحات الاعلامية
علا 0150,,معجم المصطلحات الاعلامية
ترويج«اخبر) 05 هق لامع ددال,,معجم المصطلحات الاعلامية
لو ينا,,معجم المصطلحات الاعلامية
ممتاو كوا عل دملأقطاميةدواق,,معجم المصطلحات الاعلامية
تلاشي (تتصعمت) عبااموولل,,معجم المصطلحات الاعلامية
( الانتقال من لقطة إلى أحرى بانصهار الأولى وظهور الثانية,,معجم المصطلحات الاعلامية
تدريجيا),,معجم المصطلحات الاعلامية
نالمه],,معجم المصطلحات الاعلامية
لقطة شاملة ععأكهقدد بأمطك أوهالولل,,معجم المصطلحات الاعلامية
غ510,,معجم المصطلحات الاعلامية
عاطا مع كمع '0 وهام,,معجم المصطلحات الاعلامية
تحريف (الخبر) لنإعكيييتك,,معجم المصطلحات الاعلامية
06018101,,معجم المصطلحات الاعلامية
توزيع دن اباط تاودال,,معجم المصطلحات الاعلامية
ممتاناط ل أ5أل رلوأول أل,,معجم المصطلحات الاعلامية
قنوات التوزيع ذا صصفدك درهتاأناطتط كال,,معجم المصطلحات الاعلامية
«متانط لوال عل عااهدق,,معجم المصطلحات الاعلامية
شبكة التوزيع ده الجاع صوتاسطتط كال,,معجم المصطلحات الاعلامية
مو لاطأؤوأل عل باجعدة,,معجم المصطلحات الاعلامية
رخصة التوزيع عددعاع: لرمتأباط اط دل,,معجم المصطلحات الاعلامية
مه أناطتناكلل ع0 ومتأودلرماناح,,معجم المصطلحات الاعلامية
حقوق التوزيع عطاطوك؟ ممتابرط ادال,,معجم المصطلحات الاعلامية
ممتأباطامأكأل عل 0015,,معجم المصطلحات الاعلامية
مُرّميلة إقليمية عع مركم هط ا تماوال,,معجم المصطلحات الاعلامية
(جهاز إرسال على نطاق لّي),,معجم المصطلحات الاعلامية
أقممأوم العأاعمة,,معجم المصطلحات الاعلامية
حرف استهلال إعطقا مه أكأياال,,معجم المصطلحات الاعلامية
عملماعا,,معجم المصطلحات الاعلامية
/رواموذل,,معجم المصطلحات الاعلامية
732,,معجم المصطلحات الاعلامية
33م,,معجم المصطلحات الاعلامية
234,,معجم المصطلحات الاعلامية
235,,معجم المصطلحات الاعلامية
736,,معجم المصطلحات الاعلامية
737,,معجم المصطلحات الاعلامية
738,,معجم المصطلحات الاعلامية
39م,,معجم المصطلحات الاعلامية
40م,,معجم المصطلحات الاعلامية
741,,معجم المصطلحات الاعلامية
742,,معجم المصطلحات الاعلامية
1/143,,معجم المصطلحات الاعلامية
74,,معجم المصطلحات الاعلامية
45م,,معجم المصطلحات الاعلامية
746,,معجم المصطلحات الاعلامية
تلخ موتاى [أمنال,,معجم المصطلحات الاعلامية
ونع نلهرمع؟ زمماغوء]اصنل,,معجم المصطلحات الاعلامية
ناسخحة «مطأق اميسل,,معجم المصطلحات الاعلامية
؟ناعاوء اصنال,,معجم المصطلحات الاعلامية
مدّة متامعنل,,معجم المصطلحات الاعلامية
عن,,معجم المصطلحات الاعلامية
واجب زنك,,معجم المصطلحات الاعلامية
أزمال :عتميعل,,معجم المصطلحات الاعلامية
هدير الأخبار 0 زرمطالاله بطبل,,معجم المصطلحات الاعلامية
عمطالء,,معجم المصطلحات الاعلامية
5 ممما وعل أعطه,,معجم المصطلحات الاعلامية
واجب الإخبار توكلا ما نبال,,معجم المصطلحات الاعلامية
(يقضي بتبليغ طرف آخر مخبر أو معلومة من حقّه أن,,معجم المصطلحات الاعلامية
يكرن على علم بما),,معجم المصطلحات الاعلامية
"كع ممم ""ل صمغووأاطم",,معجم المصطلحات الاعلامية
2714,,معجم المصطلحات الاعلامية
7715,,معجم المصطلحات الاعلامية
776,,معجم المصطلحات الاعلامية
77,,معجم المصطلحات الاعلامية
778,,معجم المصطلحات الاعلامية
7/9,,معجم المصطلحات الاعلامية
(ما) عمل,,معجم المصطلحات الاعلامية
تثيليّة (دراما) [لبيللن لنلنييك,,معجم المصطلحات الاعلامية
(تنقسم إلى نوعين: المأساة وتكون أحداثها مفجعة»,,معجم المصطلحات الاعلامية
واكلهاة وهي ذات طابع هزلي),,معجم المصطلحات الاعلامية
ع0,,معجم المصطلحات الاعلامية
حقوق الْعَرض وع؟؟ ن أأقتهل,,معجم المصطلحات الاعلامية
( حقوق مولف المسرحيّة حين تمثلها فرقة فنية على ا مسرح,,معجم المصطلحات الاعلامية
وتعرضها على الجمهور),,معجم المصطلحات الاعلامية
مملكهامعدةرمع: عل ئأم0,,معجم المصطلحات الاعلامية
رمسم ووأسردوءل,,معجم المصطلحات الاعلامية
لاأو5ع0,,معجم المصطلحات الاعلامية
غرفة الملابس لزمه» وترأكوع 1ل,,معجم المصطلحات الاعلامية
( مقصورة الفنانين الي يبدّلرن فيها ملابسهم على المسرح),,معجم المصطلحات الاعلامية
قعاو ممق دعل عوم1,,معجم المصطلحات الاعلامية
فترة السائقين عدرتا عبرل,,معجم المصطلحات الاعلامية
( حصّة زمئّة عخصّصة لاستماع السائقين في سياراهم أو,,معجم المصطلحات الاعلامية
حاقلاتهم),,معجم المصطلحات الاعلامية
5ع اناعط زع نزملا مع عأنامع6 0 ول0-ماناة,,معجم المصطلحات الاعلامية
"عاناالولا مع عأرامعء6 ""0",,معجم المصطلحات الاعلامية
ملع درك مادم برل,,معجم المصطلحات الاعلامية
موعلا متععيؤرل,,معجم المصطلحات الاعلامية
( سينما في الخواء الطلّق» يرتادها المتفرّحون يسيّاراتهم),,معجم المصطلحات الاعلامية
لك,,معجم المصطلحات الاعلامية
داق لعطط نل,,معجم المصطلحات الاعلامية
عأطباهل لأ,,معجم المصطلحات الاعلامية
لو تكزعنا لعطط نول,,معجم المصطلحات الاعلامية
سيئما السيّارات,,معجم المصطلحات الاعلامية
عغاطناه0 ممأومعا,,معجم المصطلحات الاعلامية
دبلجة ترجمة الموت ومتططنل,,معجم المصطلحات الاعلامية
رعوواطن00,,معجم المصطلحات الاعلامية
ألناغ5 ولرتططتاك,,معجم المصطلحات الاعلامية
50,,معجم المصطلحات الاعلامية
حجرة ترجمة,,معجم المصطلحات الاعلامية
الصوت (الدَبْلْجَة),,معجم المصطلحات الاعلامية
0أقد 00 عل وألنااد,,معجم المصطلحات الاعلامية
تصميم ولينيناك,,معجم المصطلحات الاعلامية
العلل,,معجم المصطلحات الاعلامية
اع لصنال,,معجم المصطلحات الاعلامية
باع اصنال,,معجم المصطلحات الاعلامية
760,,معجم المصطلحات الاعلامية
703,,معجم المصطلحات الاعلامية
766,,معجم المصطلحات الاعلامية
765,,معجم المصطلحات الاعلامية
766,,معجم المصطلحات الاعلامية
2767,,معجم المصطلحات الاعلامية
766,,معجم المصطلحات الاعلامية
2769,,معجم المصطلحات الاعلامية
270,,معجم المصطلحات الاعلامية
7271,,معجم المصطلحات الاعلامية
72,,معجم المصطلحات الاعلامية
2773,,معجم المصطلحات الاعلامية
طاولة التوليف تاعمعط وملكللة,,معجم المصطلحات الاعلامية
عأطهخ ومتألء,,معجم المصطلحات الاعلامية
امهم عل عامقا,,معجم المصطلحات الاعلامية
قاعة التوليف(فِلمم» حممه: ووتاالء,,معجم المصطلحات الاعلامية
قاعة التحرير,,معجم المصطلحات الاعلامية
موناءدلغ عل وااهد ر(صملة) عومادمم عل عالود,,معجم المصطلحات الاعلامية
شر طبْعة مولألء,,معجم المصطلحات الاعلامية
مولاالة,,معجم المصطلحات الاعلامية
هدير التأليف فلم. مأل,,معجم المصطلحات الاعلامية
مديو السلسلة,,معجم المصطلحات الاعلامية
(النشر) مُحرر,,معجم المصطلحات الاعلامية
(حريدة: إذاعة» تلفزة),,معجم المصطلحات الاعلامية
عل للاعاععر أل ز(ما؟) تنتعاممم قعط,,معجم المصطلحات الاعلامية
اناعاء608: زلختلع) وملعع اام,,معجم المصطلحات الاعلامية
أفتتاحية أهتثمازلء,,معجم المصطلحات الاعلامية
أوتم الم,,معجم المصطلحات الاعلامية
اجتماع هيئة التحرير عه أوأممطالء,,معجم المصطلحات الاعلامية
وممناعهلة عل عموعرة كوم,,معجم المصطلحات الاعلامية
إدارة التحرير اهعم ال,,معجم المصطلحات الاعلامية
1111,,معجم المصطلحات الاعلامية
مهناعولغة: ها عل ممتععر أل,,معجم المصطلحات الاعلامية
768,,معجم المصطلحات الاعلامية
709,,معجم المصطلحات الاعلامية
750,,معجم المصطلحات الاعلامية
791,,معجم المصطلحات الاعلامية
752,,معجم المصطلحات الاعلامية
794,,معجم المصطلحات الاعلامية
سماعة 30 عموطمموع,,معجم المصطلحات الاعلامية
الاعأنامعة عنانوق0,,معجم المصطلحات الاعلامية
دان زال.) زوع,,معجم المصطلحات الاعلامية
( مستطيلان أو مُرَبعان في الزاويتن العُلُويتين من الخريدة»,,معجم المصطلحات الاعلامية
عل بمين العتوان وعلى يسارهم,,معجم المصطلحات الاعلامية
(كعا)عع التعنه,,معجم المصطلحات الاعلامية
محطة أرضية ناماه للتردء,,معجم المصطلحات الاعلامية
عطوع مع ومأاهاد,,معجم المصطلحات الاعلامية
صدى لعنيعكت,,معجم المصطلحات الاعلامية
مع,,معجم المصطلحات الاعلامية
ركن اقتصادي 0 01111 عع,,معجم المصطلحات الاعلامية
ع1 مغ عب وأمم,,معجم المصطلحات الاعلامية
قسم الأخبار لاع اهلمع,,معجم المصطلحات الاعلامية
ععالارعه,,معجم المصطلحات الاعلامية
الاقتصادية,,معجم المصطلحات الاعلامية
6005 كزرم نأ قطنم ]مال عم برعو,,معجم المصطلحات الاعلامية
صادر بإشراف.. لاط لعأأالع,,معجم المصطلحات الاعلامية
.ع0 مملعع ىال ذا وباهد ؤأأطنام,,معجم المصطلحات الاعلامية
توليف» هيئة التحريرء ودتانلء,,معجم المصطلحات الاعلامية
إدارة جريدة,,معجم المصطلحات الاعلامية
081 اهز عل ممتاعولم 2 ر(وماة) عوقاممم,,معجم المصطلحات الاعلامية
اقصعنوز عل ومتاعع ءال,,معجم المصطلحات الاعلامية
700,,معجم المصطلحات الاعلامية
781,,معجم المصطلحات الاعلامية
702,,معجم المصطلحات الاعلامية
1763,,معجم المصطلحات الاعلامية
2704,,معجم المصطلحات الاعلامية
2765,,معجم المصطلحات الاعلامية
766,,معجم المصطلحات الاعلامية
767,,معجم المصطلحات الاعلامية
دنه أمعأحمطعمة :ماد وماءعع زأومع,,معجم المصطلحات الاعلامية
توليف ونألء عترم تاععاع,,معجم المصطلحات الاعلامية
إلكعر وي (اللفزة),,معجم المصطلحات الاعلامية
(/11) عسوامهجعواغ عوهامممر,,معجم المصطلحات الاعلامية
صيحافة إلكترونية مدأ لقم انامز عأممجعواء,,معجم المصطلحات الاعلامية
أععثل مع عنوأاصه عه !6 عومارممع:,,معجم المصطلحات الاعلامية
بريد إلكتروي اقم عتمم ئمماع,,معجم المصطلحات الاعلامية
عنالأمم تععاة ععأسيامء,,معجم المصطلحات الاعلامية
وسائل اتصال أل عألرمتاععاع,,معجم المصطلحات الاعلامية
وع نال أموجعع أن كمأل ممم,,معجم المصطلحات الاعلامية
نشر إلكتروي وستطىأأطيام عتمم وععاء,,معجم المصطلحات الاعلامية
(عاام 1616 .يم) عداوتمومععات رمغوءااطيام,,معجم المصطلحات الاعلامية
كتمان قالمع,,معجم المصطلحات الاعلامية
( وهو واحب الصحفي كتمان بر إلى أجل معين),,معجم المصطلحات الاعلامية
عل عرتأودأ/زه/م ممأعءالرعكم) مونقطمروع,,معجم المصطلحات الاعلامية
(ممتأقمعمكطا عمب ععا6 بن,,معجم المصطلحات الاعلامية
]0 لع5355) ممم,,معجم المصطلحات الاعلامية
(كعأتوترعمع60,,معجم المصطلحات الاعلامية
(وهو في الغالب مثل أو صحفي مشهور),,معجم المصطلحات الاعلامية
وع تمه لوقه عل عتمم,,معجم المصطلحات الاعلامية
قطب السهرة,,معجم المصطلحات الاعلامية
جوائز قلات 20001,,معجم المصطلحات الاعلامية
( حوائز تشاجع أحسن الأعمال في الإذاعة والتلفزة),,معجم المصطلحات الاعلامية
10) لمم,,معجم المصطلحات الاعلامية
بلا ترهيز عتهاء جع,,معجم المصطلحات الاعلامية
عأقاه مع,,معجم المصطلحات الاعلامية
كرميز ودألمه رزومتألمعتةع,,معجم المصطلحات الاعلامية
260039,,معجم المصطلحات الاعلامية
ملاجق 20861 لاع,,معجم المصطلحات الاعلامية
"عوة اناه"" 0 مأ مع كعباعممة دع يوم",,معجم المصطلحات الاعلامية
هوايش 205 لوع,,معجم المصطلحات الاعلامية
ماصع كعزمم زعنأتمقك عل مق رع دعكمد,,معجم المصطلحات الاعلامية
عو و«اناه'ل0,,معجم المصطلحات الاعلامية
غحاية زال..) (ممسعمل) عمللا لمع,,معجم المصطلحات الاعلامية
مق عل عنالا,,معجم المصطلحات الاعلامية
فريق تقني هاه وستعء داور,,معجم المصطلحات الاعلامية
]اماك ام تواعع,,معجم المصطلحات الاعلامية
عناوتصطعع) أعصومممعم,,معجم المصطلحات الاعلامية
809,,معجم المصطلحات الاعلامية
5210,,معجم المصطلحات الاعلامية
811,,معجم المصطلحات الاعلامية
812,,معجم المصطلحات الاعلامية
513,,معجم المصطلحات الاعلامية
8144,,معجم المصطلحات الاعلامية
815,,معجم المصطلحات الاعلامية
816,,معجم المصطلحات الاعلامية
817,,معجم المصطلحات الاعلامية
5218,,معجم المصطلحات الاعلامية
819,,معجم المصطلحات الاعلامية
520,,معجم المصطلحات الاعلامية
821,,معجم المصطلحات الاعلامية
022,,معجم المصطلحات الاعلامية
عوقم أوأرماالع,,معجم المصطلحات الاعلامية
صفحة الرأي عوُمم أوأعمةالء,,معجم المصطلحات الاعلامية
عاأعصممقعهلمم عوهم زعاقلرمغألة عوهم,,معجم المصطلحات الاعلامية
سياسة التحرير بن زأمم أوأعمؤللء,,معجم المصطلحات الاعلامية
عالعمموتاء603؟ عناو 01م,,معجم المصطلحات الاعلامية
هيئة التحرير ؟كهكك ةأرمال,,معجم المصطلحات الاعلامية
موناء ه60 عل عمأناوة,,معجم المصطلحات الاعلامية
تزمين الافتساحية اوأءمطالع,,معجم المصطلحات الاعلامية
دده هع أده نطع لاد,,معجم المصطلحات الاعلامية
(تعبير عن آراء أو أفكار أو دسها في خير أومقال),,معجم المصطلحات الاعلامية
"أوأءمغ أل"" ع0 جرم أو كمه ”لاع ملع",,معجم المصطلحات الاعلامية
كاتب الافتتاحية أوأمطتله بأدوتاد ايه ]لله,,معجم المصطلحات الاعلامية
", عا تايلا",,معجم المصطلحات الاعلامية
عاكزاة ه601,,معجم المصطلحات الاعلامية
تضمين رأي وستع اله ملل,,معجم المصطلحات الاعلامية
(تعبير عن آراء أو أفكار أو دسها في خير أو مقال),,معجم المصطلحات الاعلامية
"عنب""ل ممأطرعدما زممامامه عمنا معددلاو",,معجم المصطلحات الاعلامية
ع3 تنا 0305 لمأوام0,,معجم المصطلحات الاعلامية
رئيس التُحرير اعلطع- درل رما للع,,معجم المصطلحات الاعلامية
#عطء تع ترباعطع و60,,معجم المصطلحات الاعلامية
208 5 ]لل,,معجم المصطلحات الاعلامية
(للأماءطلة) ممتاعووغء ها عل 01م,,معجم المصطلحات الاعلامية
أهدمتأصبال,,معجم المصطلحات الاعلامية
وماغدهعلقورطا,,معجم المصطلحات الاعلامية
ع الأهعيلة ممأودامرة,,معجم المصطلحات الاعلامية
صلق اهمه لأصيلء,,معجم المصطلحات الاعلامية
ملاحظة التحرير,,معجم المصطلحات الاعلامية
برنامج تربوي,,معجم المصطلحات الاعلامية
لم تربوي,,معجم المصطلحات الاعلامية
أناقع 60 لال,,معجم المصطلحات الاعلامية
أقممتأمعبيلعء,,معجم المصطلحات الاعلامية
ارو أوأياء إعنا,,معجم المصطلحات الاعلامية
عا أوعيلة جروأكابة انا,,معجم المصطلحات الاعلامية
عباتاع ءالع,,معجم المصطلحات الاعلامية
تلفزة تربوية,,معجم المصطلحات الاعلامية
فقال,,معجم المصطلحات الاعلامية
تست انلك,,معجم المصطلحات الاعلامية
تاريخ التنفيذ مهل عانتاعع لات,,معجم المصطلحات الاعلامية
الاعناوألا مع عمرامع'ل عأقل,,معجم المصطلحات الاعلامية
زعا هنقجاء عأحرم اععاة,,معجم المصطلحات الاعلامية
مولّد الكتروي,,معجم المصطلحات الاعلامية
5 : “رمأمعوعن,,معجم المصطلحات الاعلامية
للحروف,,معجم المصطلحات الاعلامية
وععقع قزق عل عناوأامم]اععاة الاعغةر6م6و,,معجم المصطلحات الاعلامية
755,,معجم المصطلحات الاعلامية
756,,معجم المصطلحات الاعلامية
237,,معجم المصطلحات الاعلامية
758,,معجم المصطلحات الاعلامية
759,,معجم المصطلحات الاعلامية
05200,,معجم المصطلحات الاعلامية
0801,,معجم المصطلحات الاعلامية
8502,,معجم المصطلحات الاعلامية
6203,,معجم المصطلحات الاعلامية
804,,معجم المصطلحات الاعلامية
505,,معجم المصطلحات الاعلامية
806,,معجم المصطلحات الاعلامية
507,,معجم المصطلحات الاعلامية
808,,معجم المصطلحات الاعلامية
عممرقءومعم لمامعجماكعم»©,,معجم المصطلحات الاعلامية
تلفت,,معجم المصطلحات الاعلامية
(1) منوتطاة,,معجم المصطلحات الاعلامية
برهم ومأامعبك,,معجم المصطلحات الاعلامية
1 110 ]للع باع,,معجم المصطلحات الاعلامية
+501 ذال 10167 0نا0,,معجم المصطلحات الاعلامية
حَيَث فزيكايت,,معجم المصطلحات الاعلامية
آداب المهنة,,معجم المصطلحات الاعلامية
صحيفة المساء,,معجم المصطلحات الاعلامية
أ( بأمعمعمؤبة,,معجم المصطلحات الاعلامية
د تاه أمرقعاه,,معجم المصطلحات الاعلامية
2001010,,معجم المصطلحات الاعلامية
عنص 04 كامرممعيده,,معجم المصطلحات الاعلامية
دعممرع نالع,,معجم المصطلحات الاعلامية
5ع ماق دعءم56006,,معجم المصطلحات الاعلامية
عغطوكق عباأوبااءعا»,,معجم المصطلحات الاعلامية
مقاطع مصورة (فِلّم),,معجم المصطلحات الاعلامية
حقوق الانفراد,,معجم المصطلحات الاعلامية
(يث مبارات أو نشر مقابلة),,معجم المصطلحات الاعلامية
يت حك ملك,,معجم المصطلحات الاعلامية
الفراد بطايلاأكتااععهة.,,معجم المصطلحات الاعلامية
عاوممهمم رغ الاأكبااععام,,معجم المصطلحات الاعلامية
رئيس التحرير المنفد «مغأله ع الاأنامع 6,,معجم المصطلحات الاعلامية
عبوتقطعةط أعط جع لبعطعولفر,,معجم المصطلحات الاعلامية
منتج منفذ ع6 لومم عاأأباععكت,,معجم المصطلحات الاعلامية
الألمنعه انماع لمم,,معجم المصطلحات الاعلامية
إعفاء من الرُسوم كء انال 06 دروتام دوععاة,,معجم المصطلحات الاعلامية
كالمل عل عوأطعموم؟,,معجم المصطلحات الاعلامية
فد (50) أدباودكء,,معجم المصطلحات الاعلامية
(عاء رصمتاللة عصن) “عؤأنامة,,معجم المصطلحات الاعلامية
كتب هعروضة كعاموط لعا تط ات,,معجم المصطلحات الاعلامية
05م وع ناذا,,معجم المصطلحات الاعلامية
عرض (فِلْم) مه تاتطاطك,,معجم المصطلحات الاعلامية
0511م,,معجم المصطلحات الاعلامية
حقوق العَرض كغلالوة ده تاأأطاطعاء,,معجم المصطلحات الاعلامية
وأ أومم)اع'0 5أأم ل,,معجم المصطلحات الاعلامية
طبعة هوسّعة دمو تلع لعل درمصه,,معجم المصطلحات الاعلامية
عغغ6امصوم ممتأألة,,معجم المصطلحات الاعلامية
أمتوة ماع مرك,,معجم المصطلحات الاعلامية
1 ومع,,معجم المصطلحات الاعلامية
أوأمعصماة م عجمجمقومام,,معجم المصطلحات الاعلامية
برنامج تجربي,,معجم المصطلحات الاعلامية
836,,معجم المصطلحات الاعلامية
837,,معجم المصطلحات الاعلامية
538,,معجم المصطلحات الاعلامية
839,,معجم المصطلحات الاعلامية
540,,معجم المصطلحات الاعلامية
841,,معجم المصطلحات الاعلامية
0842,,معجم المصطلحات الاعلامية
0813,,معجم المصطلحات الاعلامية
844,,معجم المصطلحات الاعلامية
545,,معجم المصطلحات الاعلامية
546,,معجم المصطلحات الاعلامية
06317,,معجم المصطلحات الاعلامية
5848,,معجم المصطلحات الاعلامية
549,,معجم المصطلحات الاعلامية
8250,,معجم المصطلحات الاعلامية
5251,,معجم المصطلحات الاعلامية
مالع معوروارء,,معجم المصطلحات الاعلامية
طبعة هزيدّة صوءأله لعونقادةء,,معجم المصطلحات الاعلامية
عمامع ونح ممأل,,معجم المصطلحات الاعلامية
تكبير سواط بأمعصرع ومقامع,,معجم المصطلحات الاعلامية
مم,,معجم المصطلحات الاعلامية
مع 398001557,,معجم المصطلحات الاعلامية
حفلة تسلية ادع سأ ماع الع,,معجم المصطلحات الاعلامية
عاعماععم5 رامع لمع 5ك رع أل,,معجم المصطلحات الاعلامية
فلم تسلية حصا تمده تأمتمارةء,,معجم المصطلحات الاعلامية
مع لمع دداغرع أل عل لال,,معجم المصطلحات الاعلامية
عل أناو أمعتتم أمتتعطارع,,معجم المصطلحات الاعلامية
دليل السهرة,,معجم المصطلحات الاعلامية
نبت بعروض التسلية المئاحة في السهرة),,معجم المصطلحات الاعلامية
65 عنوأرطله زوعاعقاء6م5 065 عل1ناو,,معجم المصطلحات الاعلامية
اتات,,معجم المصطلحات الاعلامية
أتل 01 أمترعطاع,,معجم المصطلحات الاعلامية
1110001,,معجم المصطلحات الاعلامية
أمع تمع دوت مع أل عل علقعومام,,معجم المصطلحات الاعلامية
ل نوين لزع نمل أمتتعامة,,معجم المصطلحات الاعلامية
اتننف,,معجم المصطلحات الاعلامية
"5عاعاععم؟ 5عل(.,عا)ع1000",,معجم المصطلحات الاعلامية
مفرض (زعط م) لعاألارع,,معجم المصطلحات الاعلامية
برنامج تسلية,,معجم المصطلحات الاعلامية
عالم الاستعراض,,معجم المصطلحات الاعلامية
نمم عأملاينمم عا عأمناح ز#نامم ؤوأرماناة,,معجم المصطلحات الاعلامية
مَدْعَل زوننكت,,معجم المصطلحات الاعلامية
(عاء ب«علما)ع 01م زعم امه,,معجم المصطلحات الاعلامية
حَلقة ع6لوذامءع,,معجم المصطلحات الاعلامية
م6,,معجم المصطلحات الاعلامية
مساواة في المعاملة ككع 6210 زعنلولا أدتاوهء,,معجم المصطلحات الاعلامية
"‎١ حياة"" نك",,معجم المصطلحات الاعلامية
(١واحب معاملة الأحزاب والمرشحين للانتخابات معاملة,,معجم المصطلحات الاعلامية
متساوية في التلفزة أو الإذاعة عدحهم فرصاً متكافئة فيها,,معجم المصطلحات الاعلامية
لال الحملات الانتخحابية),,معجم المصطلحات الاعلامية
اننوة رعممعغمه'ل ومجرع عل 6 6أادوة,,معجم المصطلحات الاعلامية
وقملاععلن عداة 385ل ألمق 5عه| 5زعناوع,,معجم المصطلحات الاعلامية
مسوّية وتلللكاانت,,معجم المصطلحات الاعلامية
جنع ةذ أاهو6,,معجم المصطلحات الاعلامية
تصويب نالع,,معجم المصطلحات الاعلامية
(الأغلاط الطباعية في الكتب),,معجم المصطلحات الاعلامية
7ن لاع,,معجم المصطلحات الاعلامية
‎523,,معجم المصطلحات الاعلامية
‎524,,معجم المصطلحات الاعلامية
‎825,,معجم المصطلحات الاعلامية
‎826,,معجم المصطلحات الاعلامية
‎0627,,معجم المصطلحات الاعلامية
‎528,,معجم المصطلحات الاعلامية
‎529,,معجم المصطلحات الاعلامية
‎5230,,معجم المصطلحات الاعلامية
‎231,,معجم المصطلحات الاعلامية
‎832,,معجم المصطلحات الاعلامية
‎533,,معجم المصطلحات الاعلامية
‎0534,,معجم المصطلحات الاعلامية
‎0535,,معجم المصطلحات الاعلامية
مُلحق عت,,معجم المصطلحات الاعلامية
(لصحيفة أو جحلة)»,,معجم المصطلحات الاعلامية
أمع لم6 اممند,,معجم المصطلحات الاعلامية
رأي متطرتف لنأدره عطرع ره,,معجم المصطلحات الاعلامية
علرق يه ممأمامه,,معجم المصطلحات الاعلامية
لافت للنظر امعطم عبيه,,معجم المصطلحات الاعلامية
ألعه'! ة عمها رغاءاك,,معجم المصطلحات الاعلامية
دوام النظر أ مالم عع,,معجم المصطلحات الاعلامية
(إلى كاميرة التلفرة),,معجم المصطلحات الاعلامية
(/ا1) همة صرق ذا دوعلا لرقوع؟ فل مما متهم,,معجم المصطلحات الاعلامية
حَنو الماع كدي عل,,معجم المصطلحات الاعلامية
عمق 06 عوو مط,,معجم المصطلحات الاعلامية
شاهد عَيَّانَ كدع صا أبياء بك,,معجم المصطلحات الاعلامية
عكأوأباه0 مأمجوغ,,معجم المصطلحات الاعلامية
تقرير شاهد عَيانَ نا0 262 كعدعل باعي,,معجم المصطلحات الاعلامية
8كأةأناء0 6و3مروأ0م6؟,,معجم المصطلحات الاعلامية
861,,معجم المصطلحات الاعلامية
5862,,معجم المصطلحات الاعلامية
5263,,معجم المصطلحات الاعلامية
يون,,معجم المصطلحات الاعلامية
0565,,معجم المصطلحات الاعلامية
566,,معجم المصطلحات الاعلامية
6567,,معجم المصطلحات الاعلامية
غ0 مملأق رامع,,معجم المصطلحات الاعلامية
1ل ومأغة راص,,معجم المصطلحات الاعلامية
ممنأهرامعاع'ل عغهل0,,معجم المصطلحات الاعلامية
0015 ورم هترد اصع,,معجم المصطلحات الاعلامية
وعلاأقء ام“ د5عا0م,,معجم المصطلحات الاعلامية
تغريض (للضوع ع ناكم رع,,معجم المصطلحات الاعلامية
0510ماع,,معجم المصطلحات الاعلامية
وكالة توزيع /إ13ةتزامه كودع ريده,,معجم المصطلحات الاعلامية
لحريت“تتتاتالل,,معجم المصطلحات الاعلامية
0 «رهأكرع امه,,معجم المصطلحات الاعلامية
غطوأءلاممه.,,معجم المصطلحات الاعلامية
أطو ةلمم ل عبفمعة,,معجم المصطلحات الاعلامية
زوسأساة؟ بعك,,معجم المصطلحات الاعلامية
اتا,,معجم المصطلحات الاعلامية
#ناع مامه لع عوقلننام,,معجم المصطلحات الاعلامية
عع أمهه ما,,معجم المصطلحات الاعلامية
مال حقوق التأليف,,معجم المصطلحات الاعلامية
((ج. مستلات» وهي نسي إضافية من الأصل),,معجم المصطلحات الاعلامية
اروم قعرع 1,,معجم المصطلحات الاعلامية
لقطة جدّ عريضة 0ط ودره| 2د,,معجم المصطلحات الاعلامية
(كماع),,معجم المصطلحات الاعلامية
مه أمرغمةو دقام,,معجم المصطلحات الاعلامية
مُقتطّفات» مختارات عام زع©)© زعاء ها,,معجم المصطلحات الاعلامية
5أكأمل لاناقعع7501 زكازة لاه,,معجم المصطلحات الاعلامية
0852,,معجم المصطلحات الاعلامية
5253,,معجم المصطلحات الاعلامية
0554,,معجم المصطلحات الاعلامية
555,,معجم المصطلحات الاعلامية
556,,معجم المصطلحات الاعلامية
05257,,معجم المصطلحات الاعلامية
55,,معجم المصطلحات الاعلامية
259,,معجم المصطلحات الاعلامية
5260,,معجم المصطلحات الاعلامية
توائي العلاشي والظهور ععياه عله,,معجم المصطلحات الاعلامية
موأقطعمع نالوه,,معجم المصطلحات الاعلامية
رفع الصوت تدريجياء (10) ماععلج؟,,معجم المصطلحات الاعلامية
(ظهرر معالم المكورة تدريجياً إلى أن يكتمل وضوحها),,معجم المصطلحات الاعلامية
لو أماتاع ونا لم1 مع عتنطعاناه0,,معجم المصطلحات الاعلامية
مم5 بال علاأووع زومزم,,معجم المصطلحات الاعلامية
تلاش. ‎٠ خفوت عأنا0-ع120,,معجم المصطلحات الاعلامية
الصوت تدريجيا,,معجم المصطلحات الاعلامية
(احتفاء معالم الصورة بالتدرييج),,معجم المصطلحات الاعلامية
لمأ لاض امال رفصم رع عربطعمعع,,معجم المصطلحات الاعلامية
0 بال علاأووع1001م,,معجم المصطلحات الاعلامية
مُخَنْتَ قاض,,معجم المصطلحات الاعلامية
( زر أو جهاز لتخحفيض النور أو إضعاف حدة الصورة» أو,,معجم المصطلحات الاعلامية
الصوت ال,,معجم المصطلحات الاعلامية
مارهأ معامم رالعأوب ماح,,معجم المصطلحات الاعلامية
معرض لعن,,معجم المصطلحات الاعلامية
1 زلماة؟ رعنأم؟,,معجم المصطلحات الاعلامية
تقرير نزيه عاقاناععة لد عله,,معجم المصطلحات الاعلامية
ممعم,,معجم المصطلحات الاعلامية
ممع اموي أع أولزه! بالمع دع ممم,,معجم المصطلحات الاعلامية
أعدكهة اع أوبره!,,معجم المصطلحات الاعلامية
577,,معجم المصطلحات الاعلامية
58,,معجم المصطلحات الاعلامية
0579,,معجم المصطلحات الاعلامية
0260,,معجم المصطلحات الاعلامية
5861,,معجم المصطلحات الاعلامية
562,,معجم المصطلحات الاعلامية
الإ ع قرم,,معجم المصطلحات الاعلامية
]نر,,معجم المصطلحات الاعلامية
(لاع) عممعدوغ 6 عل دمعغدان لمم,,معجم المصطلحات الاعلامية
تقرير مُلفق اللبامع3 لمعم لعطة؟,,معجم المصطلحات الاعلامية
5ععؤام كعاناما عل غاومم عم,,معجم المصطلحات الاعلامية
وه نكما,,معجم المصطلحات الاعلامية
6م,,معجم المصطلحات الاعلامية
هدّة الظهور ع ممم,,معجم المصطلحات الاعلامية
(مدّة ظهور شخص على شاشة التلفاز في فِلْمِ أو برنامج),,معجم المصطلحات الاعلامية
صوعة؟! 8 مولروممة'ل كمدرع؟,,معجم المصطلحات الاعلامية
وجها لوجه عع15-ما-ع 120,,معجم المصطلحات الاعلامية
850 ق ممم,,معجم المصطلحات الاعلامية
طباعة ناسوخيّة حمولاأل» عاأصراكمة؟,,معجم المصطلحات الاعلامية
لمعه مع موتاللة,,معجم المصطلحات الاعلامية
نقل ناسوخحي عالتراكعة؟,,معجم المصطلحات الاعلامية
ل يي عزنا,,معجم المصطلحات الاعلامية
هالصماك-ء8) مع ممأذدترمدمه,,معجم المصطلحات الاعلامية
ووقة الاسترشاد 130,,معجم المصطلحات الاعلامية
خوط عل عالأنء؟,,معجم المصطلحات الاعلامية
تقرير وقائع أزممع؟ أوتناعة؟,,معجم المصطلحات الاعلامية
66لا كزمممم زأعناءة] أنمممهر,,معجم المصطلحات الاعلامية
5686,,معجم المصطلحات الاعلامية
569,,معجم المصطلحات الاعلامية
570,,معجم المصطلحات الاعلامية
571,,معجم المصطلحات الاعلامية
572,,معجم المصطلحات الاعلامية
0573,,معجم المصطلحات الاعلامية
574,,معجم المصطلحات الاعلامية
0/5,,معجم المصطلحات الاعلامية
876,,معجم المصطلحات الاعلامية
[ تك حلننا,,معجم المصطلحات الاعلامية
مقال هتميّزء تحرير عأروينا عننتادع؟,,معجم المصطلحات الاعلامية
مقالات متخصصة,,معجم المصطلحات الاعلامية
كةو الواعةم؟ دعاءعغره'ل ممناعولغ,,معجم المصطلحات الاعلامية
تحصاة؟ ماع نوع,,معجم المصطلحات الاعلامية
حول ختمطء,,معجم المصطلحات الاعلامية
6 ]انام,,معجم المصطلحات الاعلامية
«عغوأوع: امععلع1],,معجم المصطلحات الاعلامية
(.0.5ا),,معجم المصطلحات الاعلامية
"أعأه 0 أقئننهز ز(.كا,لا) عتاع32و مملمما",,معجم المصطلحات الاعلامية
عا مقطلعع1,,معجم المصطلحات الاعلامية
فلم قصير,,معجم المصطلحات الاعلامية
جريدة(ال...)الرسمية,,معجم المصطلحات الاعلامية
ارتداد,,معجم المصطلحات الاعلامية
موتاعوم5ة اموط-لعع],,معجم المصطلحات الاعلامية
مسلسًا رماع الأناء؟,,معجم المصطلحات الاعلامية
صمعع الأنه؟,,معجم المصطلحات الاعلامية
خيالي كبام نا,,معجم المصطلحات الاعلامية
11,,معجم المصطلحات الاعلامية
]0 نويل زحرو ا,,معجم المصطلحات الاعلامية
لنمك تنا,,معجم المصطلحات الاعلامية
(وع الع لالامم أع كطقمرهم2) حمنك1؟,,معجم المصطلحات الاعلامية
دا ممناء؟,,معجم المصطلحات الاعلامية
عمل روائي,,معجم المصطلحات الاعلامية
فلم روائي,,معجم المصطلحات الاعلامية
مولع عل دول,,معجم المصطلحات الاعلامية
استطلاع ميداي ادمع لقورط لاع,,معجم المصطلحات الاعلامية
كالاء رمه دع عوهازممع:,,معجم المصطلحات الاعلامية
"مجال الثر, ددات لإمصع ناوه 1610",,معجم المصطلحات الاعلامية
عع لوغ عل متمق,,معجم المصطلحات الاعلامية
مجال الرؤية يمع ايا وه ل0ل216,,معجم المصطلحات الاعلامية
6 التطلواا عل مه,,معجم المصطلحات الاعلامية
مأوايا أن لأ,,معجم المصطلحات الاعلامية
مجال الظر,,معجم المصطلحات الاعلامية
اعنذألا ممق,,معجم المصطلحات الاعلامية
اختبار مهدا اودع لاع11,,معجم المصطلحات الاعلامية
عناوأأةام عل أدووةء,,معجم المصطلحات الاعلامية
وجيه (ج. وجهاء) جتنن,,معجم المصطلحات الاعلامية
أصقأمم لطا عوةمممدعم,,معجم المصطلحات الاعلامية
ملف تنا,,معجم المصطلحات الاعلامية
51و00,,معجم المصطلحات الاعلامية
صئف (في ملف) (0 )لمك دعا,,معجم المصطلحات الاعلامية
005511 (انا كمقل مع5وقاكء,,معجم المصطلحات الاعلامية
896,,معجم المصطلحات الاعلامية
857,,معجم المصطلحات الاعلامية
598,,معجم المصطلحات الاعلامية
599,,معجم المصطلحات الاعلامية
500,,معجم المصطلحات الاعلامية
5901,,معجم المصطلحات الاعلامية
502,,معجم المصطلحات الاعلامية
503,,معجم المصطلحات الاعلامية
904,,معجم المصطلحات الاعلامية
5905,,معجم المصطلحات الاعلامية
5906,,معجم المصطلحات الاعلامية
5307,,معجم المصطلحات الاعلامية
508,,معجم المصطلحات الاعلامية
509,,معجم المصطلحات الاعلامية
510,,معجم المصطلحات الاعلامية
5911,,معجم المصطلحات الاعلامية
لداع 0010 اله,,معجم المصطلحات الاعلامية
نقد نزيه امع لصتم مأ,,معجم المصطلحات الاعلامية
عاقيزه! عنولكان,,معجم المصطلحات الاعلامية
نسخحة نظيفة لإدره رأة1,,معجم المصطلحات الاعلامية
ع6 عأمم60,,معجم المصطلحات الاعلامية
واجب ذكر المصدير كن عأة1,,معجم المصطلحات الاعلامية
ا الاقتباس» والاقتباس حائرء إذا كان اقتباسا من مؤلف,,معجم المصطلحات الاعلامية
في حدود قانون حماية حقوق المؤلّف),,معجم المصطلحات الاعلامية
عالالاعه عللئ'ل مملغدذأالأن زمملؤهاك عل عأمرل,,معجم المصطلحات الاعلامية
غطوأءلامم باك عالمنا ا عمقل,,معجم المصطلحات الاعلامية
مقابلة ملفقة بيع ايد عدا عماج؟,,معجم المصطلحات الاعلامية
(وهي مقابلة مختلقة ولا أساس لا في الراقع),,معجم المصطلحات الاعلامية
عولط بع المعاما زع امع امأ برع جرع م1,,معجم المصطلحات الاعلامية
إعلان كاذب ووأكاخع302 عواة؟,,معجم المصطلحات الاعلامية
عغوومممعم فال الطيام,,معجم المصطلحات الاعلامية
خبر هزئف ده صكرمكمأ هواهة1؟,,معجم المصطلحات الاعلامية
1030م عووناة؟,,معجم المصطلحات الاعلامية
فلم للأسرة تصلك بلاتحصة؟,,معجم المصطلحات الاعلامية
# انع عنامم لاق,,معجم المصطلحات الاعلامية
جلة الأسرة مما قو مدر لإلتصيج؟,,معجم المصطلحات الاعلامية
عالأمرة) #نامم عمأعهوهمم,,معجم المصطلحات الاعلامية
برنامج للأسرة (في وساي انا بااتحصره؟,,معجم المصطلحات الاعلامية
ذا,,معجم المصطلحات الاعلامية
العلفزة» (107) عتصجمهعومم,,معجم المصطلحات الاعلامية
عالأصرة؟ عنامم علطرورومرم,,معجم المصطلحات الاعلامية
"ناسوخ, مرسال لان",,معجم المصطلحات الاعلامية
(فاكس),,معجم المصطلحات الاعلامية
عأممعة 61,,معجم المصطلحات الاعلامية
مقال أساسي» مقال :عأعتلاعة ععننادة؟,,معجم المصطلحات الاعلامية
له عتنمادء؟,,معجم المصطلحات الاعلامية
بار استطلاع كبير,,معجم المصطلحات الاعلامية
صقنو زعاعلعنا وأععزة رلمم. عل عاعتارج,,معجم المصطلحات الاعلامية
ممع,,معجم المصطلحات الاعلامية
01 -لأنا؟ صل عمنطدع؟,,معجم المصطلحات الاعلامية
فلم رئيسي صرللء طلخومع1,,معجم المصطلحات الاعلامية
( في قاعة سينما تعرض فِلْمِين أحدهما طويل والآخر قصير),,معجم المصطلحات الاعلامية
عوقطغد ومصه| رز(عا) وماق لمهرو,,معجم المصطلحات الاعلامية
فلم رئيسي هأ هماوعوع0م عتنتاجع],,معجم المصطلحات الاعلامية
أومأعملم صلق,,معجم المصطلحات الاعلامية
203,,معجم المصطلحات الاعلامية
564,,معجم المصطلحات الاعلامية
565,,معجم المصطلحات الاعلامية
تنك,,معجم المصطلحات الاعلامية
#ذنن,,معجم المصطلحات الاعلامية
588,,معجم المصطلحات الاعلامية
8569,,معجم المصطلحات الاعلامية
5250,,معجم المصطلحات الاعلامية
591,,معجم المصطلحات الاعلامية
852,,معجم المصطلحات الاعلامية
إعتن,,معجم المصطلحات الاعلامية
زيلئك,,معجم المصطلحات الاعلامية
595,,معجم المصطلحات الاعلامية
لنكن» يتاك لفك نلا,,معجم المصطلحات الاعلامية
مجلّة السيتما عومد راق,,معجم المصطلحات الاعلامية
همك عل عبيمم,,معجم المصطلحات الاعلامية
موسيقى فلم عءأكناتئر ندال,,معجم المصطلحات الاعلامية
طأ6 عل عناوأكنااط,,معجم المصطلحات الاعلامية
فلم إعلان بعك أبحع نرم دلق,,معجم المصطلحات الاعلامية
عع مهلقة علاط,,معجم المصطلحات الاعلامية
إنتاج الأفلام موق لمم سول,,معجم المصطلحات الاعلامية
5 عل قرمناءعنل0:م,,معجم المصطلحات الاعلامية
تسجيل الأفلام عم لوا,,معجم المصطلحات الاعلامية
15 عل ادع لمع داوع مع,,معجم المصطلحات الاعلامية
توزيع الأفلام عكوعاع؟ توا,,معجم المصطلحات الاعلامية
كلما دعل موأساط لوال,,معجم المصطلحات الاعلامية
تقوم الفلم يمع ابرعم راك,,معجم المصطلحات الاعلامية
(عَرض ومراجعة نقدية),,معجم المصطلحات الاعلامية
ماق عل عسوناتن,,معجم المصطلحات الاعلامية
ناقد إعلاي للا ب ااانا,,معجم المصطلحات الاعلامية
لفرت,,معجم المصطلحات الاعلامية
فمغمك عل عبولكان,,معجم المصطلحات الاعلامية
حقوق الإخراج كغخطوتر داك,,معجم المصطلحات الاعلامية
السينمائي,,معجم المصطلحات الاعلامية
عاوتطاممعومغقمفمه ومتاهام 0502 كاأه:ل,,معجم المصطلحات الاعلامية
"كتاية الخوار, تقطيع نان",,معجم المصطلحات الاعلامية
المشاهد (سيناريو),,معجم المصطلحات الاعلامية
واقصفوة,,معجم المصطلحات الاعلامية
عرض سيتمائي 510 2101,,معجم المصطلحات الاعلامية
قرفموك عل ععروةد,,معجم المصطلحات الاعلامية
نجم سيتمائي وفخداريالنا,,معجم المصطلحات الاعلامية
موك عل مكملع زقوؤماء عل عالماة,,معجم المصطلحات الاعلامية
تق الفلم صقا أمطععط ساك,,معجم المصطلحات الاعلامية
جما بال معاءاصاعع),,معجم المصطلحات الاعلامية
خدعة سيئمائية عا21 تصاة,,معجم المصطلحات الاعلامية
عواطم قعومأق ةمه عومعنين,,معجم المصطلحات الاعلامية
فريق التصوير نيك اليللن,,معجم المصطلحات الاعلامية
ل ايلات,,معجم المصطلحات الاعلامية
علقم الام عل عمأناوغ,,معجم المصطلحات الاعلامية
5928,,معجم المصطلحات الاعلامية
529,,معجم المصطلحات الاعلامية
5930,,معجم المصطلحات الاعلامية
531,,معجم المصطلحات الاعلامية
532,,معجم المصطلحات الاعلامية
533,,معجم المصطلحات الاعلامية
534,,معجم المصطلحات الاعلامية
5935,,معجم المصطلحات الاعلامية
536,,معجم المصطلحات الاعلامية
537,,معجم المصطلحات الاعلامية
538,,معجم المصطلحات الاعلامية
539,,معجم المصطلحات الاعلامية
5940,,معجم المصطلحات الاعلامية
941,,معجم المصطلحات الاعلامية
942,,معجم المصطلحات الاعلامية
ملف فِلمي ‎٠ وشائق اق ع1,,معجم المصطلحات الاعلامية
وعلالطاعق'ل صمأة6 بععأوومل ورلا,,معجم المصطلحات الاعلامية
برنامج؛ مقال تكميلي وتللن,,معجم المصطلحات الاعلامية
أملمممج'ل عاعلطة بامتمممق'ل علملمدروممم,,معجم المصطلحات الاعلامية
حثو من وستلا,,معجم المصطلحات الاعلامية
558 ممع,,معجم المصطلحات الاعلامية
فلم تياين نلا,,معجم المصطلحات الاعلامية
لزان,,معجم المصطلحات الاعلامية
شريط خام(للكاميرة) ايبيلل,,معجم المصطلحات الاعلامية
عابو للاعم,,معجم المصطلحات الاعلامية
محفوظات سرنمائية كع بالطعمه لول,,معجم المصطلحات الاعلامية
كعنالوأطمة روم ةمك وعلالاعرج,,معجم المصطلحات الاعلامية
مدير(ال..) الفتي للفِلّم رمعم وال غرة صلم,,معجم المصطلحات الاعلامية
6 ع0 عداو دماة «متاعامع 1ل,,معجم المصطلحات الاعلامية
رقاقة 1ل,,معجم المصطلحات الاعلامية
جنك سنن,,معجم المصطلحات الاعلامية
ا بموععد ال بماكلا,,معجم المصطلحات الاعلامية
وت,,معجم المصطلحات الاعلامية
اناع ةدالق زعوغع5 مع الاعناعم,,معجم المصطلحات الاعلامية
مُؤلف ومغالء دصاق,,معجم المصطلحات الاعلامية
اناعم نامع فل بتاعا ممكم,,معجم المصطلحات الاعلامية
اوباتادع؟ دا,,معجم المصطلحات الاعلامية
6مك عل أوبلادع؟,,معجم المصطلحات الاعلامية
كاتبالة 600 دصل,,معجم المصطلحات الاعلامية
5عأأنالة عنامم لأ,,معجم المصطلحات الاعلامية
0) معطو لرات؟,,معجم المصطلحات الاعلامية
(مماعء مم,,معجم المصطلحات الاعلامية
موتاءعز20م عل عناغوع),,معجم المصطلحات الاعلامية
هاوي السينما 007 2101016 بوع0ن لزلا,,معجم المصطلحات الاعلامية
عاأطمفول,,معجم المصطلحات الاعلامية
صيناعة السيتم ددن اناي نيان,,معجم المصطلحات الاعلامية
عناوألام قوم هق رفوك عتنأكرلررا,,معجم المصطلحات الاعلامية
مَفُلّمة بمدعط ذا صلا,,معجم المصطلحات الاعلامية
(مكتبة الأفلام السينمائية),,معجم المصطلحات الاعلامية
عنوة طاغه حمطأ زعروة طأقدصمغمه,,معجم المصطلحات الاعلامية
لين كاننا,,معجم المصطلحات الاعلامية
512,,معجم المصطلحات الاعلامية
513,,معجم المصطلحات الاعلامية
5214,,معجم المصطلحات الاعلامية
515,,معجم المصطلحات الاعلامية
5916,,معجم المصطلحات الاعلامية
517,,معجم المصطلحات الاعلامية
518,,معجم المصطلحات الاعلامية
519,,معجم المصطلحات الاعلامية
520,,معجم المصطلحات الاعلامية
521,,معجم المصطلحات الاعلامية
522,,معجم المصطلحات الاعلامية
503,,معجم المصطلحات الاعلامية
5924,,معجم المصطلحات الاعلامية
525,,معجم المصطلحات الاعلامية
526,,معجم المصطلحات الاعلامية
5927,,معجم المصطلحات الاعلامية
عبتن اا,,معجم المصطلحات الاعلامية
أسيلة (ال...)الخمسة نيلن,,معجم المصطلحات الاعلامية
(مّن/ ماء مء أين» كيف» لماذا),,معجم المصطلحات الاعلامية
ومولدعنينو 5 دعا -(وع )5لا مه,,معجم المصطلحات الاعلامية
شعار صحيفة ننند,,معجم المصطلحات الاعلامية
أقصاناهز عل عا بأقصعنهز عل تأهعم م0,,معجم المصطلحات الاعلامية
تمرّج الصورة (/ا5) وسصتووها,,معجم المصطلحات الاعلامية
"عوقمصا""! عل وممأكرم5أ0",,معجم المصطلحات الاعلامية
لئحة و13,,معجم المصطلحات الاعلامية
(خبر سريع ومختصر وغالباً ما يكون ممهيداً لتفصيلات,,معجم المصطلحات الاعلامية
لاحقة),,معجم المصطلحات الاعلامية
طوقا؟ زمعباغ نط,,معجم المصطلحات الاعلامية
"صورة بيضاء عترة, اكه",,معجم المصطلحات الاعلامية
عاءورواط ع0390ا,,معجم المصطلحات الاعلامية
استحضان عل هط ذا85ة1؟,,معجم المصطلحات الاعلامية
( رحوع إلى الوراء لاستعادة صور أو مواقف أو أحداث),,معجم المصطلحات الاعلامية
؟تاعءمعه م ناماع زعغ لمق لع اباماعم,,معجم المصطلحات الاعلامية
َع ناي لتنا,,معجم المصطلحات الاعلامية
(نص على صورة),,معجم المصطلحات الاعلامية
(/1) عوهووز عناد عمان عل مه16ل20,,معجم المصطلحات الاعلامية
ألوان هادئة 15نا0[ه0 131,,معجم المصطلحات الاعلامية
و5ععن00 5لع انام,,معجم المصطلحات الاعلامية
سعر اتفاقي تتليتللن,,معجم المصطلحات الاعلامية
عرأهاتة01] ليم,,معجم المصطلحات الاعلامية
فترة إعلانية: فترة طول,,معجم المصطلحات الاعلامية
إشهارية,,معجم المصطلحات الاعلامية
عرأهال أاطنام علملمهم,,معجم المصطلحات الاعلامية
تركيز إعلا متأو عبطامك لاوا,,معجم المصطلحات الاعلامية
( تجمّع الححدّ الأقصى من الإعلانات في فترة محدودة),,معجم المصطلحات الاعلامية
65505 06 انامز لاقم لمتأة قمعم زم,,معجم المصطلحات الاعلامية
"زع100,غم عأربامع عونا عناك كع زتهؤاءلاطيام",,معجم المصطلحات الاعلامية
عع جع | معام,,معجم المصطلحات الاعلامية
قَلْب الصُورة تحيك 0 لنا,,معجم المصطلحات الاعلامية
(ف التْلمَرَة تُقَلْب الصورة و كأئّها صفحة تُطوى عند,,معجم المصطلحات الاعلامية
الانتقال من لقطة إلى أخرى),,معجم المصطلحات الاعلامية
(/) عوقم ذا تعونما,,معجم المصطلحات الاعلامية
558,,معجم المصطلحات الاعلامية
5959,,معجم المصطلحات الاعلامية
560,,معجم المصطلحات الاعلامية
5961,,معجم المصطلحات الاعلامية
562,,معجم المصطلحات الاعلامية
5963,,معجم المصطلحات الاعلامية
964,,معجم المصطلحات الاعلامية
565,,معجم المصطلحات الاعلامية
566,,معجم المصطلحات الاعلامية
567,,معجم المصطلحات الاعلامية
568,,معجم المصطلحات الاعلامية
5969,,معجم المصطلحات الاعلامية
زاك,,معجم المصطلحات الاعلامية
وماغمعطعة روصتصماط,,معجم المصطلحات الاعلامية
تصوير ورتاموطعه روصتدصا؟,,معجم المصطلحات الاعلامية
نام زؤعبنالا عل عؤلزم,,معجم المصطلحات الاعلامية
طبعة(ال...) الأخيرة حسمتاتله أمحة,,معجم المصطلحات الاعلامية
ممتاللغ ممغاممعل,,معجم المصطلحات الاعلامية
أخبار المال ولرعم لقاع مقهصة,,معجم المصطلحات الاعلامية
عمرقاع صقم عناوتممطء,,معجم المصطلحات الاعلامية
صحيفة أخبار المال عتعمقم أوأع رودا,,معجم المصطلحات الاعلامية
1375 عل أومانامز,,معجم المصطلحات الاعلامية
فنون (ال...)الميلة كلاة عدا,,معجم المصطلحات الاعلامية
كامة #ناهعط,,معجم المصطلحات الاعلامية
توليف دقيق أله عو,,معجم المصطلحات الاعلامية
مأ عوق م0,,معجم المصطلحات الاعلامية
صبْط المُورة دناع10 1206,,معجم المصطلحات الاعلامية
( توضيح الصكورة عبر ضَبْط عدسات منظار الكاميرة طَبْطاً,,معجم المصطلحات الاعلامية
دقيق,,معجم المصطلحات الاعلامية
ع5ع6ام ألملمم نلق عدلم,,معجم المصطلحات الاعلامية
إخراج قماني أباملاها لع تاكتصة,,معجم المصطلحات الاعلامية
5 ودع عذأطر رع مغل عاعناوهدم,,معجم المصطلحات الاعلامية
عي تك,,معجم المصطلحات الاعلامية
طبعة(ال...) الأولى أآالك غ15,,معجم المصطلحات الاعلامية
مزلم عن رمعم,,معجم المصطلحات الاعلامية
فلم الجيل الأول ل ممالأمرعرعن أس11,,معجم المصطلحات الاعلامية
مومعو مرؤتموعرم عل لوال,,معجم المصطلحات الاعلامية
عرض(ال...) الأول غأ5ل؟ رصنم أكرا1,,معجم المصطلحات الاعلامية
(حصلة؟) ومتدععمعده,,معجم المصطلحات الاعلامية
ملاع ممم (رقا)عةغ لمرعيم,,معجم المصطلحات الاعلامية
أوّل بمث» أل عرض ين,,معجم المصطلحات الاعلامية
عرغاممعرم :(لا1) مماوي ال مغ ممعم,,معجم المصطلحات الاعلامية
موأكالا مرغ وعم زلقمعمق) ممتععزمام,,معجم المصطلحات الاعلامية
(قصغوك),,معجم المصطلحات الاعلامية
مقال اليوم الأول لداماك ب(دل- 51,,معجم المصطلحات الاعلامية
(الحرء الأول من مقال في عدّة أجراءم,,معجم المصطلحات الاعلامية
ممه علن'ل عأاعقبة تعأممعىم,,معجم المصطلحات الاعلامية
خبر المصدر المباشر وللاع3 لتامط كر,,معجم المصطلحات الاعلامية
ملقم مغ تمعمم عل عااعسمم,,معجم المصطلحات الاعلامية
مُلاعمة وومتاام,,معجم المصطلحات الاعلامية
062111 رارع راع أدنازة,,معجم المصطلحات الاعلامية
543,,معجم المصطلحات الاعلامية
94,,معجم المصطلحات الاعلامية
945,,معجم المصطلحات الاعلامية
946,,معجم المصطلحات الاعلامية
537,,معجم المصطلحات الاعلامية
948,,معجم المصطلحات الاعلامية
549,,معجم المصطلحات الاعلامية
550,,معجم المصطلحات الاعلامية
551,,معجم المصطلحات الاعلامية
5252,,معجم المصطلحات الاعلامية
553,,معجم المصطلحات الاعلامية
554,,معجم المصطلحات الاعلامية
555,,معجم المصطلحات الاعلامية
5956,,معجم المصطلحات الاعلامية
5257,,معجم المصطلحات الاعلامية
ملق مواع به,,معجم المصطلحات الاعلامية
مَطْويّة اوحايلكنا,,معجم المصطلحات الاعلامية
(منشور إعلاي مطوي),,معجم المصطلحات الاعلامية
5لطععم5مهم بامقتامغل,,معجم المصطلحات الاعلامية
رقم الصفحة ملسن,,معجم المصطلحات الاعلامية
لعن,,معجم المصطلحات الاعلامية
لكلو ر ععواااه؟,,معجم المصطلحات الاعلامية
(مأثورات شعبيّة وتراث شعي),,معجم المصطلحات الاعلامية
عرماكااه),,معجم المصطلحات الاعلامية
أسفل الصفحة وهم 0 6م100,,معجم المصطلحات الاعلامية
50 06 ذقط,,معجم المصطلحات الاعلامية
طول افلم عوما0 1,,معجم المصطلحات الاعلامية
(فِلْم قصير أو طويل),,معجم المصطلحات الاعلامية
6 زاناعناومه!,,معجم المصطلحات الاعلامية
هوامش 1007101,,معجم المصطلحات الاعلامية
0 5ط ع0 5058 زعووم عل 5ه0 عل أمباطعم,,معجم المصطلحات الاعلامية
39م,,معجم المصطلحات الاعلامية
كتب محظورة عاممط ررع100طنه؟,,معجم المصطلحات الاعلامية
كلل معاما دعربما,,معجم المصطلحات الاعلامية
توقعات (ال..) أوجعه 101,,معجم المصطلحات الاعلامية
(وع) كعممأوابي نم,,معجم المصطلحات الاعلامية
غَتبة 1ك,,معجم المصطلحات الاعلامية
( مقدّمة المنظر المراد تصويره؛ مقدّمة الخشبة),,معجم المصطلحات الاعلامية
مقام مهلاق بمقام عع ممعم,,معجم المصطلحات الاعلامية
مُرَاميل من الخارج لزواء 101,,معجم المصطلحات الاعلامية
خمع 010 مصودع مه,,معجم المصطلحات الاعلامية
(من دولة أحتبية),,معجم المصطلحات الاعلامية
"ععوممةة""! ة غأمدلممموع1مه",,معجم المصطلحات الاعلامية
مكتب الشؤون عاععل رواعره؟,,معجم المصطلحات الاعلامية
الخارجية,,معجم المصطلحات الاعلامية
عغوموطة رورملاع 1603,,معجم المصطلحات الاعلامية
"محرّر الشؤون الخارجية ,ماله ددواك :10",,معجم المصطلحات الاعلامية
تعوصقطة علأبمعد عل أعاء,,معجم المصطلحات الاعلامية
فلم أجبي جما موتعبم؟,,معجم المصطلحات الاعلامية
عومهاة درا,,معجم المصطلحات الاعلامية
553,,معجم المصطلحات الاعلامية
984,,معجم المصطلحات الاعلامية
5655,,معجم المصطلحات الاعلامية
5686,,معجم المصطلحات الاعلامية
5957,,معجم المصطلحات الاعلامية
9068,,معجم المصطلحات الاعلامية
9589,,معجم المصطلحات الاعلامية
560,,معجم المصطلحات الاعلامية
591,,معجم المصطلحات الاعلامية
5992,,معجم المصطلحات الاعلامية
593,,معجم المصطلحات الاعلامية
5294,,معجم المصطلحات الاعلامية
595,,معجم المصطلحات الاعلامية
عممن غهه1,,معجم المصطلحات الاعلامية
فترة فراغ عدواغ غهه1؟,,معجم المصطلحات الاعلامية
أمرع مرععاقط عل 5مررعا,,معجم المصطلحات الاعلامية
ضوء غامر اتسنا,,معجم المصطلحات الاعلامية
( فيض من الضوء الساطع يغطي مساحة عريضة),,معجم المصطلحات الاعلامية
أورةاة نهعوؤأة],,معجم المصطلحات الاعلامية
إضاءة غامرة غطوذا لهه1؟,,معجم المصطلحات الاعلامية
( إضاءة صنعيّة موحّهة على نحو يفضي إلى إنارة للشاهد,,معجم المصطلحات الاعلامية
الي يراد تصويرها إنارةً متناسقة),,معجم المصطلحات الاعلامية
معموأطتمع'ل عؤاممنا,,معجم المصطلحات الاعلامية
عدشبة (/50 8 ممعمك) بمو1؟,,معجم المصطلحات الاعلامية
ناقع وام,,معجم المصطلحات الاعلامية
مدير الخشبة (.5.نا) معومممجم عم10؟,,معجم المصطلحات الاعلامية
لنقعأهام عل العكدأوة؟,,معجم المصطلحات الاعلامية
برنامج إعلامي +تقطاه ج110,,معجم المصطلحات الاعلامية
"605 دعل ومأعغددأانان""ل مدام",,معجم المصطلحات الاعلامية
تدفق المعلومات 11 ]0 ينا110,,معجم المصطلحات الاعلامية
عل ومتعأقاناءنك زمم ممصا عل عن,,معجم المصطلحات الاعلامية
م0 كما,,معجم المصطلحات الاعلامية
صقف (مطعطكم؟,,معجم المصطلحات الاعلامية
تعروااة,,معجم المصطلحات الاعلامية
برق 111,,معجم المصطلحات الاعلامية
(تغاوت قي حلاء الصورة على شاشة التلفاز),,معجم المصطلحات الاعلامية
أرع دمع التامامد,,معجم المصطلحات الاعلامية
ساعي المؤسّسة ك*ع رليم ولإمط- نا[,,معجم المصطلحات الاعلامية
األاعل,,معجم المصطلحات الاعلامية
910101110,,معجم المصطلحات الاعلامية
منشور تالاحل تمت زنا,,معجم المصطلحات الاعلامية
5ناع6م005 زقا130ا,,معجم المصطلحات الاعلامية
فريق الفحص نام01 5ناع10,,معجم المصطلحات الاعلامية
( مجموعة أشخاص يعرض عليها مُنتَج قبل عرضه في السوق,,معجم المصطلحات الاعلامية
لإبداء الرأء فيه),,معجم المصطلحات الاعلامية
(عوهلمه5) علراة'ل عمافوة,,معجم المصطلحات الاعلامية
هقابلة معئقة يبا المعاصأ لعدبمن1,,معجم المصطلحات الاعلامية
؟ناعلم10مكم رع معاعع امع,,معجم المصطلحات الاعلامية
5270,,معجم المصطلحات الاعلامية
5971,,معجم المصطلحات الاعلامية
572,,معجم المصطلحات الاعلامية
5273,,معجم المصطلحات الاعلامية
574,,معجم المصطلحات الاعلامية
5975,,معجم المصطلحات الاعلامية
976,,معجم المصطلحات الاعلامية
577,,معجم المصطلحات الاعلامية
5978,,معجم المصطلحات الاعلامية
579,,معجم المصطلحات الاعلامية
5260,,معجم المصطلحات الاعلامية
581,,معجم المصطلحات الاعلامية
562,,معجم المصطلحات الاعلامية
707م]] عدعع ]1,,معجم المصطلحات الاعلامية
عدد الصُور في الثانية 00عع5 انعجر كعقات 1,,معجم المصطلحات الاعلامية
0ع اقم 103965,,معجم المصطلحات الاعلامية
تأطير» تقطيع يتين,,معجم المصطلحات الاعلامية
"ع20منامءعة0 زعوقصر !""ا عل عوة030",,معجم المصطلحات الاعلامية
"إعفاء, امتياز تلل ةيلين",,معجم المصطلحات الاعلامية
2 رزعوأط عمق,,معجم المصطلحات الاعلامية
ماني عع1,,معجم المصطلحات الاعلامية
اأمطهعو رع نطلا,,معجم المصطلحات الاعلامية
نشرة مخارية ممأاد انق عم,,معجم المصطلحات الاعلامية
عاأناغةرو ماوع [اطيام,,معجم المصطلحات الاعلامية
نسخة مجانيّة لإنرهه ععة,,معجم المصطلحات الاعلامية
اأكهنو عمزواممررعيه,,معجم المصطلحات الاعلامية
حرية تداول المعلومات أ ناا معم1,,معجم المصطلحات الاعلامية
لا,,معجم المصطلحات الاعلامية
"موعغقصممكمة""ا عل عرطنا ممعغقانمرك",,معجم المصطلحات الاعلامية
إدراج يخاي ده الأزعكعم أ ععم],,معجم المصطلحات الاعلامية
زف بال الإعلان),,معجم المصطلحات الاعلامية
عاأناةيو مملغرعكما,,معجم المصطلحات الاعلامية
صحيفة مجَايّة “عجرهم مم6,,معجم المصطلحات الاعلامية
علطمو عو55ع16م بأأناة:و أقلأنامز,,معجم المصطلحات الاعلامية
عيّنة يخائيّة عأصحروه عع],,معجم المصطلحات الاعلامية
أنهو مم طللأمقطاءة,,معجم المصطلحات الاعلامية
وألدزماد عم,,معجم المصطلحات الاعلامية
مدرج إعلاي: مُذرجٍ,,معجم المصطلحات الاعلامية
ع ا رج أتعكم] ممعم وررد يلاعم,,معجم المصطلحات الاعلامية
إشهاري,,معجم المصطلحات الاعلامية
مملأقعأاطنام عمقل كما عرزماءلأطنام ألم,,معجم المصطلحات الاعلامية
استطلاع إعلاي جاي تنا ع اا مم1,,معجم المصطلحات الاعلامية
عاألاقرو عا أأطنام زعوهرومعء-اأطيام,,معجم المصطلحات الاعلامية
حريّة الصيحافة كوع نم عط 01 ترملعع1؟,,معجم المصطلحات الاعلامية
عدوعمم ذا عل غرعطنا,,معجم المصطلحات الاعلامية
صحفي غير ملعزم ععدواعع 5,,معجم المصطلحات الاعلامية
( يعمل مستقلاً عن أي حريدة ويتفاضى أجره بالصفحة),,معجم المصطلحات الاعلامية
1566م,,معجم المصطلحات الاعلامية
وقوف على صورة 1ت مجع 1,,معجم المصطلحات الاعلامية
ات,,معجم المصطلحات الاعلامية
1009,,معجم المصطلحات الاعلامية
1010,,معجم المصطلحات الاعلامية
1011,,معجم المصطلحات الاعلامية
1012,,معجم المصطلحات الاعلامية
1013,,معجم المصطلحات الاعلامية
1014,,معجم المصطلحات الاعلامية
1015,,معجم المصطلحات الاعلامية
1016,,معجم المصطلحات الاعلامية
1017,,معجم المصطلحات الاعلامية
1018,,معجم المصطلحات الاعلامية
1019,,معجم المصطلحات الاعلامية
1020,,معجم المصطلحات الاعلامية
10201,,معجم المصطلحات الاعلامية
102,,معجم المصطلحات الاعلامية
1003,,معجم المصطلحات الاعلامية
كأطوء عوقنومة! دواعم؟,,معجم المصطلحات الاعلامية
حقوق الترجمة ع ومنوصةا مولعءه؟,,معجم المصطلحات الاعلامية
كططواء,,معجم المصطلحات الاعلامية
(حقروق ترجمة مولف من لغة إلى لغات أخرى),,معجم المصطلحات الاعلامية
5كعغوموطة دعناومها دع وملطألع'0 كازمل,,معجم المصطلحات الاعلامية
نسخخة أجنبية صوأكرعا صرواعه0؟,,معجم المصطلحات الاعلامية
عغوموجاة ومأداعيا,,معجم المصطلحات الاعلامية
مقذمة لعن يبع 10,,معجم المصطلحات الاعلامية
(تقدم يستهل به الكتاب),,معجم المصطلحات الاعلامية
1-5 ة/اة :1666م,,معجم المصطلحات الاعلامية
تروير يننا,,معجم المصطلحات الاعلامية
596,,معجم المصطلحات الاعلامية
5957,,معجم المصطلحات الاعلامية
59598,,معجم المصطلحات الاعلامية
5999,,معجم المصطلحات الاعلامية
مملأوعاللكاة] بمموواع م .,,معجم المصطلحات الاعلامية
قَطْع ينيسن,,معجم المصطلحات الاعلامية
( وهو مط شكل الكتاب بحسب قياس الصفحة فيه,,معجم المصطلحات الاعلامية
والقطع عموماً ثلاثة أتواع: كيم ومتسئط وصغ),,معجم المصطلحات الاعلامية
عن علمم زمماأمتمعوغ مم عل غقوانه1],,معجم المصطلحات الاعلامية
مو أمامعدغ ام,,معجم المصطلحات الاعلامية
نصف شهري بالتطاوادنانه؟,,معجم المصطلحات الاعلامية
أعباكمع 0 -أط,,معجم المصطلحات الاعلامية
ظَهْر الغلاف عنام لكرتات؟,,معجم المصطلحات الاعلامية
الماع لالامه عل عرزن تنقيا,,معجم المصطلحات الاعلامية
منُلطة (ال...) الرابعة عاماعه تلخرياه؟,,معجم المصطلحات الاعلامية
(وهي الصحافة),,معجم المصطلحات الاعلامية
#أملانادم عمرة نونو,,معجم المصطلحات الاعلامية
إطار حننيينا,,معجم المصطلحات الاعلامية
68 زعوقما زع0ه,,معجم المصطلحات الاعلامية
عدّاد المور زع انام مرت,,معجم المصطلحات الاعلامية
تاه دا مم1,,معجم المصطلحات الاعلامية
7205| دعل الأعام 0زم,,معجم المصطلحات الاعلامية
"قَنْب المُوّر قمع لع"" عدم",,معجم المصطلحات الاعلامية
5ل ومأورعبلما,,معجم المصطلحات الاعلامية
قَطْع الصورة عدأء مسق15,,معجم المصطلحات الاعلامية
(قياسها طولاً وعرضاً),,معجم المصطلحات الاعلامية
"عوقم !""| ع0 غ3تزره؟",,معجم المصطلحات الاعلامية
أطر (ما)عصة 5,,معجم المصطلحات الاعلامية
(عايع]) تعومملوم زع لمعم,,معجم المصطلحات الاعلامية
1000,,معجم المصطلحات الاعلامية
1001,,معجم المصطلحات الاعلامية
1002,,معجم المصطلحات الاعلامية
1003,,معجم المصطلحات الاعلامية
1004,,معجم المصطلحات الاعلامية
1005,,معجم المصطلحات الاعلامية
1006,,معجم المصطلحات الاعلامية
1007,,معجم المصطلحات الاعلامية
1008,,معجم المصطلحات الاعلامية
إجازة نمائية عمعموعن 1 اانه,,معجم المصطلحات الاعلامية
عب تمقمل ممود مانا,,معجم المصطلحات الاعلامية
بالحجم الطبيعي عاوعد اانا,,معجم المصطلحات الاعلامية
عطق0 الاع مقرو,,معجم المصطلحات الاعلامية
تلقطة كاملة غ0 إآأنا؟,,معجم المصطلحات الاعلامية
(الاعامة مبكل) اهام مهام,,معجم المصطلحات الاعلامية
فا طويل -اانة رصا طغومع1 لان,,معجم المصطلحات الاعلامية
يلم عطنطاقعة؟ تاغخودع1ا,,معجم المصطلحات الاعلامية
عوم ةم ومم! هذ دار,,معجم المصطلحات الاعلامية
إعلان صفحة كاملة له عوهم اانا,,معجم المصطلحات الاعلامية
306 عمأعأم عممممج,,معجم المصطلحات الاعلامية
3 متّميل يتن,,معجم المصطلحات الاعلامية
(بث 24 ساعة في البرمم,,معجم المصطلحات الاعلامية
24 (لاوأكن ]أل 3 06م,,معجم المصطلحات الاعلامية
سلسلة رسوم هزلية كا,,معجم المصطلحات الاعلامية
نان 5 هقاط عمرأودعل علصوط,,معجم المصطلحات الاعلامية
1030,,معجم المصطلحات الاعلامية
1031,,معجم المصطلحات الاعلامية
1032,,معجم المصطلحات الاعلامية
1033,,معجم المصطلحات الاعلامية
1034,,معجم المصطلحات الاعلامية
1035,,معجم المصطلحات الاعلامية
1036,,معجم المصطلحات الاعلامية
موغقعةاطيام كه بمجعنوع؟ زعنووا )0 بمجعنمع؟,,معجم المصطلحات الاعلامية
وتيرة العلدور زنادودأ 01 لإ العنانك 15,,معجم المصطلحات الاعلامية
0 لتق نا0 ع1,,معجم المصطلحات الاعلامية
ممه لهام,,معجم المصطلحات الاعلامية
مولغوع[اطسم عصن'ل 6أء1لم61م,,معجم المصطلحات الاعلامية
وَجْه الغلاف تعلا0ك اأجرمم1,,معجم المصطلحات الاعلامية
ع لاع انام عل عووم,,معجم المصطلحات الاعلامية
صحف العناوين» 0 زعومم سلا,,معجم المصطلحات الاعلامية
صفحة (ال...)الأولى,,معجم المصطلحات الاعلامية
(9أربعمن) ع5 عل عوهم,,معجم المصطلحات الاعلامية
منظر أهامي تتتخنيتننا,,معجم المصطلحات الاعلامية
2/381 علالا,,معجم المصطلحات الاعلامية
إعلان متواصل ومأتمطك آأنا؟,,معجم المصطلحات الاعلامية
نام ز(مع هم ولاعم),,معجم المصطلحات الاعلامية
بليييكيك,,معجم المصطلحات الاعلامية
(يتكرّر ظهرره ف كل طبعة من طبعات اللبريدة في اليوم,,معجم المصطلحات الاعلامية
نفسه),,معجم المصطلحات الاعلامية
دال كمه6018 عها وعأناما دقل مملازعكما,,معجم المصطلحات الاعلامية
ناز ع6,,معجم المصطلحات الاعلامية
قاعة غاصة (اتتتعمق) عمتلوط لان,,معجم المصطلحات الاعلامية
(ملأى حتى لم ببق فيها مكان عحال),,معجم المصطلحات الاعلامية
عأطومع غأاع5,,معجم المصطلحات الاعلامية
1024,,معجم المصطلحات الاعلامية
1025,,معجم المصطلحات الاعلامية
1026,,معجم المصطلحات الاعلامية
1027,,معجم المصطلحات الاعلامية
1028,,معجم المصطلحات الاعلامية
1029,,معجم المصطلحات الاعلامية
بّياض (فراغ في مهو,,معجم المصطلحات الاعلامية
"صفحة, ثثرة, فَجوة",,معجم المصطلحات الاعلامية
عا ة عام بارووعة زعررواط,,معجم المصطلحات الاعلامية
1- بَوَابة عادو,,معجم المصطلحات الاعلامية
ع6 1,,معجم المصطلحات الاعلامية
2- باب مم -2,,معجم المصطلحات الاعلامية
زائدة مَطويّة 02,,معجم المصطلحات الاعلامية
( ورقة تحريرية أو إشهارية من -ححم كبير يُطوى لتكون ف,,معجم المصطلحات الاعلامية
حجم امل الي تضمُّها),,معجم المصطلحات الاعلامية
كاءا0/ ق أزقممع,,معجم المصطلحات الاعلامية
ناخل الأخبار #عمععيا9810,,معجم المصطلحات الاعلامية
( يسهر على فرزالأخبار ونشر ما يتماشى مع خط المؤسسة,,معجم المصطلحات الاعلامية
أو ايديولوحيتها/,,معجم المصطلحات الاعلامية
أناع مولعم غ5 ررعمعع اعقو,,معجم المصطلحات الاعلامية
صحيفة لم032,,معجم المصطلحات الاعلامية
0826,,معجم المصطلحات الاعلامية
مسلا وال..) زعمع ألناة أممعررعو,,معجم المصطلحات الاعلامية
عأاطيام لممعمعو,,معجم المصطلحات الاعلامية
(هو الحمهور العام أو عامة الناس أو العامّة),,معجم المصطلحات الاعلامية
عتاطيم لمعمو,,معجم المصطلحات الاعلامية
1045,,معجم المصطلحات الاعلامية
1046,,معجم المصطلحات الاعلامية
1047,,معجم المصطلحات الاعلامية
1048,,معجم المصطلحات الاعلامية
1049,,معجم المصطلحات الاعلامية
1050,,معجم المصطلحات الاعلامية
تقيّ الكهرباء (في فلم) م1 ) بعالمو,,معجم المصطلحات الاعلامية
معاء لمعا عمط,,معجم المصطلحات الاعلامية
فكاهة نيك,,معجم المصطلحات الاعلامية
(موقف هزلي يعتمد على الفاحأة فيتير الضحك),,معجم المصطلحات الاعلامية
1م ومكدنطأو زعاقة ل م106,,معجم المصطلحات الاعلامية
كاتب فكاهات تعيب ووو,,معجم المصطلحات الاعلامية
5 0 الاعاناة,,معجم المصطلحات الاعلامية
زيادة لنالت كت,,معجم المصطلحات الاعلامية
(الحجم الخاصل من تكبير الصوت),,معجم المصطلحات الاعلامية
قلأ,,معجم المصطلحات الاعلامية
رواق» مِئصّة وفدللكت,,معجم المصطلحات الاعلامية
علناطلم رعأمعأوقو,,معجم المصطلحات الاعلامية
استطلاع آراء امم مستاةو,,معجم المصطلحات الاعلامية
تلاقام ه'ل عوق0م50,,معجم المصطلحات الاعلامية
استطُلّع الآراء (0أ)م الهو,,معجم المصطلحات الاعلامية
(الفعل الانكليزي مأحوذ من اسم أشهر موسسة أمريكية,,معجم المصطلحات الاعلامية
لاستطلاع الآراعع,,معجم المصطلحات الاعلامية
(ممامتمه'0) عوولصمك من بعبوعم مع,,معجم المصطلحات الاعلامية
ألعاب كلفرية تعد طع6 هو,,معجم المصطلحات الاعلامية
6غ -اراعز,,معجم المصطلحات الاعلامية
1037,,معجم المصطلحات الاعلامية
1038,,معجم المصطلحات الاعلامية
1039,,معجم المصطلحات الاعلامية
1040,,معجم المصطلحات الاعلامية
1041,,معجم المصطلحات الاعلامية
1042,,معجم المصطلحات الاعلامية
1043,,معجم المصطلحات الاعلامية
1044,,معجم المصطلحات الاعلامية
عمام/ ووأدهعله50 ل0مو,,معجم المصطلحات الاعلامية
تغطية كاملة مردعط أوطهلأو,,معجم المصطلحات الاعلامية
( امال الذي يغطّيه قمرمن الأقمارالاصطناعية تغطية كاملة),,معجم المصطلحات الاعلامية
عأأااءغمد مبكل عأماما مولع ايام,,معجم المصطلحات الاعلامية
قرية (ال..)العاميّة اتا أهطماو,,معجم المصطلحات الاعلامية
(ك ركب الأرض),,معجم المصطلحات الاعلامية
أقطما عوهاات/ا زعام موام عوداائلا,,معجم المصطلحات الاعلامية
مُعْجَم مهووماو,,معجم المصطلحات الاعلامية
( خناص بالكلمات العريصة وشرحهاء أو هو معجم خخاص,,معجم المصطلحات الاعلامية
بللصطلح),,معجم المصطلحات الاعلامية
عننولناعا زعأوووماو,,معجم المصطلحات الاعلامية
جل فاخرة عأ موقم لكدماو,,معجم المصطلحات الاعلامية
(معذاو ععأمهم عن )عنعن| عنأدقوودمر,,معجم المصطلحات الاعلامية
ورق صقيل :عمرهم لإوده91,,معجم المصطلحات الاعلامية
معنن ععأمهم,,معجم المصطلحات الاعلامية
هَيَف !003,,معجم المصطلحات الاعلامية
لاط -1,,معجم المصطلحات الاعلامية
؟ناعءزط0 -2,,معجم المصطلحات الاعلامية
تحديد الأهداف ولللاعه امهمو,,معجم المصطلحات الاعلامية
5اتناعة زمه دعل ممأ أمطتم مع 06,,معجم المصطلحات الاعلامية
أسطوانة(ال...) لمعه 9010,,معجم المصطلحات الاعلامية
الذهبية,,معجم المصطلحات الاعلامية
"عه"" عناوكال",,معجم المصطلحات الاعلامية
ساعة النروة عتما مع 901,,معجم المصطلحات الاعلامية
(الفترة الي يكون فيها الاستماع أو المشاهدة في أقصى,,معجم المصطلحات الاعلامية
درجاتقما),,معجم المصطلحات الاعلامية
عأطمعمية؟ عمأهرمط عاعمهة,,معجم المصطلحات الاعلامية
صحافة الطباعيّة ىلا0[ معنرم9,,معجم المصطلحات الاعلامية
٠(وهي غالباً مزاحيّة وغير موضرعيّ,,معجم المصطلحات الاعلامية
علمة يع 'ل ممتصامه'ل عمد اأهم باهز,,معجم المصطلحات الاعلامية
م الاناءء زطناو,,معجم المصطلحات الاعلامية
صوت إذاعي ودأد هق 0و0طط لممهو,,معجم المصطلحات الاعلامية
مأو,,معجم المصطلحات الاعلامية
(صالح للإذاعة),,معجم المصطلحات الاعلامية
عبخوامغو م201 املا,,معجم المصطلحات الاعلامية
1065,,معجم المصطلحات الاعلامية
1066,,معجم المصطلحات الاعلامية
1067,,معجم المصطلحات الاعلامية
106,,معجم المصطلحات الاعلامية
1069,,معجم المصطلحات الاعلامية
1070,,معجم المصطلحات الاعلامية
107/1,,معجم المصطلحات الاعلامية
10722,,معجم المصطلحات الاعلامية
1073,,معجم المصطلحات الاعلامية
1074,,معجم المصطلحات الاعلامية
1075,,معجم المصطلحات الاعلامية
كمه أوزعراع9,,معجم المصطلحات الاعلامية
كتب شعبيّة كعلام20« اورعدعن 1051,,معجم المصطلحات الاعلامية
عأأطنام لمقعن كعريازا,,معجم المصطلحات الاعلامية
نظرة إجماليّة ملاعاي لمرعمعن 1052,,معجم المصطلحات الاعلامية
عاطووعدوع'ل عنالا,,معجم المصطلحات الاعلامية
إعلان. عن مُنيج 301159 علرعمعو 1053,,معجم المصطلحات الاعلامية
اأنالممم عل م للطنام,,معجم المصطلحات الاعلامية
اسم العلامة معط ءأرعمعن 1054,,معجم المصطلحات الاعلامية
(هو علامة تحارية مسجّلة انتشرت انتشاراً واسعاًء فغدت,,معجم المصطلحات الاعلامية
اس,,معجم المصطلحات الاعلامية
"""منال كلم عمل"" عنتمع بعل عذوممغل عناو قم",,معجم المصطلحات الاعلامية
نوع ميف عممعنو 1055,,معجم المصطلحات الاعلامية
عم زعممعو,,معجم المصطلحات الاعلامية
تغطية جغرافيّة عوممعلا0 وأطمهرومعنو 1056,,معجم المصطلحات الاعلامية
عناوأطامةروم6ن ع نالع انام,,معجم المصطلحات الاعلامية
علامة غير مسجلة 0 9056 1057,,معجم المصطلحات الاعلامية
(علامة غير معروفة أو لم يسبق تسجيلها لدى مكتب,,معجم المصطلحات الاعلامية
الِلْكيّة التححارية والصتاعية),,معجم المصطلحات الاعلامية
ةم مادقم,,معجم المصطلحات الاعلامية
قلم مأجور 1م05 1058,,معجم المصطلحات الاعلامية
(.معا) عنوعم زعرمقغممع مللماءه60:,,معجم المصطلحات الاعلامية
نسخحة مُهداة زلالقتحة دالصحصم غألو 1059,,معجم المصطلحات الاعلامية
انلك,,معجم المصطلحات الاعلامية
للع كناعاعة 1ن وللعم عمتدامعيه,,معجم المصطلحات الاعلامية
اشتراك هديّة دره اام أ كعطناد ]زو 1060,,معجم المصطلحات الاعلامية
اع لرعكباءاع هن غاع ]0 اأمعمعضممطة,,معجم المصطلحات الاعلامية
هدايا إعلانية لإولاه-ع أو 1061,,معجم المصطلحات الاعلامية
لاناقع0ق رع أ أباممن عرزوال ألطيام عمائم,,معجم المصطلحات الاعلامية
كاأأباأهرو دععامالءأاطيام,,معجم المصطلحات الاعلامية
نشرة مجانيّة خع ممع بزدينرج-عنازن 1062,,معجم المصطلحات الاعلامية
كاأألطم1ن ونطععم205م زعاألاوئن عسطعمرط,,معجم المصطلحات الاعلامية
مجلأت ماي كع وأكقوهم برإويلاج-ع نازو 1063,,معجم المصطلحات الاعلامية
5ع ألة01 دعلالاع,,معجم المصطلحات الاعلامية
جوائز 25 لادبلاق-ع لازو 1064,,معجم المصطلحات الاعلامية
“لمم رئغم1,,معجم المصطلحات الاعلامية
يمع اتحرعاما لعل أناو,,معجم المصطلحات الاعلامية
توزيع(ال...) الكامل ممتأواناءرك عدوم رو,,معجم المصطلحات الاعلامية
اهام عوم1نا,,معجم المصطلحات الاعلامية
وَصْل أرضيّ لاع عملم تناه 9,,معجم المصطلحات الاعلامية
عررع عل عؤوايم,,معجم المصطلحات الاعلامية
ضوضاء خلفيّة 61 تاوزن,,معجم المصطلحات الاعلامية
لره؟ عل اأنصط,,معجم المصطلحات الاعلامية
خير بلا أساس دمع عدعللهنام9,,معجم المصطلحات الاعلامية
مم لمتأمطورماما زعفلمم؟ أقم وملقة ممما,,معجم المصطلحات الاعلامية
ت يعن,,معجم المصطلحات الاعلامية
إعلان مشترك كأ اع اله ونام 9,,معجم المصطلحات الاعلامية
امتممع تروط,,معجم المصطلحات الاعلامية
ووأدااعء 2010,,معجم المصطلحات الاعلامية
(تقرم به جماعة من المعلتين .لصال مُنتج أو خدمة),,معجم المصطلحات الاعلامية
عباتاعءاأمه فاع ااطيام,,معجم المصطلحات الاعلامية
سلوكَ الجماعة عنه الاقطاعط ترناه:9,,معجم المصطلحات الاعلامية
عنرناه:ن عل اصع مع مولام,,معجم المصطلحات الاعلامية
تواصل الجماعة نانيك,,معجم المصطلحات الاعلامية
ألم لات تترمع,,معجم المصطلحات الاعلامية
عمنامرو ع0 ومأنامع أ متاطصتوورمه:,,معجم المصطلحات الاعلامية
مقابلة جماعيّة ولأينع ابرع اما رنامونو,,معجم المصطلحات الاعلامية
عمنام نو عل مومعلاع ات,,معجم المصطلحات الاعلامية
قائد الجبماعة ممع رناه 01,,معجم المصطلحات الاعلامية
عمنامرن ع0 “ناعأةلقالاة,,معجم المصطلحات الاعلامية
استماع جماعي وتلمع اذأ نمو,,معجم المصطلحات الاعلامية
علتاععاامء عاناممة,,معجم المصطلحات الاعلامية
جموعة صحفية اقم باه99,,معجم المصطلحات الاعلامية
656 08 عمناه01,,معجم المصطلحات الاعلامية
لقطة جماعية ورناه91,,معجم المصطلحات الاعلامية
عمنامرو عل صقام,,معجم المصطلحات الاعلامية
ضيف الككرف ها أدعناو,,معجم المصطلحات الاعلامية
"""اناع لصوطل ابام",,معجم المصطلحات الاعلامية
كاتب ضيف عازرينا أدعباو,,معجم المصطلحات الاعلامية
أعرمةلومعه عناعأه مط وأا,,معجم المصطلحات الاعلامية
دليل علممطء ل أناو,,معجم المصطلحات الاعلامية
عاو,,معجم المصطلحات الاعلامية
مقابلة موجهة بد العامة لعل آناو,,معجم المصطلحات الاعلامية
ع6 انان بن الارعاطا,,معجم المصطلحات الاعلامية
1068,,معجم المصطلحات الاعلامية
1089,,معجم المصطلحات الاعلامية
1050,,معجم المصطلحات الاعلامية
10831,,معجم المصطلحات الاعلامية
1052,,معجم المصطلحات الاعلامية
103,,معجم المصطلحات الاعلامية
1094,,معجم المصطلحات الاعلامية
1055,,معجم المصطلحات الاعلامية
10596,,معجم المصطلحات الاعلامية
1057,,معجم المصطلحات الاعلامية
1058,,معجم المصطلحات الاعلامية
1099,,معجم المصطلحات الاعلامية
1100,,معجم المصطلحات الاعلامية
1101,,معجم المصطلحات الاعلامية
1102,,معجم المصطلحات الاعلامية
1103,,معجم المصطلحات الاعلامية
موافقة على الطبع وستدأمم عه؟ لمهو,,معجم المصطلحات الاعلامية
ععرنان صمط,,معجم المصطلحات الاعلامية
سمعة حَسّنةء ذ يوع 12 9000,,معجم المصطلحات الاعلامية
المليت,,معجم المصطلحات الاعلامية
ان ممم زممهانامن,,معجم المصطلحات الاعلامية
قبل رال...) والقال مرأعىه9,,معجم المصطلحات الاعلامية
( ثرئرة تتناول أخبار الناس على سبيل التسلية),,معجم المصطلحات الاعلامية
00016,,معجم المصطلحات الاعلامية
أخبار الناس ملرالمء «أكدومو,,معجم المصطلحات الاعلامية
5مأة0مم كملاع,,معجم المصطلحات الاعلامية
ناطق (ال ...) الحمكومي 901/1,,معجم المصطلحات الاعلامية
50001,,معجم المصطلحات الاعلامية
(الشخص المعرل رمهياً بن يتحدّث أو يصرح باسم,,معجم المصطلحات الاعلامية
"الحكومة» ويُطلق عليه أحياثاً اسم ""مصدر مأذون”)",,معجم المصطلحات الاعلامية
امع راع لمع لالزوق ثال عأم قمع رمم,,معجم المصطلحات الاعلامية
مدّة الإمهال (كممتامأءعوطبند) ععونو,,معجم المصطلحات الاعلامية
ععقبو عل أواغ0,,معجم المصطلحات الاعلامية
ملحة» مساعدة ماليّة للك تنلننيك,,معجم المصطلحات الاعلامية
(هيء في ميدان الإعلام؛ مساعدة ماليّة تمندحها الدّولة,,معجم المصطلحات الاعلامية
للصحافة),,معجم المصطلحات الاعلامية
وملمع للد زعلمم,,معجم المصطلحات الاعلامية
"رسم بياي, عتطيطة اليك",,معجم المصطلحات الاعلامية
قمماع5 زعناوأحام قرو,,معجم المصطلحات الاعلامية
فنون (ال.. .)التخطيطية عارة عءألطمة9,,معجم المصطلحات الاعلامية
1 5عنالأنامة هو كارقة,,معجم المصطلحات الاعلامية
شعبويّة (ال...) كامه؟ عدةنو,,معجم المصطلحات الاعلامية
م 0620063,,معجم المصطلحات الاعلامية
عرؤأأناممم,,معجم المصطلحات الاعلامية
فلم سياحي نينانت,,معجم المصطلحات الاعلامية
عناوك ناما صنلا,,معجم المصطلحات الاعلامية
مجموع المتابعين ععمءأنناة 2055و,,معجم المصطلحات الاعلامية
(عدد المستمعين والمشاهدين الذين تابعوا برناجا أو إعلانا,,معجم المصطلحات الاعلامية
مرّة أو أكثر),,معجم المصطلحات الاعلامية
عاهام عمرعألناة,,معجم المصطلحات الاعلامية
1076,,معجم المصطلحات الاعلامية
1077,,معجم المصطلحات الاعلامية
108,,معجم المصطلحات الاعلامية
1079,,معجم المصطلحات الاعلامية
1060,,معجم المصطلحات الاعلامية
1081,,معجم المصطلحات الاعلامية
1052,,معجم المصطلحات الاعلامية
1063,,معجم المصطلحات الاعلامية
1084,,معجم المصطلحات الاعلامية
1085,,معجم المصطلحات الاعلامية
1056,,معجم المصطلحات الاعلامية
1067,,معجم المصطلحات الاعلامية
صحافة الفضائح,,معجم المصطلحات الاعلامية
7655 اعطاأنان0 1106,,معجم المصطلحات الاعلامية
لأقع لمق عل عكوعم,,معجم المصطلحات الاعلامية
عواع 90,,معجم المصطلحات الاعلامية
تعليمات عامّة خط ©ورناع لابو 1104,,معجم المصطلحات الاعلامية
السلوك,,معجم المصطلحات الاعلامية
عله عل عصونا زكعاه مغنو دمماعنامادما,,معجم المصطلحات الاعلامية
أخبار الفضائح ك5ينا0 اعخاناو 1105,,معجم المصطلحات الاعلامية
(..كةأ) ناو[ نال 5عا508503,,معجم المصطلحات الاعلامية
2/0,,معجم المصطلحات الاعلامية
75,,معجم المصطلحات الاعلامية
إعلان» إشهار ودأكاايعالج لرقط,,معجم المصطلحات الاعلامية
عبزودع و3 غالء[اطنيام,,معجم المصطلحات الاعلامية
طبعة الحاسوب لزممه لفط,,معجم المصطلحات الاعلامية
معنا محدرمه ),,معجم المصطلحات الاعلامية
(نسخحة مطبوعة لتصّ صقف بالمفاسوب),,معجم المصطلحات الاعلامية
ةلطامم لوال عتامود مع عالام؟,,معجم المصطلحات الاعلامية
مقال مثير لنت وماأخائط مط,,معجم المصطلحات الاعلامية
أمهنماعم عادعا بونعطعم م26 عاعام,,معجم المصطلحات الاعلامية
أخبار ثقيلة وينلم 1 لققطا,,معجم المصطلحات الاعلامية
(أحبار شديدة الوطأة على النفس),,معجم المصطلحات الاعلامية
5عأناطط 5ع أل هاءمم لمأ كمم نكم ]ما,,معجم المصطلحات الاعلامية
طبعة مجلدة ده تال ععرامع ل قط,,معجم المصطلحات الاعلامية
ماع موؤللة بعمطممق مولاالة,,معجم المصطلحات الاعلامية
معدّات إعلامية تللي ين,,معجم المصطلحات الاعلامية
عناوأاة رركم أعترغ امم زعروبورل روط,,معجم المصطلحات الاعلامية
رئيس رأس راس نيل,,معجم المصطلحات الاعلامية
الصفحة,,معجم المصطلحات الاعلامية
(عتوان),,معجم المصطلحات الاعلامية
(ع85)ع9قم عل ألاقط رعأة راع,,معجم المصطلحات الاعلامية
رأس العمود لتوبا!ف أه معط,,معجم المصطلحات الاعلامية
عوممام عل م61,,معجم المصطلحات الاعلامية
1115,,معجم المصطلحات الاعلامية
1116,,معجم المصطلحات الاعلامية
1117,,معجم المصطلحات الاعلامية
1118,,معجم المصطلحات الاعلامية
1119,,معجم المصطلحات الاعلامية
1100,,معجم المصطلحات الاعلامية
1121,,معجم المصطلحات الاعلامية
1122,,معجم المصطلحات الاعلامية
نصف عمود ملسلم )اما,,معجم المصطلحات الاعلامية
عمومامع- ألرع0,,معجم المصطلحات الاعلامية
صف صفحة عوهم أاقطا,,معجم المصطلحات الاعلامية
36م -أماع0.,,معجم المصطلحات الاعلامية
منشور غناملصضقط رالأطفصفط,,معجم المصطلحات الاعلامية
ع3 زكنناععمومرطم,,معجم المصطلحات الاعلامية
دليل عامه ط 0 ةا,,معجم المصطلحات الاعلامية
تماطمع'0 7006 زاعنامقم زعلأنو,,معجم المصطلحات الاعلامية
صحافة مرتزا قد كات نامز أباملصوطا,,معجم المصطلحات الاعلامية
عل عدرذاقط ناو[ رعمقوصريه'0 عررووالقص نامز,,معجم المصطلحات الاعلامية
عن قاوأكناناة,,معجم المصطلحات الاعلامية
لافئّة (لوحة معلّقة) قواه ومأومقط,,معجم المصطلحات الاعلامية
علالمعمكناك عمطعللة,,معجم المصطلحات الاعلامية
:(.!.لا) لسمكمقط,,معجم المصطلحات الاعلامية
همه أكدع6110,,معجم المصطلحات الاعلامية
(.5.لا) كا رمرعم,,معجم المصطلحات الاعلامية
ةل دعل أعأعللأه بفدع دعام رومع ‎1١,,معجم المصطلحات الاعلامية
5ع رأقاوعمعارهم,,معجم المصطلحات الاعلامية
اعن012 أقم0نا0ز[ -2,,معجم المصطلحات الاعلامية
جريدة (ال...)الرصية,,معجم المصطلحات الاعلامية
(ععمهع),,معجم المصطلحات الاعلامية
1- واقعة ومأمع مم قط,,معجم المصطلحات الاعلامية
أررع مع جرع لان اج,,معجم المصطلحات الاعلامية
2- حَدَثُ,,معجم المصطلحات الاعلامية
1107,,معجم المصطلحات الاعلامية
1108,,معجم المصطلحات الاعلامية
1109,,معجم المصطلحات الاعلامية
1110,,معجم المصطلحات الاعلامية
1111,,معجم المصطلحات الاعلامية
1112,,معجم المصطلحات الاعلامية
1113,,معجم المصطلحات الاعلامية
1114,,معجم المصطلحات الاعلامية
05,,معجم المصطلحات الاعلامية
ورأك 108,,معجم المصطلحات الاعلامية
جلسة مغلقة له لأ وماترجعط,,معجم المصطلحات الاعلامية
كماء كأبنط م ععم20016,,معجم المصطلحات الاعلامية
جلسة عموميّة عاأطبام دأ ومتهعط,,معجم المصطلحات الاعلامية
عناوأأطنام ععمعتلنج,,معجم المصطلحات الاعلامية
شائعة لاهمكروعط,,معجم المصطلحات الاعلامية
عمألدعاياه,,معجم المصطلحات الاعلامية
جدال صاب عأقطعل لماوع,,معجم المصطلحات الاعلامية
‎١ لاناعانامط +0608,,معجم المصطلحات الاعلامية
رسولء هناد للسكدلل,,معجم المصطلحات الاعلامية
1 “للاع 28808 5006 ززعو قوددع 5,,معجم المصطلحات الاعلامية
لقطة عُلُويُة مله عاوصة طوتط,,معجم المصطلحات الاعلامية
(لقطه عمودية من أعلى إلى أسفل),,معجم المصطلحات الاعلامية
عم6وممام دع مقام,,معجم المصطلحات الاعلامية
وضوح فائق 52 1415) باذا 60 طولط,,معجم المصطلحات الاعلامية
موا أوقةل عامط,,معجم المصطلحات الاعلامية
دق فائقة دروا بامععم لاوط,,معجم المصطلحات الاعلامية
1 وما أناامىة: عأانهط,,معجم المصطلحات الاعلامية
تلفاز فائق الوضوح (1107) مه تاأمقع ل طوتط,,معجم المصطلحات الاعلامية
هام ةل عاأناهط ممأوابو6 61,,معجم المصطلحات الاعلامية
صورة وضتاءة عونطاعتم بإععل- طزواطا,,معجم المصطلحات الاعلامية
عذناء (اأتربناا عو3مما,,معجم المصطلحات الاعلامية
1- حدث بارز طوالطوتط,,معجم المصطلحات الاعلامية
عمانا كمو تغمقالتمه أمعطعمة بن,,معجم المصطلحات الاعلامية
2- عبوان بارز,,معجم المصطلحات الاعلامية
لقطات سريعة لععدرءه-طواطا,,معجم المصطلحات الاعلامية
لاقام ورومط همتع درك,,معجم المصطلحات الاعلامية
(قٍ التصوير السينمائي),,معجم المصطلحات الاعلامية
ع06ع و6 عألاقط 3 دعبالا عل عوازم,,معجم المصطلحات الاعلامية
فلم تسجيل هرئي اننا,,معجم المصطلحات الاعلامية
(فديو),,معجم المصطلحات الاعلامية
(أغنية في ذورة القحاح),,معجم المصطلحات الاعلامية
8 -1,,معجم المصطلحات الاعلامية
2-06,,معجم المصطلحات الاعلامية
لوحة إعلانيّة ودأل حجمط,,معجم المصطلحات الاعلامية
عأماءاأطنام لاقع مهم,,معجم المصطلحات الاعلامية
113,,معجم المصطلحات الاعلامية
1135,,معجم المصطلحات الاعلامية
1136,,معجم المصطلحات الاعلامية
1 1137,,معجم المصطلحات الاعلامية
1138,,معجم المصطلحات الاعلامية
1139,,معجم المصطلحات الاعلامية
1150,,معجم المصطلحات الاعلامية
1141,,معجم المصطلحات الاعلامية
1142,,معجم المصطلحات الاعلامية
1143,,معجم المصطلحات الاعلامية
1144,,معجم المصطلحات الاعلامية
1145,,معجم المصطلحات الاعلامية
1146,,معجم المصطلحات الاعلامية
1177,,معجم المصطلحات الاعلامية
مولع ولناعم أه لجعط,,معجم المصطلحات الاعلامية
رئيس قسم الأخبار 0قانع5 وبباع0 04 لجع,,معجم المصطلحات الاعلامية
ةنوكما دعل أعطن,,معجم المصطلحات الاعلامية
رأس الصفحة م أه لقهعدا,,معجم المصطلحات الاعلامية
عوهم عل 1616,,معجم المصطلحات الاعلامية
إدارة مركرزية لهعط زععكله لمعط,,معجم المصطلحات الاعلامية
كماع 01132,,معجم المصطلحات الاعلامية
(مقرٌ الإدارة المركزي ومكنيها الأساسي),,معجم المصطلحات الاعلامية
ومناعع مأل عل عوؤاد,,معجم المصطلحات الاعلامية
صورة هويّة 50 وناحه بغخمطع معط,,معجم المصطلحات الاعلامية
أأةطروم-مغمزام,,معجم المصطلحات الاعلامية
"استهلاك رأسية, ودألمعط",,معجم المصطلحات الاعلامية
عتوان,,معجم المصطلحات الاعلامية
(ركن),,معجم المصطلحات الاعلامية
فأطلاما بعأقا-مة رنمعمهط,,معجم المصطلحات الاعلامية
عنوان الصدارة عو المع,,معجم المصطلحات الاعلامية
(مانشيت),,معجم المصطلحات الاعلامية
(هو العنوان الرئيسي الأول الذي يحتل مكان الصّدارة»,,معجم المصطلحات الاعلامية
عنأءطعمقم رعمانا ومو زمغ عل عصونا,,معجم المصطلحات الاعلامية
ويلاع3 هن لدعم,,معجم المصطلحات الاعلامية
عناوين بارزة,,معجم المصطلحات الاعلامية
(لاكره201),,معجم المصطلحات الاعلامية
65 9105,,معجم المصطلحات الاعلامية
مُعدون معطتزينا عو ا الوعط,,معجم المصطلحات الاعلامية
(محرّر عناوين),,معجم المصطلحات الاعلامية
الخننا,,معجم المصطلحات الاعلامية
مماعة كعص طم دعا,,معجم المصطلحات الاعلامية
5تاعألامءة زعلاوكق,,معجم المصطلحات الاعلامية
رأس الصفحة عمع الدع,,معجم المصطلحات الاعلامية
(زحرفة في أعلى الصحفة),,معجم المصطلحات الاعلامية
عخاعووأنا بعوهم عل 1866,,معجم المصطلحات الاعلامية
سقفيّة الشاشة مو لدعا,,معجم المصطلحات الاعلامية
( هو الفراغ الفاصل بين أعلى الشاشة ورأس مقلم الأحبار,,معجم المصطلحات الاعلامية
في التلفرة» والذي يجب أن يحافظ عليه مدير الكاميرة,,معجم المصطلحات الاعلامية
محمالية الصورة),,معجم المصطلحات الاعلامية
مع 06030,,معجم المصطلحات الاعلامية
1123,,معجم المصطلحات الاعلامية
1124,,معجم المصطلحات الاعلامية
1125,,معجم المصطلحات الاعلامية
1126,,معجم المصطلحات الاعلامية
117,,معجم المصطلحات الاعلامية
1128,,معجم المصطلحات الاعلامية
1129,,معجم المصطلحات الاعلامية
1130,,معجم المصطلحات الاعلامية
1131,,معجم المصطلحات الاعلامية
1132,,معجم المصطلحات الاعلامية
1133,,معجم المصطلحات الاعلامية
جريدة المؤسسة نامز عستمط,,معجم المصطلحات الاعلامية
عدأزمع نامع 'ل أقوانامل,,معجم المصطلحات الاعلامية
أسلوب المؤسسة عاباء عكنما,,معجم المصطلحات الاعلامية
ممكتقم عابواع,,معجم المصطلحات الاعلامية
هَزْل واكتناانا,,معجم المصطلحات الاعلامية
ناملطاط,,معجم المصطلحات الاعلامية
صحيفة هزلية 3506م 1015:0005 70اتاط,,معجم المصطلحات الاعلامية
عنا0ناكأتمصناط أقونه,,معجم المصطلحات الاعلامية
1162,,معجم المصطلحات الاعلامية
1103,,معجم المصطلحات الاعلامية
116,,معجم المصطلحات الاعلامية
1165,,معجم المصطلحات الاعلامية
على ومالتقمط!,,معجم المصطلحات الاعلامية
حائطيّة 6 ودأل قوط,,معجم المصطلحات الاعلامية
(مكان لإلصاق الإعلانات),,معجم المصطلحات الاعلامية
"ع ""نامم تع جاعم قأط لع",,معجم المصطلحات الاعلامية
أكذوبة لكين,,معجم المصطلحات الاعلامية
عوانااق,,معجم المصطلحات الاعلامية
تسليم مزلي بجر باعل مترمطا,,معجم المصطلحات الاعلامية
عأ أحومل ذه ممتاناط ندال زعا ءأمرمل ةق ومدتهرانا,,معجم المصطلحات الاعلامية
طبعة ممليّة ممالل مرررمط,,معجم المصطلحات الاعلامية
عاوعه! ممأل,,معجم المصطلحات الاعلامية
أخبار ممليّة وعم مترمطا,,معجم المصطلحات الاعلامية
بكعاقمملوم و5عالعبانامر زدعاوعه| دع أإعبانامم,,معجم المصطلحات الاعلامية
5علقووتاهم كملاع نامر,,معجم المصطلحات الاعلامية
هاوي التسجيل المرئي «معاه مهعنايا مرويورا,,معجم المصطلحات الاعلامية
(فديو),,معجم المصطلحات الاعلامية
اناعأقمرة عأووع10/,,معجم المصطلحات الاعلامية
فلم رعب زا «بمصمط,,معجم المصطلحات الاعلامية
تناع مطل دوا,,معجم المصطلحات الاعلامية
مقدم كلنيلن,,معجم المصطلحات الاعلامية
لاع أمامعو6رم,,معجم المصطلحات الاعلامية
ساغين؛ هباشر 0,,معجم المصطلحات الاعلامية
أعع لل مع باأتاقاء,,معجم المصطلحات الاعلامية
خط سان خط عدا عمط,,معجم المصطلحات الاعلامية
مباشرء خبط الاسعاف,,معجم المصطلحات الاعلامية
..5.0.5 عدولا رعممئأل عمونا,,معجم المصطلحات الاعلامية
وسيلة إعلان ساءعنة ل56 أمط,,معجم المصطلحات الاعلامية
ماقا وألعم,,معجم المصطلحات الاعلامية
أخبار ساخينة م16 مط,,معجم المصطلحات الاعلامية
5ع ع 7قم؟ دع ااعبانامم,,معجم المصطلحات الاعلامية
عدد اجح معط وتات أمط,,معجم المصطلحات الاعلامية
(عدد ناحح من حريدة أو جملة),,معجم المصطلحات الاعلامية
5 ذ 0اأطتاط,,معجم المصطلحات الاعلامية
صدر حديثاً معوءاع: أمط,,معجم المصطلحات الاعلامية
(آخخر إصدار),,معجم المصطلحات الاعلامية
عاثقرهم عل أمعاب,,معجم المصطلحات الاعلامية
1148,,معجم المصطلحات الاعلامية
1149,,معجم المصطلحات الاعلامية
115,,معجم المصطلحات الاعلامية
1151,,معجم المصطلحات الاعلامية
1152,,معجم المصطلحات الاعلامية
1153,,معجم المصطلحات الاعلامية
1154,,معجم المصطلحات الاعلامية
1155,,معجم المصطلحات الاعلامية
1156,,معجم المصطلحات الاعلامية
1157,,معجم المصطلحات الاعلامية
1158,,معجم المصطلحات الاعلامية
1159,,معجم المصطلحات الاعلامية
زياف,,معجم المصطلحات الاعلامية
1161,,معجم المصطلحات الاعلامية
لافتة ضوئيّة واه لعطهد دللا,,معجم المصطلحات الاعلامية
عكبناع لاتصن! عمواعدومع,,معجم المصطلحات الاعلامية
صورة إيضاحيّة مولا ادنلا,,معجم المصطلحات الاعلامية
‎١ مناه انا,,معجم المصطلحات الاعلامية
صورة يناليك,,معجم المصطلحات الاعلامية
حا “نميلا,,معجم المصطلحات الاعلامية
مُبْلوع اناه 1 أوقاداً,,معجم المصطلحات الاعلامية
(شخص واسع الخيال),,معجم المصطلحات الاعلامية
اناهؤ,,معجم المصطلحات الاعلامية
إشارة الاستمجال 117 عنه بمدوالعتصددا,,معجم المصطلحات الاعلامية
(علامة ضوليّة أو صوئيّة تنّه مقلم الأخبار إلى وصول تحبر,,معجم المصطلحات الاعلامية
ذي أهمية كبيرة وعاحلة),,معجم المصطلحات الاعلامية
ونا عوقدكعم عل اناعم ألما,,معجم المصطلحات الاعلامية
إغعلال بالآداب العامة ينيل,,معجم المصطلحات الاعلامية
أع نمه أمجم تدرا,,معجم المصطلحات الاعلامية
كالاع0 1 502085 عناق عاراع ا,,معجم المصطلحات الاعلامية
وقع اكادء ييل,,معجم المصطلحات الاعلامية
أع مما,,معجم المصطلحات الاعلامية
‎1104,,معجم المصطلحات الاعلامية
‎1175,,معجم المصطلحات الاعلامية
‎1176,,معجم المصطلحات الاعلامية
‎1188,,معجم المصطلحات الاعلامية
‎1179,,معجم المصطلحات الاعلامية
‎1150,,معجم المصطلحات الاعلامية
مصكم ممص جعل1,,معجم المصطلحات الاعلامية
اناعامع0006,,معجم المصطلحات الاعلامية
تعريف ممتاه أ لامع10,,معجم المصطلحات الاعلامية
(اسم أو صورة أو علامة للتعريف بكاتب مقال),,معجم المصطلحات الاعلامية
نورقم زدمتاهع لامعل,,معجم المصطلحات الاعلامية
بطاقة تذكير لاطمه بشمع لاك أو ك1,,معجم المصطلحات الاعلامية
عاعواط,,معجم المصطلحات الاعلامية
(ممزودت ممع أنلممع) عبوقم,,معجم المصطلحات الاعلامية
ولت ميت عدر 16لا,,معجم المصطلحات الاعلامية
01 5م1201,,معجم المصطلحات الاعلامية
إعلان داخلي وماكتلازع يلح «مو13,,معجم المصطلحات الاعلامية
(إعلان في داعل الملاعب والينايات القوميّة وممطّات الثقل),,معجم المصطلحات الاعلامية
ععنء اماما عا أأطنام,,معجم المصطلحات الاعلامية
إعلان غير مشروع وسأدتاعء0ة أل اللا,,معجم المصطلحات الاعلامية
عاء ال معأ ناطيام,,معجم المصطلحات الاعلامية
نشرة غير مشروعة دموتاى الطيام غولللاً,,معجم المصطلحات الاعلامية
عأ الا ممادء لماص,,معجم المصطلحات الاعلامية
ضثيل المعلومات للتتنيي ييل,,معجم المصطلحات الاعلامية
(مصدر غير مطلع),,معجم المصطلحات الاعلامية
مواعدهة: اقم,,معجم المصطلحات الاعلامية
‎1166,,معجم المصطلحات الاعلامية
‎1167,,معجم المصطلحات الاعلامية
‎116,,معجم المصطلحات الاعلامية
‎1106,,معجم المصطلحات الاعلامية
‎1170,,معجم المصطلحات الاعلامية
‎1171,,معجم المصطلحات الاعلامية
‎112,,معجم المصطلحات الاعلامية
‎1173,,معجم المصطلحات الاعلامية
أمعلمممدع؟ باأممصمماطا,,معجم المصطلحات الاعلامية
في مجال الصورة صم لكالا درا رعرنطعام ما,,معجم المصطلحات الاعلامية
ممق عا ومول,,معجم المصطلحات الاعلامية
قَيْد الطبع كعم دأ,,معجم المصطلحات الاعلامية
5الا0 لاع ل0أكدع املأ,,معجم المصطلحات الاعلامية
طبعة متوافرة ممتاتله أمتمم ما,,معجم المصطلحات الاعلامية
(في السوق» غير تافدة),,معجم المصطلحات الاعلامية
عاطتمومكتل صماللة رعامع ب مع ومالة6,,معجم المصطلحات الاعلامية
خبر كاذب» خبر غير وبلا 27 مأل رباعم قرا,,معجم المصطلحات الاعلامية
دفيق,,معجم المصطلحات الاعلامية
مقعم عاأعننمم. عووناه] عاإع/انا50,,معجم المصطلحات الاعلامية
ناقص عع امتاتمع صا,,معجم المصطلحات الاعلامية
(غير مكتمل» غير ناحز),,معجم المصطلحات الاعلامية
غعامممعم1,,معجم المصطلحات الاعلامية
مُقمّل» مُعَمّق لامع لحم,,معجم المصطلحات الاعلامية
ألممعمهممة رَغاالماة0,,معجم المصطلحات الاعلامية
فهرس تاينلا,,معجم المصطلحات الاعلامية
ع 170,,معجم المصطلحات الاعلامية
إضاءة غير هباشرة وصقغطوذا أمععالما,,معجم المصطلحات الاعلامية
عع ألما عووعاداءة,,معجم المصطلحات الاعلامية
عرض بالطائرة واكم,,معجم المصطلحات الاعلامية
أع ته أمارعطحرة,,معجم المصطلحات الاعلامية
املا مع عاعهمعم5,,معجم المصطلحات الاعلامية
أفلام الطائرة كع ألاملم أطوتاكما,,معجم المصطلحات الاعلامية
(الأفلام المعروضة بالطائرة),,معجم المصطلحات الاعلامية
لالت حيرف,,معجم المصطلحات الاعلامية
جريدة ذات نفوذ «عدردم أمأغرة يلاما,,معجم المصطلحات الاعلامية
اأمعناالما أقهحسامز,,معجم المصطلحات الاعلامية
مقابلة مفتوحة وصاييه ادعام احصصحمقما,,معجم المصطلحات الاعلامية
( استجواب مفتوح يثمّ دون التقيد بأسئلة حاهزة أو محاور,,معجم المصطلحات الاعلامية
ع6 و1 أل - نمم بيرع الارعاورا,,معجم المصطلحات الاعلامية
مستيرء مستطلع اماما,,معجم المصطلحات الاعلامية
ليت“ ا دا,,معجم المصطلحات الاعلامية
ع مكاعم رعأفنوموع'ل غعززه ع«رومدرعم,,معجم المصطلحات الاعلامية
عوةلمهم عل أعزاه,,معجم المصطلحات الاعلامية
1152,,معجم المصطلحات الاعلامية
1153,,معجم المصطلحات الاعلامية
119,,معجم المصطلحات الاعلامية
1155,,معجم المصطلحات الاعلامية
1156,,معجم المصطلحات الاعلامية
1157,,معجم المصطلحات الاعلامية
1158,,معجم المصطلحات الاعلامية
1159,,معجم المصطلحات الاعلامية
1200,,معجم المصطلحات الاعلامية
1201,,معجم المصطلحات الاعلامية
1202,,معجم المصطلحات الاعلامية
1203,,معجم المصطلحات الاعلامية
1204,,معجم المصطلحات الاعلامية
لوداغعم] دمحما,,معجم المصطلحات الاعلامية
دراسة الأثر ا ع قدا,,معجم المصطلحات الاعلامية
(دراسة وقع النطابات أو الإعلانات أو المقالات على,,معجم المصطلحات الاعلامية
المهور),,معجم المصطلحات الاعلامية
5 مدوعم دعل ععدعلأء مل عللاة,,معجم المصطلحات الاعلامية
وكمل في ييل,,معجم المصطلحات الاعلامية
(وكيل فرقة مسرحية أو قنان),,معجم المصطلحات الاعلامية
قوع مما,,معجم المصطلحات الاعلامية
اتطباع ل يق إيينا,,معجم المصطلحات الاعلامية
ل تن كينت,,معجم المصطلحات الاعلامية
فرصة التأثير 01 لكك ملالا,,معجم المصطلحات الاعلامية
جاأ تتلا هتمه,,معجم المصطلحات الاعلامية
( احتمال معاينة المارة أو المشاهدين إعلانا أو لافتة أو,,معجم المصطلحات الاعلامية
ملصقا باح فرصة لحدوث الأثر المطلوب في نفوسهم),,معجم المصطلحات الاعلامية
:عبانلا عماغ'0 علاء )31 عتنا نمم درمأدهعع0,,معجم المصطلحات الاعلامية
عرابز عناة'ل عطء)ق عمن عرامم مغ الل أككمم,,معجم المصطلحات الاعلامية
1- معلن زال...) ص مما,,معجم المصطلحات الاعلامية
"اناعع مقع"" 03:00 زككناه'0 لمر",,معجم المصطلحات الاعلامية
عناع ]601ل علا مم,,معجم المصطلحات الاعلامية
2- علامة الناشر,,معجم المصطلحات الاعلامية
ارتجال ١ه نا مدا,,معجم المصطلحات الاعلامية
نوذأ ام ملا,,معجم المصطلحات الاعلامية
مُقبل» رائج زيل,,معجم المصطلحات الاعلامية
ع200 هلق بأمعموع ااممر مع,,معجم المصطلحات الاعلامية
باجار ع رط رأ,,معجم المصطلحات الاعلامية
اعبط رع,,معجم المصطلحات الاعلامية
مله سزي لل اسه,,معجم المصطلحات الاعلامية
(احتماع نخلف أبواب مغلقة),,معجم المصطلحات الاعلامية
5مك 5أناط,,معجم المصطلحات الاعلامية
5516 01 عكانام رأ,,معجم المصطلحات الاعلامية
كيد النشر,,معجم المصطلحات الاعلامية
(على وشك الصُدور),,معجم المصطلحات الاعلامية
مدع ةاطنام عل ؤانام مع,,معجم المصطلحات الاعلامية
5ناع0؟ (زآ,,معجم المصطلحات الاعلامية
بون,,معجم المصطلحات الاعلامية
( واضح وحلّي لأنه في بورة العدسة ونحت الأضواء,,معجم المصطلحات الاعلامية
الساطحة),,معجم المصطلحات الاعلامية
غطلمم باق كلم,,معجم المصطلحات الاعلامية
1161,,معجم المصطلحات الاعلامية
11682,,معجم المصطلحات الاعلامية
1163,,معجم المصطلحات الاعلامية
11584,,معجم المصطلحات الاعلامية
1185,,معجم المصطلحات الاعلامية
1186,,معجم المصطلحات الاعلامية
1157,,معجم المصطلحات الاعلامية
1188,,معجم المصطلحات الاعلامية
11589,,معجم المصطلحات الاعلامية
1190,,معجم المصطلحات الاعلامية
1151,,معجم المصطلحات الاعلامية
وواكابعاعغ أهمهلعرصهكما,,معجم المصطلحات الاعلامية
دئج خرعذم لعلرعز ربزوادا,,معجم المصطلحات الاعلامية
(نص في صورة),,معجم المصطلحات الاعلامية
اعوصا مهمعد ممما,,معجم المصطلحات الاعلامية
قابس “وليل,,معجم المصطلحات الاعلامية
عغرامة,,معجم المصطلحات الاعلامية
مُحقق وحيلك انل,,معجم المصطلحات الاعلامية
؟ناع ]2 وتادع نامأ,,معجم المصطلحات الاعلامية
تحقيق و فنك نايل,,معجم المصطلحات الاعلامية
ومعغقولووعلاما زعأؤباو,,معجم المصطلحات الاعلامية
مُذرج فيحنيلا,,معجم المصطلحات الاعلامية
0ع عل ملغعو بأرعدطا بأتمووةع,,معجم المصطلحات الاعلامية
لقطة مُقحّمة ماد +هدررا,,معجم المصطلحات الاعلامية
مضا دمهل عردم عوهمرز,,معجم المصطلحات الاعلامية
عنوان فرعي 311 أبعدما,,معجم المصطلحات الاعلامية
علا-رعاما,,معجم المصطلحات الاعلامية
طول اللقطات المقحمة 00 رواتبعورا,,معجم المصطلحات الاعلامية
ربالأقدام),,معجم المصطلحات الاعلامية
كخاع 05 ععزاع نا0 56,,معجم المصطلحات الاعلامية
جدول الإمراج عابالءداعد درمتاععدوورا,,معجم المصطلحات الاعلامية
(حدول إدراج إعلانات في وسائل الإعلام),,معجم المصطلحات الاعلامية
"(كامم؟5) 5كممنرعكم ""ل ععملمعام",,معجم المصطلحات الاعلامية
لكت تثيل,,معجم المصطلحات الاعلامية
لامع للم بوممتاععمدما,,معجم المصطلحات الاعلامية
كنام» لزمان ماود,,معجم المصطلحات الاعلامية
أمماكما يعناعام,,معجم المصطلحات الاعلامية
ععنتعام,,معجم المصطلحات الاعلامية
عمال ماكما وملام,,معجم المصطلحات الاعلامية
معو 103 أقمه تائدا أأكما,,معجم المصطلحات الاعلامية
أهده تغنط تأكما,,معجم المصطلحات الاعلامية
كا م2017,,معجم المصطلحات الاعلامية
عالعصمه ناكما 6 اأعلاطنام,,معجم المصطلحات الاعلامية
أهحه تابط اكوا,,معجم المصطلحات الاعلامية
"ارلا"" اننا",,معجم المصطلحات الاعلامية
عااعصضمأابطتاكمز عنابوعمر,,معجم المصطلحات الاعلامية
أقدم ات نضاكما,,معجم المصطلحات الاعلامية
درن أكاياعاع0,,معجم المصطلحات الاعلامية
"أمع ممع طواع كمع"" ل جرم لكابعامع؟",,معجم المصطلحات الاعلامية
قخص,,معجم المصطلحات الاعلامية
صورة فورية,,معجم المصطلحات الاعلامية
إعلان المؤسسة,,معجم المصطلحات الاعلامية
مجلة المؤوسسة,,معجم المصطلحات الاعلامية
قتاة تعليميّة,,معجم المصطلحات الاعلامية
1217,,معجم المصطلحات الاعلامية
1218,,معجم المصطلحات الاعلامية
1219,,معجم المصطلحات الاعلامية
1220,,معجم المصطلحات الاعلامية
1221,,معجم المصطلحات الاعلامية
1222,,معجم المصطلحات الاعلامية
1223,,معجم المصطلحات الاعلامية
1024,,معجم المصطلحات الاعلامية
122,,معجم المصطلحات الاعلامية
1226,,معجم المصطلحات الاعلامية
127,,معجم المصطلحات الاعلامية
1228,,معجم المصطلحات الاعلامية
122,,معجم المصطلحات الاعلامية
1230,,معجم المصطلحات الاعلامية
أ قمملما,,معجم المصطلحات الاعلامية
"إعلام, خير للع سينا",,معجم المصطلحات الاعلامية
استعلامات,,معجم المصطلحات الاعلامية
كاطع ع روأ كمع زمه تأقمدم اما,,معجم المصطلحات الاعلامية
"مركز معلومات, مركر 0687© 11011118011",,معجم المصطلحات الاعلامية
توثيق,,معجم المصطلحات الاعلامية
موأ ممع يعمل عل عمامعه,,معجم المصطلحات الاعلامية
تدثق الأخبار بججه1؟ جره هخم كرما,,معجم المصطلحات الاعلامية
"20 نمكم"" عل علا",,معجم المصطلحات الاعلامية
قانون الإعلام يعدا دوا م مكحا,,معجم المصطلحات الاعلامية
قن ممصا عل امل,,معجم المصطلحات الاعلامية
معالية المعلومات من م1,,معجم المصطلحات الاعلامية
مادل رووأكعدعمعمرم,,معجم المصطلحات الاعلامية
9 أكدععمىم,,معجم المصطلحات الاعلامية
(معابلنة الأخبار),,معجم المصطلحات الاعلامية
"ممتاة صممام]""! عل غمع مرعاتهة زعنوتام هماما",,معجم المصطلحات الاعلامية
مُخير عع ألم نا مادا,,معجم المصطلحات الاعلامية
(في مختلف الحالات الإعلاميّة),,معجم المصطلحات الاعلامية
"""ل مناعدد ام 10",,معجم المصطلحات الاعلامية
"اديه تناع"" دوما ممصا",,معجم المصطلحات الاعلامية
ببحث وثائقي,,معجم المصطلحات الاعلامية
علأقامع مرنعول عع رعطععر,,معجم المصطلحات الاعلامية
مُعخير تتيرياسل,,معجم المصطلحات الاعلامية
في الممالات الإعلاميّة المختلفة),,معجم المصطلحات الاعلامية
لت ةنا,,معجم المصطلحات الاعلامية
إعلان إخباري أقع ندرا,,معجم المصطلحات الاعلامية
ملأقته مال غع نام عل أ0مد,,معجم المصطلحات الاعلامية
برنامج معلومات علوم ممما,,معجم المصطلحات الاعلامية
ونسلية,,معجم المصطلحات الاعلامية
ملم ورم أما-عاءماععم5 موأكدلمة,,معجم المصطلحات الاعلامية
انتهاك حق المؤلّف» أن خجع صع ومتكما,,معجم المصطلحات الاعلامية
طاو لام مه,,معجم المصطلحات الاعلامية
تزوير,,معجم المصطلحات الاعلامية
001,,معجم المصطلحات الاعلامية
ممثلة مبتدئة ع نالع ورا,,معجم المصطلحات الاعلامية
(عء تل 3) عنامغوما,,معجم المصطلحات الاعلامية
1205,,معجم المصطلحات الاعلامية
1206,,معجم المصطلحات الاعلامية
1207,,معجم المصطلحات الاعلامية
1208,,معجم المصطلحات الاعلامية
1209,,معجم المصطلحات الاعلامية
1210,,معجم المصطلحات الاعلامية
1211,,معجم المصطلحات الاعلامية
1212,,معجم المصطلحات الاعلامية
1013,,معجم المصطلحات الاعلامية
1214,,معجم المصطلحات الاعلامية
1215,,معجم المصطلحات الاعلامية
1216,,معجم المصطلحات الاعلامية
عمبيع ابحعاما,,معجم المصطلحات الاعلامية
فِلّم فاميل حصلا ممأعك1صمعاما,,معجم المصطلحات الاعلامية
عاك ماوع 'ل صلق,,معجم المصطلحات الاعلامية
شؤون داخخلية عستقكاة اممرعاما,,معجم المصطلحات الاعلامية
5ع مرعاما كع 1أة )ا,,معجم المصطلحات الاعلامية
نظام سلاسل المعطيات ك[هقع5 أقدره هماما,,معجم المصطلحات الاعلامية
8 كلاد هال,,معجم المصطلحات الاعلامية
الذولي (.1.5.2.5),,معجم المصطلحات الاعلامية
وعا على ععة مومهل عل أقمم م معام عرمغدرو,,معجم المصطلحات الاعلامية
5مأ مع |اطنام,,معجم المصطلحات الاعلامية
ع1 اهحه تاأملدعاما,,معجم المصطلحات الاعلامية
رقم زال.».) الدوني عاممط 210250هاد,,معجم المصطلحات الاعلامية
المعماري للكعاب (.1.58.30) معط انار,,معجم المصطلحات الاعلامية
( رقم يعرف ويشخخص كل كتاب على الصعيد الدولي),,معجم المصطلحات الاعلامية
عربنا عل هدالقصسمم أقطمهمعغما ممغصنام,,معجم المصطلحات الاعلامية
سلا أهده تأ ماما,,معجم المصطلحات الاعلامية
رقم لاسا وإذارعة هل مهاء,,معجم المصطلحات الاعلامية
المطبوعات الدولي (.لبك.1.5) بمطصيام,,معجم المصطلحات الاعلامية
المعماري,,معجم المصطلحات الاعلامية
إررس.ع.د.م),,معجم المصطلحات الاعلامية
عع ُدألقصهممم أقمملأةمععاما مغصيام,,معجم المصطلحات الاعلامية
عند رع ومملأوءلأطنام,,معجم المصطلحات الاعلامية
معابير(ال...) الدولية أهده تاأمسعاما,,معجم المصطلحات الاعلامية
ابترزال١٠٠) الدوا,,معجم المصطلحات الاعلامية
ماد,,معجم المصطلحات الاعلامية
36003165 لمعاما كع مم,,معجم المصطلحات الاعلامية
صحافة الرأي عناناع ممما,,معجم المصطلحات الاعلامية
011ل,,معجم المصطلحات الاعلامية
( يغلب فيها الرأي والتحليل على الأخبار والأتباع,,معجم المصطلحات الاعلامية
عولزأقصة'0 ع نووالق صنيو,,معجم المصطلحات الاعلامية
اداتأدعاما,,معجم المصطلحات الاعلامية
01,,معجم المصطلحات الاعلامية
( برنامج لملء الفراغ بين برناجحين وغالبا ما يكون قصو,,معجم المصطلحات الاعلامية
نامع ذتقاع؟ عتصريقنومهم,,معجم المصطلحات الاعلامية
برنامج ربط,,معجم المصطلحات الاعلامية
عنوان داخلي علانترع ارا,,معجم المصطلحات الاعلامية
مم1,,معجم المصطلحات الاعلامية
مقابلة بره الحرماما,,معجم المصطلحات الاعلامية
عراباع تامع بورع ابجع اما,,معجم المصطلحات الاعلامية
مُسشَجْوب مع بيع الحرع اما,,معجم المصطلحات الاعلامية
( الشخحص الذي تُطرّح عليه الأسئلة في المقابلة»,,معجم المصطلحات الاعلامية
باع المع اما,,معجم المصطلحات الاعلامية
1246,,معجم المصطلحات الاعلامية
12057,,معجم المصطلحات الاعلامية
1248,,معجم المصطلحات الاعلامية
1249,,معجم المصطلحات الاعلامية
1250,,معجم المصطلحات الاعلامية
1251,,معجم المصطلحات الاعلامية
1252,,معجم المصطلحات الاعلامية
1253,,معجم المصطلحات الاعلامية
1254,,معجم المصطلحات الاعلامية
1255,,معجم المصطلحات الاعلامية
1256,,معجم المصطلحات الاعلامية
اع ناكما,,معجم المصطلحات الاعلامية
أداة خدع تون كما,,معجم المصطلحات الاعلامية
امع نماكم,,معجم المصطلحات الاعلامية
استخخبارات عمد وأااعاما,,معجم المصطلحات الاعلامية
عأمع مرعموتعومع؟ عل ممأبارعو,,معجم المصطلحات الاعلامية
جمهور مستهدف ععرء ألنات لعل معام,,معجم المصطلحات الاعلامية
عغواب عاك,,معجم المصطلحات الاعلامية
در اع واوا,,معجم المصطلحات الاعلامية
ام عام,,معجم المصطلحات الاعلامية
سمنما تفاعلية لمعك عاناعه ماما,,معجم المصطلحات الاعلامية
؟تاعورعما قمسفمء,,معجم المصطلحات الاعلامية
تلفزة تفاعلية صوأواياءاعا علاتاع وعدا,,معجم المصطلحات الاعلامية
ع بنع قععغما مولوارؤام,,معجم المصطلحات الاعلامية
هاتف داخلي لا,,معجم المصطلحات الاعلامية
عممطامعاما,,معجم المصطلحات الاعلامية
نامع أ أ سدسم عام,,معجم المصطلحات الاعلامية
تواصّل,,معجم المصطلحات الاعلامية
(اتصال متبادل),,معجم المصطلحات الاعلامية
موتاقع أ ونام معمعاما,,معجم المصطلحات الاعلامية
تراط ملاع صوممع رع ام,,معجم المصطلحات الاعلامية
لوليا مومع تعاما,,معجم المصطلحات الاعلامية
لقطة مُفَحَمة لقطة أناء رماوا,,معجم المصطلحات الاعلامية
ريط,,معجم المصطلحات الاعلامية
ع5 0# علنوة روه6 :6 وجا 5ع9و3ما,,معجم المصطلحات الاعلامية
تعوريناانا,,معجم المصطلحات الاعلامية
وال,,معجم المصطلحات الاعلامية
( وحدة في الحاسوب تصل بين برئايبين أو حهازين لتبادل,,معجم المصطلحات الاعلامية
المعطيات),,معجم المصطلحات الاعلامية
"دونع م] ,عمو زعام",,معجم المصطلحات الاعلامية
تداخل؛ تشويش ملع ره رمام,,معجم المصطلحات الاعلامية
قلاعم زعممع م هاما,,معجم المصطلحات الاعلامية
تصوير داخلي ولتامولء روتأرعادا,,معجم المصطلحات الاعلامية
#ناع 6 ما دع عوقمانام؟ زوعنوبا عل عولوم,,معجم المصطلحات الاعلامية
مزاوجة عه 1,,معجم المصطلحات الاعلامية
(ما) عوواميام»,,معجم المصطلحات الاعلامية
ده أكد معام,,معجم المصطلحات الاعلامية
فاصيل,,معجم المصطلحات الاعلامية
عاعمتامع,,معجم المصطلحات الاعلامية
1231,,معجم المصطلحات الاعلامية
1232,,معجم المصطلحات الاعلامية
1233,,معجم المصطلحات الاعلامية
1234,,معجم المصطلحات الاعلامية
1235,,معجم المصطلحات الاعلامية
1236,,معجم المصطلحات الاعلامية
1237,,معجم المصطلحات الاعلامية
1238,,معجم المصطلحات الاعلامية
1239,,معجم المصطلحات الاعلامية
1200,,معجم المصطلحات الاعلامية
1241,,معجم المصطلحات الاعلامية
1242,,معجم المصطلحات الاعلامية
1213,,معجم المصطلحات الاعلامية
1244,,معجم المصطلحات الاعلامية
1245,,معجم المصطلحات الاعلامية
قرَاء العدد ©2016 م6لاودا 1270,,معجم المصطلحات الاعلامية
(دوريّة),,معجم المصطلحات الاعلامية
عناوأل 60م عل معغصيام مكل ععرعالناج,,معجم المصطلحات الاعلامية
"نسخة, عدد, طبعة :(/ا10م©)15516 1271",,معجم المصطلحات الاعلامية
(متاهوأاطنام )معطاصيم,,معجم المصطلحات الاعلامية
ا ل تت,,معجم المصطلحات الاعلامية
"هقال, موضوع ع1 1272",,معجم المصطلحات الاعلامية
أعزده زعنوأنطنم رعاعلطيج,,معجم المصطلحات الاعلامية
]عببع الحزعاما,,معجم المصطلحات الاعلامية
مُسْكَجُوب تع يرع ابرع ادا,,معجم المصطلحات الاعلامية
( الشخخص الذي يَطرّح الأسعلة ف المقايلق),,معجم المصطلحات الاعلامية
تناع بباع !رع 1,,معجم المصطلحات الاعلامية
تقئيات المقابلة ور أيناء ابحرم ادا,,معجم المصطلحات الاعلامية
كعنال أصاععة,,معجم المصطلحات الاعلامية
لباع الازعنامل'ل كعنو [لرداععا,,معجم المصطلحات الاعلامية
صحافة المسافرين وألع تر اأممقط دا,,معجم المصطلحات الاعلامية
(جرائد وملات قديها شركة النقل للمسافرين عبر,,معجم المصطلحات الاعلامية
طوطها),,معجم المصطلحات الاعلامية
لزمط ن كارع )كه دوألقم,,معجم المصطلحات الاعلامية
تقدرم» إصدار ل ليكلا,,معجم المصطلحات الاعلامية
ضع ممع ع ها بمماعن ماما,,معجم المصطلحات الاعلامية
هديّة الإصدار 0177 بحرم لمارا,,معجم المصطلحات الاعلامية
أمع مععقها عل 0186,,معجم المصطلحات الاعلامية
هرم (ال..)المقلوب لأمرمهيزم لعشرع يار,,معجم المصطلحات الاعلامية
( بع لي تقنية تحرير الأخبارء تصدير المقال يأهم,,معجم المصطلحات الاعلامية
المستحدات),,معجم المصطلحات الاعلامية
6 ا ع0 مو الام,,معجم المصطلحات الاعلامية
تحقيق اناي ييا,,معجم المصطلحات الاعلامية
ماه ولاوع اما زعأقباومهء,,معجم المصطلحات الاعلامية
صحافة التحفيقات ع اناه و اكع بارا,,معجم المصطلحات الاعلامية
00ت مجرعء,,معجم المصطلحات الاعلامية
"ةدع بتر ""ل ع رود ذا مانام",,معجم المصطلحات الاعلامية
قط 7 رانك ةلطتذايدما,,معجم المصطلحات الاعلامية
قلع خلي؛ ومئل خفي وصةألفه عاطلداباما,,معجم المصطلحات الاعلامية
زلييالف,,معجم المصطلحات الاعلامية
عاطتؤايهما لممععة زعاطأوألاما عصنام»,,معجم المصطلحات الاعلامية
فتحة السّجاف عمطمممة ذترا,,معجم المصطلحات الاعلامية
ذال عانفاع/انا0,,معجم المصطلحات الاعلامية
فح دائري مأعتا,,معجم المصطلحات الاعلامية
5 مع عتتاععان00,,معجم المصطلحات الاعلامية
غَلْق دائري أيه عتما,,معجم المصطلحات الاعلامية
5أكأ مع عرناع تررهة],,معجم المصطلحات الاعلامية
صحافة ساخرة كأ اناه[ لإدرمما,,معجم المصطلحات الاعلامية
عنصمل عوزدذأة ماناو,,معجم المصطلحات الاعلامية
1257,,معجم المصطلحات الاعلامية
1258,,معجم المصطلحات الاعلامية
1259,,معجم المصطلحات الاعلامية
1260,,معجم المصطلحات الاعلامية
1261,,معجم المصطلحات الاعلامية
1262,,معجم المصطلحات الاعلامية
1263,,معجم المصطلحات الاعلامية
126,,معجم المصطلحات الاعلامية
126,,معجم المصطلحات الاعلامية
1266,,معجم المصطلحات الاعلامية
10267,,معجم المصطلحات الاعلامية
1268,,معجم المصطلحات الاعلامية
1269,,معجم المصطلحات الاعلامية
710 0,,معجم المصطلحات الاعلامية
2 كن م2 لج 1,,معجم المصطلحات الاعلامية
. 7,,معجم المصطلحات الاعلامية
3 ع 27 2,,معجم المصطلحات الاعلامية
000,,معجم المصطلحات الاعلامية
55,,معجم المصطلحات الاعلامية
مشروع مشترك مادعنا امامل,,معجم المصطلحات الاعلامية
عكلتامع امامل,,معجم المصطلحات الاعلامية
"جريدة, صحيفة, مجلة اقصدمل",,معجم المصطلحات الاعلامية
© يرزعنابع؟ زأهطنمز,,معجم المصطلحات الاعلامية
أسلوب صحفي عد اقنناه[,,معجم المصطلحات الاعلامية
عداو أا15اة ناه[ عالوا5,,معجم المصطلحات الاعلامية
"صحافة, دراسة مدا لمورناه1",,معجم المصطلحات الاعلامية
الصحافة,,معجم المصطلحات الاعلامية
لقم هزع كعلبطة رعدرذأأة نامز,,معجم المصطلحات الاعلامية
صحفي ععترممه: أو المروناول,,معجم المصطلحات الاعلامية
"حدمي""",,معجم المصطلحات الاعلامية
قانون الصحفر أناماك أو أله ددتامز,,معجم المصطلحات الاعلامية
(يييّن وضع الصحفيين القانوي),,معجم المصطلحات الاعلامية
عد قط ناو( عل اناأهاد,,معجم المصطلحات الاعلامية
بطاقة المحم ترمد اامحسياه0ق,,معجم المصطلحات الاعلامية
أعصموتكوع؟0م عنوأل ةلامز عل عايقى,,معجم المصطلحات الاعلامية
حملة صحفية وأ مرق علد أله طتتامل,,معجم المصطلحات الاعلامية
56558 06 3936م لق,,معجم المصطلحات الاعلامية
00,,معجم المصطلحات الاعلامية
ا اد,,معجم المصطلحات الاعلامية
0 ا,,معجم المصطلحات الاعلامية
0000 26 كرمع,,معجم المصطلحات الاعلامية
5 ع,,معجم المصطلحات الاعلامية
1260,,معجم المصطلحات الاعلامية
1201,,معجم المصطلحات الاعلامية
1202,,معجم المصطلحات الاعلامية
163,,معجم المصطلحات الاعلامية
12864,,معجم المصطلحات الاعلامية
1265,,معجم المصطلحات الاعلامية
1266,,معجم المصطلحات الاعلامية
1287,,معجم المصطلحات الاعلامية
55,,معجم المصطلحات الاعلامية
1111,,معجم المصطلحات الاعلامية
1- مقالة حافلة ععرهم لعماعقم نطول,,معجم المصطلحات الاعلامية
بالأحداث,,معجم المصطلحات الاعلامية
عل نزناهط أقلانامز زكاله؟ عل كيه عاءتائة,,معجم المصطلحات الاعلامية
كاأة]؟,,معجم المصطلحات الاعلامية
2- جريدة حافلة,,معجم المصطلحات الاعلامية
بالأحداث,,معجم المصطلحات الاعلامية
محطة تشويش لسسسنن',,معجم المصطلحات الاعلامية
عوةااأن0:ط عل مماعهاد,,معجم المصطلحات الاعلامية
تشويش [“لبالليييت*,,معجم المصطلحات الاعلامية
عوةااأنهئط,,معجم المصطلحات الاعلامية
"لازمة إعلانية, لازمة حلاءينا*",,معجم المصطلحات الاعلامية
إشهارية,,معجم المصطلحات الاعلامية
عرامالءالطنام متققع رع زهااء|اطيام عاوواز,,معجم المصطلحات الاعلامية
إعلانات الوظائف دأة 6 ل3 مل,,معجم المصطلحات الاعلامية
"أمامممع"" عل فا (اطيام",,معجم المصطلحات الاعلامية
إغلان مشترك ومأكلعيل3 امامل,,معجم المصطلحات الاعلامية
(ينقاسم المشاركون فيه تسديد نفقاته),,معجم المصطلحات الاعلامية
5غوقتلدم كأة5 ذ علاتاععاام م أاطيام,,معجم المصطلحات الاعلامية
بيان مشترك حرو ناوواععل +درأ0[,,معجم المصطلحات الاعلامية
عنطصم ممتاهرجء 06,,معجم المصطلحات الاعلامية
1273,,معجم المصطلحات الاعلامية
1274,,معجم المصطلحات الاعلامية
1275,,معجم المصطلحات الاعلامية
1276,,معجم المصطلحات الاعلامية
1277,,معجم المصطلحات الاعلامية
1278,,معجم المصطلحات الاعلامية
1219,,معجم المصطلحات الاعلامية
انقطاع مفاجئ متصتيز 1292,,معجم المصطلحات الاعلامية
أناة5 عناوكنصط رمم مبمرعاما عراوكيتم0,,معجم المصطلحات الاعلامية
قفرة في التصوير أنه غ520 تناكت ميرز 1293,,معجم المصطلحات الاعلامية
5 ع0 #لاوكنائط امع لمع ووقطء,,معجم المصطلحات الاعلامية
إشارة قلب الصفحة ‎١17 متويز 1294,,معجم المصطلحات الاعلامية
(إشارة في صحيفة أو بملّة تيل القارئ على صفحة لاحقة,,معجم المصطلحات الاعلامية
لمتابعة تنمة المقال»,,معجم المصطلحات الاعلامية
"“عورله؟"" عل ومتاص ألما",,معجم المصطلحات الاعلامية
صّدَر أخيرا معطو تاطيام وبق 1295,,معجم المصطلحات الاعلامية
علقمم عل اأمعا,,معجم المصطلحات الاعلامية
اعورامه '5ذااقممن10,,معجم المصطلحات الاعلامية
مجلس الصحفيين» هيئة أأعوبامه 'كطاذأأوصينه3 1288,,معجم المصطلحات الاعلامية
الصحفين,,معجم المصطلحات الاعلامية
(هيئة تدافع في الأساس عن آداب المهنة),,معجم المصطلحات الاعلامية
5ع م020 زوع نأو أأةماناوز قعل أأعومم»,,معجم المصطلحات الاعلامية
00115,,معجم المصطلحات الاعلامية
نقابة الصحفيين لقنن '55 اننامز 1289,,معجم المصطلحات الاعلامية
( تنظيم يدافع في الأساس عن المصالح المادية للصحفيين),,معجم المصطلحات الاعلامية
كعذ !مط لاوز وع0 5950126,,معجم المصطلحات الاعلامية
مَحْصَر الجلسات (15)5:©6 تناه 1290,,معجم المصطلحات الاعلامية
قرعب وغعم)م زكأقطغل 5عل أقطرع/ وغعمرم,,معجم المصطلحات الاعلامية
635 065,,معجم المصطلحات الاعلامية
إيدا ع(ال...) القضائي أأدممع اد ألن3 1291,,معجم المصطلحات الاعلامية
( يقضي بإيئاع نسخ من كل حريدة لدى المحكمة الابتدائية,,معجم المصطلحات الاعلامية
لإطلاع النياية العامة على محتواها),,معجم المصطلحات الاعلامية
عنواءا0ناز أ8مغ0,,معجم المصطلحات الاعلامية
عنوان(ال...) المفتاح بوم,,معجم المصطلحات الاعلامية
(عأطمقعووةاطتط) غهء معنن,,معجم المصطلحات الاعلامية
صحافة الفضائح د أل ةمنامز عام طلرعءا,,معجم المصطلحات الاعلامية
( صحافة لا تراعي الحرمات فتتلمئص على أسرار المشاهير,,معجم المصطلحات الاعلامية
الشخصية وتنشرها إشباعاً لفضول القرام,,معجم المصطلحات الاعلامية
#ناع /ز0لا 0011185006( جغع عدألما عررؤأأة جر انامز,,معجم المصطلحات الاعلامية
كلمة (ال...) المفتاج يعم,,معجم المصطلحات الاعلامية
مء غم,,معجم المصطلحات الاعلامية
"مقال, صورة؛ عنوان ماعلا",,معجم المصطلحات الاعلامية
مثير,,معجم المصطلحات الاعلامية
وهم زعاعلكرة,,معجم المصطلحات الاعلامية
أسقط فقرة (م)ء ومعدهم ح (اننا,,معجم المصطلحات الاعلامية
355806 لبا تعاألادد عرأج؟,,معجم المصطلحات الاعلامية
كشك 11051,,معجم المصطلحات الاعلامية
عناوومل!,,معجم المصطلحات الاعلامية
اقد شرس عع اما,,معجم المصطلحات الاعلامية
“نا صورقط عباوتاله,,معجم المصطلحات الاعلامية
1304,,معجم المصطلحات الاعلامية
1305,,معجم المصطلحات الاعلامية
1306,,معجم المصطلحات الاعلامية
1307,,معجم المصطلحات الاعلامية
1308,,معجم المصطلحات الاعلامية
12309,,معجم المصطلحات الاعلامية
1310,,معجم المصطلحات الاعلامية
كِنّمان خير 02116 8216 درذ مرععء1,,معجم المصطلحات الاعلامية
امع زع 9320,,معجم المصطلحات الاعلامية
مقال احتياطي» برنامج ممعم,,معجم المصطلحات الاعلامية
ااحتياطي,,معجم المصطلحات الاعلامية
علمع65: ع0 علدرةرومام زعبمعومر عل عاملكاج,,معجم المصطلحات الاعلامية
مقرّرء كاتب المكبط 6660105 6( أن “يعررععءا,,معجم المصطلحات الاعلامية
7ع رزاناعانومممر,,معجم المصطلحات الاعلامية
مفتاح» إشارة: 8 ره,,معجم المصطلحات الاعلامية
(الكتاب المصحّح؛ كتاب الأحوبة),,معجم المصطلحات الاعلامية
علمعوة) بأقهدواد :6ك,,معجم المصطلحات الاعلامية
كتاب مرجعي عإممط برعا,,معجم المصطلحات الاعلامية
ععمع ]6 عل عومااله,,معجم المصطلحات الاعلامية
إضاءة رئيسية غطوذا بوعكا,,معجم المصطلحات الاعلامية
أمأعمامم عوقءزواءة,,معجم المصطلحات الاعلامية
صفحة بلا إعلاث عوهم برعا,,معجم المصطلحات الاعلامية
نام 5385 3906م,,معجم المصطلحات الاعلامية
لقطة رئيسة ملاع بوعما,,معجم المصطلحات الاعلامية
عإمماعمامم عناا زعاقم عملم عوهمرا,,معجم المصطلحات الاعلامية
1256,,معجم المصطلحات الاعلامية
1257,,معجم المصطلحات الاعلامية
1298,,معجم المصطلحات الاعلامية
12599,,معجم المصطلحات الاعلامية
1300,,معجم المصطلحات الاعلامية
1301,,معجم المصطلحات الاعلامية
1302,,معجم المصطلحات الاعلامية
1303,,معجم المصطلحات الاعلامية
مقال غير مقبول,,معجم المصطلحات الاعلامية
دراية,,معجم المصطلحات الاعلامية
معرفة(ال...),,معجم المصطلحات الاعلامية
عون ابموما,,معجم المصطلحات الاعلامية
زلاصمه #معاع وا 1311,,معجم المصطلحات الاعلامية
لإمه» لم01 :1ن انا,,معجم المصطلحات الاعلامية
عمو رماناة-200 عأمم,,معجم المصطلحات الاعلامية
لم10 لاوط 1312,,معجم المصطلحات الاعلامية
عمأ]-أملاهه,,معجم المصطلحات الاعلامية
02 13133,,معجم المصطلحات الاعلامية
(..ع1)(أمل/اهد,,معجم المصطلحات الاعلامية
ل ْ,,معجم المصطلحات الاعلامية
ليزر (ال..) وحنييل,,معجم المصطلحات الاعلامية
(أشعة فائقة الت ركيز),,معجم المصطلحات الاعلامية
موا,,معجم المصطلحات الاعلامية
صفحة (ال...) 39 1251,,معجم المصطلحات الاعلامية
الأخيرة,,معجم المصطلحات الاعلامية
وم عغامرع0,,معجم المصطلحات الاعلامية
برنامج(ال...) الأخير (107) أومعماءع عأودا,,معجم المصطلحات الاعلامية
ممم عتمععل,,معجم المصطلحات الاعلامية
طبعة (ال...)الأخيرة «وتائله عدا,,معجم المصطلحات الاعلامية
(تعمرهم ديعم ),,معجم المصطلحات الاعلامية
مواللة عبغاممعل,,معجم المصطلحات الاعلامية
فترة الركود (/ا؟) عورلاوع دا,,معجم المصطلحات الاعلامية
(تكون هذه الفترة بعد منتصف الليل عموماء وفيها,,معجم المصطلحات الاعلامية
ينخفض عدد المتابعين),,معجم المصطلحات الاعلامية
(2311 عغنمة) عأنامءة عدوو0 ع0 عومم1,,معجم المصطلحات الاعلامية
أخباو آخخر ساعة وللات 0 أع دا,,معجم المصطلحات الاعلامية
عأناملم عتغتأمعل عل مالع لمم,,معجم المصطلحات الاعلامية
حملة الإصدار موتقططلق ومتطع ميد,,معجم المصطلحات الاعلامية
أمع 3660| ع0 عتروقم رق,,معجم المصطلحات الاعلامية
حفل الإصدار لاللاعمع» ومتأطعصباد!,,معجم المصطلحات الاعلامية
امع متععوها عل عأحمممة م,,معجم المصطلحات الاعلامية
133,,معجم المصطلحات الاعلامية
1324,,معجم المصطلحات الاعلامية
1325,,معجم المصطلحات الاعلامية
1326,,معجم المصطلحات الاعلامية
1327,,معجم المصطلحات الاعلامية
1328,,معجم المصطلحات الاعلامية
1329,,معجم المصطلحات الاعلامية
1330,,معجم المصطلحات الاعلامية
006,,معجم المصطلحات الاعلامية
اعطقا,,معجم المصطلحات الاعلامية
"علامة تجارية, سمة تجارية",,معجم المصطلحات الاعلامية
3101 رإعجا1,,معجم المصطلحات الاعلامية
عأعوين بدرمخوءرمطجا,,معجم المصطلحات الاعلامية
يري,,معجم المصطلحات الاعلامية
أعمال مير,,معجم المصطلحات الاعلامية
ع أمغهو6ة! عل عناق ناج,,معجم المصطلحات الاعلامية
رم 4ه عأكباد مأعلأت1,,معجم المصطلحات الاعلامية
صوت مزمن صل,,معجم المصطلحات الاعلامية
علمعطع لذ رمه,,معجم المصطلحات الاعلامية
زوم جاردا,,معجم المصطلحات الاعلامية
521,,معجم المصطلحات الاعلامية
لغة لتنا,,معجم المصطلحات الاعلامية
13,,معجم المصطلحات الاعلامية
لاقط صّذري عاتم أعدروا,,معجم المصطلحات الاعلامية
ع أممارهط- معام,,معجم المصطلحات الاعلامية
سقوط حقوق التأليف غذلو أ لامم 06 عومقا,,معجم المصطلحات الاعلامية
( تسقط حقوق التأليف بعد حمسين سنة على وفاة المولف),,معجم المصطلحات الاعلامية
عاونا غ6 أرمممم ماعل ععموف م06,,معجم المصطلحات الاعلامية
انتشار واسع صولأوابعىك عومها,,معجم المصطلحات الاعلامية
( حريدة تطبع وتوزع وتبيع عدداً كبيراً من النسخ),,معجم المصطلحات الاعلامية
عوةا لممو,,معجم المصطلحات الاعلامية
شاشة عريضة عع هد عورها,,معجم المصطلحات الاعلامية
لنتيعت “للياك,,معجم المصطلحات الاعلامية
12314,,معجم المصطلحات الاعلامية
1315,,معجم المصطلحات الاعلامية
1316,,معجم المصطلحات الاعلامية
1317,,معجم المصطلحات الاعلامية
1318,,معجم المصطلحات الاعلامية
1319,,معجم المصطلحات الاعلامية
1200,,معجم المصطلحات الاعلامية
1321,,معجم المصطلحات الاعلامية
1322,,معجم المصطلحات الاعلامية
حقوق النشر باغجلات عططاواء عمتعهوهمر,,معجم المصطلحات الاعلامية
( حقوق إعادة نشر مقال في جحلة بعد أن تم نشره في حريدة),,معجم المصطلحات الاعلامية
5 و5ع! 305ل ووتاعنلمزمع: عل كأزم:ل0,,معجم المصطلحات الاعلامية
اناسع نين,,معجم المصطلحات الاعلامية
ملحق أسبوعي تلع لاع أممناك,,معجم المصطلحات الاعلامية
( ملة تلحق غالبا بعدد لهاية الأسبوع من جريدة يومية),,معجم المصطلحات الاعلامية
78032156 ع6 امصناة,,معجم المصطلحات الاعلامية
فترة (ال..)السخرية منامط عأوهتم,,معجم المصطلحات الاعلامية
( أفضل ساعة للتصوير» وهي فترة الغسق عند الغروب أو,,معجم المصطلحات الاعلامية
الشروق» لأنما تضفي سحراً خاصاً على العتورة),,معجم المصطلحات الاعلامية
(عالاعدنامغىمعطناة) عناولوهه عنام,,معجم المصطلحات الاعلامية
وسائل الإعلام الممقتطة مألعر عتاعموهمم,,معجم المصطلحات الاعلامية
(أسطوانات؛ شرائط» بطائق),,معجم المصطلحات الاعلامية
م68 وقد قلغم,,معجم المصطلحات الاعلامية
شريط مُمقبط عجره تناع روهتم,,معجم المصطلحات الاعلامية
ناو موقم مقطرت زعناوتافصوقم علصوط,,معجم المصطلحات الاعلامية
مَسلك مُمَقتط عاعهعا عتاع تتوقترا,,معجم المصطلحات الاعلامية
عنو 6 و58 عأكام,,معجم المصطلحات الاعلامية
نسخحة بصريّة مُمَققَطةَ أمامم امعتامم وهر,,معجم المصطلحات الاعلامية
عناننامه-مأمصوهمر عاممه,,معجم المصطلحات الاعلامية
1442,,معجم المصطلحات الاعلامية
03خظ1,,معجم المصطلحات الاعلامية
د +,,معجم المصطلحات الاعلامية
1445,,معجم المصطلحات الاعلامية
6446,,معجم المصطلحات الاعلامية
1047,,معجم المصطلحات الاعلامية
1448,,معجم المصطلحات الاعلامية
اع 0 2 0,,معجم المصطلحات الاعلامية
0 2 7 ع 7,,معجم المصطلحات الاعلامية
2 0,,معجم المصطلحات الاعلامية
0 5,,معجم المصطلحات الاعلامية
حجم مكثر 1210000,,معجم المصطلحات الاعلامية
10360,,معجم المصطلحات الاعلامية
صندع خصيصا لاجل.. عه؟ 306لر,,معجم المصطلحات الاعلامية
عع أانءتاءهم وألغم من عنامم غأم1,,معجم المصطلحات الاعلامية
"مجلّة مجلة مصورة, (6مأعدوهم) وقدد",,معجم المصطلحات الاعلامية
ملحق هاية الأسبوع,,معجم المصطلحات الاعلامية
زذؤكناالا عبوألومةم زغذدبائاا عماعهوقمر,,معجم المصطلحات الاعلامية
عطع مق أل نال أمعدمةاممياد,,معجم المصطلحات الاعلامية
شريط مغناطيسي» (عءأعموقتم) وقتر,,معجم المصطلحات الاعلامية
بطاقة مغناطيسية»,,معجم المصطلحات الاعلامية
أسطوانة مغناطيسية,,معجم المصطلحات الاعلامية
زعناون06و283 عغأرق زعروتاغ دوقم عتاعودم,,معجم المصطلحات الاعلامية
76و53 عناوكال,,معجم المصطلحات الاعلامية
غلاف مجلّة معيامه 6ج أ2 50303,,معجم المصطلحات الاعلامية
6 عل ع تنلاع انام,,معجم المصطلحات الاعلامية
مجلة البرام 111,,معجم المصطلحات الاعلامية
3 2 ألم ) عدتترةومام,,معجم المصطلحات الاعلامية
إفنا,,معجم المصطلحات الاعلامية
(إذاعة» تلفرة),,معجم المصطلحات الاعلامية
78210 عممة:ومم,,معجم المصطلحات الاعلامية
200,,معجم المصطلحات الاعلامية
1436,,معجم المصطلحات الاعلامية
1017,,معجم المصطلحات الاعلامية
1438,,معجم المصطلحات الاعلامية
1439,,معجم المصطلحات الاعلامية
1440,,معجم المصطلحات الاعلامية
144,,معجم المصطلحات الاعلامية
أععا5 علا ذه طهر,,معجم المصطلحات الاعلامية
وسائل الإعلام الكيرى ه0310,,معجم المصطلحات الاعلامية
(في الصحافة والإذاعة والتلفزة والسينما والإعلان),,معجم المصطلحات الاعلامية
",/ا1 رمللق رعددعفم) كقألغ م كلمةو",,معجم المصطلحات الاعلامية
(عوقطاء )8 رقصفغو,,معجم المصطلحات الاعلامية
كبار المنعجين» كبار (عمه) كمه زقدم,,معجم المصطلحات الاعلامية
الموزّعين,,معجم المصطلحات الاعلامية
(ثي مال الأفلام السينمائية),,معجم المصطلحات الاعلامية
5الاعأنا0 أ أ5أل 91805 زكىاناعاءنال0!م 9188505,,معجم المصطلحات الاعلامية
علامة لمسقعط رعلهتم,,معجم المصطلحات الاعلامية
تمي,,معجم المصطلحات الاعلامية
لمسات (الى...)الأخيرة لالهعء علقتم,,معجم المصطلحات الاعلامية
(قبيل الطبع),,معجم المصطلحات الاعلامية
89 اوباج ماصع ممع أكبازة ورعاممعل0,,معجم المصطلحات الاعلامية
استدراك جا لكين “يلين,,معجم المصطلحات الاعلامية
(إعلان يعاد إدراحه بانحان بعد وقوع أخطاء في الإصدار,,معجم المصطلحات الاعلامية
الأول),,معجم المصطلحات الاعلامية
أع لاع ]الأ 018 كمع لممصمة'ل ملع دودمم,,معجم المصطلحات الاعلامية
؟لاع؟ »© 85 1م23,,معجم المصطلحات الاعلامية
نسيخة معدّلة تع ران -ع 131,,معجم المصطلحات الاعلامية
(منقّحة لأحل الطبعة القادمة),,معجم المصطلحات الاعلامية
تعض ةلاأناك ممأعغللة'| ررامم ع ااعلايامم عأمم,,معجم المصطلحات الاعلامية
"عام ةلاايك مماللة""! عننهم ع6أمومع عامم",,معجم المصطلحات الاعلامية
تزويق» إخراج صحفي مراع لقص,,معجم المصطلحات الاعلامية
36م حع عكلرم زعوقالأنانقمم,,معجم المصطلحات الاعلامية
مخرج مأل وباعع لمجم,,معجم المصطلحات الاعلامية
إصمحافة),,معجم المصطلحات الاعلامية
فت “عل,,معجم المصطلحات الاعلامية
إخراج منا- وص اهدر,,معجم المصطلحات الاعلامية
(صحافة),,معجم المصطلحات الاعلامية
عم لع عذامر,,معجم المصطلحات الاعلامية
نيّةَ خبيثة أضعاما دنمك الهدمر,,معجم المصطلحات الاعلامية
. عذناع لط 1اغ0 ممتامعاما,,معجم المصطلحات الاعلامية
رجل الشارع أعع اك ع1 جره تقر,,معجم المصطلحات الاعلامية
ا )عنم قا عل عمط,,معجم المصطلحات الاعلامية
1461,,معجم المصطلحات الاعلامية
1462,,معجم المصطلحات الاعلامية
140603,,معجم المصطلحات الاعلامية
146,,معجم المصطلحات الاعلامية
1465,,معجم المصطلحات الاعلامية
1466,,معجم المصطلحات الاعلامية
067ظ1,,معجم المصطلحات الاعلامية
1468,,معجم المصطلحات الاعلامية
1469,,معجم المصطلحات الاعلامية
70ط14,,معجم المصطلحات الاعلامية
1471,,معجم المصطلحات الاعلامية
ععلقع عأموقمط,,معجم المصطلحات الاعلامية
تسرب عام أععلاه عأروقدم,,معجم المصطلحات الاعلامية
(تسرب أبار مكتومة إلى الصحافة),,معجم المصطلحات الاعلامية
ع6ذ ألم رمغ ومأأهطدم؟ما 0 عاأن؟,,معجم المصطلحات الاعلامية
مجلة نصفيّة امكو قر,,معجم المصطلحات الاعلامية
(محلة ذات قَطْم نصفي» تولي عداية عحاصّة بنشر صور,,معجم المصطلحات الاعلامية
الشخصيات المشهورة وأخبارها الحميمة وأسرارها الحفيّ,,معجم المصطلحات الاعلامية
لأوأطقا-6 51303210,,معجم المصطلحات الاعلامية
بريد للجندا,,معجم المصطلحات الاعلامية
1ع1نا60,,معجم المصطلحات الاعلامية
طَلْب بالبريد مع تعره القصر,,معجم المصطلحات الاعلامية
مم06 عقم عل طق مام,,معجم المصطلحات الاعلامية
نشرة بيع بالبريد عله اتهد,,معجم المصطلحات الاعلامية
8 ممق تأطنم,,معجم المصطلحات الاعلامية
05003 أقم عنافمع/ا موأعاق (أطيام,,معجم المصطلحات الاعلامية
بريديّة وتللليلنن,,معجم المصطلحات الاعلامية
(دليل أو مطوية عبر البريد),,معجم المصطلحات الاعلامية
أمقلأامغ0 زعاهمم مهم عن بزمبلوع عمباطعمرة,,معجم المصطلحات الاعلامية
56 34م ملإملالاع,,معجم المصطلحات الاعلامية
إعلان بالبريد “يللين,,معجم المصطلحات الاعلامية
عومادمم |أأطنام,,معجم المصطلحات الاعلامية
بطاقمّة (لائحة غ15 وستلتقدم,,معجم المصطلحات الاعلامية
عداوين)؛ لائحة التوزيع,,معجم المصطلحات الاعلامية
عاذذا بوعووعمله'ل بعلطعة روعدوعرلق'ل عؤوزا,,معجم المصطلحات الاعلامية
لراساة نيلك تك,,معجم المصطلحات الاعلامية
علكممم غذوذا! وس انهل,,معجم المصطلحات الاعلامية
مواصفات المرسل إليهم,,معجم المصطلحات الاعلامية
عوةكمماأطنام ييل دع ذأه هصتادعل كعل اأكميم,,معجم المصطلحات الاعلامية
لقطة رئيسة (عرء) عمد متقمم,,معجم المصطلحات الاعلامية
أقمعمقم حهام,,معجم المصطلحات الاعلامية
عنوان الصّدارة عأان متقدن,,معجم المصطلحات الاعلامية
(العنوان الأول الذي يتصدّر الأخبار),,معجم المصطلحات الاعلامية
اعمعوالام معنا,,معجم المصطلحات الاعلامية
فريق الصّيانة معن عم ممع اط امدر,,معجم المصطلحات الاعلامية
مع عع امع 'ل عمانوة,,معجم المصطلحات الاعلامية
1449,,معجم المصطلحات الاعلامية
1450,,معجم المصطلحات الاعلامية
1451,,معجم المصطلحات الاعلامية
1452,,معجم المصطلحات الاعلامية
1453,,معجم المصطلحات الاعلامية
145,,معجم المصطلحات الاعلامية
1455,,معجم المصطلحات الاعلامية
1456,,معجم المصطلحات الاعلامية
157,,معجم المصطلحات الاعلامية
14588,,معجم المصطلحات الاعلامية
1459,,معجم المصطلحات الاعلامية
00ظ1,,معجم المصطلحات الاعلامية
لمدعطاعماء1,,معجم المصطلحات الاعلامية
سؤال مُغرض ممتأععبين ووألدء1,,معجم المصطلحات الاعلامية
©5ن0035ع] وملاوع ناو,,معجم المصطلحات الاعلامية
منشور م1,,معجم المصطلحات الاعلامية
(ج. منشورات),,معجم المصطلحات الاعلامية
أمق8 رعاورواون عاازيع],,معجم المصطلحات الاعلامية
تسرأب عأهه1,,معجم المصطلحات الاعلامية
عاأن؟,,معجم المصطلحات الاعلامية
صحافة علمية أقصسسامز لعوموه1ا,,معجم المصطلحات الاعلامية
53/3 ملاوع أأطنام,,معجم المصطلحات الاعلامية
محاضرة (..ة)عرداعع1,,معجم المصطلحات الاعلامية
لعمو)ععمع 6 ممه,,معجم المصطلحات الاعلامية
صفحةزال...) البسرى 6ه للرقط ع1,,معجم المصطلحات الاعلامية
عطعناة0 06 8396م,,معجم المصطلحات الاعلامية
مُخير صحفي مق وما,,معجم المصطلحات الاعلامية
( شخص كلفته الصحيفة جمع المعلومات والمعطيات حول,,معجم المصطلحات الاعلامية
واقعة أو حدث),,معجم المصطلحات الاعلامية
كمعل/األ كاز8] ع0 ععارومع:,,معجم المصطلحات الاعلامية
إبداع زال...)القانوي بأأعممعل أوهوء!,,معجم المصطلحات الاعلامية
لم00,,معجم المصطلحات الاعلامية
(هر إيداع عدد معين من النسخ عند كل إصدار: كتب»,,معجم المصطلحات الاعلامية
صحف» بطائق بريدية» أسطوانات... لدى المكنية الوطنية),,معجم المصطلحات الاعلامية
أدوةا غ6م06,,معجم المصطلحات الاعلامية
إعلانات قانونيّة د5ع20 أووه!,,معجم المصطلحات الاعلامية
65 5ع33006,,معجم المصطلحات الاعلامية
إعلانات حكوميّة عع 5083 ادوع!,,معجم المصطلحات الاعلامية
5 لاع ماع /الام0ن 2110065,,معجم المصطلحات الاعلامية
مفتاح (ال-..) منينحنا,,معجم المصطلحات الاعلامية
عل معنم,,معجم المصطلحات الاعلامية
ركن الهوايات عددنا موبرواءا,,معجم المصطلحات الاعلامية
وملوله! عنواوطنم,,معجم المصطلحات الاعلامية
طول طتودعةا,,معجم المصطلحات الاعلامية
"عووطاة"" ررعنووها",,معجم المصطلحات الاعلامية
عَدسة قمعا,,معجم المصطلحات الاعلامية
؟تاععزمه رع أانامعا,,معجم المصطلحات الاعلامية
1344,,معجم المصطلحات الاعلامية
1345,,معجم المصطلحات الاعلامية
1356,,معجم المصطلحات الاعلامية
1317,,معجم المصطلحات الاعلامية
1348,,معجم المصطلحات الاعلامية
1349,,معجم المصطلحات الاعلامية
1250,,معجم المصطلحات الاعلامية
1351,,معجم المصطلحات الاعلامية
1352,,معجم المصطلحات الاعلامية
1353,,معجم المصطلحات الاعلامية
1358,,معجم المصطلحات الاعلامية
1355,,معجم المصطلحات الاعلامية
1356,,معجم المصطلحات الاعلامية
1357,,معجم المصطلحات الاعلامية
قانون يبنل,,معجم المصطلحات الاعلامية
أخصع جرعاوم رزها,,معجم المصطلحات الاعلامية
أخبار قضائية +رمروعم يعدا,,معجم المصطلحات الاعلامية
(0155ت بعمهم دويعم),,معجم المصطلحات الاعلامية
عمأقاء1ل0نز عنا وتوم,,معجم المصطلحات الاعلامية
إخراج مبا-عا512 مزجا,,معجم المصطلحات الاعلامية
(صفحات الجريدة),,معجم المصطلحات الاعلامية
05م دع عذألر,,معجم المصطلحات الاعلامية
مخرج أدتامة أراملزج1,,معجم المصطلحات الاعلامية
(صفحات الخجريدة),,معجم المصطلحات الاعلامية
تكو تن “تلك,,معجم المصطلحات الاعلامية
مصمم مخرج صقم أناملاق],,معجم المصطلحات الاعلامية
(صفحات الخريدة),,معجم المصطلحات الاعلامية
7306 : الاعاةر |0655,,معجم المصطلحات الاعلامية
استهلاك؛ مقال مم1,,معجم المصطلحات الاعلامية
افتتاحي,,معجم المصطلحات الاعلامية
؟نلوز نل اأمعمعمقلة راعممه'ل عاعلغرة,,معجم المصطلحات الاعلامية
دور زال... الأول (598عمك) عمنءة مدعا,,معجم المصطلحات الاعلامية
ممثل (ال... الأول,,معجم المصطلحات الاعلامية
عام معتمعمم,,معجم المصطلحات الاعلامية
عنوان الصدارة عم اللدعط مهما,,معجم المصطلحات الاعلامية
(عنوان رئيسي عريض يتصدّر الصفحة من حريدة أو يحل,,معجم المصطلحات الاعلامية
(عا)ععانا مهو,,معجم المصطلحات الاعلامية
مقال الصّدارة رمه لدعا,,معجم المصطلحات الاعلامية
(معم هدرد بيع م),,معجم المصطلحات الاعلامية
ماةغ عل عامج,,معجم المصطلحات الاعلامية
أجل التسليم عطرا لدها,,معجم المصطلحات الاعلامية
ممذلة اا عل أداغل رعالابعه مع عدام عل أوا06,,معجم المصطلحات الاعلامية
بطل (ال...) معووه!],,معجم المصطلحات الاعلامية
( كناية عن الممثّل الذي يقوم بالدور الأول» دور البطولة),,معجم المصطلحات الاعلامية
ععك زرعلمعا,,معجم المصطلحات الاعلامية
مدخل ملعمدع1,,معجم المصطلحات الاعلامية
عفتااءع,,معجم المصطلحات الاعلامية
مقال (ال. ..) الافستاحي عاعتانة ودأالدعا,,معجم المصطلحات الاعلامية
كنا لصم عل عأاعلامج,,معجم المصطلحات الاعلامية
لين,,معجم المصطلحات الاعلامية
1331,,معجم المصطلحات الاعلامية
12332,,معجم المصطلحات الاعلامية
1233,,معجم المصطلحات الاعلامية
1334,,معجم المصطلحات الاعلامية
1335,,معجم المصطلحات الاعلامية
1336,,معجم المصطلحات الاعلامية
1337,,معجم المصطلحات الاعلامية
133,,معجم المصطلحات الاعلامية
1339,,معجم المصطلحات الاعلامية
12130,,معجم المصطلحات الاعلامية
1341,,معجم المصطلحات الاعلامية
1342,,معجم المصطلحات الاعلامية
1313,,معجم المصطلحات الاعلامية
نا,,معجم المصطلحات الاعلامية
ملم التقويم عامعد ميل 1ا,,معجم المصطلحات الاعلامية
(ف عملّة لسر,,معجم المصطلحات الاعلامية
(عوقلصمى)دمتاةاءة ممع 'ل عالعمة,,معجم المصطلحات الاعلامية
أساليب العيش عابحاعه؟ !ا,,معجم المصطلحات الاعلامية
(برنامج أو ركن بع بعادات امتمع وتقاليده من ليل,,معجم المصطلحات الاعلامية
وطبخ وزيتة ال,,معجم المصطلحات الاعلامية
(علاضقءوممم - عنوسطتلم)عايا عل دعألااد,,معجم المصطلحات الاعلامية
جهاز الإنارة» ضوء غناوذا,,معجم المصطلحات الاعلامية
عؤاممنا بعوةأداءة'ل العرهممة,,معجم المصطلحات الاعلامية
عَرْض الموت والضرء للاواء لتنامع لمج غطواا,,معجم المصطلحات الاعلامية
عمف امنا غء جمد عاعوععم5,,معجم المصطلحات الاعلامية
إضاءة وصقطونا,,معجم المصطلحات الاعلامية
عوهءأواءة,,معجم المصطلحات الاعلامية
تمندر (متا عط مط أطوتاعددزلا,,معجم المصطلحات الاعلامية
عع لع مه عا,,معجم المصطلحات الاعلامية
طبعة محدودة (التسخ) «وتاتل» لعاتصولا,,معجم المصطلحات الاعلامية
الما مومع ة ممكألة,,معجم المصطلحات الاعلامية
حقوق محدودة عططوا”: لعطأاصنا,,معجم المصطلحات الاعلامية
غطوثياممه),,معجم المصطلحات الاعلامية
( حقوق تأليف مصورة في بلد معيّن أو في مال محدّد),,معجم المصطلحات الاعلامية
سيك,,معجم المصطلحات الاعلامية
خط إنتاج (معباممرم) عصنا,,معجم المصطلحات الاعلامية
عأعلكرة رعمولا بعمررقو,,معجم المصطلحات الاعلامية
مُجهر سلكي زمره امه عام عستا,,معجم المصطلحات الاعلامية
12 مع أت روطام ناد,,معجم المصطلحات الاعلامية
اق ة عممطم معام,,معجم المصطلحات الاعلامية
أجر سطري عووةه دنا,,معجم المصطلحات الاعلامية
عودضوذا,,معجم المصطلحات الاعلامية
تنسيق الجريدة الْتلمَزة وبع دنا,,معجم المصطلحات الاعلامية
( تقسيم الحريدة إلى محاور وترتيب موادها وتنسيق,,معجم المصطلحات الاعلامية
التدحملات الم),,معجم المصطلحات الاعلامية
/ا1 أقمعناهز نال كعمغداء دعل غمعمعوصمرمج,,معجم المصطلحات الاعلامية
محطّة ريط الإرسال عع أمرعصقط علدنا,,معجم المصطلحات الاعلامية
5أ اع - اع اع وزغ,,معجم المصطلحات الاعلامية
13/0,,معجم المصطلحات الاعلامية
1371,,معجم المصطلحات الاعلامية
132,,معجم المصطلحات الاعلامية
12/3,,معجم المصطلحات الاعلامية
134,,معجم المصطلحات الاعلامية
1375,,معجم المصطلحات الاعلامية
13/6,,معجم المصطلحات الاعلامية
1377,,معجم المصطلحات الاعلامية
13/8,,معجم المصطلحات الاعلامية
13279,,معجم المصطلحات الاعلامية
1260,,معجم المصطلحات الاعلامية
1361,,معجم المصطلحات الاعلامية
1362,,معجم المصطلحات الاعلامية
لدع عع,,معجم المصطلحات الاعلامية
عنوان الصّدارة مه طرعطاء 1,,معجم المصطلحات الاعلامية
يك,,معجم المصطلحات الاعلامية
ولع الحروف ومتعءا,,معجم المصطلحات الاعلامية
ممعم كمال ممأومممة,,معجم المصطلحات الاعلامية
بريد القرَاء «مطثلع عط مغ ممه 1,,معجم المصطلحات الاعلامية
5الاعاعه| جعل عع الام,,معجم المصطلحات الاعلامية
مستوى اعيع1,,معجم المصطلحات الاعلامية
نادع ام,,معجم المصطلحات الاعلامية
مسؤولية(ال...)» بطناأطهذا,,معجم المصطلحات الاعلامية
مخاطر المهتة,,معجم المصطلحات الاعلامية
( المسؤولية الي قد يتعرض لها المرء بسيب قيامه بواحبات,,معجم المصطلحات الاعلامية
الهنة),,معجم المصطلحات الاعلامية
لال ععلاودة زععناةم نال غاتانطدكرمموع,,معجم المصطلحات الاعلامية
ع6,,معجم المصطلحات الاعلامية
كدف عمطلا,,معجم المصطلحات الاعلامية
اكات اتناك,,معجم المصطلحات الاعلامية
مملعة اأعطنا,,معجم المصطلحات الاعلامية
م380 طرق ]أل عع وغعممم,,معجم المصطلحات الاعلامية
بمقرط نا,,معجم المصطلحات الاعلامية
عناوغ طاه اطاط,,معجم المصطلحات الاعلامية
طبعة مجلدة مملطتله بدرورطلا,,معجم المصطلحات الاعلامية
(طبعة بغلاف ممَوّى» نخاصّة بالمكتبات العامة توضع في,,معجم المصطلحات الاعلامية
متناول القراء),,معجم المصطلحات الاعلامية
عناوغ طاو ناطلط مملالة,,معجم المصطلحات الاعلامية
هوسيقى مسجلة عأكتام لمقرطلا,,معجم المصطلحات الاعلامية
هوسيقا جاهزة,,معجم المصطلحات الاعلامية
6لا كنات ز6ث6 نادأوعررع-ة زم عناوأكنلام,,معجم المصطلحات الاعلامية
5ع لالط0'810,,معجم المصطلحات الاعلامية
إجازة ععدرع 110,,معجم المصطلحات الاعلامية
5أطمعم زععمععلا,,معجم المصطلحات الاعلامية
وسم عه موعن 1,,معجم المصطلحات الاعلامية
( ضريبة تستخصلصها الدولة في بعض البلدان من مالكي,,معجم المصطلحات الاعلامية
أحهزة التلفاز),,معجم المصطلحات الاعلامية
ععوباء لع 1,,معجم المصطلحات الاعلامية
1358,,معجم المصطلحات الاعلامية
1359,,معجم المصطلحات الاعلامية
1360,,معجم المصطلحات الاعلامية
1361,,معجم المصطلحات الاعلامية
1362,,معجم المصطلحات الاعلامية
1363,,معجم المصطلحات الاعلامية
1364,,معجم المصطلحات الاعلامية
1365,,معجم المصطلحات الاعلامية
136,,معجم المصطلحات الاعلامية
1367,,معجم المصطلحات الاعلامية
1368,,معجم المصطلحات الاعلامية
1369,,معجم المصطلحات الاعلامية
#معع مال مواخهعهما,,معجم المصطلحات الاعلامية
نقل مباشر,,معجم المصطلحات الاعلامية
صوت مباشر,,معجم المصطلحات الاعلامية
تصوير مباشر,,معجم المصطلحات الاعلامية
تقل مباشر,,معجم المصطلحات الاعلامية
دائرة الضغط (لوبي»,,معجم المصطلحات الاعلامية
طبعة إقليمية,,معجم المصطلحات الاعلامية
أخبار محليّة,,معجم المصطلحات الاعلامية
صحيفة إقليمية,,معجم المصطلحات الاعلامية
موده لامن عيزا,,معجم المصطلحات الاعلامية
أععمال قع عومانممع,,معجم المصطلحات الاعلامية
حزال ليك خيلا,,معجم المصطلحات الاعلامية
عع أل غمعممع كأ وعتمع,,معجم المصطلحات الاعلامية
وحأمهطء عي,,معجم المصطلحات الاعلامية
أعع17أ0 مع دعبالا عل عولرم,,معجم المصطلحات الاعلامية
نامك عرزا,,معجم المصطلحات الاعلامية
امع أل مع 5م50,,معجم المصطلحات الاعلامية
مهكد ركمو عرزا,,معجم المصطلحات الاعلامية
امع أل ع موأككأم ركمو,,معجم المصطلحات الاعلامية
تإططه1,,معجم المصطلحات الاعلامية
ألقط زععطحمع عمق,,معجم المصطلحات الاعلامية
ودأتإططوز,,معجم المصطلحات الاعلامية
ممأووع/م عل ععبوتملعع,,معجم المصطلحات الاعلامية
عاومة أقعن!ا,,معجم المصطلحات الاعلامية
اهعها غةمغاما,,معجم المصطلحات الاعلامية
(/ا01) اعصصمط امعه1ا,,معجم المصطلحات الاعلامية
عاأقعه| عمتهطه,,معجم المصطلحات الاعلامية
أمعل رمعم درم أهعو1,,معجم المصطلحات الاعلامية
أقعه! غجرة170ممذع رم,,معجم المصطلحات الاعلامية
عنوذا اهعون(,,معجم المصطلحات الاعلامية
عاقعما قم أل 6,,معجم المصطلحات الاعلامية
ميتيلل لايل,,معجم المصطلحات الاعلامية
وعأقع0| عمم اهماما,,معجم المصطلحات الاعلامية
«عجرقم اهعه1,,معجم المصطلحات الاعلامية
أدعه| أهوعناهز زأهموأومء اهنمز,,معجم المصطلحات الاعلامية
برنامج حلي,,معجم المصطلحات الاعلامية
ملحق محلي,,معجم المصطلحات الاعلامية
محليّاتوال...),,معجم المصطلحات الاعلامية
عسصرزودوممم اععها,,معجم المصطلحات الاعلامية
أوعه| عملرقروممم,,معجم المصطلحات الاعلامية
خنع دمع أممبياك اهعن1!,,معجم المصطلحات الاعلامية
أهعه! أمعمفامصناك,,معجم المصطلحات الاعلامية
كاهع10,,معجم المصطلحات الاعلامية
5عاقعه| كعبةرط,,معجم المصطلحات الاعلامية
123938,,معجم المصطلحات الاعلامية
59ظ1,,معجم المصطلحات الاعلامية
100,,معجم المصطلحات الاعلامية
1401,,معجم المصطلحات الاعلامية
1402,,معجم المصطلحات الاعلامية
1403,,معجم المصطلحات الاعلامية
1404,,معجم المصطلحات الاعلامية
1405,,معجم المصطلحات الاعلامية
106,,معجم المصطلحات الاعلامية
1007,,معجم المصطلحات الاعلامية
1408,,معجم المصطلحات الاعلامية
1409,,معجم المصطلحات الاعلامية
110,,معجم المصطلحات الاعلامية
1411,,معجم المصطلحات الاعلامية
112,,معجم المصطلحات الاعلامية
1013,,معجم المصطلحات الاعلامية
رمم مكاحم اعم بهمنا) اعطبومةا,,معجم المصطلحات الاعلامية
لرعلنا نا ذلا,,معجم المصطلحات الاعلامية
(00 تمدام ناعم لزكم 1ل),,معجم المصطلحات الاعلامية
(مطابقة حركة الشفاه مع الصرت ف فلم),,معجم المصطلحات الاعلامية
دعبلاغا دعل رع رع الهم بال رماغ وواضمططع ولاك,,معجم المصطلحات الاعلامية
لائحة؛ دليل غأ5ذا,,معجم المصطلحات الاعلامية
ع5ا! بعبوماهاة,,معجم المصطلحات الاعلامية
قائمة همراجع 5ع عه ]0 أذ5أأ,,معجم المصطلحات الاعلامية
كع ناوتطم هوهو لاطت وععمع6ة)6ة:,,معجم المصطلحات الاعلامية
مستمع (/10 8 مثلدم) رعمعئؤو زا,,معجم المصطلحات الاعلامية
(في الإذاعة والتلفزة),,معجم المصطلحات الاعلامية
#ناع 1لناة,,معجم المصطلحات الاعلامية
عادات الاستماع كاتطقط ووتمعند]ز],,معجم المصطلحات الاعلامية
عأنامعة'ل دعل اطهط,,معجم المصطلحات الاعلامية
لقطة استماع تأمطه وصامع عدا,,معجم المصطلحات الاعلامية
غ510 بادبياهانات,,معجم المصطلحات الاعلامية
( لقطة لشخيص يظهر على الشاشة وهو في وضع الاستماع),,معجم المصطلحات الاعلامية
عانامءة دع عوقصصمئ2عم عل رنقام,,معجم المصطلحات الاعلامية
ولت الاستماع 6 وستاحصه دزا,,معجم المصطلحات الاعلامية
عألامءغ'0 وممرعة,,معجم المصطلحات الاعلامية
محو الأمية مم1,,معجم المصطلحات الاعلامية
وغ هولة مو طاماة,,معجم المصطلحات الاعلامية
ركن الأدب ونام بورهرهعط ]ا,,معجم المصطلحات الاعلامية
عأأواعغا! عولنطبه بعرتمرؤغازا عنوتومجطء,,معجم المصطلحات الاعلامية
تقدوال...) الأدبي ترد لالت بموعم 1,,معجم المصطلحات الاعلامية
(..قال)عء ادغ ةا عنوتااكن,,معجم المصطلحات الاعلامية
برنامج أدي 0 ره ا,,معجم المصطلحات الاعلامية
عذأه رما عممسهموممم,,معجم المصطلحات الاعلامية
طامعممم بمرهرهط ا,,معجم المصطلحات الاعلامية
عنأهغماا ممم,,معجم المصطلحات الاعلامية
ع«مبطوعع ]ا,,معجم المصطلحات الاعلامية
ملكية أدبية,,معجم المصطلحات الاعلامية
"مطبوعات, أدييّات",,معجم المصطلحات الاعلامية
عمبطمم ةا بكم مصلا,,معجم المصطلحات الاعلامية
مباشر حينا,,معجم المصطلحات الاعلامية
أعع نال مع )ةن ذاوينة3,,معجم المصطلحات الاعلامية
برنامج عباشر أكم ل ممعط عرزا,,معجم المصطلحات الاعلامية
أععزأل مع ومأكواحوة,,معجم المصطلحات الاعلامية
1363,,معجم المصطلحات الاعلامية
1384,,معجم المصطلحات الاعلامية
1385,,معجم المصطلحات الاعلامية
1386,,معجم المصطلحات الاعلامية
1367,,معجم المصطلحات الاعلامية
1388,,معجم المصطلحات الاعلامية
13089,,معجم المصطلحات الاعلامية
1350,,معجم المصطلحات الاعلامية
1351,,معجم المصطلحات الاعلامية
1352,,معجم المصطلحات الاعلامية
123033,,معجم المصطلحات الاعلامية
12354,,معجم المصطلحات الاعلامية
1355,,معجم المصطلحات الاعلامية
1396,,معجم المصطلحات الاعلامية
1357,,معجم المصطلحات الاعلامية
بصوت خافت نكن,,معجم المصطلحات الاعلامية
(..ق)ع:ووةط «أم/ا,,معجم المصطلحات الاعلامية
لقطة سفلية 15 زولا زع اوموة-ييزه1,,معجم المصطلحات الاعلامية
0 للع ايا ملت,,معجم المصطلحات الاعلامية
(تصوير من تحت إلى فوق»,,معجم المصطلحات الاعلامية
16م عمم مع عراز عل عدارم,,معجم المصطلحات الاعلامية
عَفتَ (0)رعيين1,,معجم المصطلحات الاعلامية
ععدواوط,,معجم المصطلحات الاعلامية
صورة مُعْتِمّة ععنطعام برععا-ييرن1,,معجم المصطلحات الاعلامية
عرطحرهم؟5 عوقما,,معجم المصطلحات الاعلامية
م1 الصترة عدامه- يو[,,معجم المصطلحات الاعلامية
هكبّر الموت,,معجم المصطلحات الاعلامية
(حهاز لتكبير الصوت الخافت),,معجم المصطلحات الاعلامية
نم عل باعاوء ]ا أإمصة,,معجم المصطلحات الاعلامية
معان لجأأع20 ناا,,معجم المصطلحات الاعلامية
(نسبة لَمَعَانَ الضوء في شاشة العرض أو مشهد يراد,,معجم المصطلحات الاعلامية
تصويره),,معجم المصطلحات الاعلامية
دهمت مانا,,معجم المصطلحات الاعلامية
طبعة فاخرة دوتاأل» بونمدينا,,معجم المصطلحات الاعلامية
عيماا ع0 صملأ60,,معجم المصطلحات الاعلامية
"إعلان كاذب, إشهار ودتدتارة20 ومالز",,معجم المصطلحات الاعلامية
كاذب,,معجم المصطلحات الاعلامية
مغ وممدقعم مال أأطيام,,معجم المصطلحات الاعلامية
كلمات لحان,,معجم المصطلحات الاعلامية
(أغنية),,معجم المصطلحات الاعلامية
(مودمقط) د5عامعهم,,معجم المصطلحات الاعلامية
1427,,معجم المصطلحات الاعلامية
1428,,معجم المصطلحات الاعلامية
142,,معجم المصطلحات الاعلامية
1030,,معجم المصطلحات الاعلامية
1431,,معجم المصطلحات الاعلامية
1032,,معجم المصطلحات الاعلامية
1433,,معجم المصطلحات الاعلامية
1434,,معجم المصطلحات الاعلامية
1435,,معجم المصطلحات الاعلامية
مَوْقع التصوير الخارجي ممتكهعها,,معجم المصطلحات الاعلامية
(موْقع للتصوير حارج الاستودير),,معجم المصطلحات الاعلامية
ونع ممع ناعنًا بعلم نيه امع ممع قأممع,,معجم المصطلحات الاعلامية
مدير التصوير الخارجي «واعع نأل مماءهعن1,,معجم المصطلحات الاعلامية
عناع تم امع ' ل ععدترم دعل اراعأهواهة:,,معجم المصطلحات الاعلامية
تصوير خارجي وستاموطاة ورملاهعه!,,معجم المصطلحات الاعلامية
لاع 06ق انام زنناع 6 مع كعبالا عل عدايم,,معجم المصطلحات الاعلامية
لاع 61,,معجم المصطلحات الاعلامية
في مَوقِع التصوير رصه)ممعهعن],,معجم المصطلحات الاعلامية
(مع) لمعه,,معجم المصطلحات الاعلامية
قائمة المشاهد المصورة اموط- و1,,معجم المصطلحات الاعلامية
(سينماء تلفزة)»,,معجم المصطلحات الاعلامية
برنامج(في الإذاعة),,معجم المصطلحات الاعلامية
عاذذا ز(قصفمك) معغصنام وعؤؤعه عل عأاو1|,,معجم المصطلحات الاعلامية
(8010) لم6 أ5دتلماة عصل'ق تامعاممه 0ل,,معجم المصطلحات الاعلامية
شعار دوه,,معجم المصطلحات الاعلامية
موم! زعمباموها,,معجم المصطلحات الاعلامية
غَدّسة عميقة البؤرة كدعا دنمه؟ وها,,معجم المصطلحات الاعلامية
عاقعم الاعناومها عللرهرو ذ ]ناع6ز00,,معجم المصطلحات الاعلامية
"لقطة شاملة, لقطة هله وخره1",,معجم المصطلحات الاعلامية
إجمالية,,معجم المصطلحات الاعلامية
عأمصمعدمع 'ل صقام زاففومعو مهام,,معجم المصطلحات الاعلامية
تعريض طويل ماما وتره1,,معجم المصطلحات الاعلامية
( تعريض شريط فوتوغرائي للضوء لمدة طويلة),,معجم المصطلحات الاعلامية
عناومه| ع5مم,,معجم المصطلحات الاعلامية
موجة(ال. ..)الطويلة ناوي وحره1,,معجم المصطلحات الاعلامية
عناومم| 0006,,معجم المصطلحات الاعلامية
اشتراك مُديد تموع- ودره1,,معجم المصطلحات الاعلامية
تمت عءعطناء,,معجم المصطلحات الاعلامية
(طويل المدّة),,معجم المصطلحات الاعلامية
عطلمعة ومما م غمعصمعصممطة,,معجم المصطلحات الاعلامية
بنصوات جهير نفلل,,معجم المصطلحات الاعلامية
(..ف )لام عأاقط,,معجم المصطلحات الاعلامية
مكبر الصوت ع ملدعمكلنان!,,معجم المصطلحات الاعلامية
ناعأ رقم طاباقط جعباعامع أأممة,,معجم المصطلحات الاعلامية
تاهما,,معجم المصطلحات الاعلامية
1414,,معجم المصطلحات الاعلامية
1415,,معجم المصطلحات الاعلامية
1416,,معجم المصطلحات الاعلامية
1417,,معجم المصطلحات الاعلامية
1418,,معجم المصطلحات الاعلامية
1419,,معجم المصطلحات الاعلامية
1420,,معجم المصطلحات الاعلامية
1421,,معجم المصطلحات الاعلامية
142,,معجم المصطلحات الاعلامية
1003,,معجم المصطلحات الاعلامية
1424,,معجم المصطلحات الاعلامية
1425,,معجم المصطلحات الاعلامية
1426,,معجم المصطلحات الاعلامية
:161115 1201011 لاصف لمة وتلعتررووون,,معجم المصطلحات الاعلامية
إعداد : د . حميد جاعد محسن الدليمى,,معجم المصطلحات الاعلامية
هذا الباب يستهدف تقديم المصطلحات الإعلامية باللغتين العربية والانجليزية »,,معجم المصطلحات الاعلامية
وقبل الاسترسسال فى الحديث عن الباب المعنى هنا ؛ أودّ سوق عدد من الملاحظات,,معجم المصطلحات الاعلامية
الأولية التالية :,,معجم المصطلحات الاعلامية
1- أن هذا الباب معد لطلبة الدراسات الجامعية الأولية ( البكالوريوس ) لأقسام الإعلام,,معجم المصطلحات الاعلامية
"أو معاهده , والغسرض منه هو مساعدة الطلبة المعنيين على هضم المصطلحات",,معجم المصطلحات الاعلامية
الجديدة وبلغتها الأصلية » وإمكانية الاستفادة منها بالعربية » وإذا تمكن باحث ماء,,معجم المصطلحات الاعلامية
الاستفادة من هذا الباب فذلك دعم للباب واستمراريته ..,,معجم المصطلحات الاعلامية
2- إن هذه اللستجربة هى محاولة أولية فى هذا الحقل » فإذا أحسسنا بأنها ذات فائدة,,معجم المصطلحات الاعلامية
وتسستوفى الحسد الأدنى من الشروط المطلوبة » سوف يعزز من استمرارها » وإذا,,معجم المصطلحات الاعلامية
اكتشفنا عكس ذلك لدينا كل الشجاعة لايقافها ..,,معجم المصطلحات الاعلامية
3- هذا الباب هى إعداد ئيس إلا . وكل ما نطمح إليه هو الفائدة لخدمة تطوير المفاهيم,,معجم المصطلحات الاعلامية
4- كل ما أمله هو الحصول على آراء المعنيين بعد خروجها للنور كى نتمكن من تلافى,,معجم المصطلحات الاعلامية
النواقص التى وردت فى هذا الجزء الذى نقدمه ..,,معجم المصطلحات الاعلامية
5-- كل عدد سوف يتضمن ما يلى :,,معجم المصطلحات الاعلامية
1 - عدد من المصطلحات الإعلامية الحديثة الشائعة .,,معجم المصطلحات الاعلامية
2 - مختصرات لعدد من الكلمات المركبة التى يشار بها إلى المؤسسات الإعلامية .,,معجم المصطلحات الاعلامية
© مجلة البحوث الاعلامية العدد المزدوج 24/23 السنة التاسعة 20601 ف,,معجم المصطلحات الاعلامية
مختصرات إعلامية,,معجم المصطلحات الاعلامية
كثره أو ألاع طاطم,,معجم المصطلحات الاعلامية
- هيأة الإذاعة الأسترالية بؤوطندى عستاعوء0ه02ظ سوالدنادده تحظم,,معجم المصطلحات الاعلامية
- هيأة الإذاعة الأمريكية درولاو ممعم عسناعمء8:020 مدع تيع سه : 4180,,معجم المصطلحات الاعلامية
- اتحاد إذاعات أسيا و«رماصه عملاددء82:020 وتقم : 10م,,معجم المصطلحات الاعلامية
- وكالة للسثقافة والتعاون التقنى © امعتططءء) له لمبليت ١ه؛ بعمععم :6613م,,معجم المصطلحات الاعلامية
لم أخوععمه,,معجم المصطلحات الاعلامية
- وكالة الصحافة الفرنسية عووءء7 ععصهء72 ععدعوه : طم,,معجم المصطلحات الاعلامية
- راديو عموم الهند 12010 12015 الذ : 11م,,معجم المصطلحات الاعلامية
- مجتمع المعلومات الافريقى لإأعاع50 سملغة تصممكها ممعتثم : اكلم,,معجم المصطلحات الاعلامية
- وكالة التلفزيون العالمية بإعدءع4 «دهأعاوعاء1 لدسه تمصع امآ : 1737م,,معجم المصطلحات الاعلامية
- جمعيسة امريكا اللاتينية للتعليم بواسطة الراديو 455021105 سوعاءعصرم منامآ: كلم,,معجم المصطلحات الاعلامية
22016 بوط مملأدعسالء :101,,معجم المصطلحات الاعلامية
- الجمعيية العالمية لإذاعات الراديو المحلية ؟ه صوناواءموقة 18عرولالا :42041,,معجم المصطلحات الاعلامية
عستاكدء 8020 10لج8] اتسنامم هسم,,معجم المصطلحات الاعلامية
- هيأة الإعلام العربى «مناه ممعم ذلء11 طور4 :4810,,معجم المصطلحات الاعلامية
- مركسز المعسلومات وبحوث الاتصال الجماهفيرى الأسسيوي وقةة صولقةم :4116,,معجم المصطلحات الاعلامية
ادع لتمأغة تملس ممه طءتمعوع 1 «سمتاهء لجن سدق,,معجم المصطلحات الاعلامية
- جمعية للاتصال المتقدم 0122)102نا رمدم ءلاأودء نوممم 102 روأاواءعودكم4 بعطم,,معجم المصطلحات الاعلامية
- خدمة الصحافة الجزائرية ععابمع5 عووعظ عتنعوام :25م,,معجم المصطلحات الاعلامية
- راديى وتلفزيون العرب ومأ1وزبع1ء7 3080 2015م طوتة :411,,معجم المصطلحات الاعلامية
- اتحاد إذاعات الدول العربية «متدن عسنتامدءله8«0 عغهاد طهر :5181م,,معجم المصطلحات الاعلامية
- الوكالة التونسية للإنترنت أعصعءاه1 أأوتهد1 معمعوه :411,,معجم المصطلحات الاعلامية
- شبكة تلفزيون آسيا انرو جاء1ة دوزوتمعاء1 مولعم :لم,,معجم المصطلحات الاعلامية
- هيأة الإذاعة البريطانية مونامتروم2ه0© عستاعهء8020 لاعناظ8 :880,,معجم المصطلحات الاعلامية
- الإذاعة الفضائية البريطانية عمناددءع82020 عاذاكء591 طوتام8 :859,,معجم المصطلحات الاعلامية
- مجلس المقاييس الإذاعية اع دباه© 5220205 وسنتامةء لممرظ :85,,معجم المصطلحات الاعلامية
- الإذاعة الفضائية البريطانية ع«اعدء82026 نولو طون)8:1 :8لا18516,,معجم المصطلحات الاعلامية
- مؤوسسة الاتصالات الإذاعية مروءءاء1 طوناك8 :183,,معجم المصطلحات الاعلامية
مصطلتحات اتصاليةً وإعلامية وصده) ونام تستاستصدق لمع دألء11 55و21,,معجم المصطلحات الاعلامية
1 - بتة :,,معجم المصطلحات الاعلامية
تقليص الرقم الثنائى : مصطلح يشير إلى العناصر الصغيرة جدا فى نقل المعلومات فى نمط ثنائى,,معجم المصطلحات الاعلامية
"مثسل ( ” 0 "" أو ' 1 "" ) فى حقل تكنولوجيا المعلومات والاتصالات الرقمية . وحدة قياس سرعة",,معجم المصطلحات الاعلامية
النقل هى البتة فى الثانية الواحدة .,,معجم المصطلحات الاعلامية
5ه أمعصعاء إدعالقمرد عطا مغ مواعم :”ازولل لإلامصلط “ 01 سملاعةطاصم© تزه (1),,معجم المصطلحات الاعلامية
"كه 5للء] عط هآ ( 1 عه © بع,ل) علمطم لماتعتل لإتقساط صل لعا للسكصمم) وملكتمسمماما",,معجم المصطلحات الاعلامية
05 ألصن عط .كسملامع تلد نسصتصمء -علء) [أمتأعلل لصم لإومامصطءء). مملنع ممما,,معجم المصطلحات الاعلامية
"قط 02 ,لصمععد يعم ألط عط كز ولععمة دسماكذ أ تسدصقع؟ “10 غطع رع كمع مر",,معجم المصطلحات الاعلامية
06 مجلة البحوث الاعلامية العدد المزدوج 24/23 السنة التاسعة 2001 ف,,معجم المصطلحات الاعلامية
2 - بايت :,,معجم المصطلحات الاعلامية
وحدة مرمزة لتقديم حرف رقمى واحد فى صفحة النص . كل بايت واحد يقابل ثمانية أرقاه,,معجم المصطلحات الاعلامية
"شنائية مع قيمة ' 1 أو 0 "" . والبايت بقدرته امتلاك 256 تركيبا مختلفا . إن القدرة التخزينية |",,معجم المصطلحات الاعلامية
"المبدئية ) الأولية 6 أي ”رام "" للحاسوب عادة يعبر عنها بالبايت . وجمع الدايتات يعرف » أو",,معجم المصطلحات الاعلامية
-- بايت يساوى حرف واحد - بايت واحد,,معجم المصطلحات الاعلامية
- كيلو بايت يساوى 1024 بايت > 1000 بايت,,معجم المصطلحات الاعلامية
- 2 ميكا بايت يساوى 1024 كيلو بايت - 000؛: 1000 بايت,,معجم المصطلحات الاعلامية
-- جيجا بايت يساوى 1024 ميكنا بايت > مليار بايت,,معجم المصطلحات الاعلامية
وأكثر الوحدات انتشارأ هى وحدة الميكا بايت لحساب الكميات التى يستوعبها القرص الصلب »,,معجم المصطلحات الاعلامية
أو وحدة التخزين الأساسية فى الحاسوب الصغير ..,,معجم المصطلحات الاعلامية
"028 2 دأ معأعة سمط عتع سامقطملة عصه وستامعوءرمع"" أتمن لعلمعص عطلة : عابرم (2)",,معجم المصطلحات الاعلامية
ذ . ”0“ عرن ”1“ 1و عنالو؟ هم طخله عالوأل بإمقصلط كقطوك دعكتعرم صم عالرط طعد8 أب 01,,معجم المصطلحات الاعلامية
"لالقطتكم عط 01 بالعدمق عط] ,مسم له صلط مسرم امع ]كلل 256 ع روط عترواع عغط) تدوع عأوط",,معجم المصطلحات الاعلامية
عاباط د 5ه ععأم لالم عط .(ط) معاباط صل لعدوعماء ذل “عاتم صم 052 لالشظ 1ه ععم نماو,,معجم المصطلحات الاعلامية
".(0)) مع الإطمولع :طكل 1.024 زه (ط81) وعالاطوعع صر تدعالاط 1.024 ع0 ,(طعل) وعاؤطماتا عرة",,معجم المصطلحات الاعلامية
"عم مسمس 10 أتسن لمع دمدع10؟ أكمه عط كذ (5ة8) عالإطووعم عطل ,815 1,024 عد",,معجم المصطلحات الاعلامية
.163 نار المع 223610 2 01 ألصن عم2 نماو مصتعم عه ملعتل لرقط ه كه واتعممق عط,,معجم المصطلحات الاعلامية
3 - قفضاء صناعى 0316250266,,معجم المصطلحات الاعلامية
النياحة حول العالم بواسطة الحاسوب - الفضاء الصنعى - جزء من بيئة الاتصالات,,معجم المصطلحات الاعلامية
التكنولوجية المتقدمة ‎١ والتى ربما تسمى تكنولوجيا المعلومات المتقدمة ( المعاصرة ),,معجم المصطلحات الاعلامية
والمصطلح المذكور يعود أساسا إلى مصطلح البناء الأساسى للمعلومات القومية ‎١ التى من,,معجم المصطلحات الاعلامية
الأحسسن تسميتها البنية الأساسية لمعلومات العولمة والسبب لأنها ذات منظر عالمى . العناصر,,معجم المصطلحات الاعلامية
الأخرى لهذه البيئة فهى تصنع / تشتمل على كل من المكونات المادية للحاسوب » والبرمجيات »,,معجم المصطلحات الاعلامية
والوسائط ‎١ ونظام الهاتف المتقدم ‎٠ والتلفزيون الكيبلى ( السلكى ) ‎٠ وأطباق الأقمار الصناعية »,,معجم المصطلحات الاعلامية
الفاكس . وكذلك برامج المنوعات الراديو والتلفزيون جميع تلك التى تملك قدرة دمج الوظائف,,معجم المصطلحات الاعلامية
وعدم دمجها أو تكاملها ..,,معجم المصطلحات الاعلامية
تععوعموعط90© (3),,معجم المصطلحات الاعلامية
"طععا مطعولط ععع ""ها 058 انرقم ذل «ععهم وطعط رع رع ]نام سم مت علطمعتجهم لإعروا8 ع1",,معجم المصطلحات الاعلامية
مولا ماما لععموحل2 معللقء عط جمسسطء لط /الآ كمع سم ألامء كسصمتلاوء له ناتمضرمء,,معجم المصطلحات الاعلامية
.(نانآلال) عصساء سامف كما صملاة سمكها لقدهتأقمذز صة؟؛ لعأقاءنة .(الة) جووامصطاءع),,معجم المصطلحات الاعلامية
"قلط 05 كأتدعوعاء عبعط04 عممعد مذ أعطماع 15 غل عدبرهعءظ ,للع “ماعط دز لاعتط الا",,معجم المصطلحات الاعلامية
الععصو لم4 .كدع 8100 .عمم كود لدج عمو لفط ععتتامتصق علساعسل قمع مومسلجيء,,معجم المصطلحات الاعلامية
"لد 17 لصه متلهه صعى لدم .مععجه1 ,وعطدتل عا لللعيع5 .19 علطهو0) ,كرصع أولرة عممطوعاء)",,معجم المصطلحات الاعلامية
مكملاع ربا؟ ع الأقكعء) ستوتل 0مد ع للم تععاصا طامط ععقط لاعتطج ]0 الى .دجملاو,,معجم المصطلحات الاعلامية
4- رق : 0,,معجم المصطلحات الاعلامية
اشسارات إلى استخدام جميع عمليات ترميز البيانات » المرئيات . معلومات الفيديو فى صيغة(,,معجم المصطلحات الاعلامية
شكل ) رقمية لغرض عملها بواسطة المعانى الحاسوبية واستخدامها لتطبيقات وسائط الإعلام,,معجم المصطلحات الاعلامية
"الشاملة بصورة خاصة , المعلومات الرقمية بتحديد أكثر » غير مترابطة وهى لاتماثل تلك النسٌ",,معجم المصطلحات الاعلامية
المستطابقة . والستقدم الكبير الآخر . يتمثل فى قدرة المعلومات الرقمية على التطابق المزدوج.,,معجم المصطلحات الاعلامية
للأرقسام غيسر المحدودة فى الوقت ذاته . ومن دون فقدان أى شىء من كفائتها فى علاقتها مع,,معجم المصطلحات الاعلامية
الأصل .,,معجم المصطلحات الاعلامية
© مجلة البحوث الاعلامية العدد المردوج 24/23 السنة التاسعة 2001 ف,,معجم المصطلحات الاعلامية
8_6 .قاقل 5ه همستلمعص عق اه كاد دمل 781460 اليه خط ألم 10 مرعاعه الواتولط (4),,معجم المصطلحات الاعلامية
لعسمتع) رمرم نوط از ذ65 006 10 ع00 صل صدده؟ لفاتوتل دأ سملغع سكحرمكمز معقزم لرروق,,معجم المصطلحات الاعلامية
صه لم2 سكسا لماتوتط سعاسعتيهم مذ كصماغهع الصجرة هتلع ست اسسر عرم؟ غز عقن قصة كممعجمر,,معجم المصطلحات الاعلامية
اك 0 زقهد معطامضق4 نمم عتغصيم وملقددم كال عكاتلهنا .فاع دولل مملاتمقع0 برط,,معجم المصطلحات الاعلامية
لاد انك كعاطت 01 معط صر عاأسكهز مه فعنوء ميل عط صق دمتاه مضمكما لمكتوتل أقط) ؤز,,معجم المصطلحات الاعلامية
لكوك عط ما ممأكهاعم صز واللمين مز ووه[ نإمح,,معجم المصطلحات الاعلامية
5 - تجارة إلكترونية :,,معجم المصطلحات الاعلامية
صممت لأن تحل محل الأوراق النقدية والصكوك المصرفية بمعنى حاسوبى باستخدام المغنطة أو,,معجم المصطلحات الاعلامية
بطاقة وحدة المعالجة ..,,معجم المصطلحات الاعلامية
زذذا فعسوعغطء لصه وعامسلممم ععوزوعءء 0 لعسولوءه تمسالمم عتمموعوزم رم,,معجم المصطلحات الاعلامية
فدات ره عتم عه علأعوع مم وطلكنا مسقع جم لع تامع نامصروء,,معجم المصطلحات الاعلامية
6 - البريد الإلكترونى :,,معجم المصطلحات الاعلامية
يشير المصطلح إلى عملية نقل الرسائل والبيانات من حاسوب إلى حاسوب آخر عن بعد . ويقدر,,معجم المصطلحات الاعلامية
فى النهاية إرسال الرسائل » أو محتويات الملفات المرئية أو بيانات الفيديو إلى مراسل آخر على,,معجم المصطلحات الاعلامية
الجهسة الأخرى مسن العالم » إذا كان بقدرته التقاط الرسائل بصورة جيدة ٠أى أى شكل من,,معجم المصطلحات الاعلامية
الخدمات البريدية » ولا يحتاج المستخدم للبريد الإلكتروني أكثر من عنوان وبطاقة تعريف .,,معجم المصطلحات الاعلامية
0 عا مامه ظضره؟1 لسة كعع مكوعمم 01 صوتووتوددون عط 6غ وعلعه بلتمصدكر (6),,معجم المصطلحات الاعلامية
كلع كنا عأ صوعمر نوط “تعانام مرو,,معجم المصطلحات الاعلامية
0 قغقل معلل عه وزلسعة سلمأقاصسع كعل8 [ه كمع مودعم لمعد برف 6زم 56,,معجم المصطلحات الاعلامية
.الثهض نه ععغها صن صرعغط ملعتم صق وطللا يلأروو غط؛ 1ه عللوسعطاه عط مره غسعل ممويع سرون,,معجم المصطلحات الاعلامية
لإكتاسع 10 تغط دع د5وعء2007 م لمعم وبرعول1 عع اعد للفمر [ه م1 معطاه تومه كته كم,,معجم المصطلحات الاعلامية
اقلت,,معجم المصطلحات الاعلامية
7 - يكتب / يعبر عن رأى :,,معجم المصطلحات الاعلامية
مصطلح يشير إلى : أ ) منح رأى الكاتب إلى النسخة المعدة للنشر .,,معجم المصطلحات الاعلامية
ب ) تضمن الرأى الشخصى أو التعببر عنه فى القصة ‎٠ المقال أو النص .,,معجم المصطلحات الاعلامية
8 ) صفحة المقالات :,,معجم المصطلحات الاعلامية
9 ) سكرتير تحرير :,,معجم المصطلحات الاعلامية
0) تاثيرات :,,معجم المصطلحات الاعلامية
1) اسطوانة مذاعة :,,معجم المصطلحات الاعلامية
تسجيل تجارى على شريط أو قرص ضوئى .,,معجم المصطلحات الاعلامية
2 ) تحرير الكترونى :,,معجم المصطلحات الاعلامية
اعادة تسركيب ( تجمييع ) المشاهد المرئية أو الفيديو من حيث الطول والمساحة المطلوبة (,,معجم المصطلحات الاعلامية
المرغوب فيها ) بواسطة إعادة التسجيل بدلاً من تقطيع المسجل عليه ذاته .,,معجم المصطلحات الاعلامية
13 ) مزج الكترونى :,,معجم المصطلحات الاعلامية
مصطلح يشسير إلى خلط ( مزج ) تصورات أخذث من آلتى تصوير . ومن ثم تظهر الصورة,,معجم المصطلحات الاعلامية
وكانها صادرة من آله تصوير واحدة,,معجم المصطلحات الاعلامية
1 نعل لمتده :580 7,,معجم المصطلحات الاعلامية
أفعمعمعم 165ل 1ه أعء لص[ 10 (8) الإرمعء صل رع )ترم عط لون «متصتره علسطاعمز 0غ (م),,معجم المصطلحات الاعلامية
"أطاطء5 01 ,عأعتاتة ,لإزماة ه سأ ممتصامه",,معجم المصطلحات الاعلامية
.هم امتره ]لع (8),,معجم المصطلحات الاعلامية
33 مجلة البحوث الاشلامية العدد المزدوج 24/23 السنة التاسعة 2001 ف,,معجم المصطلحات الاعلامية
بصفاءعة5 لمعه 1زل8 (9),,معجم المصطلحات الاعلامية
ساعء11 15 (10),,معجم المصطلحات الاعلامية
1 المتام اسع دس ما لمعضاععاكا 11),,معجم المصطلحات الاعلامية
11 “نططة تعوتل عه عرما سم لع لنرمعع؟ لقاع تامع,,معجم المصطلحات الاعلامية
.“1 : مس161 نلآا عنتصممءء1ظ (12),,معجم المصطلحات الاعلامية
برط طتومعا لسة ععمعسوعد لعملوعل عط صل وعمعءد متلنع مد معلتم ومتاط سععممعر,,معجم المصطلحات الاعلامية
مانن,,معجم المصطلحات الاعلامية
. عرها عط عسمتاغب بوالدءتسجطم مقطا معطافت زرععو طعتطم),,معجم المصطلحات الاعلامية
. 3 : عخلماة عتممماععاظا (13),,معجم المصطلحات الاعلامية
بعلم عط مد موتعصطقى لجا جده5 كمع قدا 01 علتطهد عط) 0) عمتعقعم سمعز,,معجم المصطلحات الاعلامية
. فلع اطق عره صنه) عط 0) مقع ممع,,معجم المصطلحات الاعلامية
14 ) تحرير 0 1,,معجم المصطلحات الاعلامية
تغيير أو معلومات ممغنطة منظمة ( مرتبة ) على شريط تسجيل ‎٠,,معجم المصطلحات الاعلامية
مواد مكتوبة محضرة للنشر بواسطة الاختيار التعليق أو التنقيح . . الخ .,,معجم المصطلحات الاعلامية
لقطات متغيرة إلكترونيا » أو ماديًا » فى المجموع أو الطول رغبة خلق البرامج المؤثرة,,معجم المصطلحات الاعلامية
: لظ (14),,معجم المصطلحات الاعلامية
. 6م ها عد ذل امععء 01 وأ ف سن مكتا تلع معة ل وشاع و22 “زه عمتوممط . ع8,,معجم المصطلحات الاعلامية
1 . صوة - فأممسة . مملؤاععاءد بوط صمأكدءتألطنسم 8مك [مأعع لهم سعغالمم ومعومعمم .ال,,معجم المصطلحات الاعلامية
"عا , «م(وأباعم",,معجم المصطلحات الاعلامية
"37 0غ لأعدع1 زه ععمعنوعة صل , والمعتقرطم عه للللمعتهمسمعءءكء . مأمطد ومتومفط . 1",,معجم المصطلحات الاعلامية
ل عطاع و0,,معجم المصطلحات الاعلامية
بقاع 1ه عاأقسصسوع -20م لامعل,,معجم المصطلحات الاعلامية
مسؤوليسة شخص عن جميع تفصيلات تحرير عدد من الكتب المقررة من قبل القسم الذى يعمل,,معجم المصطلحات الاعلامية
فيه .,,معجم المصطلحات الاعلامية
0 م ناك ود ك5 (15),,معجم المصطلحات الاعلامية
واموط أن «عطدسسم ه كه عدتاتللء عط كه كاتفاعل الوععنة 36[ 102 علطتمووموعء ووومعط,,معجم المصطلحات الاعلامية
. مأعمج عط لعتطر ست عد دواسفمعل عط بوط لعمعتكوع,,معجم المصطلحات الاعلامية
موطضسوع لصحيفة واحدة نسخة بريدية نسخة بيتية » نسخة اضافية » أو كل واحدة تطبع,,معجم المصطلحات الاعلامية
بصورة منفصلة . موضوع واحد أو ربما موضوعات عدة تم تجهيزها لمجلة أو صحيفة خلال,,معجم المصطلحات الاعلامية
فترة الطبع المحددة مثال ذلك خلال يوم واحد » ربما تصدر الصحيفة نسخ عدة فى اليوم الواحد,,معجم المصطلحات الاعلامية
". مع عمل تغييرات خفيفة لتنمية أخبار المناطق , كالأخبار القومية ( الدولية ( » أو آخر أخبار",,معجم المصطلحات الاعلامية
"السوق , المدن ء أو الأخبار التى يحملها البريد المبكر .",,معجم المصطلحات الاعلامية
.ل :صه3لل5 (16),,معجم المصطلحات الاعلامية
طعي 0 ممقتلء وعاعجا .وممؤكقلء عوط .سوتاتلء لأف عمق .سنت كوعمم عده 108 عتادكا,,معجم المصطلحات الاعلامية
01 عمأعد مهد د عه وعددذا أوععنعد وممطفعم 6ه عمه نصوتأقعتاطنام و له للاتل8ظ عأمرومعد,,معجم المصطلحات الاعلامية
ذه .نزدل عمه .ع.1 .لومعم عمتطوتلطنام عتلتععمة هم ومتسل لعتممعمم ممم ووعم,,معجم المصطلحات الاعلامية
:10 ع0هم معوصفط غخطوتاك طتتس نوهل طعوء كممكتلء لمعو مقط الإقمر عردم وعم,,معجم المصطلحات الاعلامية
لمم .0 إمدة أععلسماط .مملالقء عأماد ..وع.كاسع مرمماء بعل وعم عه وإطممعومعع,,معجم المصطلحات الاعلامية
لتقم لإاتروء,,معجم المصطلحات الاعلامية
© مجلة البحوث الاعلامية العدد المزدوج 3 السنة التاسعة 2001 فب,,معجم المصطلحات الاعلامية
7 ) كاتب الافتتاحية : 0 ‎١ 0,,معجم المصطلحات الاعلامية
تعليق مكتوب على موضوعات تتعلق بمصالح آنية » لغرض تحفيز ( تحريض ) أو صياغة,,معجم المصطلحات الاعلامية
رأى عسام السجاما مسع سياسة النشر : استشارة محرر لبدء اقرار الموضوع أو توجيهه .,,معجم المصطلحات الاعلامية
المقالات المكتوبة » استخدام المعرفة لتكملة الموضوعات بواسطة حقول إضافية . مثال ذلك »,,معجم المصطلحات الاعلامية
موضوعات مادية » أو قومية » أو محافظات ‎٠ أو موضوعات سياسة محلية . الإسهام فى,,معجم المصطلحات الاعلامية
مؤتسرات لجان سياسة التحرير لاقرار الموضوعات . والوقوف إلى جانب طبع الموضوعات,,معجم المصطلحات الاعلامية
الخاصة . وبما تصنف المقالات على موضوعات خاصة للطبع فى صيغة كراريس صغيرة .,,معجم المصطلحات الاعلامية
رعا الا لمأسه]01ل5 (17),,معجم المصطلحات الاعلامية
0 و عاغفالتستاد 0) أذععاها أمع عرد [ه ععلمه] ذه كلع متضرمء بجنليلنا,,معجم المصطلحات الاعلامية
ا حي وااسعصمع : صمنامعتلطدح غه عععلامم طنج ععص مل رمععة دز ممتصامم,,معجم المصطلحات الاعلامية
أعء زطسد 04 ععلءأندمصط! وسأعلند . ععل0مم 1116لا .ومملعععطلل عه للعلاو ممه علمه1,,معجم المصطلحات الاعلامية
0 عنه وتعأاقمد لفعك؟ 5ه طعياد ركلء2 أهصه200104 روط 6 دء أمزناك وواللا,,معجم المصطلحات الاعلامية
لقسماتلء 1 كععصع ع قهمء صذ معأمم انندم . معسدوز لمعل الامم لوعما 0 لو ممتعممم,,معجم المصطلحات الاعلامية
ده صم)معتاطدم ترط معطم عط مغ لصول لصة ععترما ل«عتصسسمءعم م1 ععاعغتسصسي ترعللمم,,معجم المصطلحات الاعلامية
سملاق 1 عتادوز «هلنعتاهم مه وعالغصة عاتم مم برهك . وعدوذا عالأععمم,,معجم المصطلحات الاعلامية
"ذل لمأنو لأطلام ""10 5 2 سس مسد",,معجم المصطلحات الاعلامية
8 ) جمع المعلومات :,,معجم المصطلحات الاعلامية
شكل المجتمع الحديث » ذلك الذى يتسم بالنمو والإبداع بواسطة تكنولوجيا الاتصالات والمعلومات,,معجم المصطلحات الاعلامية
الجديدة والتكامل ( التقاء ) بينهما .,,معجم المصطلحات الاعلامية
"وقسد قادت التحولات المهمة إلى ارتكاز الثورة الصناعية المعاصرة على المعلومات , المعرفة »",,معجم المصطلحات الاعلامية
وكيفيسة التصرف ‎٠ وتهيئة الإمكانات الجديدة للفكر ( الذكاء ( الإنسانئي ‎٠ وتغيير الإظرق التى,,معجم المصطلحات الاعلامية
يعيش الناس ويعمل وفقهما معا . 7,,معجم المصطلحات الاعلامية
"الإنتاج من دون ديق ‎٠» أو الشكل اللامادي بصورة خاصة , الذى ‎١ عاملا حاسما فى شكل",,معجم المصطلحات الاعلامية
القيمة المضافة الجديدة للاقتصاد واستنادا إلى هذا الارتقاء ‎٠ مجتمع المعلومات يجب ولايد أن,,معجم المصطلحات الاعلامية
يساعد وان يدعم جميع المواطنين بالحصول على شكل ما من أشكال الإبداع الإنساني و دفع,,معجم المصطلحات الاعلامية
الإنتاجية إلى أعلى مستوياتها .,,معجم المصطلحات الاعلامية
كستأصماء عل بولتمعضس كز تهطا وإعاعمو لدع 00م كه سحرمط ى : اوأعتعور رمتل سرمكمز (18,,معجم المصطلحات الاعلامية
. ج22 ع1؛ برط لعاوعء 0,,معجم المصطلحات الاعلامية
قاع جاع ععمعع!ءلاتلمء عط لسع ععلوهامسطءة1 «ملأمء زونامتصوء لوم سملامسوسمكوز,,معجم المصطلحات الاعلامية
. متعطع,,معجم المصطلحات الاعلامية
"0غ مكدر ده لعوقط صمتا ساون لمتاويممز معغلممرع م1 لعل فقط «مأكواتامر غلم""",,معجم المصطلحات الاعلامية
. ععمععتلاعاه1 مقسسط عمك لملكصعامم العم عمتللروطط .عمط - عوط قمه عولء اومدز,,معجم المصطلحات الاعلامية
. “اعطاعع0) 7081 لسع عل علرمعم طاعتطى صل وروم عط وستوصمطك لمع,,معجم المصطلحات الاعلامية
"ة #ستسرمععط كذ «قلي1)مهم صما صدم؟ لمتعافصسصرز عرو "" ووولمعمهم "" دز ورمتاع ورم",,معجم المصطلحات الاعلامية
"لل 6 1085ل رمععة . لالتمهمعع 01 سضه؟ *"" عتالو؟ 20060 "" رمم عط وز لمعه عللزواععل0",,معجم المصطلحات الاعلامية
"0 معللعغك لزسرعنه لبرق طعدء عاطومع لاليامداو لإأعلع50 ومل اه سطرمكما عط , وعامصرمميم",,معجم المصطلحات الاعلامية
"فك انيتا طولط 2 ستقلاة لصه بواتوعي لمناععالعامز ,40 مم1 عصيمة ووعععج",,معجم المصطلحات الاعلامية
لالع 00م,,معجم المصطلحات الاعلامية
© مجلة البحوث الاعلامية العدد المزدوج 24/23 السنة التاسعة 2001 ف,,معجم المصطلحات الاعلامية
-58,,معجم المصطلحات الاعلامية
9 ) عولمة :,,معجم المصطلحات الاعلامية
مفهوم يرجع فى أصوله إلى قطار الانكلوسكسونية ‎٠ التى تشير إلى زيادة طبيعة التوسع العالمى,,معجم المصطلحات الاعلامية
فى الستجارة والإنتاج الصناعى ؛ والتى كانت السبب وراء تنمية تكنولوجيا الاتصال والمعلومات,,معجم المصطلحات الاعلامية
الجديدة والنقل العالمى ( الكوكب ) المباشر لمضامينه .,,معجم المصطلحات الاعلامية
طعتطه وعتخصقوء ممروك - ملعدم مز وستلمسمتوتمه أمععمصم0 :ممل)ععطتلوطه!© (19),,معجم المصطلحات الاعلامية
",620 لمج سمل لمم لواساوس لصم كه تامهم علأجل لسو برلوستووع عدا عط 0غ ومعاعم",,معجم المصطلحات الاعلامية
متاق ألانا م درم فده «متاومضواصة بجعم كه امعسمماءعق لمهم عط لاط لعومو,,معجم المصطلحات الاعلامية
"مامعاسم ""تغط كه ملكو ممكصهقم) لإعرهماء سقاط 14قغكدا عط لمق ,نوعو [مصطعءع]",,معجم المصطلحات الاعلامية
0 ) وحدة المعالجة المركزية :,,معجم المصطلحات الاعلامية
“روووعع 11160320 أسس المقهوم على مصطلح العملية » الذى يشير على دائرة الكترونية,,معجم المصطلحات الاعلامية
صغيرة .. مع منطقة مساحة دائرية لاتزيد عن بضع سنتمترات وتحتوى على ملايين عدة من,,معجم المصطلحات الاعلامية
الترانزستورات ؛ فى حقل تكنولوجيا المعلومات .. وتشكل وحدة المعالجة قلب الحاسوب . وهى,,معجم المصطلحات الاعلامية
تقسوم بجمع تجمسع البيانات وتتعامل معها . وكلما كانت وحدة المعالجة اسرع كلما كان تدفق,,معجم المصطلحات الاعلامية
"المعلومات أكثر , وكان إنجاز الحاسوب افضل .",,معجم المصطلحات الاعلامية
أن قوة فاعلية وحدة المعالجة تقاس فى ميكاهارتز وهى التى تحدد سرعة الحوسبة فى الماكينة,,معجم المصطلحات الاعلامية
ما عممعقع. .”ووععم1م “» يوصعع) عطغ سه لعمقط أررععسو0) :رودوععو رتوو 741 (20),,معجم المصطلحات الاعلامية
واعاء مكدع عموناند بجع ع 01 وعجة ععقأعند ع طاتد اتمععك عتصوضاءواء علمعد القسد,,معجم المصطلحات الاعلامية
.تيعو امسطعة) متام مسضرمكها 2ه 21610 عط) هل .وعماعتفصمع مولالتص أوععبعد وسمتمتفاهمء,,معجم المصطلحات الاعلامية
"عأبده"" للج ووععمام تزإعط!' ,“تعانام طلم وعن سوعط عط؛ موعه؟ و«مووععو :ممص تالا",,معجم المصطلحات الاعلامية
عط عأتتمدريى عط أن ععللهسمملمعم مط ل«عفاعط عط .فغول عه 110 عط معلمدة عط,,معجم المصطلحات الاعلامية
عط معمقء2 عامعطدعء 0 صل تلعووع دما ب#ودوععوره ععتتد عط كن عوط ودأووععمم,,معجم المصطلحات الاعلامية
عصتطء فصر عط كن لععمة عستأسمسو,,معجم المصطلحات الاعلامية
1 ) الوسائط الشاملة :,,معجم المصطلحات الاعلامية
مصطلح يشير إلى تصحيح تقنية اتصالية لجمع المعلومات المنقولة بوسائل مختلفة ( نصوص »,,معجم المصطلحات الاعلامية
رسومات ؛ صور فوتوغرافية ‎٠ بيانات مرئية وفيديو ) باعتماد على وسيط داعم واحد فى شكل,,معجم المصطلحات الاعلامية
"رقى , والذى يسهل , أى الوسيط ؛ بدورة عملية خزن , تصوير , بث ( نقل ) ‎٠ المعلومات من",,معجم المصطلحات الاعلامية
دون أن تفقد أى شىء من كفاعتها ..,,معجم المصطلحات الاعلامية
"ومن ثم يكون بقدرة برنامج تجميع النتائج تحفيز , وتفعيل البث ( النقل ) بالاعتماد على الوسيط",,معجم المصطلحات الاعلامية
المستخدم .,,معجم المصطلحات الاعلامية
عط) عمسمتطسيو 6) لعسوتوعل عنوتصطع) مونامء تمتاسوردد ©0 تقتلء ستكاطة8 (021),,معجم المصطلحات الاعلامية
معلا عتطم م عامط وعتطجة © .كات 1) وتلع صر غرء عع أكتل برط لعنو نحصو موتكم سترمكااً,,معجم المصطلحات الاعلامية
از ومتطمد بوطء معط .مضه؟ لماتوتل مذ متعم أعمممدد عأعوصلء فده (02)2 متللاد مه,,معجم المصطلحات الاعلامية
عماليوعء عط .لواتلهيو مذ ؤوه! نمع الامطاته السعصوع عه ه20 عدماف 10 وووء,,معجم المصطلحات الاعلامية
همه لع )تمسق نولءطأعد عه ممه رلعسمعصة تلناساة عط وق عتسمدعومعم لعستط صرف,,معجم المصطلحات الاعلامية
تمستاتلعم أعمممندد عاعوسلع,,معجم المصطلحات الاعلامية
© مجلة البحوث الاعلامية العدد المزدوج 24/23 السنة التاسعة 2001 ف,,معجم المصطلحات الاعلامية
